entity_key,canonical,label,is_temporal,n_mentions,n_documents,n_surface_forms,surface_forms
ORG:NASA,NASA,ORG,False,772,272,2,NASA | National Aeronautics and Space Administration
CELESTIAL:Earth,Earth,CELESTIAL,False,430,213,1,Earth
SPACECRAFT:ISS,ISS,SPACECRAFT,False,318,123,2,ISS | International Space Station
CELESTIAL:Mars,Mars,CELESTIAL,False,259,75,1,Mars
GPE:United States,United States,GPE,False,182,97,9,US | the United States | U.S. | United States | USA
ORG:ESA,ESA,ORG,False,123,66,2,ESA | European Space Agency
SPACECRAFT:Soyuz,Soyuz,SPACECRAFT,False,99,33,1,Soyuz
CELESTIAL:Moon,Moon,CELESTIAL,False,97,38,1,Moon
SPACECRAFT:Cassini,Cassini,SPACECRAFT,False,92,23,1,Cassini
SPACECRAFT:Phoenix,Phoenix,SPACECRAFT,False,90,15,1,Phoenix
PRODUCT:Discovery,Discovery,PRODUCT,False,89,39,1,Discovery
PRODUCT:Atlantis,Atlantis,PRODUCT,False,84,36,1,Atlantis
NORP:Russian,Russian,NORP,False,84,54,1,Russian
DATE:today,today,DATE,True,84,69,1,today
SPACECRAFT:Hubble Space Telescope,Hubble Space Telescope,SPACECRAFT,False,83,36,2,Hubble | Hubble Space Telescope
CELESTIAL:Saturn,Saturn,CELESTIAL,False,80,26,1,Saturn
CELESTIAL:Jupiter,Jupiter,CELESTIAL,False,78,35,1,Jupiter
ORG:MySpace,MySpace,ORG,False,78,15,1,MySpace
ORG:UTC,UTC,ORG,False,78,60,1,UTC
GPE:China,China,GPE,False,75,32,1,China
CELESTIAL:Sun,Sun,CELESTIAL,False,72,40,1,Sun
FAC:Kennedy Space Center,Kennedy Space Center,FAC,False,60,45,1,Kennedy Space Center
GPE:Florida,Florida,GPE,False,58,51,1,Florida
GPE:California,California,GPE,False,57,46,1,California
CELESTIAL:Titan,Titan,CELESTIAL,False,56,11,1,Titan
NORP:American,American,NORP,False,55,49,1,American
SPACECRAFT:Space Shuttle,Space Shuttle,SPACECRAFT,False,55,34,1,Space Shuttle
CELESTIAL:Pluto,Pluto,CELESTIAL,False,52,14,1,Pluto
ORG:SpaceX,SpaceX,ORG,False,52,14,2,SpaceX | Space Exploration Technologies
DATE:2008,2008,DATE,True,51,45,1,2008
ORG:JPL,JPL,ORG,False,50,35,2,Jet Propulsion Laboratory | JPL
DATE:Wednesday,Wednesday,DATE,True,45,38,1,Wednesday
DATE:Friday,Friday,DATE,True,42,36,1,Friday
ORG:GMT,GMT,ORG,False,42,32,1,GMT
CELESTIAL:Mercury,Mercury,CELESTIAL,False,42,12,1,Mercury
DATE:yesterday,yesterday,DATE,True,42,35,1,yesterday
NORP:Martian,Martian,NORP,False,41,25,1,Martian
SPACECRAFT:Stardust,Stardust,SPACECRAFT,False,41,7,1,Stardust
DATE:2004,2004,DATE,True,39,32,1,2004
NORP:Chinese,Chinese,NORP,False,39,18,1,Chinese
DATE:Thursday,Thursday,DATE,True,39,34,1,Thursday
DATE:2003,2003,DATE,True,38,22,1,2003
GPE:Kazakhstan,Kazakhstan,GPE,False,38,31,1,Kazakhstan
SPACECRAFT:Space Shuttle Atlantis,Space Shuttle Atlantis,SPACECRAFT,False,38,34,1,Space Shuttle Atlantis
CELESTIAL:Enceladus,Enceladus,CELESTIAL,False,37,7,1,Enceladus
GPE:India,India,GPE,False,37,17,1,India
DATE:Tuesday,Tuesday,DATE,True,37,29,1,Tuesday
GPE:Japan,Japan,GPE,False,34,24,1,Japan
GPE:Texas,Texas,GPE,False,34,24,1,Texas
CELESTIAL:Milky Way,Milky Way,CELESTIAL,False,33,17,1,Milky Way
SPACECRAFT:Space Shuttle Discovery,Space Shuttle Discovery,SPACECRAFT,False,33,29,1,Space Shuttle Discovery
SPACECRAFT:Swift,Swift,SPACECRAFT,False,31,7,1,Swift
PERSON:Arecibo,Arecibo,PERSON,False,30,2,1,Arecibo
CELESTIAL:Solar System,Solar System,CELESTIAL,False,30,23,1,Solar System
DATE:Monday,Monday,DATE,True,29,26,1,Monday
SPACECRAFT:Progress,Progress,SPACECRAFT,False,29,11,1,Progress
SPACECRAFT:Proton,Proton,SPACECRAFT,False,29,10,1,Proton
GPE:Russia,Russia,GPE,False,29,25,1,Russia
DATE:Saturday,Saturday,DATE,True,29,28,1,Saturday
FAC:Baikonur Cosmodrome,Baikonur Cosmodrome,FAC,False,27,27,1,Baikonur Cosmodrome
CELESTIAL:Venus,Venus,CELESTIAL,False,27,9,1,Venus
SPACECRAFT:Delta II,Delta II,SPACECRAFT,False,26,13,1,Delta II
NORP:Japanese,Japanese,NORP,False,25,18,1,Japanese
DATE:2007,2007,DATE,True,23,20,1,2007
GPE:Houston,Houston,GPE,False,23,18,1,Houston
ORG:ISRO,ISRO,ORG,False,23,9,3,ISRO | Indian Space Research Organisation | Indian Space Research Organization
GPE:Australia,Australia,GPE,False,22,15,1,Australia
ORG:Spirit,Spirit,ORG,False,22,9,1,Spirit
DATE:Sunday,Sunday,DATE,True,22,17,1,Sunday
NORP:Canadian,Canadian,NORP,False,21,14,1,Canadian
GPE:Iran,Iran,GPE,False,21,5,1,Iran
DATE:2010,2010,DATE,True,20,18,1,2010
SPACECRAFT:Huygens,Huygens,SPACECRAFT,False,20,8,1,Huygens
PERSON:Mohamed,Mohamed,PERSON,False,20,2,1,Mohamed
CELESTIAL:Neptune,Neptune,CELESTIAL,False,20,13,1,Neptune
GPE:Pasadena,Pasadena,GPE,False,20,20,1,Pasadena
GPE:United Kingdom,United Kingdom,GPE,False,20,18,7,the United Kingdom | UK | United Kingdom | Britain | Great Britain
ORG:Apollo,Apollo,ORG,False,19,14,2,Apollo | Apollo-
ORG:Columbia,Columbia,ORG,False,19,17,1,Columbia
NORP:European,European,NORP,False,19,16,1,European
NORP:Indian,Indian,NORP,False,19,10,1,Indian
DATE:Today,Today,DATE,True,19,16,1,Today
DATE:years,years,DATE,True,19,18,2,years | the years
GPE:America,America,GPE,False,18,13,1,America
ORG:Arianespace,Arianespace,ORG,False,18,7,1,Arianespace
GPE:Arizona,Arizona,GPE,False,18,18,1,Arizona
SPACECRAFT:Atlas V,Atlas V,SPACECRAFT,False,18,7,1,Atlas V
FAC:Cape Canaveral,Cape Canaveral,FAC,False,18,18,1,Cape Canaveral
SPACECRAFT:Deep Impact,Deep Impact,SPACECRAFT,False,18,5,1,Deep Impact
LOC:Europe,Europe,LOC,False,18,15,1,Europe
SPACECRAFT:Falcon 9,Falcon 9,SPACECRAFT,False,18,7,1,Falcon 9
ORG:JAXA,JAXA,ORG,False,18,11,2,Japan Aerospace Exploration Agency | JAXA
SPACECRAFT:Rosetta,Rosetta,SPACECRAFT,False,18,7,1,Rosetta
SPACECRAFT:Shenzhou,Shenzhou,SPACECRAFT,False,18,6,1,Shenzhou
SPACECRAFT:Space Shuttle Endeavour,Space Shuttle Endeavour,SPACECRAFT,False,18,16,1,Space Shuttle Endeavour
DATE:2005,2005,DATE,True,17,16,1,2005
SPACECRAFT:Ariane 5,Ariane 5,SPACECRAFT,False,17,6,1,Ariane 5
GPE:France,France,GPE,False,17,15,1,France
NORP:French,French,NORP,False,17,15,1,French
CELESTIAL:Iapetus,Iapetus,CELESTIAL,False,17,3,1,Iapetus
SPACECRAFT:Mars Reconnaissance Orbiter,Mars Reconnaissance Orbiter,SPACECRAFT,False,17,8,1,Mars Reconnaissance Orbiter
WORK_OF_ART:Nature,Nature,WORK_OF_ART,False,17,16,1,Nature
SPACECRAFT:Orion,Orion,SPACECRAFT,False,17,6,1,Orion
SPACECRAFT:PSLV,PSLV,SPACECRAFT,False,17,7,1,PSLV
NORP:Shuttle,Shuttle,NORP,False,17,12,1,Shuttle
ORG:UVOT,UVOT,ORG,False,17,3,1,UVOT
TIME:morning,morning,TIME,True,17,16,2,morning | the morning
DATE:this year,this year,DATE,True,17,16,1,this year
GPE:Canada,Canada,GPE,False,16,12,1,Canada
GPE:Columbus,Columbus,GPE,False,16,10,1,Columbus
ORG:Goddard Space Flight Center,Goddard Space Flight Center,ORG,False,16,13,1,Goddard Space Flight Center
ORG:Lockheed Martin,Lockheed Martin,ORG,False,16,9,1,Lockheed Martin
ORG:STS-122,STS-122,ORG,False,16,9,1,STS-122
GPE:South Korea,South Korea,GPE,False,16,7,2,South Korea | South Korea's
DATE:2011,2011,DATE,True,15,12,1,2011
SPACECRAFT:Dragon,Dragon,SPACECRAFT,False,15,7,1,Dragon
GPE:Germany,Germany,GPE,False,15,15,1,Germany
ORG:Google,Google,ORG,False,15,5,1,Google
ORG:SETI@home,SETI@home,ORG,False,15,5,1,SETI@home
GPE:STS-124,STS-124,GPE,False,15,5,1,STS-124
DATE:year,year,DATE,True,15,15,3,the year | a year | year
PERSON:Barack Obama,Barack Obama,PERSON,False,14,8,1,Barack Obama
ORG:Boeing,Boeing,ORG,False,14,7,1,Boeing
SPACECRAFT:Cassini-Huygens,Cassini-Huygens,SPACECRAFT,False,14,10,1,Cassini-Huygens
PERSON:Elon Musk,Elon Musk,PERSON,False,14,9,1,Elon Musk
SPACECRAFT:Falcon 1,Falcon 1,SPACECRAFT,False,14,7,1,Falcon 1
ORG:Johnson Space Center,Johnson Space Center,ORG,False,14,10,1,Johnson Space Center
DATE:July,July,DATE,True,14,13,1,July
SPACECRAFT:Mars Global Surveyor,Mars Global Surveyor,SPACECRAFT,False,14,9,1,Mars Global Surveyor
PERSON:Obama,Obama,PERSON,False,14,6,1,Obama
DATE:October,October,DATE,True,14,14,1,October
ORG:Roscosmos,Roscosmos,ORG,False,14,12,2,Russian Federal Space Agency | Roscosmos
SPACECRAFT:Spitzer,Spitzer,SPACECRAFT,False,14,7,1,Spitzer
ORG:ULA,ULA,ORG,False,14,6,2,United Launch Alliance | ULA
DATE:last year,last year,DATE,True,14,13,3,last year | the last year | last year's
DATE:2001,2001,DATE,True,13,11,1,2001
DATE:2009,2009,DATE,True,13,11,1,2009
ORG:ATV,ATV,ORG,False,13,2,1,ATV
PERSON:Brown,Brown,PERSON,False,13,3,1,Brown
ORG:California Institute of Technology,California Institute of Technology,ORG,False,13,12,2,the California Institute of Technology | California Institute of Technology
SPACECRAFT:Long March,Long March,SPACECRAFT,False,13,5,1,Long March
SPACECRAFT:MESSENGER,MESSENGER,SPACECRAFT,False,13,3,1,MESSENGER
DATE:March,March,DATE,True,13,12,1,March
ORG:NOAA,NOAA,ORG,False,13,6,1,NOAA
LOC:Pacific Ocean,Pacific Ocean,LOC,False,13,12,1,the Pacific Ocean
DATE:September,September,DATE,True,13,13,1,September
SPACECRAFT:Space Shuttle Columbia,Space Shuttle Columbia,SPACECRAFT,False,13,13,1,Space Shuttle Columbia
TIME:night,night,TIME,True,13,13,2,night | the night
SPACECRAFT:shuttle Discovery,shuttle Discovery,SPACECRAFT,False,13,12,1,shuttle Discovery
DATE:2006,2006,DATE,True,12,11,1,2006
FAC:Cape Canaveral Air Force Station,Cape Canaveral Air Force Station,FAC,False,12,12,1,Cape Canaveral Air Force Station
NORP:German,German,NORP,False,12,10,1,German
NORP:Harmony,Harmony,NORP,False,12,6,1,Harmony
ORG:Intermix,Intermix,ORG,False,12,2,1,Intermix
ORG:NSF,NSF,ORG,False,12,1,1,NSF
GPE:North Korea,North Korea,GPE,False,12,4,2,North Korea | North Korea's
SPACECRAFT:Voyager 1,Voyager 1,SPACECRAFT,False,12,4,1,Voyager 1
SPACECRAFT:Zenit,Zenit,SPACECRAFT,False,12,5,1,Zenit
DATE:this week,this week,DATE,True,12,12,1,this week
DATE:1997,1997,DATE,True,11,10,1,1997
LOC:Antarctica,Antarctica,LOC,False,11,6,1,Antarctica
LOC:Arctic,Arctic,LOC,False,11,3,1,Arctic
CELESTIAL:Ceres,Ceres,CELESTIAL,False,11,3,1,Ceres
SPACECRAFT:Chang'e,Chang'e,SPACECRAFT,False,11,3,1,Chang'e
GPE:Chile,Chile,GPE,False,11,10,1,Chile
DATE:December,December,DATE,True,11,11,1,December
ORG:European Southern Observatory,European Southern Observatory,ORG,False,11,5,2,ESO | European Southern Observatory
PERSON:Mark Kelly,Mark Kelly,PERSON,False,11,6,1,Mark Kelly
ORG:OMS,OMS,ORG,False,11,3,1,OMS
GPE:Shuttle,Shuttle,GPE,False,11,9,1,Shuttle
GPE:Tucson,Tucson,GPE,False,11,11,1,Tucson
ORG:Universe,Universe,ORG,False,11,8,1,Universe
ORG:University of Arizona,University of Arizona,ORG,False,11,11,2,the University of Arizona | University of Arizona
ORG:White House,White House,ORG,False,11,6,3,the White House | White House | The White House
ORG:Wikinews,Wikinews,ORG,False,11,9,1,Wikinews
DATE:day,day,DATE,True,11,8,2,the day | a day
TIME:this morning,this morning,TIME,True,11,11,1,this morning
DATE:1999,1999,DATE,True,10,9,1,1999
DATE:2002,2002,DATE,True,10,9,1,2002
GPE:Centaur,Centaur,GPE,False,10,6,1,Centaur
CELESTIAL:Charon,Charon,CELESTIAL,False,10,5,1,Charon
ORG:FAA,FAA,ORG,False,10,5,1,FAA
SPACECRAFT:Herschel,Herschel,SPACECRAFT,False,10,2,1,Herschel
ORG:IAU,IAU,ORG,False,10,3,1,IAU
FAC:ISS,ISS,FAC,False,10,8,4,"the Space Station | the Space Station's | the Space Station’s | the Space Station,"
SPACECRAFT:InSight,InSight,SPACECRAFT,False,10,1,1,InSight
CELESTIAL:Kuiper Belt,Kuiper Belt,CELESTIAL,False,10,4,1,Kuiper Belt
ORG:Phillips,Phillips,ORG,False,10,2,1,Phillips
PERSON:Scott Kelly,Scott Kelly,PERSON,False,10,8,1,Scott Kelly
NORP:South Korean,South Korean,NORP,False,10,6,1,South Korean
PRODUCT:Voyager,Voyager,PRODUCT,False,10,5,1,Voyager
GPE:Washington,Washington,GPE,False,10,9,1,Washington
TIME:evening,evening,TIME,True,10,8,1,evening
DATE:next year,next year,DATE,True,10,10,2,next year | next year's
DATE:August,August,DATE,True,9,8,1,August
NORP:British,British,NORP,False,9,8,1,British
GPE:Endeavour,Endeavour,GPE,False,9,6,1,Endeavour
ORG:Endeavour,Endeavour,ORG,False,9,6,1,Endeavour
NORP:Italian,Italian,NORP,False,9,7,1,Italian
GPE:Italy,Italy,GPE,False,9,8,1,Italy
ORG:Johns Hopkins University,Johns Hopkins University,ORG,False,9,7,3,Johns Hopkins University | the Johns Hopkins University's | the Johns Hopkins University
DATE:June,June,DATE,True,9,9,1,June
SPACECRAFT:New Horizons,New Horizons,SPACECRAFT,False,9,3,1,New Horizons
GPE:New Mexico,New Mexico,GPE,False,9,7,1,New Mexico
ORG:Shuttle,Shuttle,ORG,False,9,8,1,Shuttle
ORG:Thales Alenia Space,Thales Alenia Space,ORG,False,9,6,1,Thales Alenia Space
GPE:Utah,Utah,GPE,False,9,6,1,Utah
FAC:Vandenberg Air Force Base,Vandenberg Air Force Base,FAC,False,9,8,1,Vandenberg Air Force Base
CELESTIAL:Vesta,Vesta,CELESTIAL,False,9,2,1,Vesta
CELESTIAL:Wild 2,Wild 2,CELESTIAL,False,9,5,1,Wild 2
DATE:tomorrow,tomorrow,DATE,True,9,7,1,tomorrow
DATE:two days,two days,DATE,True,9,9,1,two days
SPACECRAFT:Apollo 11,Apollo 11,SPACECRAFT,False,8,6,1,Apollo 11
FAC:Arecibo Observatory,Arecibo Observatory,FAC,False,8,4,1,Arecibo Observatory
PERSON:Bush,Bush,PERSON,False,8,6,1,Bush
ORG:Canadian Space Agency,Canadian Space Agency,ORG,False,8,8,1,Canadian Space Agency
ORG:External Tank,External Tank,ORG,False,8,3,3,the External Tank | External Tank | The External Tank
GPE:Griffin,Griffin,GPE,False,8,3,1,Griffin
PERSON:Guiana,Guiana,PERSON,False,8,8,1,Guiana
FAC:Guiana Space Centre,Guiana Space Centre,FAC,False,8,8,1,Guiana Space Centre
NORP:Iranian,Iranian,NORP,False,8,3,1,Iranian
NORP:Israeli,Israeli,NORP,False,8,4,1,Israeli
ORG:Italian Space Agency,Italian Space Agency,ORG,False,8,8,1,the Italian Space Agency
PERSON:John Phillips,John Phillips,PERSON,False,8,8,1,John Phillips
PERSON:Juno,Juno,PERSON,False,8,2,1,Juno
NORP:Launch,Launch,NORP,False,8,8,1,Launch
GPE:Maryland,Maryland,GPE,False,8,7,1,Maryland
SPACECRAFT:Mir,Mir,SPACECRAFT,False,8,7,1,Mir
ORG:Opportunity,Opportunity,ORG,False,8,5,1,Opportunity
GPE:Oregon,Oregon,GPE,False,8,6,1,Oregon
SPACECRAFT:Planck,Planck,SPACECRAFT,False,8,3,1,Planck
ORG:ROV,ROV,ORG,False,8,1,1,ROV
GPE:Seattle,Seattle,GPE,False,8,5,1,Seattle
PERSON:Shuttle,Shuttle,PERSON,False,8,6,1,Shuttle
GPE:Soviet Union,Soviet Union,GPE,False,8,7,2,Soviet Union | the Soviet Union
CELESTIAL:Tempel 1,Tempel 1,CELESTIAL,False,8,4,1,Tempel 1
DATE:last month,last month,DATE,True,8,8,1,last month
SPACECRAFT:shuttle Atlantis,shuttle Atlantis,SPACECRAFT,False,8,7,1,shuttle Atlantis
DATE:1992,1992,DATE,True,7,6,1,1992
DATE:2014,2014,DATE,True,7,7,1,2014
DATE:2015,2015,DATE,True,7,6,1,2015
ORG:Applied Physics Laboratory,Applied Physics Laboratory,ORG,False,7,6,1,Applied Physics Laboratory
ORG:BBC,BBC,ORG,False,7,5,1,BBC
GPE:Brazil,Brazil,GPE,False,7,4,1,Brazil
ORG:CEV,CEV,ORG,False,7,1,1,CEV
ORG:Cornell University,Cornell University,ORG,False,7,6,2,"Cornell University | Cornell University,"
SPACECRAFT:Delta IV Heavy,Delta IV Heavy,SPACECRAFT,False,7,3,1,Delta IV Heavy
GPE:England,England,GPE,False,7,5,1,England
PRODUCT:Galileo,Galileo,PRODUCT,False,7,6,1,Galileo
GPE:Hawaii,Hawaii,GPE,False,7,6,1,Hawaii
GPE:Israel,Israel,GPE,False,7,4,1,Israel
PERSON:Krikalev,Krikalev,PERSON,False,7,3,1,Krikalev
SPACECRAFT:Mars Express,Mars Express,SPACECRAFT,False,7,5,1,Mars Express
SPACECRAFT:Mars Odyssey,Mars Odyssey,SPACECRAFT,False,7,5,1,Mars Odyssey
PERSON:Mitchell,Mitchell,PERSON,False,7,1,1,Mitchell
GPE:New Orleans,New Orleans,GPE,False,7,1,2,New Orleans | the New Orleans
GPE:New York,New York,GPE,False,7,6,1,New York
NORP:North Korean,North Korean,NORP,False,7,3,1,North Korean
SPACECRAFT:Pegasus,Pegasus,SPACECRAFT,False,7,3,1,Pegasus
ORG:PlanetSpace,PlanetSpace,ORG,False,7,1,1,PlanetSpace
NORP:Russians,Russians,NORP,False,7,7,1,Russians
GPE:STS-134,STS-134,GPE,False,7,5,1,STS-134
PERSON:Sergei Krikalev,Sergei Krikalev,PERSON,False,7,7,1,Sergei Krikalev
ORG:Southern Cross,Southern Cross,ORG,False,7,1,2,the Southern Cross | Southern Cross
ORG:Space.com,Space.com,ORG,False,7,6,1,Space.com
SPACECRAFT:Spitzer Space Telescope,Spitzer Space Telescope,SPACECRAFT,False,7,5,1,Spitzer Space Telescope
ORG:XRT,XRT,ORG,False,7,3,1,XRT
DATE:last week,last week,DATE,True,7,6,1,last week
DATE:six months,six months,DATE,True,7,7,1,six months
DATE:1980,1980,DATE,True,6,3,1,1980
DATE:2012,2012,DATE,True,6,5,1,2012
NORP:Americans,Americans,NORP,False,6,6,1,Americans
LOC:Atlantic Ocean,Atlantic Ocean,LOC,False,6,6,2,the Atlantic Ocean | Atlantic Ocean
ORG:CNES,CNES,ORG,False,6,3,1,CNES
ORG:Caltech,Caltech,ORG,False,6,6,1,Caltech
SPACECRAFT:Chandrayaan-1,Chandrayaan-1,SPACECRAFT,False,6,4,1,Chandrayaan-1
PERSON:Charles Bolden,Charles Bolden,PERSON,False,6,5,1,Charles Bolden
ORG:Chiao,Chiao,ORG,False,6,3,1,Chiao
PERSON:Don Brownlee,Don Brownlee,PERSON,False,6,4,1,Don Brownlee
FAC:Edwards Air Force Base,Edwards Air Force Base,FAC,False,6,6,1,Edwards Air Force Base
DATE:February 2003,February 2003,DATE,True,6,6,1,February 2003
PERSON:George W. Bush,George W. Bush,PERSON,False,6,6,2,George W. Bush | George W. Bush's
ORG:Harvard-Smithsonian Center for Astrophysics,Harvard-Smithsonian Center for Astrophysics,ORG,False,6,6,2,the Harvard-Smithsonian Center for Astrophysics | Harvard-Smithsonian Center for Astrophysics
ORG:Iridium,Iridium,ORG,False,6,2,1,Iridium
ORG:Japanese Experiment Module,Japanese Experiment Module,ORG,False,6,5,1,the Japanese Experiment Module
NORP:Jovian,Jovian,NORP,False,6,3,1,Jovian
PERSON:Kelly,Kelly,PERSON,False,6,3,1,Kelly
GPE:Kentucky,Kentucky,GPE,False,6,2,1,Kentucky
PERSON:Koichi Wakata,Koichi Wakata,PERSON,False,6,6,1,Koichi Wakata
FAC:Kourou,Kourou,FAC,False,6,6,1,Kourou
GPE:London,London,GPE,False,6,5,1,London
ORG:MRO,MRO,ORG,False,6,3,1,MRO
DATE:May,May,DATE,True,6,6,1,May
PERSON:Michael Griffin,Michael Griffin,PERSON,False,6,6,1,Michael Griffin
PERSON:MySpace,MySpace,PERSON,False,6,4,1,MySpace
GPE:Nevada,Nevada,GPE,False,6,4,1,Nevada
ORG:Orbital Sciences,Orbital Sciences,ORG,False,6,5,1,Orbital Sciences
PERSON:Peter Smith,Peter Smith,PERSON,False,6,6,1,Peter Smith
GPE:Puerto Rico,Puerto Rico,GPE,False,6,5,1,Puerto Rico
PERSON:Roberto Vittori,Roberto Vittori,PERSON,False,6,6,1,Roberto Vittori
ORG:Space Telescope Science Institute,Space Telescope Science Institute,ORG,False,6,5,1,Space Telescope Science Institute
GPE:Spain,Spain,GPE,False,6,4,1,Spain
PERSON:Twitter,Twitter,PERSON,False,6,4,1,Twitter
ORG:US Air Force,US Air Force,ORG,False,6,6,3,The US Air Force | the US Air Force | the US Air Force's
GPE:Ukraine,Ukraine,GPE,False,6,6,1,Ukraine
SPACECRAFT:Ulysses,Ulysses,SPACECRAFT,False,6,3,1,Ulysses
ORG:United States,United States,ORG,False,6,6,4,The United States | the United States | The US | the US
ORG:United States Air Force,United States Air Force,ORG,False,6,6,2,the United States Air Force | United States Air Force
CELESTIAL:Uranus,Uranus,CELESTIAL,False,6,6,1,Uranus
SPACECRAFT:Venus Express,Venus Express,SPACECRAFT,False,6,3,1,Venus Express
GPE:Vietnam,Vietnam,GPE,False,6,1,1,Vietnam
ORG:Virgo,Virgo,ORG,False,6,2,1,Virgo
PERSON:Wayne Hale,Wayne Hale,PERSON,False,6,6,1,Wayne Hale
ORG:YouTube,YouTube,ORG,False,6,4,1,YouTube
DATE:daily,daily,DATE,True,6,5,1,daily
DATE:next week,next week,DATE,True,6,5,2,next week | next week's
DATE:one day,one day,DATE,True,6,6,1,one day
DATE:same day,same day,DATE,True,6,6,1,the same day
DATE:summer,summer,DATE,True,6,4,1,summer
DATE:week,week,DATE,True,6,6,3,week | a week | the week
DATE:winter,winter,DATE,True,6,5,1,winter
DATE:15 years,15 years,DATE,True,5,5,1,15 years
DATE:1963,1963,DATE,True,5,4,1,1963
DATE:1984,1984,DATE,True,5,5,1,1984
DATE:2013,2013,DATE,True,5,5,1,2013
GPE:Alaska,Alaska,GPE,False,5,5,1,Alaska
LOC:Antarctic,Antarctic,LOC,False,5,2,1,Antarctic
SPACECRAFT:Apollo 17,Apollo 17,SPACECRAFT,False,5,3,1,Apollo 17
DATE:April,April,DATE,True,5,5,1,April
ORG:Associated Press,Associated Press,ORG,False,5,5,2,the Associated Press | Associated Press
ORG:Astrophysical Journal,Astrophysical Journal,ORG,False,5,5,2,The Astrophysical Journal | the Astrophysical Journal
PERSON:Atlas,Atlas,PERSON,False,5,2,1,Atlas
NORP:Australian,Australian,NORP,False,5,5,1,Australian
FAC:Baikonur,Baikonur,FAC,False,5,5,1,Baikonur
PERSON:Bill Gerstenmaier,Bill Gerstenmaier,PERSON,False,5,5,1,Bill Gerstenmaier
SPACECRAFT:COBE,COBE,SPACECRAFT,False,5,1,1,COBE
GPE:Chandra,Chandra,GPE,False,5,4,1,Chandra
NORP:Columbus,Columbus,NORP,False,5,5,1,Columbus
ORG:Committee,Committee,ORG,False,5,2,1,Committee
PERSON:Crucis,Crucis,PERSON,False,5,1,1,Crucis
PERSON:Deutsch,Deutsch,PERSON,False,5,1,1,Deutsch
ORG:ECA,ECA,ORG,False,5,4,1,ECA
ORG:ExPRESS Logistics,ExPRESS Logistics,ORG,False,5,4,2,the ExPRESS Logistics | ExPRESS Logistics
LAW:Expedition 17,Expedition 17,LAW,False,5,5,1,Expedition 17
"DATE:February 1, 2003","February 1, 2003",DATE,True,5,5,1,"February 1, 2003"
PERSON:Gabrielle Giffords,Gabrielle Giffords,PERSON,False,5,4,1,Gabrielle Giffords
ORG:Genesis,Genesis,ORG,False,5,3,1,Genesis
GPE:Greenbelt,Greenbelt,GPE,False,5,5,1,Greenbelt
ORG:International Astronomical Union,International Astronomical Union,ORG,False,5,5,1,International Astronomical Union
ORG:International Launch Services,International Launch Services,ORG,False,5,5,1,International Launch Services
DATE:January,January,DATE,True,5,5,1,January
PERSON:John Shannon,John Shannon,PERSON,False,5,5,1,John Shannon
PERSON:Joseph Acaba,Joseph Acaba,PERSON,False,5,5,1,Joseph Acaba
DATE:June 8,June 8,DATE,True,5,5,1,June 8
PERSON:KELT-9,KELT-9,PERSON,False,5,1,1,KELT-9
PERSON:Kibo,Kibo,PERSON,False,5,2,1,Kibo
ORG:Kopra,Kopra,ORG,False,5,2,1,Kopra
PERSON:Kwajalein Atoll,Kwajalein Atoll,PERSON,False,5,5,1,Kwajalein Atoll
ORG:LRO,LRO,ORG,False,5,2,1,LRO
PERSON:Lee Archambault,Lee Archambault,PERSON,False,5,5,1,Lee Archambault
PERSON:Leroy Chiao,Leroy Chiao,PERSON,False,5,5,1,Leroy Chiao
GPE:Los Angeles,Los Angeles,GPE,False,5,5,1,Los Angeles
ORG:MacLean,MacLean,ORG,False,5,1,1,MacLean
PERSON:Mark Zuckerberg,Mark Zuckerberg,PERSON,False,5,3,1,Mark Zuckerberg
PERSON:Mike Griffin,Mike Griffin,PERSON,False,5,4,1,Mike Griffin
ORG:NRO,NRO,ORG,False,5,3,1,NRO
ORG:National Oceanic and Atmospheric Administration,National Oceanic and Atmospheric Administration,ORG,False,5,5,4,the National Oceanic and Atmospheric Administration | The National Oceanic and Atmospheric Administration | National Oceanic and Atmospheric Administration’s | National Oceanic and Atmospheric Administration
GPE:New Jersey,New Jersey,GPE,False,5,4,1,New Jersey
LOC:North America,North America,LOC,False,5,5,1,North America
PERSON:Paolo Nespoli,Paolo Nespoli,PERSON,False,5,4,1,Paolo Nespoli
PERSON:Rex Walheim,Rex Walheim,PERSON,False,5,5,1,Rex Walheim
GPE:STS-115,STS-115,GPE,False,5,4,1,STS-115
ORG:STS-117,STS-117,ORG,False,5,5,2,STS-117 | the STS-117
PERSON:STS-132,STS-132,PERSON,False,5,3,1,STS-132
FAC:Satish Dhawan Space Centre,Satish Dhawan Space Centre,FAC,False,5,4,1,Satish Dhawan Space Centre
ORG:Scaled Composites,Scaled Composites,ORG,False,5,2,1,Scaled Composites
LOC:Sea Launch,Sea Launch,LOC,False,5,4,1,Sea Launch
CELESTIAL:Sedna,Sedna,CELESTIAL,False,5,2,1,Sedna
ORG:Sharipov,Sharipov,ORG,False,5,3,1,Sharipov
LOC:Siberia,Siberia,LOC,False,5,5,1,Siberia
LOC:South America,South America,LOC,False,5,5,1,South America
PERSON:Steve Squyres,Steve Squyres,PERSON,False,5,5,1,Steve Squyres
ORG:THEMIS,THEMIS,ORG,False,5,2,1,THEMIS
ORG:TPS,TPS,ORG,False,5,4,1,TPS
PERSON:Tom Anderson,Tom Anderson,PERSON,False,5,3,1,Tom Anderson
ORG:Turksat 3A,Turksat 3A,ORG,False,5,2,1,Turksat 3A
ORG:University of Washington,University of Washington,ORG,False,5,4,2,the University of Washington | University of Washington
FAC:Vandenberg,Vandenberg,FAC,False,5,4,1,Vandenberg
ORG:Vehicle Assembly Building,Vehicle Assembly Building,ORG,False,5,5,3,the Vehicle Assembly Building | the Vehicle Assembly Building's | Vehicle Assembly Building
PERSON:Wesley,Wesley,PERSON,False,5,2,1,Wesley
PERSON:Williams,Williams,PERSON,False,5,3,1,Williams
DATE:billions of years,billions of years,DATE,True,5,4,1,billions of years
CELESTIAL:heliosphere,heliosphere,CELESTIAL,False,5,2,1,heliosphere
DATE:late May,late May,DATE,True,5,5,1,late May
DATE:later this year,later this year,DATE,True,5,5,1,later this year
DATE:month,month,DATE,True,5,5,2,a month | month
DATE:several months,several months,DATE,True,5,5,1,several months
DATE:several years,several years,DATE,True,5,5,1,several years
DATE:three years,three years,DATE,True,5,5,1,three years
DATE:two years,two years,DATE,True,5,5,1,two years
DATE:weekend,weekend,DATE,True,5,5,1,the weekend
DATE:14-year-old,14-year-old,DATE,True,4,3,1,14-year-old
DATE:149026b,149026b,DATE,True,4,1,1,149026b
DATE:1950DA,1950DA,DATE,True,4,1,1,1950DA
DATE:1970s,1970s,DATE,True,4,4,2,the 1970s | 1970s
DATE:1972,1972,DATE,True,4,4,1,1972
DATE:1981,1981,DATE,True,4,4,1,1981
DATE:2018,2018,DATE,True,4,4,1,2018
DATE:2020,2020,DATE,True,4,4,1,2020
TIME:24 hours,24 hours,TIME,True,4,4,1,24 hours
DATE:33,33,DATE,True,4,4,1,33
PRODUCT:747,747,PRODUCT,False,4,4,1,747
ORG:ANDRILL,ANDRILL,ORG,False,4,1,1,ANDRILL
GPE:Afghanistan,Afghanistan,GPE,False,4,1,1,Afghanistan
ORG:Air Force,Air Force,ORG,False,4,2,2,Air Force | the Air Force's
ORG:Arecibo,Arecibo,ORG,False,4,2,1,Arecibo
FAC:Ariane 5ECA,Ariane 5ECA,FAC,False,4,4,1,Ariane 5ECA
PERSON:Armstrong,Armstrong,PERSON,False,4,2,1,Armstrong
WORK_OF_ART:Atlas,Atlas,WORK_OF_ART,False,4,2,1,Atlas
ORG:BAT,BAT,ORG,False,4,2,1,BAT
PERSON:Beatles,Beatles,PERSON,False,4,2,1,Beatles
PERSON:Ben Rozitis,Ben Rozitis,PERSON,False,4,1,1,Ben Rozitis
GPE:Boulder,Boulder,GPE,False,4,4,1,Boulder
PERSON:Bresnik,Bresnik,PERSON,False,4,1,1,Bresnik
PERSON:Brownlee,Brownlee,PERSON,False,4,1,1,Brownlee
ORG:CSA,CSA,ORG,False,4,2,1,CSA
ORG:Campbell,Campbell,ORG,False,4,1,1,Campbell
ORG:Challenger,Challenger,ORG,False,4,4,1,Challenger
PERSON:Chris DeWolfe,Chris DeWolfe,PERSON,False,4,3,1,Chris DeWolfe
PRODUCT:Constellation,Constellation,PRODUCT,False,4,3,1,Constellation
ORG:DPRK,DPRK,ORG,False,4,1,1,DPRK
DATE:December 2005,December 2005,DATE,True,4,4,1,December 2005
DATE:December 2006,December 2006,DATE,True,4,4,1,December 2006
ORG:Defense Support Program,Defense Support Program,ORG,False,4,2,1,Defense Support Program
PERSON:Don Yeomans,Don Yeomans,PERSON,False,4,4,1,Don Yeomans
LAW:Expedition 11,Expedition 11,LAW,False,4,3,1,Expedition 11
PRODUCT:Expedition 26,Expedition 26,PRODUCT,False,4,3,1,Expedition 26
ORG:Falcon,Falcon,ORG,False,4,4,1,Falcon
SPACECRAFT:Falcon Heavy,Falcon Heavy,SPACECRAFT,False,4,1,1,Falcon Heavy
PERSON:Fyodor Yurchikhin,Fyodor Yurchikhin,PERSON,False,4,4,1,Fyodor Yurchikhin
GPE:Gagarin,Gagarin,GPE,False,4,1,1,Gagarin
PERSON:Galaxy,Galaxy,PERSON,False,4,4,1,Galaxy
ORG:Gonets,Gonets,ORG,False,4,1,1,Gonets
PERSON:Gregory Chamitoff,Gregory Chamitoff,PERSON,False,4,4,1,Gregory Chamitoff
SPACECRAFT:H-IIA,H-IIA,SPACECRAFT,False,4,2,1,H-IIA
PERSON:Hans Schlegel,Hans Schlegel,PERSON,False,4,4,1,Hans Schlegel
ORG:Heim,Heim,ORG,False,4,1,1,Heim
GPE:Hiroshima,Hiroshima,GPE,False,4,2,1,Hiroshima
ORG:ISS,ISS,ORG,False,4,3,2,the Space Station's | the Space Station
ORG:Intelsat,Intelsat,ORG,False,4,1,1,Intelsat
GPE:Ithaca,Ithaca,GPE,False,4,4,1,Ithaca
PERSON:John Sarkissian,John Sarkissian,PERSON,False,4,2,2,John Sarkissian | John Sarkissian's
DATE:June 15,June 15,DATE,True,4,2,1,June 15
PERSON:Kepler,Kepler,PERSON,False,4,3,1,Kepler
PERSON:Kibō,Kibō,PERSON,False,4,1,1,Kibō
GPE:Korpela,Korpela,GPE,False,4,1,1,Korpela
PERSON:Korpela,Korpela,PERSON,False,4,1,1,Korpela
ORG:LCROSS,LCROSS,ORG,False,4,3,1,LCROSS
PERSON:Lunar,Lunar,PERSON,False,4,4,1,Lunar
ORG:Lunar Reconnaissance Orbiter,Lunar Reconnaissance Orbiter,ORG,False,4,4,3,the Lunar Reconnaissance Orbiter | The Lunar Reconnaissance Orbiter | Lunar Reconnaissance Orbiter
PERSON:MECA,MECA,PERSON,False,4,2,1,MECA
ORG:MET,MET,ORG,False,4,1,1,MET
GPE:Massachusetts,Massachusetts,GPE,False,4,4,1,Massachusetts
PERSON:Mkn 421,Mkn 421,PERSON,False,4,1,1,Mkn 421
ORG:Mohamed,Mohamed,ORG,False,4,2,1,Mohamed
ORG:Mullard Space Science Laboratory,Mullard Space Science Laboratory,ORG,False,4,2,2,the Mullard Space Science Laboratory | Mullard Space Science Laboratory
ORG:Museum of Flight,Museum of Flight,ORG,False,4,1,3,the Museum of Flight | The Museum of Flight | Museum of Flight
PERSON:Musk,Musk,PERSON,False,4,3,1,Musk
ORG:National Reconnaissance Office,National Reconnaissance Office,ORG,False,4,4,1,National Reconnaissance Office
ORG:Near,Near,ORG,False,4,3,1,the Near
PERSON:Neil Armstrong,Neil Armstrong,PERSON,False,4,4,1,Neil Armstrong
GPE:New Zealand,New Zealand,GPE,False,4,2,1,New Zealand
ORG:News Corporation,News Corporation,ORG,False,4,3,1,News Corporation
ORG:Nix,Nix,ORG,False,4,1,1,Nix
PERSON:Norman,Norman,PERSON,False,4,1,1,Norman
GPE:Norway,Norway,GPE,False,4,2,1,Norway
DATE:November,November,DATE,True,4,4,1,November
DATE:October 2008,October 2008,DATE,True,4,4,1,October 2008
ORG:Ohio State University,Ohio State University,ORG,False,4,3,2,Ohio State University | the Ohio State University
ORG:Orbital Maneuvering System,Orbital Maneuvering System,ORG,False,4,4,2,Orbital Maneuvering System | the Orbital Maneuvering System
ORG:Penn State University,Penn State University,ORG,False,4,3,1,Penn State University
ORG:Pentagon,Pentagon,ORG,False,4,2,1,Pentagon
SPACECRAFT:Philae,Philae,SPACECRAFT,False,4,3,1,Philae
GPE:Phoebe,Phoebe,GPE,False,4,1,1,Phoebe
ORG:Planetary Society,Planetary Society,ORG,False,4,3,2,The Planetary Society | the Planetary Society
ORG:Polar Satellite Launch Vehicle,Polar Satellite Launch Vehicle,ORG,False,4,4,3,Polar Satellite Launch Vehicle | the Polar Satellite Launch Vehicle | The Polar Satellite Launch Vehicle
ORG:Princeton University,Princeton University,ORG,False,4,3,1,Princeton University
GPE:Pyongyang,Pyongyang,GPE,False,4,2,1,Pyongyang
PERSON:Richard Arnold,Richard Arnold,PERSON,False,4,4,1,Richard Arnold
SPACECRAFT:Rokot,Rokot,SPACECRAFT,False,4,1,1,Rokot
SPACECRAFT:Rover Opportunity,Rover Opportunity,SPACECRAFT,False,4,4,1,Rover Opportunity
ORG:SETI,SETI,ORG,False,4,2,1,SETI
ORG:SMART-1,SMART-1,ORG,False,4,2,1,SMART-1
ORG:SN 2006gy,SN 2006gy,ORG,False,4,1,1,SN 2006gy
ORG:SR,SR,ORG,False,4,1,1,SR
ORG:Sagittarius,Sagittarius,ORG,False,4,3,1,Sagittarius
PERSON:Sahu,Sahu,PERSON,False,4,1,1,Sahu
GPE:San Antonio,San Antonio,GPE,False,4,4,1,San Antonio
ORG:Science Mission Directorate,Science Mission Directorate,ORG,False,4,4,1,Science Mission Directorate
ORG:Sea Launch,Sea Launch,ORG,False,4,3,2,Sea Launch | a Sea Launch
DATE:September 14,September 14,DATE,True,4,3,1,September 14
ORG:Shuttle Landing Facility,Shuttle Landing Facility,ORG,False,4,4,2,Shuttle Landing Facility | the Shuttle Landing Facility
PERSON:Smith,Smith,PERSON,False,4,3,1,Smith
ORG:Space,Space,ORG,False,4,4,1,Space
SPACECRAFT:Space Shuttle Challenger,Space Shuttle Challenger,SPACECRAFT,False,4,4,1,Space Shuttle Challenger
ORG:Space Systems Loral,Space Systems Loral,ORG,False,4,3,1,Space Systems Loral
PERSON:Stephen Hawking,Stephen Hawking,PERSON,False,4,2,1,Stephen Hawking
PERSON:Steve Swanson,Steve Swanson,PERSON,False,4,4,1,Steve Swanson
PERSON:Swain,Swain,PERSON,False,4,2,1,Swain
GPE:Teodorescu,Teodorescu,GPE,False,4,1,1,Teodorescu
ORG:Thermal Protection System,Thermal Protection System,ORG,False,4,4,1,Thermal Protection System
PERSON:Thomas Reiter,Thomas Reiter,PERSON,False,4,4,1,Thomas Reiter
PERSON:Tim Kopra,Tim Kopra,PERSON,False,4,3,1,Tim Kopra
ORG:Time,Time,ORG,False,4,2,1,Time
PERSON:Tony Antonelli,Tony Antonelli,PERSON,False,4,4,1,Tony Antonelli
GPE:Tunguska,Tunguska,GPE,False,4,1,1,Tunguska
ORG:Turksat,Turksat,ORG,False,4,2,1,Turksat
ORG:University of California,University of California,ORG,False,4,4,2,the University of California | University of California
FAC:Very Large Telescope,Very Large Telescope,FAC,False,4,4,1,Very Large Telescope
GPE:Virginia,Virginia,GPE,False,4,4,1,Virginia
SPACECRAFT:Voyager 2,Voyager 2,SPACECRAFT,False,4,4,1,Voyager 2
ORG:Wasson,Wasson,ORG,False,4,1,1,Wasson
PERSON:Wolszczan,Wolszczan,PERSON,False,4,1,1,Wolszczan
DATE:Yesterday,Yesterday,DATE,True,4,4,1,Yesterday
DATE:centuries,centuries,DATE,True,4,3,1,centuries
DATE:earlier this month,earlier this month,DATE,True,4,4,1,earlier this month
DATE:few days,few days,DATE,True,4,3,1,a few days
DATE:few weeks,few weeks,DATE,True,4,4,1,a few weeks
DATE:four years,four years,DATE,True,4,4,1,four years
DATE:months,months,DATE,True,4,4,1,months
LOC:moon,moon,LOC,False,4,3,1,the moon
DATE:next few days,next few days,DATE,True,4,4,1,the next few days
DATE:next few years,next few years,DATE,True,4,4,1,the next few years
SPACECRAFT:shuttle Columbia,shuttle Columbia,SPACECRAFT,False,4,4,1,shuttle Columbia
TIME:this afternoon,this afternoon,TIME,True,4,4,1,this afternoon
TIME:this evening,this evening,TIME,True,4,4,1,this evening
DATE:two-year,two-year,DATE,True,4,4,1,two-year
DATE:year 2020,year 2020,DATE,True,4,4,1,the year 2020
DATE:050318,050318,DATE,True,3,1,1,050318
GPE:133rd,133rd,GPE,False,3,3,1,133rd
TIME:13:00 GMT,13:00 GMT,TIME,True,3,3,1,13:00 GMT
DATE:1930,1930,DATE,True,3,3,1,1930
DATE:1960s,1960s,DATE,True,3,3,1,the 1960s
DATE:1961,1961,DATE,True,3,3,1,1961
DATE:1969,1969,DATE,True,3,3,1,1969
DATE:1983,1983,DATE,True,3,3,1,1983
DATE:1986,1986,DATE,True,3,3,1,1986
DATE:1988,1988,DATE,True,3,3,1,1988
DATE:1989,1989,DATE,True,3,3,1,1989
DATE:1998,1998,DATE,True,3,3,1,1998
DATE:25th,25th,DATE,True,3,3,1,the 25th
TIME:4:50 p.m.,4:50 p.m.,TIME,True,3,3,1,4:50 p.m.
ORG:ACS,ACS,ORG,False,3,1,1,ACS
LOC:Africa,Africa,LOC,False,3,3,1,Africa
PERSON:Akihiko Hoshide,Akihiko Hoshide,PERSON,False,3,3,1,Akihiko Hoshide
GPE:Alabama,Alabama,GPE,False,3,3,1,Alabama
PERSON:Alexander Kaleri,Alexander Kaleri,PERSON,False,3,3,1,Alexander Kaleri
PERSON:Alvin Drew,Alvin Drew,PERSON,False,3,3,1,Alvin Drew
ORG:American Astronomical Society,American Astronomical Society,ORG,False,3,3,2,the American Astronomical Society | the American Astronomical Society's
PERSON:Andrew Feustel,Andrew Feustel,PERSON,False,3,3,1,Andrew Feustel
"DATE:April 12, 1981","April 12, 1981",DATE,True,3,3,1,"April 12, 1981"
DATE:April 15,April 15,DATE,True,3,3,1,April 15
DATE:April 2004,April 2004,DATE,True,3,3,1,April 2004
LOC:Arabian Sea,Arabian Sea,LOC,False,3,1,1,the Arabian Sea
PERSON:Ariane,Ariane,PERSON,False,3,3,1,Ariane
ORG:Astronomer Royal,Astronomer Royal,ORG,False,3,2,2,the Astronomer Royal | Astronomer Royal
DATE:August 2005,August 2005,DATE,True,3,3,1,August 2005
GPE:Austin,Austin,GPE,False,3,2,1,Austin
GPE:Baltimore,Baltimore,GPE,False,3,3,1,Baltimore
PERSON:Bob Pappalardo,Bob Pappalardo,PERSON,False,3,2,1,Bob Pappalardo
PERSON:Bowen,Bowen,PERSON,False,3,1,1,Bowen
ORG:CS,CS,ORG,False,3,1,1,CS
GPE:Cambridge,Cambridge,GPE,False,3,3,1,Cambridge
GPE:Cape Breton,Cape Breton,GPE,False,3,1,1,Cape Breton
PERSON:Catherine Coleman,Catherine Coleman,PERSON,False,3,2,1,Catherine Coleman
PERSON:Chandra,Chandra,PERSON,False,3,3,1,Chandra
PERSON:Chandra X-ray,Chandra X-ray,PERSON,False,3,3,1,Chandra X-ray
SPACECRAFT:Chandra X-ray Observatory,Chandra X-ray Observatory,SPACECRAFT,False,3,3,1,Chandra X-ray Observatory
PERSON:Chandrayaan,Chandrayaan,PERSON,False,3,2,1,Chandrayaan
PERSON:Christopher Ferguson,Christopher Ferguson,PERSON,False,3,2,1,Christopher Ferguson
EVENT:Cold War,Cold War,EVENT,False,3,3,1,the Cold War
PRODUCT:Columbia,Columbia,PRODUCT,False,3,3,1,Columbia
ORG:Commercial Orbital Transportation Services,Commercial Orbital Transportation Services,ORG,False,3,3,2,Commercial Orbital Transportation Services | the Commercial Orbital Transportation Services
ORG:Congress,Congress,ORG,False,3,2,1,Congress
GPE:Connecticut,Connecticut,GPE,False,3,3,1,Connecticut
ORG:Constellation Program,Constellation Program,ORG,False,3,2,1,the Constellation Program
ORG:Copernicus,Copernicus,ORG,False,3,1,1,Copernicus
LAW:Cosmic Dust Lab,Cosmic Dust Lab,LAW,False,3,2,1,the Cosmic Dust Lab
PRODUCT:CubeSats,CubeSats,PRODUCT,False,3,1,1,CubeSats
SPACECRAFT:Cygnus,Cygnus,SPACECRAFT,False,3,2,1,Cygnus
GPE:D.C,D.C,GPE,False,3,3,1,D.C.
PERSON:David Beverly,David Beverly,PERSON,False,3,1,1,David Beverly
DATE:December 2004,December 2004,DATE,True,3,3,1,December 2004
SPACECRAFT:Delta IV,Delta IV,SPACECRAFT,False,3,3,1,Delta IV
PERSON:Dennis Matson,Dennis Matson,PERSON,False,3,3,1,Dennis Matson
PERSON:Destiny,Destiny,PERSON,False,3,3,1,Destiny
ORG:Dextre,Dextre,ORG,False,3,2,1,Dextre
PERSON:Doug Wheelock,Doug Wheelock,PERSON,False,3,3,1,Doug Wheelock
PERSON:Eileen Collins,Eileen Collins,PERSON,False,3,3,1,Eileen Collins
CELESTIAL:Europa,Europa,CELESTIAL,False,3,3,1,Europa
PRODUCT:ExoMars,ExoMars,PRODUCT,False,3,1,1,ExoMars
EVENT:Expedition 10,Expedition 10,EVENT,False,3,3,1,Expedition 10
LAW:Expedition 16,Expedition 16,LAW,False,3,2,1,Expedition 16
LAW:Expedition 25,Expedition 25,LAW,False,3,1,1,Expedition 25
LAW:Expedition 27,Expedition 27,LAW,False,3,3,1,Expedition 27
ORG:Exploited Children,Exploited Children,ORG,False,3,3,1,Exploited Children
PERSON:Fahrenheit,Fahrenheit,PERSON,False,3,3,1,Fahrenheit
DATE:February,February,DATE,True,3,3,1,February
DATE:February 12,February 12,DATE,True,3,3,1,February 12
DATE:February 13,February 13,DATE,True,3,1,1,February 13
DATE:February 2007,February 2007,DATE,True,3,3,1,February 2007
DATE:February 22,February 22,DATE,True,3,2,1,February 22
DATE:February 24,February 24,DATE,True,3,3,1,February 24
DATE:February 27,February 27,DATE,True,3,3,1,February 27
ORG:Federal Aviation Administration,Federal Aviation Administration,ORG,False,3,3,2,Federal Aviation Administration | The Federal Aviation Administration
ORG:GQ Lupi,GQ Lupi,ORG,False,3,1,1,GQ Lupi
CELESTIAL:Ganymede,Ganymede,CELESTIAL,False,3,3,1,Ganymede
PERSON:Gaudi,Gaudi,PERSON,False,3,1,1,Gaudi
PERSON:Giovanna Tinetti,Giovanna Tinetti,PERSON,False,3,2,1,Giovanna Tinetti
NORP:Gliese,Gliese,NORP,False,3,2,1,Gliese
PERSON:Goddard,Goddard,PERSON,False,3,2,1,Goddard
ORG:Google Science Fair,Google Science Fair,ORG,False,3,2,2,the Google Science Fair | the Google Science Fair &
NORP:Greek,Greek,NORP,False,3,3,1,Greek
PERSON:Greenwood,Greenwood,PERSON,False,3,1,1,Greenwood
PERSON:Grillmair,Grillmair,PERSON,False,3,1,1,Grillmair
ORG:HYS,HYS,ORG,False,3,3,1,HYS
GPE:Hague,Hague,GPE,False,3,1,1,Hague
PERSON:Hansen,Hansen,PERSON,False,3,1,1,Hansen
ORG:Harmony,Harmony,ORG,False,3,1,1,Harmony
PERSON:Harper,Harper,PERSON,False,3,1,1,Harper
ORG:High Resolution Instrument,High Resolution Instrument,ORG,False,3,1,1,the High Resolution Instrument
GPE:Huntsville,Huntsville,GPE,False,3,3,1,Huntsville
EVENT:Hurricane Katrina,Hurricane Katrina,EVENT,False,3,2,1,Hurricane Katrina
PERSON:Hydra,Hydra,PERSON,False,3,1,1,Hydra
ORG:ICO,ICO,ORG,False,3,2,1,ICO
GPE:Islington,Islington,GPE,False,3,1,1,Islington
CELESTIAL:Itokawa,Itokawa,CELESTIAL,False,3,2,1,Itokawa
PERSON:JEM,JEM,PERSON,False,3,2,1,JEM
SPACECRAFT:James Webb Space Telescope,James Webb Space Telescope,SPACECRAFT,False,3,3,1,James Webb Space Telescope
"DATE:January 12, 2005","January 12, 2005",DATE,True,3,3,1,"January 12, 2005"
DATE:January 2007,January 2007,DATE,True,3,3,1,January 2007
PERSON:Jean-Jacques Dordain,Jean-Jacques Dordain,PERSON,False,3,3,1,Jean-Jacques Dordain
PERSON:Jean-Yves Le Gall,Jean-Yves Le Gall,PERSON,False,3,3,1,Jean-Yves Le Gall
PERSON:Jim Erickson,Jim Erickson,PERSON,False,3,3,1,Jim Erickson
DATE:July 31,July 31,DATE,True,3,2,1,July 31
DATE:July 4,July 4,DATE,True,3,3,1,July 4
PERSON:Kistler,Kistler,PERSON,False,3,1,1,Kistler
ORG:Kosmos-2251,Kosmos-2251,ORG,False,3,3,1,Kosmos-2251
PERSON:Lander,Lander,PERSON,False,3,2,1,Lander
GPE:Laurel,Laurel,GPE,False,3,3,1,Laurel
PERSON:Lisse,Lisse,PERSON,False,3,1,1,Lisse
ORG:Lockheed,Lockheed,ORG,False,3,2,1,Lockheed
GPE:Lompoc,Lompoc,GPE,False,3,1,1,Lompoc
PERSON:Lulin,Lulin,PERSON,False,3,1,1,Lulin
ORG:Lutetia,Lutetia,ORG,False,3,1,1,Lutetia
PERSON:Léopold Eyharts,Léopold Eyharts,PERSON,False,3,3,1,Léopold Eyharts
ORG:MECA,MECA,ORG,False,3,1,1,MECA
DATE:March 11,March 11,DATE,True,3,3,1,March 11
DATE:March 12,March 12,DATE,True,3,3,1,March 12
PERSON:Mark Swain,Mark Swain,PERSON,False,3,2,1,Mark Swain
SPACECRAFT:Mars Science Laboratory,Mars Science Laboratory,SPACECRAFT,False,3,3,1,Mars Science Laboratory
PERSON:Marsden,Marsden,PERSON,False,3,1,1,Marsden
FAC:Mauna Kea Observatory,Mauna Kea Observatory,FAC,False,3,3,1,Mauna Kea Observatory
GPE:Mexico,Mexico,GPE,False,3,2,1,Mexico
PERSON:Michael Barratt,Michael Barratt,PERSON,False,3,3,1,Michael Barratt
ORG:Michoud Assembly Facility,Michoud Assembly Facility,ORG,False,3,1,1,the Michoud Assembly Facility
PERSON:Mike,Mike,PERSON,False,3,2,1,Mike
ORG:Minor Planet Center,Minor Planet Center,ORG,False,3,3,3,Minor Planet Center | the Minor Planet Center's | Minor Planet Center's
ORG:Mission Management Team,Mission Management Team,ORG,False,3,2,2,Mission Management Team | The Mission Management Team
GPE:Moscow,Moscow,GPE,False,3,3,1,Moscow
ORG:Moulton,Moulton,ORG,False,3,1,1,Moulton
PERSON:Multipurpose Module,Multipurpose Module,PERSON,False,3,3,1,Multipurpose Module
PERSON:N. Wayne Hale Jr,N. Wayne Hale Jr,PERSON,False,3,3,1,N. Wayne Hale Jr.
GPE:N.Y,N.Y,GPE,False,3,3,1,N.Y.
ORG:NAIC,NAIC,ORG,False,3,1,1,NAIC
ORG:NATO,NATO,ORG,False,3,3,1,NATO
ORG:NCA,NCA,ORG,False,3,1,1,NCA
ORG:NEO,NEO,ORG,False,3,2,1,NEO
ORG:NEO Program,NEO Program,ORG,False,3,1,1,the NEO Program
PERSON:NOTOC,NOTOC,PERSON,False,3,3,1,NOTOC
PRODUCT:Naro-1,Naro-1,PRODUCT,False,3,1,1,Naro-1
ORG:National Air and Space Museum,National Air and Space Museum,ORG,False,3,2,2,the National Air and Space Museum | National Air and Space Museum
ORG:National Center for Missing,National Center for Missing,ORG,False,3,3,2,the National Center for Missing & | the National Center for Missing
ORG:National Science Foundation,National Science Foundation,ORG,False,3,2,3,"The National Science Foundation | the National Science Foundation | the ""National Science Foundation"
GPE:Nature,Nature,GPE,False,3,3,1,Nature
PERSON:Nature,Nature,PERSON,False,3,3,1,Nature
ORG:New York Times,New York Times,ORG,False,3,3,2,the New York Times | New York Times
GPE:Nicastro,Nicastro,GPE,False,3,1,1,Nicastro
PERSON:Nicole Stott,Nicole Stott,PERSON,False,3,3,1,Nicole Stott
LOC:Northern California,Northern California,LOC,False,3,3,1,Northern California
LOC:Northern Hemisphere,Northern Hemisphere,LOC,False,3,3,1,the Northern Hemisphere
LOC:Northern Russia,Northern Russia,LOC,False,3,3,1,Northern Russia
GPE:Ohio,Ohio,GPE,False,3,3,1,Ohio
PERSON:Oleg Kononenko,Oleg Kononenko,PERSON,False,3,3,1,Oleg Kononenko
PERSON:Oleg Skripochka,Oleg Skripochka,PERSON,False,3,3,1,Oleg Skripochka
EVENT:Olympic Games,Olympic Games,EVENT,False,3,2,3,Olympic Games | the Olympic Games | The Olympic Games
ORG:Orbiter Boom Sensor System,Orbiter Boom Sensor System,ORG,False,3,3,2,the Orbiter Boom Sensor System | Orbiter Boom Sensor System
ORG:PayPal,PayPal,ORG,False,3,3,1,PayPal
PERSON:Peggy Whitson,Peggy Whitson,PERSON,False,3,3,1,Peggy Whitson
ORG:Penn State,Penn State,ORG,False,3,2,1,Penn State
GPE:People's Republic of China,People's Republic of China,GPE,False,3,3,2,the People's Republic of China | The People's Republic of China
ORG:Perseids,Perseids,ORG,False,3,1,1,Perseids
GPE:Peru,Peru,GPE,False,3,2,1,Peru
PERSON:Peter Thiel,Peter Thiel,PERSON,False,3,1,1,Peter Thiel
FAC:Plesetsk Cosmodrome,Plesetsk Cosmodrome,FAC,False,3,3,1,Plesetsk Cosmodrome
GPE:Poland,Poland,GPE,False,3,3,1,Poland
CELESTIAL:Polaris,Polaris,CELESTIAL,False,3,2,1,Polaris
SPACECRAFT:Project Apollo,Project Apollo,SPACECRAFT,False,3,2,1,Project Apollo
LOC:Quest,Quest,LOC,False,3,3,1,Quest
PERSON:Ray Arvidson,Ray Arvidson,PERSON,False,3,3,1,Ray Arvidson
LOC:Red Planet,Red Planet,LOC,False,3,3,2,the Red Planet | the Red Planet's
NORP:Republican,Republican,NORP,False,3,3,1,Republican
ORG:Reuters,Reuters,ORG,False,3,3,1,Reuters
PERSON:Rob Navias,Rob Navias,PERSON,False,3,3,1,Rob Navias
ORG:Rover,Rover,ORG,False,3,1,1,Rover
ORG:SELENE,SELENE,ORG,False,3,2,1,SELENE
ORG:SES Americom,SES Americom,ORG,False,3,2,1,SES Americom
ORG:SKA,SKA,ORG,False,3,1,1,SKA
PERSON:STRATCOM,STRATCOM,PERSON,False,3,1,1,STRATCOM
PERSON:STS-118,STS-118,PERSON,False,3,3,1,STS-118
ORG:STS-119,STS-119,ORG,False,3,3,1,STS-119
LOC:Safir,Safir,LOC,False,3,1,1,Safir
NORP:Saturnian,Saturnian,NORP,False,3,3,1,Saturnian
GPE:Scotland,Scotland,GPE,False,3,3,1,Scotland
FAC:Sea Launch,Sea Launch,FAC,False,3,2,1,Sea Launch
ORG:Sensing Satellite,Sensing Satellite,ORG,False,3,3,1,Sensing Satellite
CELESTIAL:Shoemaker-Levy 9,Shoemaker-Levy 9,CELESTIAL,False,3,2,1,Shoemaker-Levy 9
PERSON:Skynet 5C,Skynet 5C,PERSON,False,3,2,1,Skynet 5C
LOC:South Pole,South Pole,LOC,False,3,3,1,the South Pole
ORG:Southwest Research Institute,Southwest Research Institute,ORG,False,3,3,1,the Southwest Research Institute
NORP:Soviet,Soviet,NORP,False,3,3,1,Soviet
SPACECRAFT:SpaceShipOne,SpaceShipOne,SPACECRAFT,False,3,2,1,SpaceShipOne
FAC:Sriharikota,Sriharikota,FAC,False,3,3,1,Sriharikota
ORG:Star One C-2,Star One C-2,ORG,False,3,1,1,Star One C-2
WORK_OF_ART:Star Trek,Star Trek,WORK_OF_ART,False,3,2,1,Star Trek
PERSON:Swanson,Swanson,PERSON,False,3,1,1,Swanson
GPE:Switzerland,Switzerland,GPE,False,3,2,1,Switzerland
PRODUCT:Taurus,Taurus,PRODUCT,False,3,3,1,Taurus
LOC:Telescope,Telescope,LOC,False,3,3,1,Telescope
ORG:U.S. Air Force,U.S. Air Force,ORG,False,3,3,2,the U.S. Air Force | The U.S. Air Force
ORG:U.S. Department of Defense,U.S. Department of Defense,ORG,False,3,3,2,the U.S. Department of Defense | The U.S. Department of Defense
ORG:UK Space Agency,UK Space Agency,ORG,False,3,1,1,UK Space Agency
ORG:US Government,US Government,ORG,False,3,3,1,the US Government
PERSON:UTC,UTC,PERSON,False,3,2,1,UTC
ORG:United Nations,United Nations,ORG,False,3,2,2,the United Nations | the United Nations'
GPE:United States Strategic Command,United States Strategic Command,GPE,False,3,3,2,The United States Strategic Command | United States Strategic Command
ORG:University of Colorado,University of Colorado,ORG,False,3,3,1,the University of Colorado
ORG:University of Maryland,University of Maryland,ORG,False,3,3,2,the University of Maryland | University of Maryland
ORG:VAB,VAB,ORG,False,3,2,1,VAB
ORG:Vittori,Vittori,ORG,False,3,3,1,Vittori
PERSON:Vulpecula,Vulpecula,PERSON,False,3,3,1,Vulpecula
ORG:Wang,Wang,ORG,False,3,1,1,Wang
GPE:Washington D.C,Washington D.C,GPE,False,3,2,2,Washington D.C. | Washington D.C
PERSON:Whitson,Whitson,PERSON,False,3,2,1,Whitson
ORG:Wikipedia,Wikipedia,ORG,False,3,2,1,Wikipedia
GPE:Woomera,Woomera,GPE,False,3,1,1,Woomera
ORG:X Prize Foundation,X Prize Foundation,ORG,False,3,1,2,The X Prize Foundation | the X Prize Foundation
SPACECRAFT:XMM-Newton,XMM-Newton,SPACECRAFT,False,3,2,1,XMM-Newton
PERSON:Yang Liwei,Yang Liwei,PERSON,False,3,3,1,Yang Liwei
TIME:about an hour,about an hour,TIME,True,3,3,1,about an hour
TIME:afternoon,afternoon,TIME,True,3,3,1,afternoon
DATE:annual,annual,DATE,True,3,3,1,annual
PERSON:antenna,antenna,PERSON,False,3,2,1,antenna
CELESTIAL:asteroid belt,asteroid belt,CELESTIAL,False,3,3,1,asteroid belt
DATE:decade,decade,DATE,True,3,3,1,a decade
DATE:earlier this year,earlier this year,DATE,True,3,3,1,earlier this year
DATE:early 2006,early 2006,DATE,True,3,3,1,early 2006
DATE:early April,early April,DATE,True,3,2,1,early April
DATE:early July,early July,DATE,True,3,3,1,early July
TIME:early morning,early morning,TIME,True,3,3,2,early morning | the early morning
DATE:eleven-year,eleven-year,DATE,True,3,2,1,eleven-year
DATE:end of the month,end of the month,DATE,True,3,3,1,the end of the month
DATE:few million years,few million years,DATE,True,3,3,2,a few million years | A few million years
DATE:five years,five years,DATE,True,3,3,1,five years
DATE:many years,many years,DATE,True,3,3,2,many years | the many years
DATE:mid-April,mid-April,DATE,True,3,3,1,mid-April
DATE:mid-March,mid-March,DATE,True,3,3,1,mid-March
DATE:mid-September,mid-September,DATE,True,3,3,1,mid-September
SPACECRAFT:rover Opportunity,rover Opportunity,SPACECRAFT,False,3,3,1,rover Opportunity
DATE:seven months,seven months,DATE,True,3,3,1,seven months
DATE:six-month,six-month,DATE,True,3,3,1,six-month
DATE:ten years,ten years,DATE,True,3,3,1,ten years
DATE:this month,this month,DATE,True,3,3,1,this month
DATE:this winter,this winter,DATE,True,3,1,1,this winter
DATE:three months,three months,DATE,True,3,3,2,three months | the three months
DATE:three-month,three-month,DATE,True,3,3,1,three-month
DATE:two day,two day,DATE,True,3,3,1,two day
DATE:two months,two months,DATE,True,3,3,1,two months
DATE:two-day,two-day,DATE,True,3,3,1,two-day
DATE:weeks,weeks,DATE,True,3,3,2,weeks | the weeks
DATE:050319,050319,DATE,True,2,1,1,050319
DATE:11 day,11 day,DATE,True,2,2,2,the 11 day | 11 day
DATE:11 days,11 days,DATE,True,2,2,1,11 days
DATE:11-day,11-day,DATE,True,2,2,1,11-day
DATE:11-year,11-year,DATE,True,2,1,1,11-year
DATE:12 days,12 days,DATE,True,2,2,1,12 days
DATE:13 days,13 days,DATE,True,2,2,1,13 days
DATE:1671,1671,DATE,True,2,2,1,1671
TIME:18 hours,18 hours,TIME,True,2,2,1,18 hours
DATE:1806-20,1806-20,DATE,True,2,1,1,1806-20
DATE:189733,189733,DATE,True,2,2,1,189733
DATE:1904,1904,DATE,True,2,1,1,1904
DATE:1950,1950,DATE,True,2,2,1,1950
DATE:1960,1960,DATE,True,2,2,1,1960
DATE:1970,1970,DATE,True,2,2,1,1970
DATE:1971,1971,DATE,True,2,2,1,1971
DATE:1974,1974,DATE,True,2,2,1,1974
DATE:1975,1975,DATE,True,2,2,1,1975
DATE:1977,1977,DATE,True,2,2,1,1977
DATE:1990,1990,DATE,True,2,2,1,1990
DATE:1991,1991,DATE,True,2,2,1,1991
DATE:1993,1993,DATE,True,2,2,1,1993
DATE:2006 fiscal year,2006 fiscal year,DATE,True,2,2,2,the 2006 fiscal year | 2006 fiscal year
DATE:2016,2016,DATE,True,2,2,1,2016
DATE:2017,2017,DATE,True,2,2,1,2017
DATE:2025,2025,DATE,True,2,2,1,2025
DATE:20th Martian day,20th Martian day,DATE,True,2,2,1,the 20th Martian day
TIME:21 minutes,21 minutes,TIME,True,2,2,1,21 minutes
DATE:2353,2353,DATE,True,2,1,1,2353
TIME:26 minutes,26 minutes,TIME,True,2,2,1,26 minutes
DATE:274301,274301,DATE,True,2,1,1,274301
DATE:2770,2770,DATE,True,2,1,1,2770
TIME:2:38 p.m. EDT,2:38 p.m. EDT,TIME,True,2,2,1,2:38 p.m. EDT
TIME:31 minutes,31 minutes,TIME,True,2,2,1,31 minutes
DATE:40,40,DATE,True,2,1,1,40
PRODUCT:436b,436b,PRODUCT,False,2,1,1,436b
TIME:45 minute,45 minute,TIME,True,2,2,2,the 45 minute | 45 minute
TIME:48 hours,48 hours,TIME,True,2,2,1,48 hours
TIME:5:10 a.m. EST,5:10 a.m. EST,TIME,True,2,2,1,5:10 a.m. EST
TIME:6:08 p.m. EDT,6:08 p.m. EDT,TIME,True,2,2,1,6:08 p.m. EDT
TIME:80 minutes,80 minutes,TIME,True,2,2,1,80 minutes
DATE:90 Martian days,90 Martian days,DATE,True,2,1,1,90 Martian days
ORG:AOL,AOL,ORG,False,2,1,1,AOL
ORG:ASU,ASU,ORG,False,2,1,1,ASU
GPE:Acaba,Acaba,GPE,False,2,1,1,Acaba
PERSON:Ahmed,Ahmed,PERSON,False,2,2,1,Ahmed
PERSON:Ahmed Mohamed,Ahmed Mohamed,PERSON,False,2,2,1,Ahmed Mohamed
PERSON:Alan G. Poindexter,Alan G. Poindexter,PERSON,False,2,2,1,Alan G. Poindexter
GPE:Aleksandr,Aleksandr,GPE,False,2,2,1,Aleksandr
PERSON:Alexander Gerst,Alexander Gerst,PERSON,False,2,1,1,Alexander Gerst
PERSON:Alfred McEwen,Alfred McEwen,PERSON,False,2,2,1,Alfred McEwen
PERSON:Alicia Soderberg,Alicia Soderberg,PERSON,False,2,2,1,Alicia Soderberg
PERSON:Alt Empordà,Alt Empordà,PERSON,False,2,1,1,Alt Empordà
ORG:Alta,Alta,ORG,False,2,1,1,Alta
ORG:Andrushivka Astronomical Observatory,Andrushivka Astronomical Observatory,ORG,False,2,1,2,the Andrushivka Astronomical Observatory | Andrushivka Astronomical Observatory
PERSON:Angara,Angara,PERSON,False,2,1,1,Angara
NORP:Ansari,Ansari,NORP,False,2,1,1,Ansari
PERSON:Anthony Wesley,Anthony Wesley,PERSON,False,2,2,1,Anthony Wesley
DATE:April 14,April 14,DATE,True,2,2,1,April 14
DATE:April 2006,April 2006,DATE,True,2,2,1,April 2006
DATE:April 24,April 24,DATE,True,2,2,1,April 24
DATE:April 26,April 26,DATE,True,2,2,1,April 26
DATE:April 29,April 29,DATE,True,2,2,1,April 29
ORG:Arizona State University,Arizona State University,ORG,False,2,2,1,Arizona State University
PERSON:Artemyev,Artemyev,PERSON,False,2,1,1,Artemyev
LOC:Asia,Asia,LOC,False,2,2,1,Asia
NORP:Asian,Asian,NORP,False,2,2,1,Asian
ORG:Astronauts,Astronauts,ORG,False,2,2,1,Astronauts
ORG:Astronomy Research Council,Astronomy Research Council,ORG,False,2,2,1,Astronomy Research Council
ORG:Astrophysical Journal Letters,Astrophysical Journal Letters,ORG,False,2,2,1,Astrophysical Journal Letters
EVENT:Astrophysics,Astrophysics,EVENT,False,2,2,1,Astrophysics
DATE:August 2007,August 2007,DATE,True,2,2,1,August 2007
DATE:August 27th,August 27th,DATE,True,2,2,1,August 27th
"DATE:August 3, 2004","August 3, 2004",DATE,True,2,2,1,"August 3, 2004"
DATE:August 6,August 6,DATE,True,2,2,1,August 6
GPE:Austria,Austria,GPE,False,2,2,1,Austria
PRODUCT:Badr-6,Badr-6,PRODUCT,False,2,1,1,Badr-6
GPE:Badr-6,Badr-6,GPE,False,2,1,1,Badr-6
GPE:Belgium,Belgium,GPE,False,2,1,1,Belgium
PERSON:Bernier,Bernier,PERSON,False,2,1,1,Bernier
PERSON:Beutel,Beutel,PERSON,False,2,1,1,Beutel
GPE:Beverly,Beverly,GPE,False,2,1,1,Beverly
ORG:Big Bang,Big Bang,ORG,False,2,2,2,the Big Bang | the Big Bang &
GPE:Big Bang,Big Bang,GPE,False,2,2,1,the Big Bang
PERSON:Bill Phillips,Bill Phillips,PERSON,False,2,1,1,Bill Phillips
PERSON:Bill Wood,Bill Wood,PERSON,False,2,1,1,Bill Wood
ORG:Block DM,Block DM,ORG,False,2,2,1,Block DM
GPE:Boynton,Boynton,GPE,False,2,1,1,Boynton
NORP:Brazilian,Brazilian,NORP,False,2,2,1,Brazilian
NORP:Brazillian,Brazillian,NORP,False,2,2,1,Brazillian
LAW:Briz-M,Briz-M,LAW,False,2,2,2,the Briz-M | The Briz-M
PERSON:Bryan Lunney,Bryan Lunney,PERSON,False,2,2,1,Bryan Lunney
PERSON:Buzz Aldrin,Buzz Aldrin,PERSON,False,2,2,1,Buzz Aldrin
ORG:CLV,CLV,ORG,False,2,1,1,CLV
ORG:COTS,COTS,ORG,False,2,2,1,COTS
ORG:CRISM,CRISM,ORG,False,2,1,1,CRISM
CELESTIAL:Callisto,Callisto,CELESTIAL,False,2,2,1,Callisto
PERSON:Caloris,Caloris,PERSON,False,2,1,1,Caloris
NORP:Canadians,Canadians,NORP,False,2,2,1,Canadians
PERSON:Carbon Observatory,Carbon Observatory,PERSON,False,2,1,1,Carbon Observatory
GPE:Catalonia,Catalonia,GPE,False,2,1,1,Catalonia
ORG:Centauri Montes,Centauri Montes,ORG,False,2,2,1,Centauri Montes
PERSON:Chamitoff,Chamitoff,PERSON,False,2,1,1,Chamitoff
PERSON:Charbonneau,Charbonneau,PERSON,False,2,1,1,Charbonneau
PERSON:Charles F. Bolden,Charles F. Bolden,PERSON,False,2,2,1,Charles F. Bolden
GPE:Chiao,Chiao,GPE,False,2,2,1,Chiao
GPE:Chicago,Chicago,GPE,False,2,2,1,Chicago
NORP:Chicxulub,Chicxulub,NORP,False,2,1,1,Chicxulub
NORP:Chilean,Chilean,NORP,False,2,1,1,Chilean
PERSON:Chris Hadfield,Chris Hadfield,PERSON,False,2,2,1,Chris Hadfield
PERSON:Christopher Cassidy,Christopher Cassidy,PERSON,False,2,2,1,Christopher Cassidy
PERSON:Clay Anderson,Clay Anderson,PERSON,False,2,2,1,Clay Anderson
PERSON:Clinton,Clinton,PERSON,False,2,1,1,Clinton
PERSON:Cohen,Cohen,PERSON,False,2,1,1,Cohen
PRODUCT:Colbert,Colbert,PRODUCT,False,2,1,1,Colbert
PERSON:Colbert,Colbert,PERSON,False,2,1,1,Colbert
WORK_OF_ART:Colbert Report,Colbert Report,WORK_OF_ART,False,2,1,1,The Colbert Report
PERSON:Collins,Collins,PERSON,False,2,2,1,Collins
PERSON:Conductivity Analyzer,Conductivity Analyzer,PERSON,False,2,2,1,Conductivity Analyzer
GPE:Contact,Contact,GPE,False,2,2,1,Contact
PERSON:Cook,Cook,PERSON,False,2,2,1,Cook
ORG:Cornell,Cornell,ORG,False,2,1,1,Cornell
ORG:Cornell University in Ithaca,Cornell University in Ithaca,ORG,False,2,2,1,Cornell University in Ithaca
ORG:Cosmic Microwave Background,Cosmic Microwave Background,ORG,False,2,2,2,the Cosmic Microwave Background | Cosmic Microwave Background
ORG:Costache Negruzzi College,Costache Negruzzi College,ORG,False,2,1,2,Costache Negruzzi College | The Costache Negruzzi College
PERSON:Cranshaw,Cranshaw,PERSON,False,2,1,1,Cranshaw
ORG:Crew Exploration Vehicle,Crew Exploration Vehicle,ORG,False,2,2,2,Crew Exploration Vehicle | the Crew Exploration Vehicle
GPE:Czech Republic,Czech Republic,GPE,False,2,2,1,the Czech Republic
ORG:DARPA,DARPA,ORG,False,2,2,1,DARPA
ORG:DISH Network,DISH Network,ORG,False,2,1,1,DISH Network
PERSON:Dan Collins,Dan Collins,PERSON,False,2,2,1,Dan Collins
PERSON:Daniel M. Tani,Daniel M. Tani,PERSON,False,2,2,1,Daniel M. Tani
GPE:Darmstadt,Darmstadt,GPE,False,2,2,1,Darmstadt
PERSON:Dave,Dave,PERSON,False,2,2,1,Dave
PERSON:David Anderson,David Anderson,PERSON,False,2,2,1,David Anderson
SPACECRAFT:Dawn probe,Dawn probe,SPACECRAFT,False,2,1,1,Dawn probe
PERSON:Dean,Dean,PERSON,False,2,1,1,Dean
DATE:Dec. 21,Dec. 21,DATE,True,2,2,1,Dec. 21
"DATE:December 21, 2004","December 21, 2004",DATE,True,2,2,1,"December 21, 2004"
"DATE:December 25, 2004","December 25, 2004",DATE,True,2,2,1,"December 25, 2004"
"DATE:December 4, 2008","December 4, 2008",DATE,True,2,2,1,"December 4, 2008"
DATE:December 9,December 9,DATE,True,2,2,1,December 9
WORK_OF_ART:Deep Space Network,Deep Space Network,WORK_OF_ART,False,2,2,1,Deep Space Network
LAW:Delaney,Delaney,LAW,False,2,2,1,Delaney
PERSON:Deming,Deming,PERSON,False,2,1,1,Deming
GPE:Denver,Denver,GPE,False,2,2,1,Denver
PERSON:Dextre,Dextre,PERSON,False,2,1,1,Dextre
LAW:Digistar 3,Digistar 3,LAW,False,2,1,2,Digistar 3 | Digistar 3'
ORG:Discovery Channel,Discovery Channel,ORG,False,2,1,1,the Discovery Channel
SPACECRAFT:Discovery mission,Discovery mission,SPACECRAFT,False,2,2,1,Discovery mission
ORG:Discoverys,Discoverys,ORG,False,2,2,1,Discoverys
PERSON:Dmitry Kondratyev,Dmitry Kondratyev,PERSON,False,2,2,1,Dmitry Kondratyev
WORK_OF_ART:Dodo-Goldilocks,Dodo-Goldilocks,WORK_OF_ART,False,2,2,1,Dodo-Goldilocks
PERSON:Dominic Gorie,Dominic Gorie,PERSON,False,2,2,1,Dominic Gorie
PERSON:Donald J. Kessler,Donald J. Kessler,PERSON,False,2,1,1,Donald J. Kessler
PERSON:Doug Cooke,Doug Cooke,PERSON,False,2,2,1,Doug Cooke
PERSON:Douglas Wheelock,Douglas Wheelock,PERSON,False,2,2,1,Douglas Wheelock
PERSON:Drake Deming,Drake Deming,PERSON,False,2,2,1,Drake Deming
NORP:Dutch,Dutch,NORP,False,2,2,1,Dutch
PERSON:Dyson,Dyson,PERSON,False,2,2,1,Dyson
ORG:EADS Astrium,EADS Astrium,ORG,False,2,2,1,EADS Astrium
ORG:EDS,EDS,ORG,False,2,1,1,EDS
ORG:EELV,EELV,ORG,False,2,2,1,EELV
TIME:Earlier today,Earlier today,TIME,True,2,2,1,Earlier today
ORG:Eastern Kentucky University,Eastern Kentucky University,ORG,False,2,2,1,Eastern Kentucky University
PERSON:Echostar XI,Echostar XI,PERSON,False,2,1,1,Echostar XI
PERSON:Edward Stone,Edward Stone,PERSON,False,2,2,1,Edward Stone
PERSON:Edwardsiella,Edwardsiella,PERSON,False,2,1,1,Edwardsiella
PERSON:Einstein,Einstein,PERSON,False,2,1,1,Einstein
ORG:Elektron,Elektron,ORG,False,2,1,1,Elektron
PERSON:Enomoto,Enomoto,PERSON,False,2,1,1,Enomoto
PERSON:Eric Boe,Eric Boe,PERSON,False,2,2,1,Eric Boe
ORG:Eta Carinae,Eta Carinae,ORG,False,2,1,1,Eta Carinae
ORG:Evergreen Aviation &amp,Evergreen Aviation &amp,ORG,False,2,1,2,Evergreen Aviation &amp | the Evergreen Aviation &amp
ORG:ExPRESS Logistics Carriers,ExPRESS Logistics Carriers,ORG,False,2,2,1,ExPRESS Logistics Carriers
LAW:Expedition 10,Expedition 10,LAW,False,2,2,1,Expedition 10
EVENT:Expedition 11,Expedition 11,EVENT,False,2,2,1,Expedition 11
EVENT:Expedition 16,Expedition 16,EVENT,False,2,2,1,Expedition 16
EVENT:Expedition 26,Expedition 26,EVENT,False,2,2,1,Expedition 26
LAW:Expedition 26,Expedition 26,LAW,False,2,2,1,Expedition 26
LAW:Expedition 32,Expedition 32,LAW,False,2,1,1,Expedition 32
ORG:Expendable Launch Systems,Expendable Launch Systems,ORG,False,2,2,1,Expendable Launch Systems
PERSON:Experiment Module,Experiment Module,PERSON,False,2,2,1,Experiment Module
ORG:Exploration Systems Mission Directorate,Exploration Systems Mission Directorate,ORG,False,2,2,1,the Exploration Systems Mission Directorate
ORG:FNA,FNA,ORG,False,2,1,1,FNA
ORG:Fahrenheit,Fahrenheit,ORG,False,2,2,1,Fahrenheit
GPE:Fahrenheit,Fahrenheit,GPE,False,2,1,1,Fahrenheit
"DATE:February 12, 2009","February 12, 2009",DATE,True,2,2,1,"February 12, 2009"
DATE:February 20,February 20,DATE,True,2,2,1,February 20
DATE:February 2005,February 2005,DATE,True,2,2,1,February 2005
DATE:February 2008,February 2008,DATE,True,2,2,1,February 2008
DATE:February 2010,February 2010,DATE,True,2,2,1,February 2010
DATE:February 25,February 25,DATE,True,2,2,1,February 25
PERSON:Fei Junlong,Fei Junlong,PERSON,False,2,2,1,Fei Junlong
PERSON:Ferguson,Ferguson,PERSON,False,2,2,1,Ferguson
PERSON:Fossum,Fossum,PERSON,False,2,1,1,Fossum
PERSON:Frank,Frank,PERSON,False,2,1,1,Frank
PERSON:Frank Rack,Frank Rack,PERSON,False,2,1,1,Frank Rack
PERSON:Garrett Reisman,Garrett Reisman,PERSON,False,2,2,1,Garrett Reisman
ORG:Gemini North,Gemini North,ORG,False,2,2,1,Gemini North
PERSON:Gennady Padalka,Gennady Padalka,PERSON,False,2,2,1,Gennady Padalka
PERSON:Gerasimenko,Gerasimenko,PERSON,False,2,2,1,Gerasimenko
PERSON:Gerstenmaier,Gerstenmaier,PERSON,False,2,1,1,Gerstenmaier
PERSON:Gilmore,Gilmore,PERSON,False,2,1,1,Gilmore
GPE:Giovanni,Giovanni,GPE,False,2,2,1,Giovanni
GPE:Girona,Girona,GPE,False,2,1,1,Girona
WORK_OF_ART:Global Surveyor,Global Surveyor,WORK_OF_ART,False,2,1,1,The Global Surveyor
ORG:Goddard Institute for Space Studies,Goddard Institute for Space Studies,ORG,False,2,2,1,Goddard Institute for Space Studies
WORK_OF_ART:Good Day Sunshine,Good Day Sunshine,WORK_OF_ART,False,2,1,1,Good Day Sunshine
PERSON:Gordon Cooper,Gordon Cooper,PERSON,False,2,1,1,Gordon Cooper
PERSON:Gordon Johndroe,Gordon Johndroe,PERSON,False,2,2,1,Gordon Johndroe
ORG:Green Bank,Green Bank,ORG,False,2,2,1,Green Bank
PERSON:Gregory Johnson,Gregory Johnson,PERSON,False,2,2,1,Gregory Johnson
PERSON:Griffith,Griffith,PERSON,False,2,1,1,Griffith
PERSON:Gusev Crater,Gusev Crater,PERSON,False,2,2,1,Gusev Crater
DATE:H.R. 3737,H.R. 3737,DATE,True,2,1,1,H.R. 3737
ORG:HFA,HFA,ORG,False,2,1,1,HFA
ORG:HRI,HRI,ORG,False,2,1,1,HRI
PERSON:Hale,Hale,PERSON,False,2,2,1,Hale
ORG:Harvard University,Harvard University,ORG,False,2,2,2,Harvard University | Harvard University's
GPE:Hawthorne,Hawthorne,GPE,False,2,1,1,Hawthorne
SPACECRAFT:Hayabusa,Hayabusa,SPACECRAFT,False,2,1,1,Hayabusa
PERSON:Hemanshu Nigam,Hemanshu Nigam,PERSON,False,2,2,1,Hemanshu Nigam
ORG:High Accuracy Radial Velocity Planet Searcher,High Accuracy Radial Velocity Planet Searcher,ORG,False,2,2,1,the High Accuracy Radial Velocity Planet Searcher
PERSON:Hillary Clinton,Hillary Clinton,PERSON,False,2,2,1,Hillary Clinton
GPE:Hollywood,Hollywood,GPE,False,2,2,1,Hollywood
ORG:Home Plate,Home Plate,ORG,False,2,1,1,Home Plate
ORG:ICO Satellite Management,ICO Satellite Management,ORG,False,2,1,1,ICO Satellite Management
GPE:Illinois,Illinois,GPE,False,2,2,1,Illinois
GPE:Indonesia,Indonesia,GPE,False,2,2,1,Indonesia
PERSON:Infrared Mapping Spectrometer,Infrared Mapping Spectrometer,PERSON,False,2,2,1,Infrared Mapping Spectrometer
ORG:Institute,Institute,ORG,False,2,1,1,Institute
ORG:Intermix Media,Intermix Media,ORG,False,2,1,1,Intermix Media
ORG:Interstellar Boundary Explorer,Interstellar Boundary Explorer,ORG,False,2,2,1,Interstellar Boundary Explorer
ORG:Ion and Neutral Mass Spectrometer,Ion and Neutral Mass Spectrometer,ORG,False,2,2,2,Ion and Neutral Mass Spectrometer | The Ion and Neutral Mass Spectrometer
GPE:Irving,Irving,GPE,False,2,2,1,Irving
ORG:Irving Independent School District,Irving Independent School District,ORG,False,2,2,1,the Irving Independent School District
ORG:Irving Police Department,Irving Police Department,ORG,False,2,2,1,the Irving Police Department
ORG:Islamophobia,Islamophobia,ORG,False,2,2,1,Islamophobia
GPE:Jackson,Jackson,GPE,False,2,2,1,Jackson
PERSON:James Breyer,James Breyer,PERSON,False,2,1,1,James Breyer
PERSON:James Doohan,James Doohan,PERSON,False,2,1,1,James Doohan
PERSON:James Reilly,James Reilly,PERSON,False,2,2,1,James Reilly
"DATE:January 11, 2007","January 11, 2007",DATE,True,2,2,1,"January 11, 2007"
DATE:January 2004,January 2004,DATE,True,2,2,1,January 2004
DATE:January 25,January 25,DATE,True,2,2,1,January 25
DATE:January 4,January 4,DATE,True,2,2,1,January 4
PERSON:Jean-Marie Robert,Jean-Marie Robert,PERSON,False,2,2,1,Jean-Marie Robert
PERSON:Jim Graf,Jim Graf,PERSON,False,2,2,1,Jim Graf
PERSON:Jodie Foster,Jodie Foster,PERSON,False,2,2,1,Jodie Foster
PERSON:John Cornyn,John Cornyn,PERSON,False,2,1,1,John Cornyn
PERSON:John Grunsfeld,John Grunsfeld,PERSON,False,2,2,1,John Grunsfeld
PERSON:Johndroe,Johndroe,PERSON,False,2,2,1,Johndroe
PERSON:Joshua Von Korff,Joshua Von Korff,PERSON,False,2,2,1,Joshua Von Korff
PERSON:José Jiménez,José Jiménez,PERSON,False,2,1,1,José Jiménez
PERSON:Jules Verne,Jules Verne,PERSON,False,2,1,1,Jules Verne
DATE:July 15,July 15,DATE,True,2,2,1,July 15
DATE:July 20,July 20,DATE,True,2,2,1,July 20
DATE:July of 2008,July of 2008,DATE,True,2,2,1,July of 2008
DATE:June 19,June 19,DATE,True,2,2,1,June 19
DATE:June 2007,June 2007,DATE,True,2,2,1,June 2007
DATE:June 21,June 21,DATE,True,2,2,1,June 21
PERSON:Jupiters,Jupiters,PERSON,False,2,2,1,Jupiters
PERSON:Juric,Juric,PERSON,False,2,1,1,Juric
PERSON:KELT-9b,KELT-9b,PERSON,False,2,1,1,KELT-9b
ORG:KSC,KSC,ORG,False,2,2,1,KSC
FAC:Kapustin Yar,Kapustin Yar,FAC,False,2,1,1,Kapustin Yar
PERSON:Karen L. Nyberg,Karen L. Nyberg,PERSON,False,2,2,1,Karen L. Nyberg
PERSON:Keiji Tachikawa,Keiji Tachikawa,PERSON,False,2,2,1,Keiji Tachikawa
PERSON:Kennedy,Kennedy,PERSON,False,2,2,1,Kennedy
PERSON:Kenneth Ham,Kenneth Ham,PERSON,False,2,2,1,Kenneth Ham
LOC:Kepler,Kepler,LOC,False,2,2,1,Kepler
GPE:Kesden,Kesden,GPE,False,2,1,1,Kesden
ORG:Khrunichev,Khrunichev,ORG,False,2,2,1,Khrunichev
ORG:Kibo,Kibo,ORG,False,2,2,1,Kibo
NORP:Kosmos,Kosmos,NORP,False,2,2,1,Kosmos
ORG:Kraken Mare,Kraken Mare,ORG,False,2,1,1,Kraken Mare
PERSON:Kwajalein,Kwajalein,PERSON,False,2,2,1,Kwajalein
ORG:LEO,LEO,ORG,False,2,2,1,LEO
ORG:LES,LES,ORG,False,2,1,1,LES
ORG:LS-1300,LS-1300,ORG,False,2,2,1,LS-1300
ORG:LSAM,LSAM,ORG,False,2,1,1,LSAM
CELESTIAL:Large Magellanic Cloud,Large Magellanic Cloud,CELESTIAL,False,2,1,1,Large Magellanic Cloud
DATE:Last month,Last month,DATE,True,2,2,1,Last month
PERSON:Leland D. Melvin,Leland D. Melvin,PERSON,False,2,2,1,Leland D. Melvin
ORG:Liquid Propulsion Systems Centre,Liquid Propulsion Systems Centre,ORG,False,2,1,2,Liquid Propulsion Systems Centre | The Liquid Propulsion Systems Centre
PERSON:Lisa Nowak,Lisa Nowak,PERSON,False,2,2,1,Lisa Nowak
ORG:Local Group,Local Group,ORG,False,2,2,1,the Local Group
PERSON:Lomb,Lomb,PERSON,False,2,1,1,Lomb
ORG:London Planetarium,London Planetarium,ORG,False,2,1,1,The London Planetarium
GPE:Louisville,Louisville,GPE,False,2,2,1,Louisville
FAC:Lowell Observatory,Lowell Observatory,FAC,False,2,2,1,the Lowell Observatory
ORG:Lunar Crater Observation,Lunar Crater Observation,ORG,False,2,2,1,the Lunar Crater Observation
ORG:Léopold Eyharts,Léopold Eyharts,ORG,False,2,2,1,Léopold Eyharts
"ORG:MErcury Surface, Space ENvironment, GEochemistry","MErcury Surface, Space ENvironment, GEochemistry",ORG,False,2,2,2,"the MErcury Surface, Space ENvironment, GEochemistry | MErcury Surface, Space ENvironment, GEochemistry"
ORG:MIP,MIP,ORG,False,2,1,1,MIP
ORG:MOL,MOL,ORG,False,2,1,1,MOL
ORG:MPL,MPL,ORG,False,2,1,1,MPL
ORG:MSL,MSL,ORG,False,2,1,1,MSL
ORG:MSNBC,MSNBC,ORG,False,2,2,1,MSNBC
ORG:Madame Tussauds,Madame Tussauds,ORG,False,2,1,1,Madame Tussauds
GPE:Malaysia,Malaysia,GPE,False,2,2,1,Malaysia
GPE:Malin,Malin,GPE,False,2,1,1,Malin
PERSON:MarCO,MarCO,PERSON,False,2,1,1,MarCO
PERSON:Marc Lamont Hill,Marc Lamont Hill,PERSON,False,2,1,1,Marc Lamont Hill
DATE:March 17,March 17,DATE,True,2,2,1,March 17
DATE:March 18,March 18,DATE,True,2,2,1,March 18
DATE:March 2011,March 2011,DATE,True,2,2,1,March 2011
PERSON:Marco Ciocca,Marco Ciocca,PERSON,False,2,2,1,Marco Ciocca
PERSON:Mario Juric,Mario Juric,PERSON,False,2,1,1,Mario Juric
PERSON:Mark E. Kelly,Mark E. Kelly,PERSON,False,2,2,1,Mark E. Kelly
PERSON:Mark Polansky,Mark Polansky,PERSON,False,2,2,1,Mark Polansky
LOC:Marshall Islands,Marshall Islands,LOC,False,2,2,1,the Marshall Islands
GPE:Marshall Islands,Marshall Islands,GPE,False,2,2,1,the Marshall Islands
PERSON:Martin Dominik,Martin Dominik,PERSON,False,2,2,1,Martin Dominik
PERSON:Martin Rees,Martin Rees,PERSON,False,2,2,1,Martin Rees
PERSON:Matthews,Matthews,PERSON,False,2,1,1,Matthews
PERSON:Mauna Kea,Mauna Kea,PERSON,False,2,1,1,Mauna Kea
DATE:May 16,May 16,DATE,True,2,2,1,May 16
DATE:May 1992,May 1992,DATE,True,2,2,1,May 1992
DATE:May 2008,May 2008,DATE,True,2,2,1,May 2008
DATE:May last year,May last year,DATE,True,2,2,1,May last year
DATE:May of 1969,May of 1969,DATE,True,2,2,1,May of 1969
PERSON:McCartney,McCartney,PERSON,False,2,1,1,McCartney
PERSON:Megan,Megan,PERSON,False,2,1,1,Megan
NORP:Merlin,Merlin,NORP,False,2,2,1,Merlin
ORG:Meteorites,Meteorites,ORG,False,2,2,1,Meteorites
GPE:Miami,Miami,GPE,False,2,2,1,Miami
PERSON:Michael Bode,Michael Bode,PERSON,False,2,1,1,Michael Bode
PERSON:Michael E. Brown,Michael E. Brown,PERSON,False,2,2,1,Michael E. Brown
PERSON:Michael E. Fossum,Michael E. Fossum,PERSON,False,2,2,1,Michael E. Fossum
PERSON:Michael Fincke,Michael Fincke,PERSON,False,2,1,1,Michael Fincke
PERSON:Michael Foreman,Michael Foreman,PERSON,False,2,2,1,Michael Foreman
PERSON:Michael Gass,Michael Gass,PERSON,False,2,2,1,Michael Gass
PERSON:Michael Jones,Michael Jones,PERSON,False,2,2,1,Michael Jones
ORG:Microscopy,Microscopy,ORG,False,2,2,1,Microscopy
PERSON:Mike Fincke,Mike Fincke,PERSON,False,2,2,1,Mike Fincke
PERSON:Mike Suffredini,Mike Suffredini,PERSON,False,2,2,1,Mike Suffredini
PERSON:Mikhail Tyurin,Mikhail Tyurin,PERSON,False,2,2,1,Mikhail Tyurin
PRODUCT:Minuteman,Minuteman,PRODUCT,False,2,1,1,Minuteman
PRODUCT:Minuteman III,Minuteman III,PRODUCT,False,2,1,1,Minuteman III
ORG:Mission Control Center,Mission Control Center,ORG,False,2,2,1,Mission Control Center
GPE:Missouri,Missouri,GPE,False,2,2,1,Missouri
GPE:Mountain View,Mountain View,GPE,False,2,2,1,Mountain View
GPE:MySpace,MySpace,GPE,False,2,1,1,MySpace
GPE:N. Korea,N. Korea,GPE,False,2,1,1,N. Korea
ORG:NCA4,NCA4,ORG,False,2,1,1,NCA4
ORG:NCMEC,NCMEC,ORG,False,2,1,1,NCMEC
ORG:NPO PM,NPO PM,ORG,False,2,2,1,NPO PM
ORG:NRAO,NRAO,ORG,False,2,2,1,NRAO
ORG:NTA,NTA,ORG,False,2,1,1,NTA
ORG:National Institute of Geophysics and Volcanology,National Institute of Geophysics and Volcanology,ORG,False,2,1,2,National Institute of Geophysics and Volcanology | the National Institute of Geophysics and Volcanology
ORG:National Snow and Ice Data Center,National Snow and Ice Data Center,ORG,False,2,1,1,the National Snow and Ice Data Center
ORG:National Weather Service,National Weather Service,ORG,False,2,2,2,The National Weather Service | National Weather Service
PERSON:Neil Gehrels,Neil Gehrels,PERSON,False,2,2,1,Neil Gehrels
GPE:Netherlands,Netherlands,GPE,False,2,2,2,The Netherlands | Netherlands
ORG:Nghiem,Nghiem,ORG,False,2,1,1,Nghiem
PERSON:Nie Haisheng,Nie Haisheng,PERSON,False,2,2,1,Nie Haisheng
LOC:North,North,LOC,False,2,2,1,North
GPE:North Carolina,North Carolina,GPE,False,2,2,1,North Carolina
GPE:North KoreaNorth Korea,North KoreaNorth Korea,GPE,False,2,2,1,North KoreaNorth Korea
LOC:North Pole of,North Pole of,LOC,False,2,1,1,the North Pole of
ORG:Northrop Grumman,Northrop Grumman,ORG,False,2,2,1,Northrop Grumman
NORP:Norwegian,Norwegian,NORP,False,2,2,1,Norwegian
GPE:Nova Scotia,Nova Scotia,GPE,False,2,1,1,Nova Scotia
DATE:November 2007,November 2007,DATE,True,2,2,1,November 2007
DATE:November 2008,November 2008,DATE,True,2,2,1,November 2008
DATE:November 7,November 7,DATE,True,2,2,1,November 7
ORG:Nyberg,Nyberg,ORG,False,2,1,1,Nyberg
ORG:OPF,OPF,ORG,False,2,2,1,OPF
LOC:Ocean Odyssey,Ocean Odyssey,LOC,False,2,2,2,Ocean Odyssey | the Ocean Odyssey
DATE:October 2002,October 2002,DATE,True,2,2,1,October 2002
DATE:October 2005,October 2005,DATE,True,2,2,1,October 2005
DATE:October 22,October 22,DATE,True,2,2,1,October 22
DATE:October 9,October 9,DATE,True,2,2,1,October 9
PERSON:Odyssey,Odyssey,PERSON,False,2,2,1,Odyssey
ORG:Okubo,Okubo,ORG,False,2,1,1,Okubo
ORG:Orbiter Processing Facility,Orbiter Processing Facility,ORG,False,2,2,2,the Orbiter Processing Facility | Orbiter Processing Facility
GPE:Ovchinin,Ovchinin,GPE,False,2,1,1,Ovchinin
ORG:POTUS,POTUS,ORG,False,2,2,1,@POTUS
LOC:Pacific,Pacific,LOC,False,2,2,1,Pacific
LOC:Pacific Northwest,Pacific Northwest,LOC,False,2,2,1,the Pacific Northwest
GPE:Padalka,Padalka,GPE,False,2,1,1,Padalka
PERSON:Palomar,Palomar,PERSON,False,2,1,1,Palomar
FAC:Palomar Observatory,Palomar Observatory,FAC,False,2,2,1,Palomar Observatory
ORG:Paradigm Secure Communications,Paradigm Secure Communications,ORG,False,2,1,1,Paradigm Secure Communications
PERSON:Parkes,Parkes,PERSON,False,2,2,1,Parkes
ORG:Particle Physics,Particle Physics,ORG,False,2,2,1,the Particle Physics
GPE:Pennsylvania,Pennsylvania,GPE,False,2,2,1,Pennsylvania
PERSON:Perminov,Perminov,PERSON,False,2,1,1,Perminov
PERSON:Peter Roming,Peter Roming,PERSON,False,2,2,1,Peter Roming
CELESTIAL:Phobos,Phobos,CELESTIAL,False,2,1,1,Phobos
PERSON:Photographs,Photographs,PERSON,False,2,1,1,Photographs
ORG:Pinwheel Galaxy,Pinwheel Galaxy,ORG,False,2,1,2,the Pinwheel Galaxy | Pinwheel Galaxy
NORP:Polish,Polish,NORP,False,2,1,1,Polish
PERSON:Postberg,Postberg,PERSON,False,2,1,1,Postberg
GPE:Prague,Prague,GPE,False,2,2,1,Prague
PERSON:Preston Burch,Preston Burch,PERSON,False,2,2,1,Preston Burch
ORG:ProtoStar,ProtoStar,ORG,False,2,1,1,ProtoStar
ORG:Puno,Puno,ORG,False,2,2,1,Puno
ORG:RSA,RSA,ORG,False,2,1,1,RSA
PERSON:Ray Villard,Ray Villard,PERSON,False,2,1,1,Ray Villard
PERSON:Reisman,Reisman,PERSON,False,2,1,1,Reisman
WORK_OF_ART:ResponseBase,ResponseBase,WORK_OF_ART,False,2,1,1,ResponseBase
ORG:ResponseBase,ResponseBase,ORG,False,2,1,1,ResponseBase
PERSON:Revin,Revin,PERSON,False,2,1,1,Revin
GPE:Revver,Revver,GPE,False,2,1,1,Revver
PERSON:Rex J. Walheim,Rex J. Walheim,PERSON,False,2,2,1,Rex J. Walheim
PERSON:Richard Gross,Richard Gross,PERSON,False,2,2,1,Richard Gross
PERSON:Richardson,Richardson,PERSON,False,2,1,1,Richardson
PERSON:Rick,Rick,PERSON,False,2,1,1,Rick
PERSON:Rob Peckham,Rob Peckham,PERSON,False,2,2,1,Rob Peckham
PERSON:Robert Bindschadler,Robert Bindschadler,PERSON,False,2,1,1,Robert Bindschadler
PERSON:Robert C. Byrd,Robert C. Byrd,PERSON,False,2,2,1,Robert C. Byrd
PERSON:Robert Villanueva,Robert Villanueva,PERSON,False,2,2,1,Robert Villanueva
PERSON:Roman Romanenko,Roman Romanenko,PERSON,False,2,2,1,Roman Romanenko
GPE:Rome,Rome,GPE,False,2,2,1,Rome
PERSON:Ronald J. Garan,Ronald J. Garan,PERSON,False,2,2,1,Ronald J. Garan
PERSON:Rossby,Rossby,PERSON,False,2,1,1,Rossby
PERSON:Rupert Murdoch,Rupert Murdoch,PERSON,False,2,2,2,Rupert Murdoch's | Rupert Murdoch
ORG:SDSS,SDSS,ORG,False,2,2,1,SDSS
ORG:SEIS,SEIS,ORG,False,2,1,1,SEIS
PERSON:STS-1,STS-1,PERSON,False,2,1,1,STS-1
PRODUCT:STS-126,STS-126,PRODUCT,False,2,2,1,STS-126
PRODUCT:STSAT-2B,STSAT-2B,PRODUCT,False,2,1,1,STSAT-2B
ORG:SWAT,SWAT,ORG,False,2,1,1,SWAT
GPE:Sacramento,Sacramento,GPE,False,2,1,1,Sacramento
NORP:Saggitarius,Saggitarius,NORP,False,2,1,1,Saggitarius
GPE:San Diego,San Diego,GPE,False,2,2,1,San Diego
GPE:San Francisco,San Francisco,GPE,False,2,2,1,San Francisco
GPE:San Joaquin County,San Joaquin County,GPE,False,2,1,1,San Joaquin County
GPE:Sanskrit,Sanskrit,GPE,False,2,2,1,Sanskrit
PERSON:Sarkissian,Sarkissian,PERSON,False,2,1,1,Sarkissian
GPE:Saskatchewan,Saskatchewan,GPE,False,2,1,1,Saskatchewan
WORK_OF_ART:Science,Science,WORK_OF_ART,False,2,2,1,Science
GPE:Science,Science,GPE,False,2,2,1,Science
ORG:Science,Science,ORG,False,2,2,1,Science
PERSON:Scott Murchie,Scott Murchie,PERSON,False,2,1,1,Scott Murchie
WORK_OF_ART:Sentinel Safe,Sentinel Safe,WORK_OF_ART,False,2,1,1,Sentinel Safe
ORG:Sentinel Tech Holding Corp,Sentinel Tech Holding Corp,ORG,False,2,2,1,Sentinel Tech Holding Corp.
ORG:Sentinel Tech Holdings Corp,Sentinel Tech Holdings Corp,ORG,False,2,1,1,Sentinel Tech Holdings Corp.
PERSON:Sergei Avdeyev,Sergei Avdeyev,PERSON,False,2,2,1,Sergei Avdeyev's
PERSON:Sergei Volkov,Sergei Volkov,PERSON,False,2,2,1,Sergei Volkov
PERSON:Sergey Brin,Sergey Brin,PERSON,False,2,2,1,Sergey Brin
PERSON:Sheppard,Sheppard,PERSON,False,2,1,1,Sheppard
SPACECRAFT:Shuttle Discovery,Shuttle Discovery,SPACECRAFT,False,2,2,1,Shuttle Discovery
PERSON:Shuttles,Shuttles,PERSON,False,2,2,1,Shuttles
PERSON:Simonyi,Simonyi,PERSON,False,2,1,1,Simonyi
PERSON:Skvortsov,Skvortsov,PERSON,False,2,1,1,Skvortsov
ORG:Slow-Scan TV,Slow-Scan TV,ORG,False,2,2,1,Slow-Scan TV
ORG:Smithsonian Astrophysical Observatory,Smithsonian Astrophysical Observatory,ORG,False,2,2,1,the Smithsonian Astrophysical Observatory
ORG:Smithsonian Institution,Smithsonian Institution,ORG,False,2,2,1,the Smithsonian Institution
ORG:Solar,Solar,ORG,False,2,2,1,Solar
ORG:Solid Rocket Boosters,Solid Rocket Boosters,ORG,False,2,2,2,Solid Rocket Boosters | The Solid Rocket Boosters
NORP:South African,South African,NORP,False,2,2,1,South African
LOC:South Australia,South Australia,LOC,False,2,1,1,South Australia
LOC:South Sister,South Sister,LOC,False,2,1,1,the South Sister
ORG:Space Launch,Space Launch,ORG,False,2,2,1,Space Launch
ORG:Space Launch System,Space Launch System,ORG,False,2,2,1,the Space Launch System
ORG:Space Museum,Space Museum,ORG,False,2,1,1,Space Museum
ORG:Space Operations,Space Operations,ORG,False,2,2,1,Space Operations
ORG:Space Science Institute,Space Science Institute,ORG,False,2,2,1,the Space Science Institute
DATE:SpaceNASA,SpaceNASA,DATE,True,2,2,1,SpaceNASA
ORG:SpaceThe,SpaceThe,ORG,False,2,2,1,SpaceThe
PERSON:Spectrometer,Spectrometer,PERSON,False,2,2,1,Spectrometer
SPACECRAFT:Spirit Rover,Spirit Rover,SPACECRAFT,False,2,2,1,Spirit Rover
PERSON:Squyres,Squyres,PERSON,False,2,2,1,Squyres
PERSON:Stan Love,Stan Love,PERSON,False,2,2,1,Stan Love
PERSON:Stanley G. Love,Stanley G. Love,PERSON,False,2,2,1,Stanley G. Love
GPE:Star City,Star City,GPE,False,2,2,1,Star City
ORG:Star One,Star One,ORG,False,2,1,1,Star One
ORG:State of New York,State of New York,ORG,False,2,1,1,the State of New York
PERSON:Station,Station,PERSON,False,2,2,1,Station
ORG:Stennis Space Center,Stennis Space Center,ORG,False,2,1,2,the Stennis Space Center | The Stennis Space Center
PERSON:Stephanie Stilson,Stephanie Stilson,PERSON,False,2,1,1,Stephanie Stilson
PERSON:Stephen Frick,Stephen Frick,PERSON,False,2,2,1,Stephen Frick
PERSON:Steve Lindsey,Steve Lindsey,PERSON,False,2,2,1,Steve Lindsey
PERSON:Steven Swanson,Steven Swanson,PERSON,False,2,2,1,Steven Swanson
PERSON:Suffredini,Suffredini,PERSON,False,2,1,1,Suffredini
PERSON:Sulphur,Sulphur,PERSON,False,2,1,1,Sulphur
GPE:Sumatra,Sumatra,GPE,False,2,2,1,Sumatra
DATE:Summer months,Summer months,DATE,True,2,1,1,the Summer months
TIME:Sunday night,Sunday night,TIME,True,2,2,1,Sunday night
PERSON:Sunita Williams,Sunita Williams,PERSON,False,2,2,1,Sunita Williams
PERSON:Susan Fennell,Susan Fennell,PERSON,False,2,1,1,Susan Fennell
GPE:Sydney,Sydney,GPE,False,2,1,1,Sydney
ORG:Sylda,Sylda,ORG,False,2,1,1,Sylda
TIME:T-31 seconds,T-31 seconds,TIME,True,2,2,1,T-31 seconds
ORG:TAL,TAL,ORG,False,2,1,1,TAL
ORG:TNT,TNT,ORG,False,2,2,1,TNT
PERSON:Takao Doi,Takao Doi,PERSON,False,2,2,1,Takao Doi
GPE:Tennessee,Tennessee,GPE,False,2,2,1,Tennessee
ORG:Terra Sirenum,Terra Sirenum,ORG,False,2,2,1,Terra Sirenum
ORG:TerreStar Corporation,TerreStar Corporation,ORG,False,2,1,1,TerreStar Corporation
DATE:This month,This month,DATE,True,2,2,1,This month
TIME:This morning,This morning,TIME,True,2,2,1,This morning
DATE:This winter,This winter,DATE,True,2,2,1,This winter
SPACECRAFT:Titan IV,Titan IV,SPACECRAFT,False,2,1,1,Titan IV
PERSON:Tom Duxbury,Tom Duxbury,PERSON,False,2,2,1,Tom Duxbury
ORG:Toronto Star,Toronto Star,ORG,False,2,2,2,the Toronto Star | Toronto Star
GPE:TrES,TrES,GPE,False,2,1,1,TrES
PERSON:Tracy Caldwell Dyson,Tracy Caldwell Dyson,PERSON,False,2,2,1,Tracy Caldwell Dyson
PERSON:Trailblazer,Trailblazer,PERSON,False,2,1,1,Trailblazer
"DATE:Tuesday, February 10","Tuesday, February 10",DATE,True,2,2,1,"Tuesday, February 10"
GPE:Turkey,Turkey,GPE,False,2,1,1,Turkey
ORG:U.N,U.N,ORG,False,2,2,1,U.N.
ORG:U.S. Air Force Research Laboratory,U.S. Air Force Research Laboratory,ORG,False,2,2,1,the U.S. Air Force Research Laboratory
ORG:U.S. Geological Survey,U.S. Geological Survey,ORG,False,2,2,2,U.S. Geological Survey | the U.S. Geological Survey
ORG:UB313,UB313,ORG,False,2,2,1,UB313
ORG:UN,UN,ORG,False,2,2,1,UN
ORG:US Navy,US Navy,ORG,False,2,2,1,the US Navy's
ORG:USGS,USGS,ORG,False,2,2,1,USGS
PRODUCT:USS Lake Erie,USS Lake Erie,PRODUCT,False,2,2,1,the USS Lake Erie
NORP:Ukrainian,Ukrainian,NORP,False,2,2,1,Ukrainian
ORG:Ultraviolet/Optical Telescope,Ultraviolet/Optical Telescope,ORG,False,2,2,1,Ultraviolet/Optical Telescope
ORG:United States Department of Energy,United States Department of Energy,ORG,False,2,2,2,the United States Department of Energy | The United States Department of Energy
ORG:United States Geological Survey,United States Geological Survey,ORG,False,2,2,2,United States Geological Survey | the United States Geological Survey
ORG:United States Navy,United States Navy,ORG,False,2,2,2,The United States Navy | the United States Navy
ORG:University College London,University College London,ORG,False,2,2,2,University College London's | University College London
ORG:University of Calgary,University of Calgary,ORG,False,2,2,1,the University of Calgary
ORG:University of California at Berkeley,University of California at Berkeley,ORG,False,2,2,1,the University of California at Berkeley
"ORG:University of California, Berkeley","University of California, Berkeley",ORG,False,2,2,1,"the University of California, Berkeley"
ORG:University of Leicester,University of Leicester,ORG,False,2,2,1,the University of Leicester
ORG:VWFI,VWFI,ORG,False,2,1,1,VWFI
PERSON:Valles Marineris,Valles Marineris,PERSON,False,2,1,1,Valles Marineris
PERSON:Van Allen,Van Allen,PERSON,False,2,1,1,Van Allen
ORG:Vanderbilt University,Vanderbilt University,ORG,False,2,1,1,Vanderbilt University
ORG:Vehicle Assembly,Vehicle Assembly,ORG,False,2,2,2,Vehicle Assembly | the Vehicle Assembly
GPE:Venezuela,Venezuela,GPE,False,2,1,1,Venezuela
ORG:Villanueva,Villanueva,ORG,False,2,2,1,Villanueva
WORK_OF_ART:Vision for Space Exploration,Vision for Space Exploration,WORK_OF_ART,False,2,2,1,Vision for Space Exploration
ORG:Vision for Space Exploration,Vision for Space Exploration,ORG,False,2,2,2,Vision for Space Exploration | the Vision for Space Exploration
PERSON:Volkov,Volkov,PERSON,False,2,1,1,Volkov
PRODUCT:Vostok 1,Vostok 1,PRODUCT,False,2,2,1,Vostok 1
GPE:Waco,Waco,GPE,False,2,2,1,Waco
ORG:Washington University,Washington University,ORG,False,2,2,1,Washington University
"GPE:Washington, D.C","Washington, D.C",GPE,False,2,2,1,"Washington, D.C"
LOC:Western Arabian Sea,Western Arabian Sea,LOC,False,2,1,1,the Western Arabian Sea
FAC:White House,White House,FAC,False,2,2,1,the White House
WORK_OF_ART:Wide Field Camera 3,Wide Field Camera 3,WORK_OF_ART,False,2,2,1,Wide Field Camera 3
GPE:Wiederhorn,Wiederhorn,GPE,False,2,1,1,Wiederhorn
WORK_OF_ART:Wikinews,Wikinews,WORK_OF_ART,False,2,2,1,Wikinews
PERSON:Williamson,Williamson,PERSON,False,2,2,1,Williamson
GPE:Williamson County,Williamson County,GPE,False,2,2,1,Williamson County
PERSON:Wood,Wood,PERSON,False,2,1,1,Wood
ORG:Woomera,Woomera,ORG,False,2,1,1,Woomera
NORP:Xdrive,Xdrive,NORP,False,2,1,1,Xdrive
PERSON:Xena,Xena,PERSON,False,2,2,1,Xena
FAC:Xichang Satellite Launch Centre,Xichang Satellite Launch Centre,FAC,False,2,2,1,the Xichang Satellite Launch Centre
ORG:Xinhua,Xinhua,ORG,False,2,2,1,Xinhua
ORG:YORP,YORP,ORG,False,2,1,1,YORP
PERSON:Yi,Yi,PERSON,False,2,1,1,Yi
PRODUCT:YouTube,YouTube,PRODUCT,False,2,2,1,YouTube
PERSON:Yuri,Yuri,PERSON,False,2,1,1,Yuri
PERSON:Yuri Gagarin,Yuri Gagarin,PERSON,False,2,2,1,Yuri Gagarin
ORG:Zvezda,Zvezda,ORG,False,2,2,1,Zvezda
TIME:about 10 minutes,about 10 minutes,TIME,True,2,2,1,about 10 minutes
DATE:about 92,about 92,DATE,True,2,2,1,about 92
TIME:about a minute,about a minute,TIME,True,2,2,1,about a minute
DATE:about a month,about a month,DATE,True,2,2,1,about a month
DATE:about a quarter,about a quarter,DATE,True,2,2,1,about a quarter
DATE:about a year,about a year,DATE,True,2,2,1,about a year
TIME:about an hour later,about an hour later,TIME,True,2,2,1,about an hour later
DATE:about two years,about two years,DATE,True,2,2,1,about two years
DATE:almost a year,almost a year,DATE,True,2,2,1,almost a year
TIME:approximately six hours,approximately six hours,TIME,True,2,2,1,approximately six hours
DATE:approximately six months,approximately six months,DATE,True,2,2,1,approximately six months
DATE:approximately two days,approximately two days,DATE,True,2,2,1,approximately two days
TIME:around 12:30 p.m.,around 12:30 p.m.,TIME,True,2,2,1,around 12:30 p.m.
DATE:as many years,as many years,DATE,True,2,2,1,as many years
TIME:at least 24 hours,at least 24 hours,TIME,True,2,2,1,at least 24 hours
DATE:between 2004 and 2005,between 2004 and 2005,DATE,True,2,1,1,between 2004 and 2005
DATE:billions of years ago,billions of years ago,DATE,True,2,2,1,billions of years ago
DATE:days,days,DATE,True,2,2,1,days
DATE:each year,each year,DATE,True,2,2,1,each year
DATE:earlier this week,earlier this week,DATE,True,2,2,1,earlier this week
TIME:earlier today,earlier today,TIME,True,2,2,1,earlier today
DATE:early 2008,early 2008,DATE,True,2,2,1,early 2008
DATE:early August,early August,DATE,True,2,2,1,early August
DATE:early February,early February,DATE,True,2,2,1,early February
DATE:early June,early June,DATE,True,2,2,1,early June
DATE:early March,early March,DATE,True,2,2,1,early March
LOC:earth,earth,LOC,False,2,2,1,earth
LOC:east coast,east coast,LOC,False,2,2,1,east coast
DATE:eight days,eight days,DATE,True,2,2,1,eight days
TIME:eight-hour,eight-hour,TIME,True,2,1,1,eight-hour
DATE:few days ago,few days ago,DATE,True,2,2,1,a few days ago
DATE:few years,few years,DATE,True,2,2,2,a few years | A few years
DATE:five days,five days,DATE,True,2,2,1,five days
TIME:five minutes,five minutes,TIME,True,2,2,1,five minutes
DATE:five months,five months,DATE,True,2,2,1,five months
DATE:five year,five year,DATE,True,2,2,2,five year | the five year
DATE:five-year,five-year,DATE,True,2,2,1,five-year
DATE:four days,four days,DATE,True,2,2,1,four days
TIME:hours,hours,TIME,True,2,2,1,hours
ORG:iPhone,iPhone,ORG,False,2,1,1,iPhone
ORG:iTunes,iTunes,ORG,False,2,1,1,iTunes
TIME:just seconds,just seconds,TIME,True,2,2,1,just seconds
TIME:just under two hours,just under two hours,TIME,True,2,1,1,just under two hours
DATE:last 12 days,last 12 days,DATE,True,2,2,1,last 12 days
DATE:last August,last August,DATE,True,2,2,1,last August
DATE:last December,last December,DATE,True,2,2,1,last December
DATE:last July,last July,DATE,True,2,2,2,last July's | last July
DATE:last March,last March,DATE,True,2,1,1,last March
DATE:last November,last November,DATE,True,2,2,1,last November
DATE:last October,last October,DATE,True,2,2,1,last October
DATE:last few years,last few years,DATE,True,2,2,1,the last few years
DATE:late 2008,late 2008,DATE,True,2,1,1,late 2008
DATE:late August,late August,DATE,True,2,2,1,late August
DATE:late June,late June,DATE,True,2,2,1,late June
DATE:late last year,late last year,DATE,True,2,2,1,late last year
DATE:later this week,later this week,DATE,True,2,2,1,later this week
NORP:martian,martian,NORP,False,2,2,1,martian
DATE:mid-late August,mid-late August,DATE,True,2,2,1,mid-late August
TIME:midnight,midnight,TIME,True,2,2,1,midnight
DATE:next Wednesday,next Wednesday,DATE,True,2,2,2,next Wednesday's | next Wednesday
LOC:nova,nova,LOC,False,2,1,1,nova
TIME:one minute,one minute,TIME,True,2,2,1,one minute
SPACECRAFT:orbiter Discovery,orbiter Discovery,SPACECRAFT,False,2,2,1,orbiter Discovery
DATE:over 7 years,over 7 years,DATE,True,2,2,1,over 7 years
TIME:overnight,overnight,TIME,True,2,2,1,overnight
ORG:pulsar PSR B1257,pulsar PSR B1257,ORG,False,2,2,2,the pulsar PSR B1257 | pulsar PSR B1257
DATE:recent years,recent years,DATE,True,2,2,1,recent years
DATE:seasonally,seasonally,DATE,True,2,2,1,seasonally
TIME:seconds,seconds,TIME,True,2,2,1,seconds
DATE:several days,several days,DATE,True,2,2,1,several days
DATE:several decades,several decades,DATE,True,2,2,1,several decades
TIME:several hours,several hours,TIME,True,2,2,1,several hours
DATE:several years ago,several years ago,DATE,True,2,2,1,several years ago
SPACECRAFT:shuttle Endeavour,shuttle Endeavour,SPACECRAFT,False,2,2,1,shuttle Endeavour
DATE:six weeks,six weeks,DATE,True,2,1,2,six weeks | the six weeks
TIME:six-hour,six-hour,TIME,True,2,2,1,six-hour
PERSON:sonic booms,sonic booms,PERSON,False,2,2,1,sonic booms
DATE:spring,spring,DATE,True,2,2,1,spring
DATE:this August,this August,DATE,True,2,2,1,this August
DATE:three days,three days,DATE,True,2,2,1,three days
TIME:three minutes,three minutes,TIME,True,2,2,1,three minutes
TIME:tonight,tonight,TIME,True,2,2,1,tonight
NORP:trans-Neptunian,trans-Neptunian,NORP,False,2,1,1,trans-Neptunian
DATE:twelve days,twelve days,DATE,True,2,2,1,twelve days
TIME:two hours,two hours,TIME,True,2,2,1,two hours
DATE:two weeks,two weeks,DATE,True,2,2,1,two weeks
DATE:two weeks later,two weeks later,DATE,True,2,2,1,two weeks later
DATE:two year,two year,DATE,True,2,2,1,two year
LOC:west coast,west coast,LOC,False,2,2,2,the west coast | west coast
GPE:Ødegaard,Ødegaard,GPE,False,2,1,1,Ødegaard
"TIME:""lunar night","""lunar night",TIME,True,1,1,1,"the ""lunar night"
DATE:'09,'09,DATE,True,1,1,1,'09
DATE:+12,+12,DATE,True,1,1,1,+12
GPE:0&amp;deg,0&amp;deg,GPE,False,1,1,1,0&amp;deg
TIME:01:10 GMT,01:10 GMT,TIME,True,1,1,1,01:10 GMT
TIME:01:31 GMT,01:31 GMT,TIME,True,1,1,1,01:31 GMT
DATE:0235,0235,DATE,True,1,1,1,0235
TIME:02:01 GMT this morning,02:01 GMT this morning,TIME,True,1,1,1,02:01 GMT this morning
TIME:02:20 GMT this morning,02:20 GMT this morning,TIME,True,1,1,1,02:20 GMT this morning
TIME:02:35 GMT,02:35 GMT,TIME,True,1,1,1,02:35 GMT
DATE:0304,0304,DATE,True,1,1,1,0304
DATE:0333,0333,DATE,True,1,1,1,0333
TIME:03:00 GMT,03:00 GMT,TIME,True,1,1,1,03:00 GMT
TIME:03:02 GMT this morning,03:02 GMT this morning,TIME,True,1,1,1,03:02 GMT this morning
TIME:03:26 GMT this morning,03:26 GMT this morning,TIME,True,1,1,1,03:26 GMT this morning
TIME:03:30 GMT,03:30 GMT,TIME,True,1,1,1,03:30 GMT
TIME:03:34 GMT this morning,03:34 GMT this morning,TIME,True,1,1,1,03:34 GMT this morning
DATE:0425,0425,DATE,True,1,1,1,0425
TIME:04:16 today,04:16 today,TIME,True,1,1,1,04:16 today
TIME:04:26 GMT,04:26 GMT,TIME,True,1,1,1,04:26 GMT
TIME:05:00 GMT this morning,05:00 GMT this morning,TIME,True,1,1,1,05:00 GMT this morning
"DATE:05:13, July 28, 2018","05:13, July 28, 2018",DATE,True,1,1,1,"05:13, July 28, 2018"
DATE:0621,0621,DATE,True,1,1,1,0621
DATE:0649,0649,DATE,True,1,1,1,0649
TIME:06:10 GMT this morning,06:10 GMT this morning,TIME,True,1,1,1,06:10 GMT this morning
ORG:06:21:00 GMT,06:21:00 GMT,ORG,False,1,1,1,06:21:00 GMT
ORG:06:28:12 GMT,06:28:12 GMT,ORG,False,1,1,1,06:28:12 GMT
TIME:06:31 GMT,06:31 GMT,TIME,True,1,1,1,06:31 GMT
FAC:06:36:28 GMT,06:36:28 GMT,FAC,False,1,1,1,06:36:28 GMT
TIME:07:34 EDT,07:34 EDT,TIME,True,1,1,1,07:34 EDT
TIME:07:46 GMT this morning,07:46 GMT this morning,TIME,True,1,1,1,07:46 GMT this morning
DATE:0800,0800,DATE,True,1,1,1,0800
DATE:0801,0801,DATE,True,1,1,1,0801
DATE:0830,0830,DATE,True,1,1,1,0830
TIME:08:30 GMT,08:30 GMT,TIME,True,1,1,1,08:30 GMT
TIME:08:30 UTC,08:30 UTC,TIME,True,1,1,1,08:30 UTC
TIME:08:48:18 EDT,08:48:18 EDT,TIME,True,1,1,1,08:48:18 EDT
"TIME:08:51, 21 minutes","08:51, 21 minutes",TIME,True,1,1,1,"08:51, 21 minutes"
TIME:09:00,09:00,TIME,True,1,1,1,09:00
GPE:09:07:10,09:07:10,GPE,False,1,1,1,09:07:10
TIME:09:24 GMT,09:24 GMT,TIME,True,1,1,1,09:24 GMT
TIME:09:43 GMT this morning,09:43 GMT this morning,TIME,True,1,1,1,09:43 GMT this morning
TIME:1 hour and 43 minutes,1 hour and 43 minutes,TIME,True,1,1,1,1 hour and 43 minutes
TIME:1 p.m.,1 p.m.,TIME,True,1,1,1,1 p.m.
TIME:1 to 3 p.m. EDT,1 to 3 p.m. EDT,TIME,True,1,1,1,1 to 3 p.m. EDT
"DATE:1,000 light years","1,000 light years",DATE,True,1,1,1,"1,000 light years"
DATE:10 days,10 days,DATE,True,1,1,1,10 days
TIME:10 minute,10 minute,TIME,True,1,1,1,10 minute
TIME:10 or more minutes,10 or more minutes,TIME,True,1,1,1,10 or more minutes
TIME:10 seconds,10 seconds,TIME,True,1,1,1,10 seconds
TIME:10 to 12 inches,10 to 12 inches,TIME,True,1,1,1,10 to 12 inches
DATE:10 years,10 years,DATE,True,1,1,1,10 years
"DATE:10,000 light years","10,000 light years",DATE,True,1,1,1,"10,000 light years"
TIME:10-15 seconds,10-15 seconds,TIME,True,1,1,1,10-15 seconds
DATE:1010,1010,DATE,True,1,1,1,1010
DATE:1012,1012,DATE,True,1,1,1,1012
DATE:10180,10180,DATE,True,1,1,1,10180
DATE:10201,10201,DATE,True,1,1,1,10201
ORG:102nd,102nd,ORG,False,1,1,1,102nd
FAC:104th,104th,FAC,False,1,1,1,104th
PRODUCT:104°F,104°F,PRODUCT,False,1,1,1,104°F
DATE:105 days,105 days,DATE,True,1,1,1,105 days
DATE:1055,1055,DATE,True,1,1,1,1055
NORP:106th,106th,NORP,False,1,1,1,106th
ORG:107th,107th,ORG,False,1,1,1,107th
TIME:108 minutes,108 minutes,TIME,True,1,1,1,108 minutes
TIME:10:19 p.m. EDT,10:19 p.m. EDT,TIME,True,1,1,1,10:19 p.m. EDT
TIME:10:20 p.m. EDT,10:20 p.m. EDT,TIME,True,1,1,1,10:20 p.m. EDT
TIME:10:25 a.m.,10:25 a.m.,TIME,True,1,1,1,10:25 a.m.
TIME:10:34,10:34,TIME,True,1,1,1,10:34
TIME:10:39 a.m.,10:39 a.m.,TIME,True,1,1,1,10:39 a.m.
DATE:10:39AM,10:39AM,DATE,True,1,1,1,10:39AM
TIME:11 am EST,11 am EST,TIME,True,1,1,1,11 am EST
DATE:11 days to,11 days to,DATE,True,1,1,1,11 days to
DATE:11 months,11 months,DATE,True,1,1,1,11 months
TIME:11 seconds,11 seconds,TIME,True,1,1,1,11 seconds
DATE:11 years,11 years,DATE,True,1,1,1,11 years
DATE:1105,1105,DATE,True,1,1,1,1105
DATE:1121,1121,DATE,True,1,1,1,1121
DATE:113766,113766,DATE,True,1,1,1,113766
ORG:114th,114th,ORG,False,1,1,1,the 114th
TIME:11:06 p.m. EDT,11:06 p.m. EDT,TIME,True,1,1,1,11:06 p.m. EDT
TIME:11:25 a.m. EDT,11:25 a.m. EDT,TIME,True,1,1,1,11:25 a.m. EDT
TIME:11:29 AM EDT,11:29 AM EDT,TIME,True,1,1,1,11:29 AM EDT
TIME:11:30 (EDT,11:30 (EDT,TIME,True,1,1,1,11:30 (EDT
TIME:11:30 GMT,11:30 GMT,TIME,True,1,1,1,11:30 GMT
TIME:11:32 UTC,11:32 UTC,TIME,True,1,1,1,11:32 UTC
TIME:11:38 a.m.,11:38 a.m.,TIME,True,1,1,1,11:38 a.m.
TIME:11:41 a.m. EDT,11:41 a.m. EDT,TIME,True,1,1,1,11:41 a.m. EDT
TIME:11:46 PM,11:46 PM,TIME,True,1,1,1,11:46 PM
TIME:11:50,11:50,TIME,True,1,1,1,11:50
TIME:11:50 GMT,11:50 GMT,TIME,True,1,1,1,11:50 GMT
TIME:11:57 AM EST,11:57 AM EST,TIME,True,1,1,1,11:57 AM EST
DATE:11th,11th,DATE,True,1,1,1,the 11th
DATE:12,12,DATE,True,1,1,1,12
DATE:12 years,12 years,DATE,True,1,1,1,12 years
DATE:120 days,120 days,DATE,True,1,1,1,120 days
DATE:1211,1211,DATE,True,1,1,1,1211
ORG:121st,121st,ORG,False,1,1,1,121st
EVENT:122nd,122nd,EVENT,False,1,1,1,122nd
TIME:123 seconds,123 seconds,TIME,True,1,1,1,123 seconds
FAC:123rd,123rd,FAC,False,1,1,1,the 123rd
DATE:1260,1260,DATE,True,1,1,1,1260
DATE:127 day,127 day,DATE,True,1,1,1,127 day
TIME:12:00 am,12:00 am,TIME,True,1,1,1,12:00 am
TIME:12:05 GMT,12:05 GMT,TIME,True,1,1,1,12:05 GMT
TIME:12:11 a.m. EDT,12:11 a.m. EDT,TIME,True,1,1,1,12:11 a.m. EDT
TIME:12:15 GMT this afternoon,12:15 GMT this afternoon,TIME,True,1,1,1,12:15 GMT this afternoon
TIME:12:25 a.m. EDT,12:25 a.m. EDT,TIME,True,1,1,1,12:25 a.m. EDT
TIME:12:26 a.m. EDT,12:26 a.m. EDT,TIME,True,1,1,1,12:26 a.m. EDT
TIME:12:29 p.m.,12:29 p.m.,TIME,True,1,1,1,12:29 p.m.
TIME:12:32 p.m. EDT,12:32 p.m. EDT,TIME,True,1,1,1,12:32 p.m. EDT
TIME:12:34 EDT,12:34 EDT,TIME,True,1,1,1,12:34 EDT
TIME:12:45 a.m. EDT,12:45 a.m. EDT,TIME,True,1,1,1,12:45 a.m. EDT
TIME:12:50,12:50,TIME,True,1,1,1,12:50
DATE:13-day,13-day,DATE,True,1,1,1,13-day
DATE:1311,1311,DATE,True,1,1,1,1311
DATE:1314,1314,DATE,True,1,1,1,1314
NORP:131st,131st,NORP,False,1,1,1,131st
DATE:1330,1330,DATE,True,1,1,1,1330
FAC:133rd of the,133rd of the,FAC,False,1,1,1,the 133rd of the
FAC:134th,134th,FAC,False,1,1,1,134th
NORP:136th,136th,NORP,False,1,1,1,136th
TIME:137 seconds,137 seconds,TIME,True,1,1,1,137 seconds
NORP:137th,137th,NORP,False,1,1,1,137th
TIME:13:02 GMT,13:02 GMT,TIME,True,1,1,1,13:02 GMT
TIME:13:20,13:20,TIME,True,1,1,1,13:20
DATE:13:35,13:35,DATE,True,1,1,1,13:35
TIME:13:59 GMT,13:59 GMT,TIME,True,1,1,1,13:59 GMT
DATE:14,14,DATE,True,1,1,1,14
DATE:14 January 2005,14 January 2005,DATE,True,1,1,1,14 January 2005
DATE:14 days,14 days,DATE,True,1,1,1,14 days
TIME:14 minutes,14 minutes,TIME,True,1,1,1,14 minutes
TIME:14:07:10,14:07:10,TIME,True,1,1,1,14:07:10
DATE:15 day,15 day,DATE,True,1,1,1,a 15 day
TIME:15 minute,15 minute,TIME,True,1,1,1,15 minute
DATE:15&amp;nbsp;kg,15&amp;nbsp;kg,DATE,True,1,1,1,15&amp;nbsp;kg
DATE:15-year,15-year,DATE,True,1,1,1,15-year
DATE:15-year-old,15-year-old,DATE,True,1,1,1,15-year-old
DATE:1500,1500,DATE,True,1,1,1,1500
DATE:1543,1543,DATE,True,1,1,1,1543
DATE:1560,1560,DATE,True,1,1,1,1560
DATE:157-day,157-day,DATE,True,1,1,1,157-day
TIME:15:00 EDT,15:00 EDT,TIME,True,1,1,1,15:00 EDT
FAC:15:14:55 GMT,15:14:55 GMT,FAC,False,1,1,1,15:14:55 GMT
TIME:15:36,15:36,TIME,True,1,1,1,15:36
TIME:15:45,15:45,TIME,True,1,1,1,15:45
DATE:15:50,15:50,DATE,True,1,1,1,15:50
TIME:15:55,15:55,TIME,True,1,1,1,15:55
DATE:15th,15th,DATE,True,1,1,1,the 15th
DATE:16 December,16 December,DATE,True,1,1,1,16 December
DATE:16 days earlier,16 days earlier,DATE,True,1,1,1,16 days earlier
TIME:16 minutes,16 minutes,TIME,True,1,1,1,16 minutes
DATE:16-day,16-day,DATE,True,1,1,1,16-day
TIME:160 seconds,160 seconds,TIME,True,1,1,1,160 seconds
DATE:1610,1610,DATE,True,1,1,1,1610
DATE:1630,1630,DATE,True,1,1,1,1630
DATE:1650,1650,DATE,True,1,1,1,1650
DATE:1655,1655,DATE,True,1,1,1,1655
DATE:1672,1672,DATE,True,1,1,1,1672
DATE:17 years ago,17 years ago,DATE,True,1,1,1,17 years ago
DATE:17-year,17-year,DATE,True,1,1,1,17-year
DATE:1701,1701,DATE,True,1,1,1,1701
"TIME:173,000 seconds","173,000 seconds",TIME,True,1,1,1,"173,000 seconds"
DATE:1736,1736,DATE,True,1,1,1,1736
DATE:174 days,174 days,DATE,True,1,1,1,174 days
DATE:1769,1769,DATE,True,1,1,1,1769
DATE:1781,1781,DATE,True,1,1,1,1781
TIME:17:01 GMT,17:01 GMT,TIME,True,1,1,1,17:01 GMT
TIME:17:07 GMT,17:07 GMT,TIME,True,1,1,1,17:07 GMT
TIME:17:12,17:12,TIME,True,1,1,1,17:12
TIME:17:15 GMT,17:15 GMT,TIME,True,1,1,1,17:15 GMT
TIME:17:35,17:35,TIME,True,1,1,1,17:35
TIME:17:38,17:38,TIME,True,1,1,1,17:38
TIME:17:42,17:42,TIME,True,1,1,1,17:42
TIME:17:52 GMT,17:52 GMT,TIME,True,1,1,1,17:52 GMT
TIME:17:55,17:55,TIME,True,1,1,1,17:55
DATE:18 October,18 October,DATE,True,1,1,1,18 October
TIME:18 hour,18 hour,TIME,True,1,1,1,18 hour
DATE:18 months,18 months,DATE,True,1,1,1,18 months
TIME:18 more seconds,18 more seconds,TIME,True,1,1,1,18 more seconds
DATE:1815,1815,DATE,True,1,1,1,1815
DATE:1820,1820,DATE,True,1,1,1,1820
ORG:182nd,182nd,ORG,False,1,1,1,182nd
DATE:1845,1845,DATE,True,1,1,1,1845
DATE:1865,1865,DATE,True,1,1,1,1865
DATE:1876,1876,DATE,True,1,1,1,1876
DATE:1895,1895,DATE,True,1,1,1,1895
DATE:1899,1899,DATE,True,1,1,1,1899
TIME:18:03 GMT,18:03 GMT,TIME,True,1,1,1,18:03 GMT
TIME:18:05 hours,18:05 hours,TIME,True,1,1,1,18:05 hours
DATE:18:08,18:08,DATE,True,1,1,1,18:08
TIME:18:11,18:11,TIME,True,1,1,1,18:11
TIME:18:14,18:14,TIME,True,1,1,1,18:14
TIME:18:21.,18:21.,TIME,True,1,1,1,18:21.
TIME:18:40,18:40,TIME,True,1,1,1,18:40
DATE:19 February,19 February,DATE,True,1,1,1,19 February
TIME:19 hours and 2 minutes,19 hours and 2 minutes,TIME,True,1,1,1,19 hours and 2 minutes
DATE:1900,1900,DATE,True,1,1,1,1900
DATE:1906,1906,DATE,True,1,1,1,1906
DATE:1908,1908,DATE,True,1,1,1,1908
DATE:1911,1911,DATE,True,1,1,1,1911
DATE:1918,1918,DATE,True,1,1,1,1918
DATE:192 days,192 days,DATE,True,1,1,1,192 days
DATE:1925,1925,DATE,True,1,1,1,1925
DATE:1950s,1950s,DATE,True,1,1,1,the 1950s
DATE:1954,1954,DATE,True,1,1,1,1954
DATE:1956,1956,DATE,True,1,1,1,1956
DATE:1958,1958,DATE,True,1,1,1,1958
DATE:1962,1962,DATE,True,1,1,1,1962
DATE:1964,1964,DATE,True,1,1,1,1964
DATE:1965,1965,DATE,True,1,1,1,1965
DATE:1966,1966,DATE,True,1,1,1,1966
DATE:1967,1967,DATE,True,1,1,1,1967
DATE:1976,1976,DATE,True,1,1,1,1976
DATE:1978,1978,DATE,True,1,1,1,1978
DATE:1985,1985,DATE,True,1,1,1,1985
DATE:1994,1994,DATE,True,1,1,1,1994
DATE:1995,1995,DATE,True,1,1,1,1995
DATE:1996,1996,DATE,True,1,1,1,1996
DATE:1999 to 2001,1999 to 2001,DATE,True,1,1,1,1999 to 2001
TIME:19:00,19:00,TIME,True,1,1,1,19:00
TIME:19:02 GMT,19:02 GMT,TIME,True,1,1,1,19:02 GMT
DATE:19th,19th,DATE,True,1,1,1,the 19th
TIME:1:00 p.m.,1:00 p.m.,TIME,True,1,1,1,1:00 p.m.
TIME:1:02 PM EST,1:02 PM EST,TIME,True,1,1,1,1:02 PM EST
TIME:1:09 am,1:09 am,TIME,True,1,1,1,1:09 am
TIME:1:25 p.m.,1:25 p.m.,TIME,True,1,1,1,1:25 p.m.
TIME:1:48 p.m. EST,1:48 p.m. EST,TIME,True,1,1,1,1:48 p.m. EST
DATE:1E0657-56,1E0657-56,DATE,True,1,1,1,1E0657-56
TIME:1pm EDT,1pm EDT,TIME,True,1,1,1,1pm EDT
TIME:2 p.m. PDT,2 p.m. PDT,TIME,True,1,1,1,2 p.m. PDT
TIME:2 to 16 hours,2 to 16 hours,TIME,True,1,1,1,2 to 16 hours
DATE:2 weeks,2 weeks,DATE,True,1,1,1,2 weeks
DATE:2 year,2 year,DATE,True,1,1,1,2 year
FAC:2.jpeg|International Space Station,2.jpeg|International Space Station,FAC,False,1,1,1,2.jpeg|International Space Station
DATE:20 day,20 day,DATE,True,1,1,1,20 day
TIME:20 hours and 11 minutes,20 hours and 11 minutes,TIME,True,1,1,1,20 hours and 11 minutes
DATE:20 years,20 years,DATE,True,1,1,1,20 years
"DATE:20,000 years","20,000 years",DATE,True,1,1,1,"20,000 years"
DATE:20-day,20-day,DATE,True,1,1,1,20-day
DATE:2000,2000,DATE,True,1,1,1,2000
DATE:2005-07-30,2005-07-30,DATE,True,1,1,1,2005-07-30
EVENT:2006 Nobel Prize for Physics,2006 Nobel Prize for Physics,EVENT,False,1,1,1,the 2006 Nobel Prize for Physics
DATE:2006-05-02,2006-05-02,DATE,True,1,1,1,2006-05-02
DATE:2006-07-25,2006-07-25,DATE,True,1,1,1,2006-07-25
DATE:2007-07-10,2007-07-10,DATE,True,1,1,1,2007-07-10
EVENT:2008 Olympic Games,2008 Olympic Games,EVENT,False,1,1,1,the 2008 Olympic Games
DATE:2008&amp;nbsp;QH24,2008&amp;nbsp;QH24,DATE,True,1,1,1,2008&amp;nbsp;QH24
DATE:2008D,2008D,DATE,True,1,1,1,2008D
ORG:2011,2011,ORG,False,1,1,1,2011 &
DATE:2015-10-11,2015-10-11,DATE,True,1,1,1,2015-10-11
DATE:2018-07-27.png|Visibility,2018-07-27.png|Visibility,DATE,True,1,1,1,2018-07-27.png|Visibility
DATE:2022,2022,DATE,True,1,1,1,2022
DATE:2023,2023,DATE,True,1,1,1,2023
DATE:2024,2024,DATE,True,1,1,1,2024
DATE:2027,2027,DATE,True,1,1,1,2027
DATE:2031,2031,DATE,True,1,1,1,2031
DATE:2032,2032,DATE,True,1,1,1,2032
DATE:2049,2049,DATE,True,1,1,1,2049
DATE:2053,2053,DATE,True,1,1,1,2053
DATE:209458b,209458b,DATE,True,1,1,1,209458b
TIME:20:08,20:08,TIME,True,1,1,1,20:08
TIME:20:12:00,20:12:00,TIME,True,1,1,1,20:12:00
TIME:20:18 UTC,20:18 UTC,TIME,True,1,1,1,20:18 UTC
ORG:20:22:54 GMT,20:22:54 GMT,ORG,False,1,1,1,20:22:54 GMT
"DATE:20:25, July 27, 2018","20:25, July 27, 2018",DATE,True,1,1,1,"20:25, July 27, 2018"
TIME:20:38 EDT,20:38 EDT,TIME,True,1,1,1,20:38 EDT
TIME:20:43,20:43,TIME,True,1,1,1,20:43
TIME:20:53:12,20:53:12,TIME,True,1,1,1,20:53:12
DATE:21 March,21 March,DATE,True,1,1,1,21 March
TIME:21 hour,21 hour,TIME,True,1,1,1,the 21 hour
DATE:21-year-old,21-year-old,DATE,True,1,1,1,21-year-old
DATE:2112,2112,DATE,True,1,1,1,2112
DATE:2117,2117,DATE,True,1,1,1,2117
DATE:2132,2132,DATE,True,1,1,1,2132
DATE:2175,2175,DATE,True,1,1,1,2175
TIME:21:08:59,21:08:59,TIME,True,1,1,1,21:08:59
TIME:21:12,21:12,TIME,True,1,1,1,21:12
"DATE:21:25, November 30, 2008","21:25, November 30, 2008",DATE,True,1,1,1,"21:25, November 30, 2008"
TIME:21:36 GMT,21:36 GMT,TIME,True,1,1,1,21:36 GMT
TIME:21:39 GMT,21:39 GMT,TIME,True,1,1,1,21:39 GMT
TIME:21:42,21:42,TIME,True,1,1,1,21:42
TIME:21:47 GMT this evening,21:47 GMT this evening,TIME,True,1,1,1,21:47 GMT this evening
DATE:21st,21st,DATE,True,1,1,1,the 21st
DATE:21st century,21st century,DATE,True,1,1,1,the 21st century
DATE:21st of Endeavour,21st of Endeavour,DATE,True,1,1,1,the 21st of Endeavour
DATE:21st of February,21st of February,DATE,True,1,1,1,the 21st of February
DATE:22 days,22 days,DATE,True,1,1,1,22 days
DATE:2222,2222,DATE,True,1,1,1,2222
"DATE:22:15, July 27, 2018","22:15, July 27, 2018",DATE,True,1,1,1,"22:15, July 27, 2018"
TIME:22:16 GMT,22:16 GMT,TIME,True,1,1,1,22:16 GMT
TIME:22:17 UTC this evening,22:17 UTC this evening,TIME,True,1,1,1,22:17 UTC this evening
"DATE:22:36, July 27, 2018","22:36, July 27, 2018",DATE,True,1,1,1,"22:36, July 27, 2018"
TIME:22:45,22:45,TIME,True,1,1,1,22:45
TIME:23-second,23-second,TIME,True,1,1,1,23-second
DATE:2338,2338,DATE,True,1,1,1,2338
DATE:2350,2350,DATE,True,1,1,1,2350
DATE:237 weeks,237 weeks,DATE,True,1,1,1,237 weeks
"DATE:23:29, July 27, 2018","23:29, July 27, 2018",DATE,True,1,1,1,"23:29, July 27, 2018"
TIME:23:31,23:31,TIME,True,1,1,1,23:31
TIME:23:31:15,23:31:15,TIME,True,1,1,1,23:31:15
TIME:23:34:58,23:34:58,TIME,True,1,1,1,23:34:58
TIME:23:35:13,23:35:13,TIME,True,1,1,1,23:35:13
TIME:23:37:13,23:37:13,TIME,True,1,1,1,23:37:13
TIME:23:38:36 GMT,23:38:36 GMT,TIME,True,1,1,1,23:38:36 GMT
TIME:23:49:03,23:49:03,TIME,True,1,1,1,23:49:03
TIME:24-hour,24-hour,TIME,True,1,1,1,24-hour
TIME:24-hours,24-hours,TIME,True,1,1,1,24-hours
DATE:24-year old,24-year old,DATE,True,1,1,1,24-year old
DATE:240 day,240 day,DATE,True,1,1,1,240 day
DATE:2438,2438,DATE,True,1,1,1,2438
DATE:2439,2439,DATE,True,1,1,1,2439
DATE:24th - 30th April,24th - 30th April,DATE,True,1,1,1,24th - 30th April
DATE:25-year,25-year,DATE,True,1,1,1,25-year
DATE:250 days,250 days,DATE,True,1,1,1,250 days
NORP:250th,250th,NORP,False,1,1,1,250th
DATE:26 years,26 years,DATE,True,1,1,1,26 years
ORG:26th,26th,ORG,False,1,1,1,The 26th
DATE:26° East,26° East,DATE,True,1,1,1,26° East
DATE:27 years,27 years,DATE,True,1,1,1,27 years
TIME:27-minute,27-minute,TIME,True,1,1,1,27-minute
TIME:28 minutes,28 minutes,TIME,True,1,1,1,28 minutes
DATE:28 years,28 years,DATE,True,1,1,1,28 years
DATE:28-year,28-year,DATE,True,1,1,1,28-year
DATE:28th - full moon,28th - full moon,DATE,True,1,1,1,28th - full moon
DATE:29075,29075,DATE,True,1,1,1,29075
DATE:299 days,299 days,DATE,True,1,1,1,299 days
TIME:2:00 p.m. EDT,2:00 p.m. EDT,TIME,True,1,1,1,2:00 p.m. EDT
TIME:2:00 p.m. this afternoon,2:00 p.m. this afternoon,TIME,True,1,1,1,2:00 p.m. this afternoon
TIME:2:01:56 p.m EDT,2:01:56 p.m EDT,TIME,True,1,1,1,2:01:56 p.m EDT
TIME:2:04 p.m. EDT,2:04 p.m. EDT,TIME,True,1,1,1,2:04 p.m. EDT
TIME:2:06 p.m.,2:06 p.m.,TIME,True,1,1,1,2:06 p.m.
TIME:2:16 p.m.,2:16 p.m.,TIME,True,1,1,1,2:16 p.m.
TIME:2:20 p.m. EDT,2:20 p.m. EDT,TIME,True,1,1,1,2:20 p.m. EDT
TIME:2:34 a.m. EDT,2:34 a.m. EDT,TIME,True,1,1,1,2:34 a.m. EDT
TIME:2:34 p.m. PDT,2:34 p.m. PDT,TIME,True,1,1,1,2:34 p.m. PDT
TIME:2:43 AM Friday,2:43 AM Friday,TIME,True,1,1,1,2:43 AM Friday
TIME:2:45 pm EDT,2:45 pm EDT,TIME,True,1,1,1,2:45 pm EDT
DATE:3 January 2004,3 January 2004,DATE,True,1,1,1,3 January 2004
DATE:3 months,3 months,DATE,True,1,1,1,a 3 months
TIME:3-hour,3-hour,TIME,True,1,1,1,3-hour
TIME:3.51pm EDT,3.51pm EDT,TIME,True,1,1,1,3.51pm EDT
DATE:30 years,30 years,DATE,True,1,1,1,30 years
TIME:31 hours,31 hours,TIME,True,1,1,1,31 hours
DATE:32,32,DATE,True,1,1,1,32
"DATE:32,000 years","32,000 years",DATE,True,1,1,1,"32,000 years"
"DATE:32,600 light years","32,600 light years",DATE,True,1,1,1,"32,600 light years"
DATE:32°F,32°F,DATE,True,1,1,1,32°F
TIME:33 hours,33 hours,TIME,True,1,1,1,33 hours
TIME:33 minutes,33 minutes,TIME,True,1,1,1,33 minutes
TIME:33-minute,33-minute,TIME,True,1,1,1,33-minute
NORP:334th,334th,NORP,False,1,1,1,334th
ORG:335th,335th,ORG,False,1,1,1,335th
DATE:33rd of 2008,33rd of 2008,DATE,True,1,1,1,the 33rd of 2008
DATE:34,34,DATE,True,1,1,1,34
TIME:34 minutes,34 minutes,TIME,True,1,1,1,34 minutes
TIME:34 minutes later,34 minutes later,TIME,True,1,1,1,34 minutes later
DATE:34 year-old,34 year-old,DATE,True,1,1,1,34 year-old
DATE:34 years,34 years,DATE,True,1,1,1,34 years
TIME:35 seconds,35 seconds,TIME,True,1,1,1,35 seconds
DATE:37,37,DATE,True,1,1,1,37
DATE:37 years,37 years,DATE,True,1,1,1,37 years
DATE:375 days,375 days,DATE,True,1,1,1,375 days
DATE:382 days,382 days,DATE,True,1,1,1,382 days
DATE:38th,38th,DATE,True,1,1,1,the 38th
DATE:39th,39th,DATE,True,1,1,1,39th
DATE:39th of Discovery,39th of Discovery,DATE,True,1,1,1,the 39th of Discovery
TIME:3:12 a.m.,3:12 a.m.,TIME,True,1,1,1,3:12 a.m.
TIME:3:17 AM,3:17 AM,TIME,True,1,1,1,3:17 AM
TIME:3:18pm EST,3:18pm EST,TIME,True,1,1,1,3:18pm EST
TIME:3:26 PM EDT,3:26 PM EDT,TIME,True,1,1,1,3:26 PM EDT
TIME:3:29 PM EDT,3:29 PM EDT,TIME,True,1,1,1,3:29 PM EDT
TIME:3:36 p.m. EDT,3:36 p.m. EDT,TIME,True,1,1,1,3:36 p.m. EDT
TIME:3:45 a.m.,3:45 a.m.,TIME,True,1,1,1,3:45 a.m.
TIME:3:45 p.m. Tuesday,3:45 p.m. Tuesday,TIME,True,1,1,1,3:45 p.m. Tuesday
TIME:3:48 EDT,3:48 EDT,TIME,True,1,1,1,3:48 EDT
TIME:3:50 PM EDT,3:50 PM EDT,TIME,True,1,1,1,3:50 PM EDT
TIME:3:51 p.m. ET,3:51 p.m. ET,TIME,True,1,1,1,3:51 p.m. ET
TIME:3:52 PM EDT,3:52 PM EDT,TIME,True,1,1,1,3:52 PM EDT
DATE:4 years,4 years,DATE,True,1,1,1,4 years
DATE:4-5 years,4-5 years,DATE,True,1,1,1,4-5 years
TIME:4.5 hour,4.5 hour,TIME,True,1,1,1,a 4.5 hour
TIME:40 minutes,40 minutes,TIME,True,1,1,1,40 minutes
TIME:40 seconds,40 seconds,TIME,True,1,1,1,40 seconds
DATE:41,41,DATE,True,1,1,1,41
DATE:42 years ago,42 years ago,DATE,True,1,1,1,42 years ago
DATE:431 years,431 years,DATE,True,1,1,1,431 years
DATE:43637755162,43637755162,DATE,True,1,1,1,43637755162
DATE:44,44,DATE,True,1,1,1,44
ORG:442nd,442nd,ORG,False,1,1,1,442nd
TIME:45 minutes and 12 seconds,45 minutes and 12 seconds,TIME,True,1,1,1,45 minutes and 12 seconds
DATE:45-year-old,45-year-old,DATE,True,1,1,1,45-year-old
DATE:4769,4769,DATE,True,1,1,1,4769
TIME:4:00 a.m. EDT,4:00 a.m. EDT,TIME,True,1,1,1,4:00 a.m. EDT
ORG:4:05 PDT,4:05 PDT,ORG,False,1,1,1,4:05 PDT
TIME:4:34 p.m.,4:34 p.m.,TIME,True,1,1,1,4:34 p.m.
TIME:4:42 p.m. EST,4:42 p.m. EST,TIME,True,1,1,1,4:42 p.m. EST
TIME:4:53 p.m.,4:53 p.m.,TIME,True,1,1,1,4:53 p.m.
DATE:5 November 2007,5 November 2007,DATE,True,1,1,1,the 5 November 2007
DATE:5 days,5 days,DATE,True,1,1,1,5 days
TIME:5 hours,5 hours,TIME,True,1,1,1,5 hours
TIME:5 minutes,5 minutes,TIME,True,1,1,1,5 minutes
DATE:5 weeks,5 weeks,DATE,True,1,1,1,5 weeks
DATE:5 year,5 year,DATE,True,1,1,1,5 year
DATE:5 years,5 years,DATE,True,1,1,1,5 years
TIME:5.12 p.m. EDT,5.12 p.m. EDT,TIME,True,1,1,1,5.12 p.m. EDT
TIME:50 seconds,50 seconds,TIME,True,1,1,1,50 seconds
DATE:50 years,50 years,DATE,True,1,1,1,50 years
DATE:520 days',520 days',DATE,True,1,1,1,520 days'
DATE:53 days,53 days,DATE,True,1,1,1,53 days
DATE:54,54,DATE,True,1,1,1,54
DATE:55,55,DATE,True,1,1,1,55
TIME:55 minutes,55 minutes,TIME,True,1,1,1,55 minutes
TIME:5:05 am ET,5:05 am ET,TIME,True,1,1,1,5:05 am ET
TIME:5:10 AM Kazakhstan,5:10 AM Kazakhstan,TIME,True,1,1,1,5:10 AM Kazakhstan
TIME:5:12 a.m. EST,5:12 a.m. EST,TIME,True,1,1,1,5:12 a.m. EST
TIME:5:12 p.m. ET,5:12 p.m. ET,TIME,True,1,1,1,5:12 p.m. ET
TIME:5:15 PM Indian standard,5:15 PM Indian standard,TIME,True,1,1,1,5:15 PM Indian standard
TIME:5:22 p.m.,5:22 p.m.,TIME,True,1,1,1,5:22 p.m.
TIME:5:30 p.m.,5:30 p.m.,TIME,True,1,1,1,5:30 p.m.
TIME:5:32 p.m. EDT,5:32 p.m. EDT,TIME,True,1,1,1,5:32 p.m. EDT
TIME:5:45,5:45,TIME,True,1,1,1,5:45
DATE:6 December 2007,6 December 2007,DATE,True,1,1,1,6 December 2007
TIME:6 p.m.,6 p.m.,TIME,True,1,1,1,6 p.m.
DATE:6 years,6 years,DATE,True,1,1,1,6 years
DATE:6-month,6-month,DATE,True,1,1,1,6-month
DATE:60 day,60 day,DATE,True,1,1,1,60 day
DATE:61,61,DATE,True,1,1,1,61
TIME:63 light-years,63 light-years,TIME,True,1,1,1,63 light-years
DATE:65 month,65 month,DATE,True,1,1,1,65 month
TIME:67 minutes,67 minutes,TIME,True,1,1,1,67 minutes
DATE:68,68,DATE,True,1,1,1,68
TIME:6:00 PM PDT,6:00 PM PDT,TIME,True,1,1,1,6:00 PM PDT
TIME:6:22 am,6:22 am,TIME,True,1,1,1,6:22 am
TIME:6:22 p.m.,6:22 p.m.,TIME,True,1,1,1,6:22 p.m.
TIME:6:55 a.m. EDT,6:55 a.m. EDT,TIME,True,1,1,1,6:55 a.m. EDT
TIME:6am,6am,TIME,True,1,1,1,6am
DATE:7 October 2005,7 October 2005,DATE,True,1,1,1,7 October 2005
TIME:7 hour,7 hour,TIME,True,1,1,1,7 hour
TIME:7 hour and 16 minutes,7 hour and 16 minutes,TIME,True,1,1,1,7 hour and 16 minutes
DATE:7 years,7 years,DATE,True,1,1,1,7 years
DATE:7&amp;nbsp;kg,7&amp;nbsp;kg,DATE,True,1,1,1,7&amp;nbsp;kg
DATE:7-month,7-month,DATE,True,1,1,1,7-month
DATE:70,70,DATE,True,1,1,1,70
PRODUCT:702,702,PRODUCT,False,1,1,1,702
DATE:714&amp;nbsp;kg,714&amp;nbsp;kg,DATE,True,1,1,1,714&amp;nbsp;kg
DATE:7232°F,7232°F,DATE,True,1,1,1,7232°F
TIME:73 seconds,73 seconds,TIME,True,1,1,1,73 seconds
DATE:74,74,DATE,True,1,1,1,74
DATE:7420,7420,DATE,True,1,1,1,7420
DATE:748 days,748 days,DATE,True,1,1,1,748 days
DATE:75,75,DATE,True,1,1,1,75
TIME:75 minutes,75 minutes,TIME,True,1,1,1,75 minutes
DATE:76,76,DATE,True,1,1,1,76
DATE:770 days,770 days,DATE,True,1,1,1,770 days
DATE:7772°F,7772°F,DATE,True,1,1,1,7772°F
DATE:7920H,7920H,DATE,True,1,1,1,7920H
DATE:7925-9.5,7925-9.5,DATE,True,1,1,1,7925-9.5
TIME:7:10 pm EDT,7:10 pm EDT,TIME,True,1,1,1,7:10 pm EDT
TIME:7:11 am Eastern time,7:11 am Eastern time,TIME,True,1,1,1,7:11 am Eastern time
TIME:7:13 p.m.,7:13 p.m.,TIME,True,1,1,1,7:13 p.m.
TIME:7:17 a.m.,7:17 a.m.,TIME,True,1,1,1,7:17 a.m.
TIME:7:20 p.m. eastern time,7:20 p.m. eastern time,TIME,True,1,1,1,7:20 p.m. eastern time
TIME:7:24 a.m. EST,7:24 a.m. EST,TIME,True,1,1,1,7:24 a.m. EST
TIME:7:38 p.m. EDT,7:38 p.m. EDT,TIME,True,1,1,1,7:38 p.m. EDT
TIME:7:39 this evening,7:39 this evening,TIME,True,1,1,1,7:39 this evening
TIME:7:43 p.m.,7:43 p.m.,TIME,True,1,1,1,7:43 p.m.
TIME:7:43 p.m. EDT,7:43 p.m. EDT,TIME,True,1,1,1,7:43 p.m. EDT
DATE:8 days,8 days,DATE,True,1,1,1,8 days
TIME:8 hours,8 hours,TIME,True,1,1,1,8 hours
TIME:8 minutes later,8 minutes later,TIME,True,1,1,1,8 minutes later
TIME:8 p.m. EDT,8 p.m. EDT,TIME,True,1,1,1,8 p.m. EDT
"DATE:8,000 light years","8,000 light years",DATE,True,1,1,1,"8,000 light years"
TIME:8-minute,8-minute,TIME,True,1,1,1,8-minute
TIME:8.15 p.m.,8.15 p.m.,TIME,True,1,1,1,8.15 p.m.
DATE:80,80,DATE,True,1,1,1,80
DATE:80 years - since 1925,80 years - since 1925,DATE,True,1,1,1,80 years - since 1925
TIME:817 seconds,817 seconds,TIME,True,1,1,1,817 seconds
DATE:82,82,DATE,True,1,1,1,82
TIME:83 seconds,83 seconds,TIME,True,1,1,1,83 seconds
TIME:8:00 a.m.,8:00 a.m.,TIME,True,1,1,1,8:00 a.m.
TIME:8:08 EDT,8:08 EDT,TIME,True,1,1,1,8:08 EDT
TIME:8:11:22 am EDT,8:11:22 am EDT,TIME,True,1,1,1,8:11:22 am EDT
TIME:8:30 am CDT,8:30 am CDT,TIME,True,1,1,1,8:30 am CDT
TIME:8:34 pm,8:34 pm,TIME,True,1,1,1,8:34 pm
TIME:8:46 EDT,8:46 EDT,TIME,True,1,1,1,8:46 EDT
TIME:8:46 p.m. EDT,8:46 p.m. EDT,TIME,True,1,1,1,8:46 p.m. EDT
TIME:8:56 AM EDT,8:56 AM EDT,TIME,True,1,1,1,8:56 AM EDT
TIME:9 a.m.,9 a.m.,TIME,True,1,1,1,9 a.m.
TIME:9 p.m. Saturday,9 p.m. Saturday,TIME,True,1,1,1,9 p.m. Saturday
"DATE:9, NSS-9","9, NSS-9",DATE,True,1,1,1,"9, NSS-9"
TIME:9-1-1,9-1-1,TIME,True,1,1,1,9-1-1
TIME:9.45 p.m.,9.45 p.m.,TIME,True,1,1,1,9.45 p.m.
DATE:90 light years,90 light years,DATE,True,1,1,1,90 light years
TIME:90 minute,90 minute,TIME,True,1,1,1,a 90 minute
TIME:90 minute sessions,90 minute sessions,TIME,True,1,1,1,90 minute sessions
TIME:90 minutes,90 minutes,TIME,True,1,1,1,90 minutes
TIME:9:00,9:00,TIME,True,1,1,1,9:00
TIME:9:14 a.m.,9:14 a.m.,TIME,True,1,1,1,9:14 a.m.
TIME:9:15 am CET,9:15 am CET,TIME,True,1,1,1,9:15 am CET
TIME:9:20 p.m.,9:20 p.m.,TIME,True,1,1,1,9:20 p.m.
TIME:9:41PM,9:41PM,TIME,True,1,1,1,9:41PM
TIME:9:52 AM,9:52 AM,TIME,True,1,1,1,9:52 AM
NORP:9News,9News,NORP,False,1,1,1,9News
ORG:ABC News,ABC News,ORG,False,1,1,1,ABC News
ORG:AGILE,AGILE,ORG,False,1,1,1,AGILE
ORG:AIAA,AIAA,ORG,False,1,1,1,AIAA
ORG:AIM,AIM,ORG,False,1,1,1,AIM
ORG:AIU,AIU,ORG,False,1,1,1,AIU
ORG:AM-11,AM-11,ORG,False,1,1,1,AM-11
ORG:AMBER,AMBER,ORG,False,1,1,1,AMBER
FAC:AMBER Alert,AMBER Alert,FAC,False,1,1,1,AMBER Alert
GPE:AMC-14,AMC-14,GPE,False,1,1,1,AMC-14
PRODUCT:AMOS-60,AMOS-60,PRODUCT,False,1,1,1,AMOS-60
ORG:AMS,AMS,ORG,False,1,1,1,AMS
ORG:AP,AP,ORG,False,1,1,1,AP
ORG:ARES,ARES,ORG,False,1,1,1,ARES
ORG:ASI,ASI,ORG,False,1,1,1,ASI
ORG:ASI Science Data Center,ASI Science Data Center,ORG,False,1,1,1,the ASI Science Data Center
ORG:AST,AST,ORG,False,1,1,1,AST
PERSON:ATV,ATV,PERSON,False,1,1,1,ATV
GPE:ATV-001,ATV-001,GPE,False,1,1,1,ATV-001
ORG:Aachen University,Aachen University,ORG,False,1,1,1,Aachen University
ORG:Aardman Productions,Aardman Productions,ORG,False,1,1,1,Aardman Productions
LAW:Abell 1689,Abell 1689,LAW,False,1,1,1,Abell 1689
PERSON:Abigail,Abigail,PERSON,False,1,1,1,Abigail
ORG:Aboriginal,Aboriginal,ORG,False,1,1,1,Aboriginal
DATE:About a year ago,About a year ago,DATE,True,1,1,1,About a year ago
TIME:About five minutes,About five minutes,TIME,True,1,1,1,About five minutes
TIME:About two minutes,About two minutes,TIME,True,1,1,1,About two minutes
DATE:About two years ago,About two years ago,DATE,True,1,1,1,About two years ago
PRODUCT:AboveTopSecret.com,AboveTopSecret.com,PRODUCT,False,1,1,1,AboveTopSecret.com
PERSON:Abulghassem,Abulghassem,PERSON,False,1,1,1,Abulghassem
PERSON:Abulghassem Nasrollahi,Abulghassem Nasrollahi,PERSON,False,1,1,1,Abulghassem Nasrollahi
ORG:Academy of Launch Vehicle Technology,Academy of Launch Vehicle Technology,ORG,False,1,1,1,Academy of Launch Vehicle Technology
ORG:Academy of Space Technology,Academy of Space Technology,ORG,False,1,1,1,the Academy of Space Technology
WORK_OF_ART:Accel Partners,Accel Partners,WORK_OF_ART,False,1,1,1,Accel Partners
ORG:Accel Partners,Accel Partners,ORG,False,1,1,1,Accel Partners
PERSON:Achim Vollhardt,Achim Vollhardt,PERSON,False,1,1,1,Achim Vollhardt
PERSON:Adam Showman,Adam Showman,PERSON,False,1,1,1,Adam Showman
WORK_OF_ART:Add/Remove,Add/Remove,WORK_OF_ART,False,1,1,1,Add/Remove
ORG:Adler Planetarium,Adler Planetarium,ORG,False,1,1,1,the Adler Planetarium
ORG:Administration,Administration,ORG,False,1,1,1,Administration
ORG:Administrator of the,Administrator of the,ORG,False,1,1,1,the Administrator of the
PERSON:Adrian Koriloff,Adrian Koriloff,PERSON,False,1,1,1,Adrian Koriloff
PRODUCT:Advanced Camera for Surveys,Advanced Camera for Surveys,PRODUCT,False,1,1,1,"the ""Advanced Camera for Surveys"
LAW:Advanced Camera for Surveys,Advanced Camera for Surveys,LAW,False,1,1,1,the Advanced Camera for Surveys
ORG:Aerojet,Aerojet,ORG,False,1,1,1,Aerojet
ORG:Aerospace Engineering,Aerospace Engineering,ORG,False,1,1,1,Aerospace Engineering
ORG:Aerospace Engineering Department,Aerospace Engineering Department,ORG,False,1,1,1,Aerospace Engineering Department
PERSON:Agustin Sánchez-Lavega,Agustin Sánchez-Lavega,PERSON,False,1,1,1,Agustin Sánchez-Lavega
ORG:Air Canada,Air Canada,ORG,False,1,1,1,Air Canada
PERSON:Air Colbert,Air Colbert,PERSON,False,1,1,1,Air Colbert
ORG:Air Force Research Laboratory,Air Force Research Laboratory,ORG,False,1,1,1,the Air Force Research Laboratory
ORG:Air Force Space Command,Air Force Space Command,ORG,False,1,1,1,the Air Force Space Command
ORG:Airbus Space and Defense Systems,Airbus Space and Defense Systems,ORG,False,1,1,1,Airbus Space and Defense Systems
PERSON:Alan Evans,Alan Evans,PERSON,False,1,1,1,Alan Evans
PERSON:Alan Gilmore,Alan Gilmore,PERSON,False,1,1,1,Alan Gilmore
PERSON:Alan Hildebrand,Alan Hildebrand,PERSON,False,1,1,1,Alan Hildebrand
PERSON:Alan Shepard,Alan Shepard,PERSON,False,1,1,1,Alan Shepard
PERSON:Alan Stern,Alan Stern,PERSON,False,1,1,1,Alan Stern
PERSON:Alan Thirkettle,Alan Thirkettle,PERSON,False,1,1,1,Alan Thirkettle
PERSON:Alan Turing,Alan Turing,PERSON,False,1,1,1,Alan Turing
PERSON:Alan Turing Way,Alan Turing Way,PERSON,False,1,1,1,Alan Turing Way
PERSON:Albert Einstein,Albert Einstein,PERSON,False,1,1,1,Albert Einstein
PERSON:Albert Yen,Albert Yen,PERSON,False,1,1,1,Albert Yen
GPE:Alberta,Alberta,GPE,False,1,1,1,Alberta
PERSON:Aldrin,Aldrin,PERSON,False,1,1,1,Aldrin
PERSON:Aleksander Wolszczan,Aleksander Wolszczan,PERSON,False,1,1,1,Aleksander Wolszczan
PERSON:Aleksandr Kaleri,Aleksandr Kaleri,PERSON,False,1,1,1,Aleksandr Kaleri
PERSON:Aleksandr Misurkin,Aleksandr Misurkin,PERSON,False,1,1,1,Aleksandr Misurkin
PERSON:Aleksandr Skvortsov,Aleksandr Skvortsov,PERSON,False,1,1,1,Aleksandr Skvortsov
PERSON:Aleksey Ovchinin,Aleksey Ovchinin,PERSON,False,1,1,1,Aleksey Ovchinin
GPE:Aleutian Islands,Aleutian Islands,GPE,False,1,1,1,the Aleutian Islands
PERSON:Alex Wolszczan,Alex Wolszczan,PERSON,False,1,1,1,Alex Wolszczan
PERSON:Alexander Gerst - Lunar,Alexander Gerst - Lunar,PERSON,False,1,1,1,Alexander Gerst - Lunar
PERSON:Alexander Gerst SAM 0613,Alexander Gerst SAM 0613,PERSON,False,1,1,1,Alexander Gerst SAM 0613
PERSON:Alexander Volkov,Alexander Volkov,PERSON,False,1,1,1,Alexander Volkov
PERSON:Alix McAlister,Alix McAlister,PERSON,False,1,1,1,Alix McAlister
PERSON:Allan Cheuvront,Allan Cheuvront,PERSON,False,1,1,1,Allan Cheuvront
PERSON:Allard Beutel,Allard Beutel,PERSON,False,1,1,1,Allard Beutel
DATE:Almost two years ago,Almost two years ago,DATE,True,1,1,1,Almost two years ago
PERSON:Alpha,Alpha,PERSON,False,1,1,1,Alpha
PERSON:Alpha Crucis,Alpha Crucis,PERSON,False,1,1,1,Alpha Crucis
"PERSON:Alpha Crucis ""Acrux","Alpha Crucis ""Acrux",PERSON,False,1,1,1,"Alpha Crucis ""Acrux"
ORG:Alpha Magnetic,Alpha Magnetic,ORG,False,1,1,1,Alpha Magnetic
ORG:Alpha Magnetic Spectrometer,Alpha Magnetic Spectrometer,ORG,False,1,1,1,the Alpha Magnetic Spectrometer
LOC:Alps,Alps,LOC,False,1,1,1,Alps
PERSON:Altair,Altair,PERSON,False,1,1,1,Altair
FAC:Altar,Altar,FAC,False,1,1,1,Altar
PERSON:Altimeter,Altimeter,PERSON,False,1,1,1,Altimeter
ORG:Amateur Radio,Amateur Radio,ORG,False,1,1,1,Amateur Radio
ORG:Amateur Radio Operators,Amateur Radio Operators,ORG,False,1,1,1,Amateur Radio Operators
ORG:Amazon,Amazon,ORG,False,1,1,1,Amazon
ORG:Amazon Rainforest,Amazon Rainforest,ORG,False,1,1,1,Amazon Rainforest
LOC:Amazon River,Amazon River,LOC,False,1,1,1,Amazon River
ORG:AmeriCone Dream,AmeriCone Dream,ORG,False,1,1,1,AmeriCone Dream
ORG:American Association for the Advancement of Science (AAAS,American Association for the Advancement of Science (AAAS,ORG,False,1,1,1,the American Association for the Advancement of Science (AAAS
ORG:American Clyde Tombaugh,American Clyde Tombaugh,ORG,False,1,1,1,American Clyde Tombaugh
ORG:American Forces Press Service,American Forces Press Service,ORG,False,1,1,1,the American Forces Press Service
ORG:American Institute of Aeronautics and Astronautics,American Institute of Aeronautics and Astronautics,ORG,False,1,1,1,American Institute of Aeronautics and Astronautics
ORG:American Tracking and Data Relay Satellites,American Tracking and Data Relay Satellites,ORG,False,1,1,1,the American Tracking and Data Relay Satellites
LOC:Americas,Americas,LOC,False,1,1,1,Americas
GPE:Ames,Ames,GPE,False,1,1,1,Ames
NORP:Amjid,Amjid,NORP,False,1,1,1,Amjid
PERSON:Amneh Jafari,Amneh Jafari,PERSON,False,1,1,1,Amneh Jafari
PERSON:Amy Bromberg,Amy Bromberg,PERSON,False,1,1,1,Amy Bromberg
GPE:Anaheim,Anaheim,GPE,False,1,1,1,Anaheim
PERSON:Anatoly Grigoryev,Anatoly Grigoryev,PERSON,False,1,1,1,Anatoly Grigoryev
NORP:Andean,Andean,NORP,False,1,1,1,Andean
PERSON:Anderson,Anderson,PERSON,False,1,1,1,Anderson
ORG:Andhra Pradesh,Andhra Pradesh,ORG,False,1,1,1,Andhra Pradesh
FAC:Andhra Pradesh,Andhra Pradesh,FAC,False,1,1,1,the Andhra Pradesh
PERSON:Andre Kuipers,Andre Kuipers,PERSON,False,1,1,1,Andre Kuipers
PERSON:Andreas Keiling,Andreas Keiling,PERSON,False,1,1,1,Andreas Keiling
PERSON:Andrew Collier,Andrew Collier,PERSON,False,1,1,1,Andrew Collier
PERSON:Andrew Collier Cameron,Andrew Collier Cameron,PERSON,False,1,1,1,Andrew Collier Cameron
PERSON:Andrew Ingersoll,Andrew Ingersoll,PERSON,False,1,1,1,Andrew Ingersoll
PERSON:Andrew Wiederhorn,Andrew Wiederhorn,PERSON,False,1,1,1,Andrew Wiederhorn
PERSON:Andriy Makukha,Andriy Makukha,PERSON,False,1,1,1,Andriy Makukha
CELESTIAL:Andromeda Galaxy,Andromeda Galaxy,CELESTIAL,False,1,1,1,Andromeda Galaxy
PERSON:Andrzej Udalski,Andrzej Udalski,PERSON,False,1,1,1,Andrzej Udalski
PERSON:Andy Thomas,Andy Thomas,PERSON,False,1,1,1,Andy Thomas
GPE:Angara,Angara,GPE,False,1,1,1,Angara
ORG:Angel Ramos Visitor Center,Angel Ramos Visitor Center,ORG,False,1,1,1,Angel Ramos Visitor Center
PERSON:Angelika Humbert,Angelika Humbert,PERSON,False,1,1,1,Angelika Humbert
PERSON:Anne Verbiscer,Anne Verbiscer,PERSON,False,1,1,1,Anne Verbiscer
CELESTIAL:Antares,Antares,CELESTIAL,False,1,1,1,Antares
PERSON:Anthony Colaprete,Anthony Colaprete,PERSON,False,1,1,1,Anthony Colaprete
PERSON:Antoine Strugarek,Antoine Strugarek,PERSON,False,1,1,1,Antoine Strugarek
PERSON:Antonio Piersanti,Antonio Piersanti,PERSON,False,1,1,1,Antonio Piersanti
PERSON:Antrix,Antrix,PERSON,False,1,1,1,Antrix
ORG:Apache Point Observatory,Apache Point Observatory,ORG,False,1,1,1,the Apache Point Observatory
PRODUCT:Apollo,Apollo,PRODUCT,False,1,1,1,Apollo
ORG:Apollo 10,Apollo 10,ORG,False,1,1,1,Apollo 10
ORG:Apollo Lunar Module,Apollo Lunar Module,ORG,False,1,1,1,the Apollo Lunar Module
ORG:Apollo Lunar Surface Journal,Apollo Lunar Surface Journal,ORG,False,1,1,1,the Apollo Lunar Surface Journal
SPACECRAFT:Apollo Mission,Apollo Mission,SPACECRAFT,False,1,1,1,Apollo Mission
ORG:Apollo Program,Apollo Program,ORG,False,1,1,1,the Apollo Program
PRODUCT:Apollo X(10,Apollo X(10,PRODUCT,False,1,1,1,the Apollo X(10
SPACECRAFT:Apollo capsule,Apollo capsule,SPACECRAFT,False,1,1,1,Apollo capsule
ORG:Apple,Apple,ORG,False,1,1,1,Apple
TIME:Approximately 10 minutes,Approximately 10 minutes,TIME,True,1,1,1,Approximately 10 minutes
TIME:Approximately 10 minutes later,Approximately 10 minutes later,TIME,True,1,1,1,Approximately 10 minutes later
TIME:Approximately 3 minutes,Approximately 3 minutes,TIME,True,1,1,1,Approximately 3 minutes
TIME:Approximately half an hour,Approximately half an hour,TIME,True,1,1,1,Approximately half an hour
"DATE:April 12, 1961","April 12, 1961",DATE,True,1,1,1,"April 12, 1961"
"DATE:April 12, 2005","April 12, 2005",DATE,True,1,1,1,"April 12, 2005"
"DATE:April 18, 2011","April 18, 2011",DATE,True,1,1,1,"April 18, 2011"
DATE:April 1990,April 1990,DATE,True,1,1,1,April 1990
DATE:April 1999,April 1999,DATE,True,1,1,1,April 1999
DATE:April 2005,April 2005,DATE,True,1,1,1,April 2005
DATE:April 2009,April 2009,DATE,True,1,1,1,April 2009
DATE:April 2015,April 2015,DATE,True,1,1,1,April 2015
"DATE:April 25, 2005","April 25, 2005",DATE,True,1,1,1,"April 25, 2005"
"DATE:April 26, 2004","April 26, 2004",DATE,True,1,1,1,"April 26, 2004"
"DATE:April 28, 2005","April 28, 2005",DATE,True,1,1,1,"April 28, 2005"
DATE:April 30,April 30,DATE,True,1,1,1,April 30
DATE:April 4,April 4,DATE,True,1,1,1,April 4
DATE:April 5,April 5,DATE,True,1,1,1,April 5
DATE:April of 2004,April of 2004,DATE,True,1,1,1,April of 2004
DATE:April of 2006,April of 2006,DATE,True,1,1,1,April of 2006
DATE:April of this year,April of this year,DATE,True,1,1,1,April of this year
ORG:Aptostichus,Aptostichus,ORG,False,1,1,1,Aptostichus
ORG:Arabia,Arabia,ORG,False,1,1,1,Arabia
GPE:Arabia,Arabia,GPE,False,1,1,1,Arabia
ORG:Arabia and Deuteronilus,Arabia and Deuteronilus,ORG,False,1,1,1,Arabia and Deuteronilus
PERSON:Archbishop Józef Kowalczyk,Archbishop Józef Kowalczyk,PERSON,False,1,1,1,Archbishop Józef Kowalczyk
ORG:Arctic Monkeys,Arctic Monkeys,ORG,False,1,1,1,the Arctic Monkeys
LOC:Arctic Ocean,Arctic Ocean,LOC,False,1,1,1,Arctic Ocean
LOC:Arctic Sea,Arctic Sea,LOC,False,1,1,1,the Arctic Sea's
LOC:Arctic sea,Arctic sea,LOC,False,1,1,1,Arctic sea
PRODUCT:Area 1,Area 1,PRODUCT,False,1,1,1,Area 1
GPE:Arecibo,Arecibo,GPE,False,1,1,1,Arecibo
ORG:Areocentric,Areocentric,ORG,False,1,1,1,Areocentric
GPE:Argentina,Argentina,GPE,False,1,1,1,Argentina
EVENT:Ariane 5ES,Ariane 5ES,EVENT,False,1,1,1,The Ariane 5ES
DATE:Ariane 5ES,Ariane 5ES,DATE,True,1,1,1,the Ariane 5ES
DATE:Ariane 5GS,Ariane 5GS,DATE,True,1,1,1,the Ariane 5GS
PERSON:Arianepace,Arianepace,PERSON,False,1,1,1,Arianepace
LOC:Aries,Aries,LOC,False,1,1,1,Aries
ORG:Arkalyk,Arkalyk,ORG,False,1,1,1,Arkalyk
GPE:Arkansas,Arkansas,GPE,False,1,1,1,Arkansas
GPE:Arlington,Arlington,GPE,False,1,1,1,Arlington
WORK_OF_ART:Armagh Observatory,Armagh Observatory,WORK_OF_ART,False,1,1,1,the Armagh Observatory
ORG:Army,Army,ORG,False,1,1,1,Army
ORG:Arno Penzias,Arno Penzias,ORG,False,1,1,1,Arno Penzias
TIME:Around 1:40 p.m. CDT,Around 1:40 p.m. CDT,TIME,True,1,1,1,Around 1:40 p.m. CDT
TIME:Around 3 minutes,Around 3 minutes,TIME,True,1,1,1,Around 3 minutes
"DATE:Around July 14, 2015","Around July 14, 2015",DATE,True,1,1,1,"Around July 14, 2015"
TIME:Around forty minutes,Around forty minutes,TIME,True,1,1,1,Around forty minutes
TIME:Around four hours,Around four hours,TIME,True,1,1,1,Around four hours
TIME:Around twenty minutes,Around twenty minutes,TIME,True,1,1,1,Around twenty minutes
ORG:Arsia Mons,Arsia Mons,ORG,False,1,1,1,Arsia Mons
PERSON:Arthur C. Clarke,Arthur C. Clarke,PERSON,False,1,1,1,Arthur C. Clarke
ORG:Artist,Artist,ORG,False,1,1,1,Artist
PERSON:Arvidson,Arvidson,PERSON,False,1,1,1,Arvidson
DATE:As long ago,As long ago,DATE,True,1,1,1,As long ago
ORG:Asiana Airlines,Asiana Airlines,ORG,False,1,1,1,Asiana Airlines
ORG:Associated Press: Metacafe,Associated Press: Metacafe,ORG,False,1,1,1,the Associated Press: Metacafe
GPE:Astana,Astana,GPE,False,1,1,1,Astana
GPE:Asteroid,Asteroid,GPE,False,1,1,1,Asteroid
FAC:Asteroid Belt,Asteroid Belt,FAC,False,1,1,1,the Asteroid Belt
ORG:Astrogeology Team,Astrogeology Team,ORG,False,1,1,1,Astrogeology Team
PERSON:Astronaut Dan Tani,Astronaut Dan Tani,PERSON,False,1,1,1,Astronaut Dan Tani
PERSON:Astronaut John Phillips,Astronaut John Phillips,PERSON,False,1,1,1,Astronaut John Phillips
ORG:Astronaut Office,Astronaut Office,ORG,False,1,1,1,Astronaut Office
PERSON:Astronaut Steve Bowen,Astronaut Steve Bowen,PERSON,False,1,1,1,Astronaut Steve Bowen
PERSON:Astronaut Sunita,Astronaut Sunita,PERSON,False,1,1,1,Astronaut Sunita
PERSON:Astronaut Timothy L. Kopra,Astronaut Timothy L. Kopra,PERSON,False,1,1,1,Astronaut Timothy L. Kopra
PERSON:Astronauts Yuri Malenchenko,Astronauts Yuri Malenchenko,PERSON,False,1,1,1,Astronauts Yuri Malenchenko
ORG:Astronomical Science Senior Review Committee,Astronomical Science Senior Review Committee,ORG,False,1,1,1,the Astronomical Science Senior Review Committee
ORG:Astronomy &amp,Astronomy &amp,ORG,False,1,1,1,Astronomy &amp
ORG:Astronomy and Astrophysics,Astronomy and Astrophysics,ORG,False,1,1,1,Astronomy and Astrophysics
ORG:Astronomy and Astrophysics Group,Astronomy and Astrophysics Group,ORG,False,1,1,1,the Astronomy and Astrophysics Group
ORG:Astrophysical Institute &amp,Astrophysical Institute &amp,ORG,False,1,1,1,the Astrophysical Institute &amp
LOC:Atlantic,Atlantic,LOC,False,1,1,1,Atlantic
SPACECRAFT:Atlantis Shuttle,Atlantis Shuttle,SPACECRAFT,False,1,1,1,Atlantis Shuttle
SPACECRAFT:Atlantis mission,Atlantis mission,SPACECRAFT,False,1,1,1,Atlantis mission
DATE:August 10,August 10,DATE,True,1,1,1,August 10
"DATE:August 10, 2005","August 10, 2005",DATE,True,1,1,1,"August 10, 2005"
DATE:August 11,August 11,DATE,True,1,1,1,August 11
"DATE:August 12, 2005","August 12, 2005",DATE,True,1,1,1,"August 12, 2005"
DATE:August 15,August 15,DATE,True,1,1,1,August 15
"DATE:August 16, 2006","August 16, 2006",DATE,True,1,1,1,"August 16, 2006"
DATE:August 17,August 17,DATE,True,1,1,1,August 17
DATE:August 19,August 19,DATE,True,1,1,1,August 19
DATE:August 1st,August 1st,DATE,True,1,1,1,August 1st
DATE:August 2003,August 2003,DATE,True,1,1,1,August 2003
DATE:August 2009,August 2009,DATE,True,1,1,1,August 2009
DATE:August 2017,August 2017,DATE,True,1,1,1,August 2017
"DATE:August 24, 2007","August 24, 2007",DATE,True,1,1,1,"August 24, 2007"
"DATE:August 25, 2003","August 25, 2003",DATE,True,1,1,1,"August 25, 2003"
"DATE:August 25, 2008","August 25, 2008",DATE,True,1,1,1,"August 25, 2008"
DATE:August 27,August 27,DATE,True,1,1,1,August 27
DATE:August 28th,August 28th,DATE,True,1,1,1,August 28th
DATE:August 3,August 3,DATE,True,1,1,1,August 3
"DATE:August 3, 2007","August 3, 2007",DATE,True,1,1,1,"August 3, 2007"
DATE:August 30,August 30,DATE,True,1,1,1,August 30
DATE:August 5,August 5,DATE,True,1,1,1,August 5
"DATE:August 5, 2006","August 5, 2006",DATE,True,1,1,1,"August 5, 2006"
DATE:August 7,August 7,DATE,True,1,1,1,August 7
"DATE:August 7, 2005","August 7, 2005",DATE,True,1,1,1,"August 7, 2005"
DATE:August 8,August 8,DATE,True,1,1,1,August 8
DATE:August of 2003,August of 2003,DATE,True,1,1,1,August of 2003
DATE:August this year,August this year,DATE,True,1,1,1,August this year
PERSON:Aurora Borealis,Aurora Borealis,PERSON,False,1,1,1,the Aurora Borealis
PERSON:Austin,Austin,PERSON,False,1,1,1,Austin
GPE:Australis,Australis,GPE,False,1,1,1,Australis
NORP:Austrian,Austrian,NORP,False,1,1,1,Austrian
PERSON:Automated Transfer Vehicle,Automated Transfer Vehicle,PERSON,False,1,1,1,Automated Transfer Vehicle
FAC:Avenue des Champs-Élysées,Avenue des Champs-Élysées,FAC,False,1,1,1,Avenue des Champs-Élysées
ORG:Aviation Week &amp,Aviation Week &amp,ORG,False,1,1,1,Aviation Week &amp
ORG:BBC News,BBC News,ORG,False,1,1,1,BBC News
ORG:BBC News Online,BBC News Online,ORG,False,1,1,1,BBC News Online
PERSON:BGAN,BGAN,PERSON,False,1,1,1,BGAN
ORG:BNOnews,BNOnews,ORG,False,1,1,1,BNOnews
WORK_OF_ART:BOINC Platform/Program,BOINC Platform/Program,WORK_OF_ART,False,1,1,1,the BOINC Platform/Program
WORK_OF_ART:Baby Bear,Baby Bear,WORK_OF_ART,False,1,1,1,Baby Bear
ORG:Bachelor,Bachelor,ORG,False,1,1,1,Bachelor
WORK_OF_ART:Bachelor of Arts,Bachelor of Arts,WORK_OF_ART,False,1,1,1,Bachelor of Arts
WORK_OF_ART:Background and Lifestyle,Background and Lifestyle,WORK_OF_ART,False,1,1,1,Background and Lifestyle
PERSON:Backyard,Backyard,PERSON,False,1,1,1,Backyard
WORK_OF_ART:Badr-6,Badr-6,WORK_OF_ART,False,1,1,1,Badr-6
PERSON:Bai,Bai,PERSON,False,1,1,1,Bai
FAC:Baja California,Baja California,FAC,False,1,1,1,Baja California
ORG:Baltimore Capturing,Baltimore Capturing,ORG,False,1,1,1,Baltimore Capturing
PERSON:Bangalore,Bangalore,PERSON,False,1,1,1,Bangalore
LOC:Barents Sea,Barents Sea,LOC,False,1,1,1,the Barents Sea
FAC:Barez Mounts,Barez Mounts,FAC,False,1,1,1,the Barez Mounts
LOC:Bay No,Bay No,LOC,False,1,1,1,Bay No
LOC:Bay No 1,Bay No 1,LOC,False,1,1,1,Bay No 1
PRODUCT:Bay No 2,Bay No 2,PRODUCT,False,1,1,1,Bay No 2
SPACECRAFT:Beagle 2,Beagle 2,SPACECRAFT,False,1,1,1,Beagle 2
PERSON:Beatle,Beatle,PERSON,False,1,1,1,Beatle
PERSON:Beatle Paul McCartney,Beatle Paul McCartney,PERSON,False,1,1,1,Beatle Paul McCartney
PERSON:Beautifully,Beautifully,PERSON,False,1,1,1,Beautifully
NORP:Beidou,Beidou,NORP,False,1,1,1,Beidou
GPE:Beijing,Beijing,GPE,False,1,1,1,Beijing
PERSON:Belgian Frank De Winne,Belgian Frank De Winne,PERSON,False,1,1,1,Belgian Frank De Winne
PERSON:Ben,Ben,PERSON,False,1,1,1,Ben
ORG:Ben,Ben,ORG,False,1,1,1,Ben &
GPE:Bend,Bend,GPE,False,1,1,1,Bend
PERSON:Benedict XVI,Benedict XVI,PERSON,False,1,1,1,Benedict XVI
PERSON:Bengt Westerlund,Bengt Westerlund,PERSON,False,1,1,1,Bengt Westerlund
ORG:Bepi-Colombo,Bepi-Colombo,ORG,False,1,1,1,the Bepi-Colombo
ORG:Berkeley,Berkeley,ORG,False,1,1,1,Berkeley
GPE:Berkeley,Berkeley,GPE,False,1,1,1,Berkeley
PERSON:Bermuda,Bermuda,PERSON,False,1,1,1,Bermuda
DATE:Between 04 and 05,Between 04 and 05,DATE,True,1,1,1,Between 04 and 05
DATE:Between October 2005,Between October 2005,DATE,True,1,1,1,Between October 2005
PERSON:Bevan M French,Bevan M French,PERSON,False,1,1,1,Bevan M French
GPE:Beverly Hills,Beverly Hills,GPE,False,1,1,1,Beverly Hills
PERSON:Biesiadecki,Biesiadecki,PERSON,False,1,1,1,Biesiadecki
FAC:Big Bang,Big Bang,FAC,False,1,1,1,the Big Bang
ORG:Bigelow Laboratory for Ocean Sciences,Bigelow Laboratory for Ocean Sciences,ORG,False,1,1,1,the Bigelow Laboratory for Ocean Sciences
PERSON:Bill,Bill,PERSON,False,1,1,1,Bill
PERSON:Bill Boynton,Bill Boynton,PERSON,False,1,1,1,Bill Boynton
PERSON:Bill Clinton,Bill Clinton,PERSON,False,1,1,1,Bill Clinton
PERSON:Bill Cooke,Bill Cooke,PERSON,False,1,1,1,Bill Cooke
PERSON:Bill Ingalls,Bill Ingalls,PERSON,False,1,1,1,Bill Ingalls
PERSON:Bill Johnson,Bill Johnson,PERSON,False,1,1,1,Bill Johnson
PERSON:Bill Maer,Bill Maer,PERSON,False,1,1,1,Bill Maer
PERSON:Bill McArther,Bill McArther,PERSON,False,1,1,1,Bill McArther
PERSON:Bill Nelson,Bill Nelson,PERSON,False,1,1,1,Bill Nelson
PERSON:Bill Readdy,Bill Readdy,PERSON,False,1,1,1,Bill Readdy
PERSON:Binali Yildirim,Binali Yildirim,PERSON,False,1,1,1,Binali Yildirim
ORG:Biospheric Sciences Laboratory,Biospheric Sciences Laboratory,ORG,False,1,1,1,Biospheric Sciences Laboratory
PERSON:Blastoff,Blastoff,PERSON,False,1,1,1,Blastoff
ORG:Block,Block,ORG,False,1,1,1,Block
ORG:Block DM-SL,Block DM-SL,ORG,False,1,1,1,the Block DM-SL
PERSON:Blog Herald,Blog Herald,PERSON,False,1,1,1,the Blog Herald
ORG:Bloomberg,Bloomberg,ORG,False,1,1,1,Bloomberg
ORG:Bloomberg L.P,Bloomberg L.P,ORG,False,1,1,1,Bloomberg L.P.
ORG:Bloomberg Radio,Bloomberg Radio,ORG,False,1,1,1,Bloomberg Radio
PERSON:Blumenthal,Blumenthal,PERSON,False,1,1,1,Blumenthal
PERSON:Bob Day,Bob Day,PERSON,False,1,1,1,Bob Day
PERSON:Bob McDonnell,Bob McDonnell,PERSON,False,1,1,1,Bob McDonnell
GPE:Bochum,Bochum,GPE,False,1,1,1,Bochum
PERSON:Bohdan Paczynski,Bohdan Paczynski,PERSON,False,1,1,1,Bohdan Paczynski
GPE:Bolden,Bolden,GPE,False,1,1,1,Bolden
PERSON:Bolden,Bolden,PERSON,False,1,1,1,Bolden
GPE:Bolivia,Bolivia,GPE,False,1,1,1,Bolivia
ORG:Bologne University,Bologne University,ORG,False,1,1,1,the Bologne University
PERSON:Bong Wie,Bong Wie,PERSON,False,1,1,1,Bong Wie
PERSON:Bonnie Dunbar,Bonnie Dunbar,PERSON,False,1,1,1,Bonnie Dunbar
NORP:Borealis,Borealis,NORP,False,1,1,1,Borealis
ORG:Boston University,Boston University,ORG,False,1,1,1,Boston University
ORG:Boynton,Boynton,ORG,False,1,1,1,Boynton
PERSON:Boynton,Boynton,PERSON,False,1,1,1,Boynton
PERSON:Brad Greenspan,Brad Greenspan,PERSON,False,1,1,1,Brad Greenspan
ORG:Brampton,Brampton,ORG,False,1,1,1,Brampton
GPE:Brampton,Brampton,GPE,False,1,1,1,Brampton
ORG:Brampton News,Brampton News,ORG,False,1,1,1,The Brampton News
PERSON:Brastad,Brastad,PERSON,False,1,1,1,Brastad
GPE:Braunschweig Germany,Braunschweig Germany,GPE,False,1,1,1,Braunschweig Germany
GPE:Bredgar Road,Bredgar Road,GPE,False,1,1,1,Bredgar Road
ORG:Breeze M,Breeze M,ORG,False,1,1,1,Breeze M
FAC:Brera Observatory,Brera Observatory,FAC,False,1,1,1,the Brera Observatory
ORG:Brett Lay,Brett Lay,ORG,False,1,1,1,Brett Lay
PERSON:Brian,Brian,PERSON,False,1,1,1,Brian
PERSON:Brian Fields,Brian Fields,PERSON,False,1,1,1,Brian Fields
PERSON:Brian Marsden,Brian Marsden,PERSON,False,1,1,1,Brian Marsden
WORK_OF_ART:Brief History of Time,Brief History of Time,WORK_OF_ART,False,1,1,1,A Brief History of Time
GPE:British Columbia,British Columbia,GPE,False,1,1,1,British Columbia
ORG:British Geological Survey,British Geological Survey,ORG,False,1,1,1,the British Geological Survey
ORG:British Ministry of Defence,British Ministry of Defence,ORG,False,1,1,1,the British Ministry of Defence
ORG:Briz,Briz,ORG,False,1,1,1,Briz
ORG:Broadband Global Area Network,Broadband Global Area Network,ORG,False,1,1,1,Broadband Global Area Network
PERSON:Bronwen Maddox,Bronwen Maddox,PERSON,False,1,1,1,Bronwen Maddox
ORG:Brown University,Brown University,ORG,False,1,1,1,Brown University
PERSON:Bruce Buckingham,Bruce Buckingham,PERSON,False,1,1,1,Bruce Buckingham
PERSON:Bryan Mendez,Bryan Mendez,PERSON,False,1,1,1,Bryan Mendez
PERSON:Bryan Stiles,Bryan Stiles,PERSON,False,1,1,1,Bryan Stiles
PERSON:Bryan Whitman,Bryan Whitman,PERSON,False,1,1,1,Bryan Whitman
PERSON:Buckwad,Buckwad,PERSON,False,1,1,1,Buckwad
GPE:Buenos Aires,Buenos Aires,GPE,False,1,1,1,Buenos Aires
ORG:Burch,Burch,ORG,False,1,1,1,Burch
PERSON:Burkhard Heim,Burkhard Heim,PERSON,False,1,1,1,Burkhard Heim
PERSON:Burt Rutan,Burt Rutan,PERSON,False,1,1,1,Burt Rutan
ORG:Bush Administration,Bush Administration,ORG,False,1,1,1,the Bush Administration
ORG:Butler,Butler,ORG,False,1,1,1,Butler
PERSON:Butterfly Kisses,Butterfly Kisses,PERSON,False,1,1,1,Butterfly Kisses
"WORK_OF_ART:Buzz"" Aldrin","Buzz"" Aldrin",WORK_OF_ART,False,1,1,1,"Buzz"" Aldrin"
PRODUCT:C-17,C-17,PRODUCT,False,1,1,1,C-17
ORG:C/NOFS,C/NOFS,ORG,False,1,1,1,C/NOFS
ORG:CA,CA,ORG,False,1,1,1,CA
PRODUCT:CA,CA,PRODUCT,False,1,1,1,CA
ORG:CA-3a,CA-3a,ORG,False,1,1,1,CA-3a
ORG:CAN-X4,CAN-X4,ORG,False,1,1,1,CAN-X4
ORG:CBS News,CBS News,ORG,False,1,1,1,CBS News
ORG:CCD,CCD,ORG,False,1,1,1,CCD
PERSON:CDT,CDT,PERSON,False,1,1,1,CDT
ORG:CGI,CGI,ORG,False,1,1,1,CGI
ORG:CMB,CMB,ORG,False,1,1,1,CMB
ORG:CNN,CNN,ORG,False,1,1,1,CNN
ORG:COS,COS,ORG,False,1,1,1,COS
ORG:COSMOS International,COSMOS International,ORG,False,1,1,1,COSMOS International
NORP:CSIRO,CSIRO,NORP,False,1,1,1,CSIRO
ORG:CSSR,CSSR,ORG,False,1,1,1,CSSR
ORG:CT,CT,ORG,False,1,1,1,CT
ORG:CTO,CTO,ORG,False,1,1,1,CTO
PERSON:Cabana,Cabana,PERSON,False,1,1,1,Cabana
PERSON:Cabeus,Cabeus,PERSON,False,1,1,1,Cabeus
GPE:Cabeus,Cabeus,GPE,False,1,1,1,Cabeus
PERSON:Caitlin Griffith,Caitlin Griffith,PERSON,False,1,1,1,Caitlin Griffith
GPE:Calif,Calif,GPE,False,1,1,1,Calif.
ORG:California Science Center,California Science Center,ORG,False,1,1,1,the California Science Center
PERSON:Calvin Hall,Calvin Hall,PERSON,False,1,1,1,Calvin Hall
ORG:Cameron,Cameron,ORG,False,1,1,1,Cameron
PERSON:Canadarm,Canadarm,PERSON,False,1,1,1,Canadarm
ORG:Canadian Institute for Theoretical Astrophysics,Canadian Institute for Theoretical Astrophysics,ORG,False,1,1,1,the Canadian Institute for Theoretical Astrophysics
ORG:Canaveral,Canaveral,ORG,False,1,1,1,Canaveral
GPE:Canberra,Canberra,GPE,False,1,1,1,Canberra
PERSON:Candice Hansen,Candice Hansen,PERSON,False,1,1,1,Candice Hansen
FAC:Candor Chasma,Candor Chasma,FAC,False,1,1,1,Candor Chasma
ORG:Candor Chasma,Candor Chasma,ORG,False,1,1,1,Candor Chasma
GPE:Carancas,Carancas,GPE,False,1,1,1,Carancas
ORG:Carbon,Carbon,ORG,False,1,1,1,Carbon
ORG:Cardiff University,Cardiff University,ORG,False,1,1,1,Cardiff University
PERSON:Carey Lisse,Carey Lisse,PERSON,False,1,1,1,Carey Lisse
PERSON:Carl Agee,Carl Agee,PERSON,False,1,1,1,Carl Agee
PERSON:Carl Grillmair,Carl Grillmair,PERSON,False,1,1,1,Carl Grillmair
PERSON:Carl Pilcher,Carl Pilcher,PERSON,False,1,1,1,Carl Pilcher
PERSON:Carl Sagan,Carl Sagan,PERSON,False,1,1,1,Carl Sagan
PERSON:Carlton Allen,Carlton Allen,PERSON,False,1,1,1,Carlton Allen
PERSON:Carmen L. Gleason,Carmen L. Gleason,PERSON,False,1,1,1,Carmen L. Gleason
ORG:Carnegie Institution,Carnegie Institution,ORG,False,1,1,1,the Carnegie Institution
ORG:Carnegie Institution for Science,Carnegie Institution for Science,ORG,False,1,1,1,the Carnegie Institution for Science
ORG:Carnegie Institution of Washington,Carnegie Institution of Washington,ORG,False,1,1,1,the Carnegie Institution of Washington
ORG:Carnegie-Princeton Fellow,Carnegie-Princeton Fellow,ORG,False,1,1,1,Carnegie-Princeton Fellow
PERSON:Caroline Smith,Caroline Smith,PERSON,False,1,1,1,Caroline Smith
PERSON:Carolyn Porco,Carolyn Porco,PERSON,False,1,1,1,Carolyn Porco
PERSON:Cartwright,Cartwright,PERSON,False,1,1,1,Cartwright
LOC:Cascade Range,Cascade Range,LOC,False,1,1,1,the Cascade Range
LOC:Caspian Sea,Caspian Sea,LOC,False,1,1,1,the Caspian Sea
ORG:Cassidy,Cassidy,ORG,False,1,1,1,Cassidy
PRODUCT:Cassidy,Cassidy,PRODUCT,False,1,1,1,Cassidy
PERSON:Castalia,Castalia,PERSON,False,1,1,1,Castalia
ORG:Catalina Real-time Transient Survey,Catalina Real-time Transient Survey,ORG,False,1,1,1,the Catalina Real-time Transient Survey
ORG:Catalina Sky Survey,Catalina Sky Survey,ORG,False,1,1,1,the Catalina Sky Survey
NORP:Catholic,Catholic,NORP,False,1,1,1,Catholic
ORG:Caussols-ODAS,Caussols-ODAS,ORG,False,1,1,1,Caussols-ODAS
NORP:Celestis,Celestis,NORP,False,1,1,1,Celestis
ORG:Center for Science Education,Center for Science Education,ORG,False,1,1,1,the Center for Science Education
LOC:Central Asia,Central Asia,LOC,False,1,1,1,Central Asia
ORG:Centre for Defense Information,Centre for Defense Information,ORG,False,1,1,1,the Centre for Defense Information
ORG:Centro de Investigaciones de Astronomia,Centro de Investigaciones de Astronomia,ORG,False,1,1,1,the Centro de Investigaciones de Astronomia
PERSON:Cerberus Fossae,Cerberus Fossae,PERSON,False,1,1,1,Cerberus Fossae
PERSON:Cernan,Cernan,PERSON,False,1,1,1,Cernan
NORP:Cernan,Cernan,NORP,False,1,1,1,Cernan
ORG:Cerro Tololo Inter-American Observatory,Cerro Tololo Inter-American Observatory,ORG,False,1,1,1,Cerro Tololo Inter-American Observatory
ORG:Certification of Flight Readiness,Certification of Flight Readiness,ORG,False,1,1,1,the Certification of Flight Readiness
ORG:CfA,CfA,ORG,False,1,1,1,CfA
FAC:Chandra X-Ray Observatory,Chandra X-Ray Observatory,FAC,False,1,1,1,the Chandra X-Ray Observatory
SPACECRAFT:Chandrayaan-2,Chandrayaan-2,SPACECRAFT,False,1,1,1,Chandrayaan-2
ORG:Chandrayan-1 moon,Chandrayan-1 moon,ORG,False,1,1,1,Chandrayan-1 moon
PERSON:Changzheng,Changzheng,PERSON,False,1,1,1,Changzheng
WORK_OF_ART:Chaos and Creation,Chaos and Creation,WORK_OF_ART,False,1,1,1,Chaos and Creation
ORG:Charbonneau,Charbonneau,ORG,False,1,1,1,Charbonneau
LOC:Charcot Island,Charcot Island,LOC,False,1,1,1,the Charcot Island
PERSON:Charles Simonyi,Charles Simonyi,PERSON,False,1,1,1,Charles Simonyi
PERSON:Charlie Bolden,Charlie Bolden,PERSON,False,1,1,1,Charlie Bolden
PERSON:Charlie Camarda,Charlie Camarda,PERSON,False,1,1,1,Charlie Camarda
GPE:Charlotte,Charlotte,GPE,False,1,1,1,Charlotte
PERSON:Chelsea,Chelsea,PERSON,False,1,1,1,Chelsea
PERSON:Chen,Chen,PERSON,False,1,1,1,Chen
PERSON:Chen Shanguang,Chen Shanguang,PERSON,False,1,1,1,Chen Shanguang
ORG:Chennai,Chennai,ORG,False,1,1,1,Chennai
PERSON:Cheryl Cook-Taylor,Cheryl Cook-Taylor,PERSON,False,1,1,1,Cheryl Cook-Taylor
GPE:Cheshire,Cheshire,GPE,False,1,1,1,Cheshire
ORG:Chief Executive Office,Chief Executive Office,ORG,False,1,1,1,Chief Executive Office
LAW:Child Exploitation and Online Protection Centre,Child Exploitation and Online Protection Centre,LAW,False,1,1,1,the Child Exploitation and Online Protection Centre
ORG:China Great Wall Industrial Corporation,China Great Wall Industrial Corporation,ORG,False,1,1,1,the China Great Wall Industrial Corporation
ORG:China Ministry of Post and Telecommunications,China Ministry of Post and Telecommunications,ORG,False,1,1,1,the China Ministry of Post and Telecommunications
ORG:China Telecommunications Broadcast Satellite Corporation,China Telecommunications Broadcast Satellite Corporation,ORG,False,1,1,1,the China Telecommunications Broadcast Satellite Corporation
ORG:ChinaSat,ChinaSat,ORG,False,1,1,1,ChinaSat
ORG:ChinaThe Chinese National Space Administration,ChinaThe Chinese National Space Administration,ORG,False,1,1,1,ChinaThe Chinese National Space Administration
ORG:Chinasat,Chinasat,ORG,False,1,1,1,Chinasat
EVENT:Chinese,Chinese,EVENT,False,1,1,1,the Chinese
ORG:Chinese Space Agency,Chinese Space Agency,ORG,False,1,1,1,the Chinese Space Agency's
ORG:Chinese Space Crew Training,Chinese Space Crew Training,ORG,False,1,1,1,the Chinese Space Crew Training
PERSON:Chirinjeev Kathuria,Chirinjeev Kathuria,PERSON,False,1,1,1,Chirinjeev Kathuria
PERSON:Chris Gregoire,Chris Gregoire,PERSON,False,1,1,1,Chris Gregoire
PERSON:Chris Hughes,Chris Hughes,PERSON,False,1,1,1,Chris Hughes
PERSON:Chris Okubo,Chris Okubo,PERSON,False,1,1,1,Chris Okubo
DATE:Christmas,Christmas,DATE,True,1,1,1,Christmas
ORG:Christophe Lovis,Christophe Lovis,ORG,False,1,1,1,Christophe Lovis
PERSON:Christopher Columbus,Christopher Columbus,PERSON,False,1,1,1,Christopher Columbus
PERSON:Christopher Go,Christopher Go,PERSON,False,1,1,1,Christopher Go
PERSON:Christopher J. Ferguson,Christopher J. Ferguson,PERSON,False,1,1,1,Christopher J. Ferguson
PERSON:Christopher Riley,Christopher Riley,PERSON,False,1,1,1,Christopher Riley
CELESTIAL:Churyumov-Gerasimenko,Churyumov-Gerasimenko,CELESTIAL,False,1,1,1,Churyumov-Gerasimenko
GPE:City of McGregor,City of McGregor,GPE,False,1,1,1,the City of McGregor
ORG:Civil Aviation Bureau,Civil Aviation Bureau,ORG,False,1,1,1,the Civil Aviation Bureau
ORG:Clarke,Clarke,ORG,False,1,1,1,Clarke
PERSON:Claude Catala,Claude Catala,PERSON,False,1,1,1,Claude Catala
PERSON:Claudia Alexander,Claudia Alexander,PERSON,False,1,1,1,Claudia Alexander
PERSON:Clayton Anderson,Clayton Anderson,PERSON,False,1,1,1,Clayton Anderson
NORP:Clementine,Clementine,NORP,False,1,1,1,Clementine
WORK_OF_ART:Climate Science Special Report,Climate Science Special Report,WORK_OF_ART,False,1,1,1,Climate Science Special Report
WORK_OF_ART:Closing Arecibo,Closing Arecibo,WORK_OF_ART,False,1,1,1,Closing Arecibo
ORG:Cloudless,Cloudless,ORG,False,1,1,1,Cloudless
PERSON:Clr,Clr,PERSON,False,1,1,1,Clr
GPE:Clyde Tombaugh,Clyde Tombaugh,GPE,False,1,1,1,Clyde Tombaugh
PERSON:Coel Hellier,Coel Hellier,PERSON,False,1,1,1,Coel Hellier
WORK_OF_ART:Colbert Nation,Colbert Nation,WORK_OF_ART,False,1,1,1,The Colbert Nation
PERSON:Coleman,Coleman,PERSON,False,1,1,1,Coleman
PERSON:Colin A. Norman,Colin A. Norman,PERSON,False,1,1,1,Colin A. Norman
PERSON:Colin Norman,Colin Norman,PERSON,False,1,1,1,Colin Norman
GPE:Colombia,Colombia,GPE,False,1,1,1,Colombia
GPE:Colorado,Colorado,GPE,False,1,1,1,Colorado
ORG:Columbia Class Space Shuttles,Columbia Class Space Shuttles,ORG,False,1,1,1,Columbia Class Space Shuttles
WORK_OF_ART:Columbia Crew Survival Investigation Report,Columbia Crew Survival Investigation Report,WORK_OF_ART,False,1,1,1,Columbia Crew Survival Investigation Report
PERSON:Columbia Hills,Columbia Hills,PERSON,False,1,1,1,Columbia Hills
SPACECRAFT:Columbia Orbiter,Columbia Orbiter,SPACECRAFT,False,1,1,1,Columbia Orbiter
SPACECRAFT:Columbia shuttle,Columbia shuttle,SPACECRAFT,False,1,1,1,Columbia shuttle
PERSON:Columbias,Columbias,PERSON,False,1,1,1,Columbias
PERSON:Columnar,Columnar,PERSON,False,1,1,1,Columnar
LOC:Comedy Central,Comedy Central,LOC,False,1,1,1,Comedy Central
ORG:Comet,Comet,ORG,False,1,1,1,the Comet
WORK_OF_ART:Comet,Comet,WORK_OF_ART,False,1,1,1,the Comet
ORG:Comet 67P/Churyumov,Comet 67P/Churyumov,ORG,False,1,1,1,Comet 67P/Churyumov
ORG:Comet 9P Tempel,Comet 9P Tempel,ORG,False,1,1,1,Comet 9P Tempel
ORG:Comet Holmes,Comet Holmes,ORG,False,1,1,1,the Comet Holmes
ORG:Comet Hopper,Comet Hopper,ORG,False,1,1,1,the Comet Hopper
ORG:Command Module Pilot,Command Module Pilot,ORG,False,1,1,1,Command Module Pilot
ORG:Committee for Small Body Nomenclature,Committee for Small Body Nomenclature,ORG,False,1,1,1,the Committee for Small Body Nomenclature
ORG:Communications/Navigation Outage Forecasting System,Communications/Navigation Outage Forecasting System,ORG,False,1,1,1,Communications/Navigation Outage Forecasting System
NORP:Communist,Communist,NORP,False,1,1,1,Communist
ORG:Communist Party,Communist Party,ORG,False,1,1,1,the Communist Party
ORG:Compact Reconnaissance Imaging Spectrometer,Compact Reconnaissance Imaging Spectrometer,ORG,False,1,1,1,the Compact Reconnaissance Imaging Spectrometer
LAW:Complex 40,Complex 40,LAW,False,1,1,1,Complex 40
ORG:Computer,Computer,ORG,False,1,1,1,Computer
ORG:Congress of the,Congress of the,ORG,False,1,1,1,the Congress of the
ORG:ConnectU.com,ConnectU.com,ORG,False,1,1,1,ConnectU.com
ORG:Constanţa,Constanţa,ORG,False,1,1,1,Constanţa
ORG:Contact International UFO Research,Contact International UFO Research,ORG,False,1,1,1,The Contact International UFO Research
PRODUCT:Control Moment Gyros,Control Moment Gyros,PRODUCT,False,1,1,1,the Control Moment Gyros
PERSON:Cookie,Cookie,PERSON,False,1,1,1,Cookie
ORG:Core Alone,Core Alone,ORG,False,1,1,1,Core Alone
ORG:Cornell's Department of Astronomy,Cornell's Department of Astronomy,ORG,False,1,1,1,Cornell's Department of Astronomy
ORG:Cornell/NAIC,Cornell/NAIC,ORG,False,1,1,1,Cornell/NAIC
PERSON:Corot,Corot,PERSON,False,1,1,1,Corot
ORG:Cosmic Background Explorer,Cosmic Background Explorer,ORG,False,1,1,1,the Cosmic Background Explorer
GPE:Cosmodrome,Cosmodrome,GPE,False,1,1,1,Cosmodrome
FAC:Cosmonaut Hotel,Cosmonaut Hotel,FAC,False,1,1,1,the Cosmonaut Hotel
FAC:Cosmonaut Salizhan Sharipov,Cosmonaut Salizhan Sharipov,FAC,False,1,1,1,Cosmonaut Salizhan Sharipov
PERSON:Cosmonauts,Cosmonauts,PERSON,False,1,1,1,Cosmonauts
PERSON:Cosmonauts Oleg Skripochka,Cosmonauts Oleg Skripochka,PERSON,False,1,1,1,Cosmonauts Oleg Skripochka
ORG:Council on American-Islamic Relations Alia Salem,Council on American-Islamic Relations Alia Salem,ORG,False,1,1,1,the Council on American-Islamic Relations Alia Salem
WORK_OF_ART:Cowell,Cowell,WORK_OF_ART,False,1,1,1,Cowell
GPE:Crawlerway,Crawlerway,GPE,False,1,1,1,Crawlerway
WORK_OF_ART:Create the Future,Create the Future,WORK_OF_ART,False,1,1,1,Create the Future
ORG:Criterion Capital Partners,Criterion Capital Partners,ORG,False,1,1,1,Criterion Capital Partners
ORG:Critics.com,Critics.com,ORG,False,1,1,1,Critics.com
PERSON:Crocker,Crocker,PERSON,False,1,1,1,Crocker
ORG:Crown,Crown,ORG,False,1,1,1,Crown
PERSON:Crown Prince Philippe,Crown Prince Philippe,PERSON,False,1,1,1,Crown Prince Philippe
PERSON:Crowther,Crowther,PERSON,False,1,1,1,Crowther
ORG:Crux,Crux,ORG,False,1,1,1,Crux
ORG:Cryospheric Sciences Program,Cryospheric Sciences Program,ORG,False,1,1,1,Cryospheric Sciences Program
PERSON:Cuntz,Cuntz,PERSON,False,1,1,1,Cuntz
WORK_OF_ART:Cupboard,Cupboard,WORK_OF_ART,False,1,1,1,Cupboard
ORG:Cushing,Cushing,ORG,False,1,1,1,Cushing
ORG:Cute 1.7+APD-2 and SEEDS-2,Cute 1.7+APD-2 and SEEDS-2,ORG,False,1,1,1,Cute 1.7+APD-2 and SEEDS-2
NORP:Czech,Czech,NORP,False,1,1,1,Czech
GPE:DC,DC,GPE,False,1,1,1,DC
ORG:DEM,DEM,ORG,False,1,1,1,DEM
ORG:DFH-3,DFH-3,ORG,False,1,1,1,DFH-3
WORK_OF_ART:DIRECTV and Telkom 2,DIRECTV and Telkom 2,WORK_OF_ART,False,1,1,1,DIRECTV and Telkom 2
GPE:DK1,DK1,GPE,False,1,1,1,DK1
ORG:DOD,DOD,ORG,False,1,1,1,DOD
ORG:Daily Courier,Daily Courier,ORG,False,1,1,1,the Daily Courier
"PERSON:Daisuke ""Dice-K"" Enomoto","Daisuke ""Dice-K"" Enomoto",PERSON,False,1,1,1,"Daisuke ""Dice-K"" Enomoto"
GPE:Dallas,Dallas,GPE,False,1,1,1,Dallas
PERSON:Daly,Daly,PERSON,False,1,1,1,Daly
PERSON:Dan Burbank,Dan Burbank,PERSON,False,1,1,1,Dan Burbank
PERSON:Dan Halutz,Dan Halutz,PERSON,False,1,1,1,Dan Halutz
PERSON:Dan MacMillan,Dan MacMillan,PERSON,False,1,1,1,Dan MacMillan
PERSON:Dan Tani,Dan Tani,PERSON,False,1,1,1,Dan Tani
PERSON:Dan Wertheimer,Dan Wertheimer,PERSON,False,1,1,1,Dan Wertheimer
PERSON:Daniel Andrews,Daniel Andrews,PERSON,False,1,1,1,Daniel Andrews
PERSON:Daniel Huber,Daniel Huber,PERSON,False,1,1,1,Daniel Huber
PERSON:Daniel Scheeres,Daniel Scheeres,PERSON,False,1,1,1,Daniel Scheeres
PERSON:Daniel Tani,Daniel Tani,PERSON,False,1,1,1,Daniel Tani
PERSON:Danny Olivas,Danny Olivas,PERSON,False,1,1,1,Danny Olivas
PERSON:Darmstadt,Darmstadt,PERSON,False,1,1,1,Darmstadt
ORG:Data Evaluation Laboratory,Data Evaluation Laboratory,ORG,False,1,1,1,the Data Evaluation Laboratory
ORG:Data Handling Unit,Data Handling Unit,ORG,False,1,1,1,Data Handling Unit
PERSON:Dave Anderson,Dave Anderson,PERSON,False,1,1,1,Dave Anderson
PERSON:Dave Pooley,Dave Pooley,PERSON,False,1,1,1,Dave Pooley
PERSON:David,David,PERSON,False,1,1,1,David
PERSON:David Asher,David Asher,PERSON,False,1,1,1,David Asher
PERSON:David Bowie,David Bowie,PERSON,False,1,1,1,David Bowie
PERSON:David Burrows,David Burrows,PERSON,False,1,1,1,David Burrows
PERSON:David Charbonneau,David Charbonneau,PERSON,False,1,1,1,David Charbonneau
PERSON:David Cohen,David Cohen,PERSON,False,1,1,1,David Cohen
PERSON:David Cooke,David Cooke,PERSON,False,1,1,1,David Cooke
PERSON:David J. Comas,David J. Comas,PERSON,False,1,1,1,David J. Comas
PERSON:David Jewitt,David Jewitt,PERSON,False,1,1,1,David Jewitt
PERSON:David Kerridge,David Kerridge,PERSON,False,1,1,1,David Kerridge
PERSON:David Leckrone,David Leckrone,PERSON,False,1,1,1,David Leckrone
PERSON:David Leonard,David Leonard,PERSON,False,1,1,1,David Leonard
PERSON:David Malcom,David Malcom,PERSON,False,1,1,1,David Malcom
PERSON:David McComas,David McComas,PERSON,False,1,1,1,David McComas
PERSON:David Musson,David Musson,PERSON,False,1,1,1,David Musson
PERSON:David P. Anderson,David P. Anderson,PERSON,False,1,1,1,David P. Anderson
PERSON:David Southwood,David Southwood,PERSON,False,1,1,1,David Southwood
PERSON:David Spencer,David Spencer,PERSON,False,1,1,1,David Spencer
PERSON:David Syzdek,David Syzdek,PERSON,False,1,1,1,David Syzdek
PERSON:David Whitesides,David Whitesides,PERSON,False,1,1,1,David Whitesides
ORG:De Revolutionibus Orbium Coelestium,De Revolutionibus Orbium Coelestium,ORG,False,1,1,1,De Revolutionibus Orbium Coelestium
PERSON:DeWinne,DeWinne,PERSON,False,1,1,1,DeWinne
ORG:DeWolfe,DeWolfe,ORG,False,1,1,1,DeWolfe
DATE:Dec. 19,Dec. 19,DATE,True,1,1,1,Dec. 19
NORP:Deccan,Deccan,NORP,False,1,1,1,Deccan
"DATE:December 12, 2004","December 12, 2004",DATE,True,1,1,1,"December 12, 2004"
"DATE:December 12, 2006","December 12, 2006",DATE,True,1,1,1,"December 12, 2006"
"DATE:December 14, 2006","December 14, 2006",DATE,True,1,1,1,"December 14, 2006"
DATE:December 1999,December 1999,DATE,True,1,1,1,December 1999
DATE:December 2002,December 2002,DATE,True,1,1,1,December 2002
DATE:December 2003,December 2003,DATE,True,1,1,1,December 2003
DATE:December 27,December 27,DATE,True,1,1,1,December 27
"DATE:December 30, 2005","December 30, 2005",DATE,True,1,1,1,"December 30, 2005"
"DATE:December 5, 2010","December 5, 2010",DATE,True,1,1,1,"December 5, 2010"
DATE:December 6,December 6,DATE,True,1,1,1,December 6
DATE:December 6th,December 6th,DATE,True,1,1,1,December 6th
DATE:December 7,December 7,DATE,True,1,1,1,December 7
DATE:December of 2006,December of 2006,DATE,True,1,1,1,December of 2006
"DATE:December, 2006","December, 2006",DATE,True,1,1,1,"December, 2006"
WORK_OF_ART:Deep inside,Deep inside,WORK_OF_ART,False,1,1,1,Deep inside
ORG:Defense Advanced Research Projects Agency,Defense Advanced Research Projects Agency,ORG,False,1,1,1,the Defense Advanced Research Projects Agency
ORG:Defense Ministry,Defense Ministry,ORG,False,1,1,1,the Defense Ministry
ORG:Delft University of Technology,Delft University of Technology,ORG,False,1,1,1,the Delft University of Technology
PRODUCT:Delta 2,Delta 2,PRODUCT,False,1,1,1,Delta 2
LOC:Delta III,Delta III,LOC,False,1,1,1,the Delta III
ORG:Delta-K,Delta-K,ORG,False,1,1,1,Delta-K
PERSON:Denis Thompson,Denis Thompson,PERSON,False,1,1,1,Denis Thompson
GPE:Denmark,Denmark,GPE,False,1,1,1,Denmark
PERSON:Dennis Tito,Dennis Tito,PERSON,False,1,1,1,Dennis Tito
ORG:Department of,Department of,ORG,False,1,1,1,Department of
ORG:Department of Defense,Department of Defense,ORG,False,1,1,1,Department of Defense
ORG:Department of Public Safety,Department of Public Safety,ORG,False,1,1,1,the Department of Public Safety
ORG:Department of Space,Department of Space,ORG,False,1,1,1,the Department of Space
ORG:Department of Terrestrial Magnetism,Department of Terrestrial Magnetism,ORG,False,1,1,1,the Department of Terrestrial Magnetism
ORG:Departments of Commerce,Departments of Commerce,ORG,False,1,1,1,Departments of Commerce
PERSON:Desaguadero Hospital,Desaguadero Hospital,PERSON,False,1,1,1,Desaguadero Hospital
ORG:Destiny Lab,Destiny Lab,ORG,False,1,1,1,Destiny Lab
PRODUCT:Deuteronilus,Deuteronilus,PRODUCT,False,1,1,1,Deuteronilus
PERSON:Deuteronilus,Deuteronilus,PERSON,False,1,1,1,Deuteronilus
PERSON:Dexterous Manipulator,Dexterous Manipulator,PERSON,False,1,1,1,Dexterous Manipulator
PERSON:Dick Fisher,Dick Fisher,PERSON,False,1,1,1,Dick Fisher
PERSON:Diffenbaugh,Diffenbaugh,PERSON,False,1,1,1,Diffenbaugh
WORK_OF_ART:Digistar II,Digistar II,WORK_OF_ART,False,1,1,1,Digistar II'
PERSON:Dimitri Kondratyev,Dimitri Kondratyev,PERSON,False,1,1,1,Dimitri Kondratyev
GPE:Discover,Discover,GPE,False,1,1,1,Discover
PERSON:Distributed Computing,Distributed Computing,PERSON,False,1,1,1,Distributed Computing
WORK_OF_ART:Distributed Computing,Distributed Computing,WORK_OF_ART,False,1,1,1,Distributed Computing
WORK_OF_ART:Diversity Myth,Diversity Myth,WORK_OF_ART,False,1,1,1,The Diversity Myth
ORG:Division of the Senior Review (SR,Division of the Senior Review (SR,ORG,False,1,1,1,Division of the Senior Review (SR
PERSON:Dmitri Kondratyev,Dmitri Kondratyev,PERSON,False,1,1,1,Dmitri Kondratyev
PERSON:Dmitry Rogozin,Dmitry Rogozin,PERSON,False,1,1,1,Dmitry Rogozin
PERSON:Doan Hop Le,Doan Hop Le,PERSON,False,1,1,1,Doan Hop Le
PERSON:Dolly Perkins,Dolly Perkins,PERSON,False,1,1,1,Dolly Perkins
PERSON:Don Campbell,Don Campbell,PERSON,False,1,1,1,Don Campbell
PERSON:Donald Pettit,Donald Pettit,PERSON,False,1,1,1,Donald Pettit
PERSON:Donald Rumsfeld,Donald Rumsfeld,PERSON,False,1,1,1,Donald Rumsfeld
PERSON:Donald Trump,Donald Trump,PERSON,False,1,1,1,Donald Trump
GPE:Dorado,Dorado,GPE,False,1,1,1,Dorado
PERSON:Doug Clowe,Doug Clowe,PERSON,False,1,1,1,Doug Clowe
PERSON:Doug Hurley,Doug Hurley,PERSON,False,1,1,1,Doug Hurley
PERSON:Doug McCuistion,Doug McCuistion,PERSON,False,1,1,1,Doug McCuistion
PERSON:Dough McCuistion,Dough McCuistion,PERSON,False,1,1,1,Dough McCuistion
PERSON:Douglas Adams,Douglas Adams,PERSON,False,1,1,1,Douglas Adams'
PERSON:Douglas Biesecker,Douglas Biesecker,PERSON,False,1,1,1,Douglas Biesecker
PERSON:Douglas Hamilton,Douglas Hamilton,PERSON,False,1,1,1,Douglas Hamilton
PERSON:Douglas Hurley,Douglas Hurley,PERSON,False,1,1,1,Douglas Hurley
PERSON:Dr Lomb,Dr Lomb,PERSON,False,1,1,1,Dr Lomb
PERSON:Dr Weiler,Dr Weiler,PERSON,False,1,1,1,Dr Weiler
ORG:Drake,Drake,ORG,False,1,1,1,Drake
PERSON:Drayson,Drayson,PERSON,False,1,1,1,Drayson
ORG:Dryden Flight Research Center,Dryden Flight Research Center,ORG,False,1,1,1,Dryden Flight Research Center
PERSON:Dröscher,Dröscher,PERSON,False,1,1,1,Dröscher
ORG:Dröscher,Dröscher,ORG,False,1,1,1,Dröscher &
ORG:Duxbury,Duxbury,ORG,False,1,1,1,Duxbury
PERSON:Dwarf Galaxy,Dwarf Galaxy,PERSON,False,1,1,1,Dwarf Galaxy
ORG:Dzhezkazgan,Dzhezkazgan,ORG,False,1,1,1,Dzhezkazgan
ORG:E.S.A,E.S.A,ORG,False,1,1,1,E.S.A
ORG:ECO,ECO,ORG,False,1,1,1,ECO
ORG:ELE,ELE,ORG,False,1,1,1,ELE
ORG:ELIPS,ELIPS,ORG,False,1,1,1,ELIPS
ORG:ELM-PS,ELM-PS,ORG,False,1,1,1,ELM-PS
ORG:EROS,EROS,ORG,False,1,1,1,EROS
ORG:EUR,EUR,ORG,False,1,1,1,EUR
ORG:EVA,EVA,ORG,False,1,1,1,EVA
ORG:Eagle,Eagle,ORG,False,1,1,1,Eagle
DATE:Earlier this year,Earlier this year,DATE,True,1,1,1,Earlier this year
DATE:Early last year,Early last year,DATE,True,1,1,1,Early last year
PERSON:Earthlike,Earthlike,PERSON,False,1,1,1,Earthlike
LOC:East,East,LOC,False,1,1,1,East
ORG:Eastern Time,Eastern Time,ORG,False,1,1,1,Eastern Time
PERSON:Eberhard Gruen,Eberhard Gruen,PERSON,False,1,1,1,Eberhard Gruen
PERSON:Echostar,Echostar,PERSON,False,1,1,1,Echostar
ORG:Echostar Corporation for DISH Network,Echostar Corporation for DISH Network,ORG,False,1,1,1,Echostar Corporation for DISH Network
PRODUCT:Echostar XI,Echostar XI,PRODUCT,False,1,1,1,Echostar XI
LAW:Echostar-CBM,Echostar-CBM,LAW,False,1,1,1,Echostar-CBM
LOC:Ecliptic,Ecliptic,LOC,False,1,1,1,Ecliptic
PERSON:Ed Campion,Ed Campion,PERSON,False,1,1,1,Ed Campion
PERSON:Ed Mango,Ed Mango,PERSON,False,1,1,1,Ed Mango
PERSON:Ed Weiler,Ed Weiler,PERSON,False,1,1,1,Ed Weiler
GPE:Edinburgh,Edinburgh,GPE,False,1,1,1,Edinburgh
PERSON:Edward Lu,Edward Lu,PERSON,False,1,1,1,Edward Lu
PERSON:Edwin Holmes,Edwin Holmes,PERSON,False,1,1,1,Edwin Holmes
PERSON:Effelsberg,Effelsberg,PERSON,False,1,1,1,Effelsberg
GPE:Egypt,Egypt,GPE,False,1,1,1,Egypt
ORG:Egyptian Mineral Resources Authority,Egyptian Mineral Resources Authority,ORG,False,1,1,1,The Egyptian Mineral Resources Authority
TIME:Eight and a half minutes,Eight and a half minutes,TIME,True,1,1,1,Eight and a half minutes
ORG:Einstein,Einstein,ORG,False,1,1,1,Einstein &
PRODUCT:Ekspress AM-33,Ekspress AM-33,PRODUCT,False,1,1,1,the Ekspress AM-33
ORG:Electronic Parts and Packaging Program,Electronic Parts and Packaging Program,ORG,False,1,1,1,Electronic Parts and Packaging Program
PERSON:Ellen Stofan,Ellen Stofan,PERSON,False,1,1,1,Ellen Stofan
PERSON:Ellis Yu,Ellis Yu,PERSON,False,1,1,1,Ellis Yu
PERSON:Elysium Planitia,Elysium Planitia,PERSON,False,1,1,1,Elysium Planitia
NORP:Enceladean,Enceladean,NORP,False,1,1,1,Enceladean
ORG:Endeavor,Endeavor,ORG,False,1,1,1,Endeavor
NORP:Endeavour,Endeavour,NORP,False,1,1,1,Endeavour
ORG:Endeavours,Endeavours,ORG,False,1,1,1,Endeavours
PERSON:Endurance Crater,Endurance Crater,PERSON,False,1,1,1,Endurance Crater
ORG:Energia,Energia,ORG,False,1,1,1,Energia
PERSON:Engine Cutoff,Engine Cutoff,PERSON,False,1,1,1,Engine Cutoff
ORG:Engineers,Engineers,ORG,False,1,1,1,Engineers
WORK_OF_ART:English Tea,English Tea,WORK_OF_ART,False,1,1,1,English Tea
PERSON:Enrico Saggese,Enrico Saggese,PERSON,False,1,1,1,Enrico Saggese
PERSON:Eric Jullo,Eric Jullo,PERSON,False,1,1,1,Eric Jullo
PERSON:Eric Korpela,Eric Korpela,PERSON,False,1,1,1,Eric Korpela
GPE:Ernesto,Ernesto,GPE,False,1,1,1,Ernesto
CELESTIAL:Eros,Eros,CELESTIAL,False,1,1,1,Eros
PERSON:Esposito,Esposito,PERSON,False,1,1,1,Esposito
PERSON:Eta Carinae,Eta Carinae,PERSON,False,1,1,1,Eta Carinae
WORK_OF_ART:Etched Terrain,Etched Terrain,WORK_OF_ART,False,1,1,1,Etched Terrain
PERSON:Eugene Cernan,Eugene Cernan,PERSON,False,1,1,1,Eugene Cernan
ORG:European Automated Transfer Vehicle,European Automated Transfer Vehicle,ORG,False,1,1,1,the European Automated Transfer Vehicle
ORG:European GIOVE-B,European GIOVE-B,ORG,False,1,1,1,the European GIOVE-B
ORG:European Geosciences Union,European Geosciences Union,ORG,False,1,1,1,the European Geosciences Union
ORG:European Space Operations Centre,European Space Operations Centre,ORG,False,1,1,1,the European Space Operations Centre
ORG:European Spacelab,European Spacelab,ORG,False,1,1,1,the European Spacelab
ORG:European Spaceport,European Spaceport,ORG,False,1,1,1,European Spaceport
ORG:European Union,European Union,ORG,False,1,1,1,the European Union
ORG:European organisation,European organisation,ORG,False,1,1,1,the European organisation
NORP:Europeans,Europeans,NORP,False,1,1,1,Europeans
ORG:Eurosat,Eurosat,ORG,False,1,1,1,Eurosat
ORG:Eurostar,Eurostar,ORG,False,1,1,1,Eurostar
PERSON:Evans,Evans,PERSON,False,1,1,1,Evans
PERSON:Evelyn Husband-Thompson,Evelyn Husband-Thompson,PERSON,False,1,1,1,Evelyn Husband-Thompson
DATE:Every 150 days,Every 150 days,DATE,True,1,1,1,Every 150 days
PRODUCT:Expedition,Expedition,PRODUCT,False,1,1,1,Expedition
PRODUCT:Expedition 17,Expedition 17,PRODUCT,False,1,1,1,Expedition 17
EVENT:Expedition 17,Expedition 17,EVENT,False,1,1,1,Expedition 17
EVENT:Expedition 20,Expedition 20,EVENT,False,1,1,1,Expedition 20
EVENT:Expedition 24,Expedition 24,EVENT,False,1,1,1,Expedition 24
EVENT:Expedition 25,Expedition 25,EVENT,False,1,1,1,Expedition 25
EVENT:Expedition 28,Expedition 28,EVENT,False,1,1,1,Expedition 28
DATE:Expedition 31,Expedition 31,DATE,True,1,1,1,Expedition 31
LAW:Expedition 31,Expedition 31,LAW,False,1,1,1,Expedition 31
PRODUCT:Expedition 35,Expedition 35,PRODUCT,False,1,1,1,Expedition 35
EVENT:Expedition 39,Expedition 39,EVENT,False,1,1,1,Expedition 39
EVENT:Expedition 40,Expedition 40,EVENT,False,1,1,1,Expedition 40
EVENT:Expedition 57,Expedition 57,EVENT,False,1,1,1,Expedition 57
ORG:Exploration Transportation System,Exploration Transportation System,ORG,False,1,1,1,Exploration Transportation System
PRODUCT:Explorers,Explorers,PRODUCT,False,1,1,1,Explorers
NORP:Explorers,Explorers,NORP,False,1,1,1,Explorers
PERSON:Express AM-33,Express AM-33,PERSON,False,1,1,1,Express AM-33
ORG:Express Production Real-time e-VLBI Service,Express Production Real-time e-VLBI Service,ORG,False,1,1,1,the Express Production Real-time e-VLBI Service
ORG:Extinction Level Event,Extinction Level Event,ORG,False,1,1,1,Extinction Level Event
NORP:Extra,Extra,NORP,False,1,1,1,Extra
ORG:Extra Extended Long Tank Thor,Extra Extended Long Tank Thor,ORG,False,1,1,1,Extra Extended Long Tank Thor
PRODUCT:F-16,F-16,PRODUCT,False,1,1,1,F-16
ORG:FBI,FBI,ORG,False,1,1,1,FBI
ORG:FOIA,FOIA,ORG,False,1,1,1,FOIA
ORG:FOX News,FOX News,ORG,False,1,1,1,FOX News
DATE:FY 2010,FY 2010,DATE,True,1,1,1,FY 2010
DATE:FY 2011,FY 2011,DATE,True,1,1,1,FY 2011
WORK_OF_ART:Fabrizio Nicastro,Fabrizio Nicastro,WORK_OF_ART,False,1,1,1,Fabrizio Nicastro
ORG:Facebook,Facebook,ORG,False,1,1,1,Facebook's
WORK_OF_ART:Facebook and MySpace,Facebook and MySpace,WORK_OF_ART,False,1,1,1,Facebook and MySpace
WORK_OF_ART:Facebook and YouTube,Facebook and YouTube,WORK_OF_ART,False,1,1,1,Facebook and YouTube
ORG:Failure Review Oversight Board,Failure Review Oversight Board,ORG,False,1,1,1,Failure Review Oversight Board
LAW:Falcon 5,Falcon 5,LAW,False,1,1,1,Falcon 5
PRODUCT:FalconSat 2,FalconSat 2,PRODUCT,False,1,1,1,FalconSat 2
NORP:Fantastic,Fantastic,NORP,False,1,1,1,Fantastic
ORG:Far Infrared,Far Infrared,ORG,False,1,1,1,the Far Infrared
ORG:Fars News Agency,Fars News Agency,ORG,False,1,1,1,the Fars News Agency
ORG:Fast Auroral,Fast Auroral,ORG,False,1,1,1,Fast Auroral
ORG:Fault diagrams,Fault diagrams,ORG,False,1,1,1,Fault diagrams
DATE:Feb. 1,Feb. 1,DATE,True,1,1,1,Feb. 1
"DATE:Feb. 1, 2003","Feb. 1, 2003",DATE,True,1,1,1,"Feb. 1, 2003"
DATE:Feb. 7,Feb. 7,DATE,True,1,1,1,Feb. 7
DATE:February 1,February 1,DATE,True,1,1,1,February 1
DATE:February 14th,February 14th,DATE,True,1,1,1,February 14th
DATE:February 16th,February 16th,DATE,True,1,1,1,February 16th
DATE:February 17 and March 9,February 17 and March 9,DATE,True,1,1,1,February 17 and March 9
DATE:February 18,February 18,DATE,True,1,1,1,February 18
EVENT:February 2,February 2,EVENT,False,1,1,1,the February 2
DATE:February 2006,February 2006,DATE,True,1,1,1,February 2006
DATE:February 2011,February 2011,DATE,True,1,1,1,February 2011
DATE:February 2nd,February 2nd,DATE,True,1,1,1,February 2nd
"DATE:February 3, 2005","February 3, 2005",DATE,True,1,1,1,"the February 3, 2005"
DATE:February 4,February 4,DATE,True,1,1,1,February 4
"DATE:February 4, 2009","February 4, 2009",DATE,True,1,1,1,"February 4, 2009"
"DATE:February 7, 1999","February 7, 1999",DATE,True,1,1,1,"February 7, 1999"
DATE:February 9,February 9,DATE,True,1,1,1,February 9
"DATE:February, 2005","February, 2005",DATE,True,1,1,1,"February, 2005"
ORG:Federal Space Agency,Federal Space Agency,ORG,False,1,1,1,the Federal Space Agency
PERSON:Felix J. Lockman,Felix J. Lockman,PERSON,False,1,1,1,Felix J. Lockman
PERSON:Feng Yun 1C,Feng Yun 1C,PERSON,False,1,1,1,The Feng Yun 1C
GPE:Ferguson,Ferguson,GPE,False,1,1,1,Ferguson
SPACECRAFT:Fermi,Fermi,SPACECRAFT,False,1,1,1,Fermi
NORP:Fetian,Fetian,NORP,False,1,1,1,Fetian
PERSON:Fields,Fields,PERSON,False,1,1,1,Fields
GPE:Fields,Fields,GPE,False,1,1,1,Fields
PRODUCT:FileCabi,FileCabi,PRODUCT,False,1,1,1,FileCabi
ORG:Fincke,Fincke,ORG,False,1,1,1,Fincke
GPE:Finland,Finland,GPE,False,1,1,1,Finland
GPE:Finnmark,Finnmark,GPE,False,1,1,1,Finnmark
ORG:First Orbit,First Orbit,ORG,False,1,1,1,First Orbit
DATE:Five days,Five days,DATE,True,1,1,1,Five days
DATE:Five years ago,Five years ago,DATE,True,1,1,1,Five years ago
GPE:Flagstaff,Flagstaff,GPE,False,1,1,1,Flagstaff
PERSON:Flash,Flash,PERSON,False,1,1,1,Flash
PERSON:Flash Evaporator System,Flash Evaporator System,PERSON,False,1,1,1,Flash Evaporator System
ORG:Flash Evaporator System,Flash Evaporator System,ORG,False,1,1,1,The Flash Evaporator System
PERSON:Flickr,Flickr,PERSON,False,1,1,1,Flickr
PRODUCT:Flight,Flight,PRODUCT,False,1,1,1,Flight
DATE:Flight Day 3,Flight Day 3,DATE,True,1,1,1,Flight Day 3
ORG:Flight Readiness Review,Flight Readiness Review,ORG,False,1,1,1,Flight Readiness Review
ORG:Foale,Foale,ORG,False,1,1,1,Foale
PRODUCT:Foale,Foale,PRODUCT,False,1,1,1,Foale
PERSON:Fog Cutter,Fog Cutter,PERSON,False,1,1,1,Fog Cutter
WORK_OF_ART:Fog Cutter Capital Group,Fog Cutter Capital Group,WORK_OF_ART,False,1,1,1,Fog Cutter Capital Group
ORG:Ford,Ford,ORG,False,1,1,1,Ford
DATE:Four and a half hours later,Four and a half hours later,DATE,True,1,1,1,Four and a half hours later
TIME:Four minutes,Four minutes,TIME,True,1,1,1,Four minutes
ORG:Fourth National Climate Assessment,Fourth National Climate Assessment,ORG,False,1,1,1,the Fourth National Climate Assessment
DATE:Fourth of July,Fourth of July,DATE,True,1,1,1,Fourth of July
PERSON:Fran Cranshaw,Fran Cranshaw,PERSON,False,1,1,1,Fran Cranshaw
PERSON:Frances Barwood,Frances Barwood,PERSON,False,1,1,1,Frances Barwood
PERSON:Francis Everitt,Francis Everitt,PERSON,False,1,1,1,Francis Everitt
PERSON:Francis O'Donovan,Francis O'Donovan,PERSON,False,1,1,1,Francis O'Donovan
PERSON:Frank Culbertson,Frank Culbertson,PERSON,False,1,1,1,Frank Culbertson
PERSON:Frank Postberg,Frank Postberg,PERSON,False,1,1,1,Frank Postberg
PERSON:Fred Taylor,Fred Taylor,PERSON,False,1,1,1,Fred Taylor
ORG:Freddy de Guchteneire,Freddy de Guchteneire,ORG,False,1,1,1,Freddy de Guchteneire
ORG:Frederic Pont,Frederic Pont,ORG,False,1,1,1,Frederic Pont
"WORK_OF_ART:Freebies, Deals, &amp","Freebies, Deals, &amp",WORK_OF_ART,False,1,1,1,"Freebies, Deals, &amp"
LAW:Freedom of Information Act,Freedom of Information Act,LAW,False,1,1,1,the Freedom of Information Act
GPE:Freehold Township,Freehold Township,GPE,False,1,1,1,Freehold Township
PRODUCT:Fregat,Fregat,PRODUCT,False,1,1,1,Fregat
ORG:Fregat,Fregat,ORG,False,1,1,1,Fregat
ORG:French Space Agency,French Space Agency,ORG,False,1,1,1,the French Space Agency
ORG:Frenchman,Frenchman,ORG,False,1,1,1,Frenchman
NORP:Frenchman,Frenchman,NORP,False,1,1,1,Frenchman
DATE:Friday February 13,Friday February 13,DATE,True,1,1,1,Friday February 13
DATE:Friday June 6,Friday June 6,DATE,True,1,1,1,Friday June 6
DATE:Friday May 30,Friday May 30,DATE,True,1,1,1,Friday May 30
"DATE:Friday May 30, 2008","Friday May 30, 2008",DATE,True,1,1,1,"Friday May 30, 2008"
"DATE:Friday September 8, 2006","Friday September 8, 2006",DATE,True,1,1,1,"Friday September 8, 2006"
TIME:Friday night,Friday night,TIME,True,1,1,1,Friday night
DATE:Friday&amp;ndash;Saturday &amp;mdash;depending,Friday&amp;ndash;Saturday &amp;mdash;depending,DATE,True,1,1,1,Friday&amp;ndash;Saturday &amp;mdash;depending
"DATE:Friday, September 14","Friday, September 14",DATE,True,1,1,1,"Friday, September 14"
WORK_OF_ART:Friends,Friends,WORK_OF_ART,False,1,1,1,Friends
LOC:Frombork,Frombork,LOC,False,1,1,1,Frombork
PERSON:Fuk Li,Fuk Li,PERSON,False,1,1,1,Fuk Li
PERSON:Fukun Liu,Fukun Liu,PERSON,False,1,1,1,Fukun Liu
ORG:Fundamental Space Biology Program,Fundamental Space Biology Program,ORG,False,1,1,1,the Fundamental Space Biology Program
PERSON:G Madhavan Nair,G Madhavan Nair,PERSON,False,1,1,1,G Madhavan Nair
PERSON:G. Madhavan Nair,G. Madhavan Nair,PERSON,False,1,1,1,G. Madhavan Nair
PRODUCT:G1,G1,PRODUCT,False,1,1,1,G1
PRODUCT:GBT,GBT,PRODUCT,False,1,1,1,GBT
ORG:GEO,GEO,ORG,False,1,1,1,GEO
ORG:GIOVE-A,GIOVE-A,ORG,False,1,1,1,GIOVE-A
PERSON:GLAST,GLAST,PERSON,False,1,1,1,GLAST
PRODUCT:GOES-12,GOES-12,PRODUCT,False,1,1,1,GOES-12
ORG:GRB,GRB,ORG,False,1,1,1,GRB
PRODUCT:GSC 02620-00648,GSC 02620-00648,PRODUCT,False,1,1,1,GSC 02620-00648
SPACECRAFT:GSLV,GSLV,SPACECRAFT,False,1,1,1,GSLV
ORG:GUCP,GUCP,ORG,False,1,1,1,GUCP
PERSON:Gagarin,Gagarin,PERSON,False,1,1,1,Gagarin
ORG:Galactic Centre,Galactic Centre,ORG,False,1,1,1,the Galactic Centre
ORG:Galactic hydrogen,Galactic hydrogen,ORG,False,1,1,1,Galactic hydrogen
PERSON:Gamma,Gamma,PERSON,False,1,1,1,Gamma
PERSON:Gamma Cephei,Gamma Cephei,PERSON,False,1,1,1,Gamma Cephei
PERSON:Gamma Crucis,Gamma Crucis,PERSON,False,1,1,1,Gamma Crucis
GPE:Garan,Garan,GPE,False,1,1,1,Garan
PERSON:Gareth Williams,Gareth Williams,PERSON,False,1,1,1,Gareth Williams
ORG:Gaudi,Gaudi,ORG,False,1,1,1,Gaudi
ORG:Gemini 9,Gemini 9,ORG,False,1,1,1,Gemini 9
FAC:Gemini Observatory,Gemini Observatory,FAC,False,1,1,1,the Gemini Observatory
SPACECRAFT:Gemini capsule,Gemini capsule,SPACECRAFT,False,1,1,1,Gemini capsule
PERSON:Gene Renuart,Gene Renuart,PERSON,False,1,1,1,Gene Renuart
GPE:Geneva,Geneva,GPE,False,1,1,1,Geneva
FAC:Geneva Observatory,Geneva Observatory,FAC,False,1,1,1,the Geneva Observatory
ORG:Geneva University,Geneva University,ORG,False,1,1,1,Geneva University
ORG:Geophysics Institute,Geophysics Institute,ORG,False,1,1,1,Geophysics Institute
PERSON:George Deutsch,George Deutsch,PERSON,False,1,1,1,George Deutsch
PERSON:George Djorgovski,George Djorgovski,PERSON,False,1,1,1,George Djorgovski
PERSON:George F. Smoot,George F. Smoot,PERSON,False,1,1,1,George F. Smoot
PERSON:George H.W. Bush,George H.W. Bush,PERSON,False,1,1,1,George H.W. Bush
PERSON:George J. Gleghorn,George J. Gleghorn,PERSON,False,1,1,1,George J. Gleghorn
PERSON:George J. Gleghorn However,George J. Gleghorn However,PERSON,False,1,1,1,George J. Gleghorn However
ORG:George Washington University,George Washington University,ORG,False,1,1,1,George Washington University
PERSON:George Zamka,George Zamka,PERSON,False,1,1,1,George Zamka
PERSON:Georgi Mandushev,Georgi Mandushev,PERSON,False,1,1,1,Georgi Mandushev
GPE:Georgia,Georgia,GPE,False,1,1,1,Georgia
GPE:Geotail,Geotail,GPE,False,1,1,1,Geotail
PERSON:Gerhard Schwehm,Gerhard Schwehm,PERSON,False,1,1,1,Gerhard Schwehm
ORG:German AISat,German AISat,ORG,False,1,1,1,the German AISat
PERSON:Gerstenmair,Gerstenmair,PERSON,False,1,1,1,Gerstenmair
PERSON:Ghassem Asrar,Ghassem Asrar,PERSON,False,1,1,1,Ghassem Asrar
PERSON:Giffords,Giffords,PERSON,False,1,1,1,Giffords
FAC:Giffords,Giffords,FAC,False,1,1,1,Giffords
ORG:Gilliland,Gilliland,ORG,False,1,1,1,Gilliland
PERSON:Giorgini,Giorgini,PERSON,False,1,1,1,Giorgini
GPE:Giotto,Giotto,GPE,False,1,1,1,Giotto
PERSON:Giovanni Domenico,Giovanni Domenico,PERSON,False,1,1,1,Giovanni Domenico
PERSON:Giuseppe Bernardis,Giuseppe Bernardis,PERSON,False,1,1,1,Giuseppe Bernardis
LOC:Glade,Glade,LOC,False,1,1,1,Glade
PERSON:Glen Cushing,Glen Cushing,PERSON,False,1,1,1,Glen Cushing
PERSON:Glenn Orton,Glenn Orton,PERSON,False,1,1,1,Glenn Orton
PERSON:Glennys Farrar,Glennys Farrar,PERSON,False,1,1,1,Glennys Farrar
PERSON:Gliese 436,Gliese 436,PERSON,False,1,1,1,Gliese 436
LAW:Gliese 581 d,Gliese 581 d,LAW,False,1,1,1,Gliese 581 d
PERSON:Global Surveyor,Global Surveyor,PERSON,False,1,1,1,Global Surveyor
WORK_OF_ART:Glory Trip 196GM,Glory Trip 196GM,WORK_OF_ART,False,1,1,1,Glory Trip 196GM
PERSON:Glyn Collinson,Glyn Collinson,PERSON,False,1,1,1,Glyn Collinson
PERSON:God,God,PERSON,False,1,1,1,God
FAC:Goddard Space Flight Centre,Goddard Space Flight Centre,FAC,False,1,1,1,the Goddard Space Flight Centre
PERSON:Godspeed,Godspeed,PERSON,False,1,1,1,Godspeed
PERSON:Goes,Goes,PERSON,False,1,1,1,Goes
GPE:Goheung,Goheung,GPE,False,1,1,1,Goheung
ORG:Goldstone,Goldstone,ORG,False,1,1,1,Goldstone
PERSON:Gondwana,Gondwana,PERSON,False,1,1,1,Gondwana
ORG:Gonets-D1M,Gonets-D1M,ORG,False,1,1,1,Gonets-D1M
ORG:Google Maps,Google Maps,ORG,False,1,1,1,Google Maps
PERSON:Graham,Graham,PERSON,False,1,1,1,Graham
PERSON:Grandma,Grandma,PERSON,False,1,1,1,Grandma
PERSON:Granville Angell,Granville Angell,PERSON,False,1,1,1,Granville Angell
EVENT:Great Observatories,Great Observatories,EVENT,False,1,1,1,Great Observatories
FAC:Great Wall of China,Great Wall of China,FAC,False,1,1,1,the Great Wall of China
WORK_OF_ART:Great White Spot,Great White Spot,WORK_OF_ART,False,1,1,1,Great White Spot
WORK_OF_ART:Great White Spots,Great White Spots,WORK_OF_ART,False,1,1,1,Great White Spots
GPE:Green Bank,Green Bank,GPE,False,1,1,1,Green Bank
LOC:Green Bank,Green Bank,LOC,False,1,1,1,Green Bank
LOC:Green Valley,Green Valley,LOC,False,1,1,1,the Green Valley
GPE:Greenwich,Greenwich,GPE,False,1,1,1,Greenwich
PERSON:Greg Johnson,Greg Johnson,PERSON,False,1,1,1,Greg Johnson
PERSON:Gregory C. Johnson,Gregory C. Johnson,PERSON,False,1,1,1,Gregory C. Johnson
PERSON:Gregory H. Johnson,Gregory H. Johnson,PERSON,False,1,1,1,Gregory H. Johnson
PERSON:Gregory Laughlin,Gregory Laughlin,PERSON,False,1,1,1,Gregory Laughlin
PERSON:Gregory Olsen,Gregory Olsen,PERSON,False,1,1,1,Gregory Olsen
ORG:Grenoble University,Grenoble University,ORG,False,1,1,1,Grenoble University
PERSON:Gross,Gross,PERSON,False,1,1,1,Gross
ORG:Ground Launch Sequencer,Ground Launch Sequencer,ORG,False,1,1,1,Ground Launch Sequencer
ORG:Ground Umbilical Carrier Plate,Ground Umbilical Carrier Plate,ORG,False,1,1,1,the Ground Umbilical Carrier Plate
ORG:Guardian,Guardian,ORG,False,1,1,1,Guardian
LOC:Gulf Coast,Gulf Coast,LOC,False,1,1,1,Gulf Coast
PERSON:Gusev,Gusev,PERSON,False,1,1,1,Gusev
PERSON:Gyros,Gyros,PERSON,False,1,1,1,Gyros
PERSON:Göran Pilbratt,Göran Pilbratt,PERSON,False,1,1,1,Göran Pilbratt
DATE:H.R. 2862 ',H.R. 2862 ',DATE,True,1,1,1,H.R. 2862 '
ORG:HAMSAT,HAMSAT,ORG,False,1,1,1,HAMSAT
ORG:HARPS,HARPS,ORG,False,1,1,1,HARPS
DATE:HD 189733b,HD 189733b,DATE,True,1,1,1,HD 189733b
ORG:HIFI,HIFI,ORG,False,1,1,1,HIFI
ORG:HRSC,HRSC,ORG,False,1,1,1,HRSC
GPE:Hadfield,Hadfield,GPE,False,1,1,1,Hadfield
GPE:Haiti,Haiti,GPE,False,1,1,1,Haiti
NORP:Haitian,Haitian,NORP,False,1,1,1,Haitian
PERSON:Hakan Svendem,Hakan Svendem,PERSON,False,1,1,1,Hakan Svendem
GPE:Hale,Hale,GPE,False,1,1,1,Hale
CELESTIAL:Hale-Bopp,Hale-Bopp,CELESTIAL,False,1,1,1,Hale-Bopp
ORG:Halley,Halley,ORG,False,1,1,1,Halley
PERSON:Hans Thirring,Hans Thirring,PERSON,False,1,1,1,Hans Thirring
ORG:Harper,Harper,ORG,False,1,1,1,Harper
ORG:Harrington,Harrington,ORG,False,1,1,1,Harrington
PERSON:Harrison Schmitt,Harrison Schmitt,PERSON,False,1,1,1,Harrison Schmitt
PERSON:Harry Winston,Harry Winston,PERSON,False,1,1,1,Harry Winston
PERSON:Hartmut Päsler,Hartmut Päsler,PERSON,False,1,1,1,Hartmut Päsler
ORG:Harvard,Harvard,ORG,False,1,1,1,Harvard
WORK_OF_ART:Have Fun,Have Fun,WORK_OF_ART,False,1,1,1,Have Fun
PERSON:Heavy Launcher,Heavy Launcher,PERSON,False,1,1,1,Heavy Launcher
GPE:Hebei province,Hebei province,GPE,False,1,1,1,Hebei province
PERSON:Heidi Hammel,Heidi Hammel,PERSON,False,1,1,1,Heidi Hammel
ORG:Heliocentric,Heliocentric,ORG,False,1,1,1,Heliocentric
ORG:Heliosphere,Heliosphere,ORG,False,1,1,1,Heliosphere
PERSON:Henry Kellner Eclipse de Luna de sangre,Henry Kellner Eclipse de Luna de sangre,PERSON,False,1,1,1,Henry Kellner Eclipse de Luna de sangre
ORG:Herald,Herald,ORG,False,1,1,1,Herald
GPE:Hercules,Hercules,GPE,False,1,1,1,Hercules
PERSON:HernandoJoseAJ,HernandoJoseAJ,PERSON,False,1,1,1,HernandoJoseAJ
ORG:Heterodyne Instrument,Heterodyne Instrument,ORG,False,1,1,1,The Heterodyne Instrument
PERSON:Hibiya,Hibiya,PERSON,False,1,1,1,Hibiya
ORG:Hidden,Hidden,ORG,False,1,1,1,Hidden
ORG:High Resolution Camera,High Resolution Camera,ORG,False,1,1,1,the High Resolution Camera
ORG:High Resolution Stereo Camera,High Resolution Stereo Camera,ORG,False,1,1,1,the High Resolution Stereo Camera
PERSON:Hillary,Hillary,PERSON,False,1,1,1,Hillary
NORP:Himalayan,Himalayan,NORP,False,1,1,1,Himalayan
NORP:Hindu,Hindu,NORP,False,1,1,1,Hindu
GPE:Hirschhorn,Hirschhorn,GPE,False,1,1,1,Hirschhorn
LOC:Hirschhorn,Hirschhorn,LOC,False,1,1,1,Hirschhorn
NORP:Hirtan,Hirtan,NORP,False,1,1,1,Hirtan
ORG:Hitchens,Hitchens,ORG,False,1,1,1,Hitchens
WORK_OF_ART:Hitchhiker's Guide,Hitchhiker's Guide,WORK_OF_ART,False,1,1,1,Hitchhiker's Guide
PERSON:Hohmann,Hohmann,PERSON,False,1,1,1,Hohmann
PERSON:Holger Sierks,Holger Sierks,PERSON,False,1,1,1,Holger Sierks
PERSON:Holi,Holi,PERSON,False,1,1,1,Holi
FAC:Holiness,Holiness,FAC,False,1,1,1,Holiness
PERSON:Holly Ridings,Holly Ridings,PERSON,False,1,1,1,Holly Ridings
PERSON:Holmes,Holmes,PERSON,False,1,1,1,Holmes
WORK_OF_ART:Holy Grail,Holy Grail,WORK_OF_ART,False,1,1,1,The Holy Grail
ORG:Home,Home,ORG,False,1,1,1,Home
ORG:Honeysuckle Creek Tracking Station,Honeysuckle Creek Tracking Station,ORG,False,1,1,1,Honeysuckle Creek Tracking Station
ORG:Horia Neculai Teodorescu,Horia Neculai Teodorescu,ORG,False,1,1,1,Horia Neculai Teodorescu
ORG:Horia Teodorescu,Horia Teodorescu,ORG,False,1,1,1,Horia Teodorescu
PERSON:Hoshide,Hoshide,PERSON,False,1,1,1,Hoshide
ORG:House,House,ORG,False,1,1,1,House
ORG:House Science Committee,House Science Committee,ORG,False,1,1,1,the House Science Committee
ORG:House of Representatives,House of Representatives,ORG,False,1,1,1,the House of Representatives
ORG:Houston Chronicle,Houston Chronicle,ORG,False,1,1,1,Houston Chronicle
PERSON:Hoyer,Hoyer,PERSON,False,1,1,1,Hoyer
PERSON:Hu Jintao,Hu Jintao,PERSON,False,1,1,1,Hu Jintao
PERSON:Hu Shixiang,Hu Shixiang,PERSON,False,1,1,1,Hu Shixiang
ORG:Hubble Space Telescope,Hubble Space Telescope,ORG,False,1,1,1,HST
PERSON:Hugues Gilbert,Hugues Gilbert,PERSON,False,1,1,1,Hugues Gilbert
ORG:Human Research Facility,Human Research Facility,ORG,False,1,1,1,the Human Research Facility
GPE:Hungary,Hungary,GPE,False,1,1,1,Hungary
PERSON:Hunter Waite,Hunter Waite,PERSON,False,1,1,1,Hunter Waite
GPE:Hurley,Hurley,GPE,False,1,1,1,Hurley
EVENT:Hurricane Dean,Hurricane Dean,EVENT,False,1,1,1,Hurricane Dean
EVENT:Hurricane Ophelia,Hurricane Ophelia,EVENT,False,1,1,1,Hurricane Ophelia
NORP:Hurschhorn,Hurschhorn,NORP,False,1,1,1,Hurschhorn
PERSON:Husband Hill,Husband Hill,PERSON,False,1,1,1,Husband Hill
ORG:Husband-Thompson,Husband-Thompson,ORG,False,1,1,1,Husband-Thompson
ORG:Hyakutake,Hyakutake,ORG,False,1,1,1,Hyakutake
ORG:Hydrazine,Hydrazine,ORG,False,1,1,1,Hydrazine
ORG:Hydrospheric,Hydrospheric,ORG,False,1,1,1,Hydrospheric
NORP:Hydrothermal,Hydrothermal,NORP,False,1,1,1,Hydrothermal
PERSON:Hygiea,Hygiea,PERSON,False,1,1,1,Hygiea
PERSON:Häuser,Häuser,PERSON,False,1,1,1,Häuser
ORG:IBEX,IBEX,ORG,False,1,1,1,IBEX
PERSON:IBEX-Lo,IBEX-Lo,PERSON,False,1,1,1,IBEX-Lo
NORP:IBMP,IBMP,NORP,False,1,1,1,IBMP
GPE:IIM-6,IIM-6,GPE,False,1,1,1,IIM-6
ORG:IMHO,IMHO,ORG,False,1,1,1,IMHO
ORG:IR,IR,ORG,False,1,1,1,IR
ORG:IRC,IRC,ORG,False,1,1,1,IRC
ORG:ISP,ISP,ORG,False,1,1,1,ISP
ORG:ISS&amp;mdash;consisting of Romanenko,ISS&amp;mdash;consisting of Romanenko,ORG,False,1,1,1,the ISS&amp;mdash;consisting of Romanenko
ORG:IST,IST,ORG,False,1,1,1,IST
ORG:IUZ,IUZ,ORG,False,1,1,1,IUZ
PERSON:Ian Kluft KO6YQ,Ian Kluft KO6YQ,PERSON,False,1,1,1,Ian Kluft KO6YQ
GPE:Iaşi,Iaşi,GPE,False,1,1,1,Iaşi
PERSON:Iaşi,Iaşi,PERSON,False,1,1,1,Iaşi
ORG:Iaşi University,Iaşi University,ORG,False,1,1,1,the Iaşi University
GPE:Idaho,Idaho,GPE,False,1,1,1,Idaho
PERSON:Ignacio Negueruela,Ignacio Negueruela,PERSON,False,1,1,1,Ignacio Negueruela
GPE:Ilan,Ilan,GPE,False,1,1,1,Ilan
PERSON:Ilan Ramon,Ilan Ramon,PERSON,False,1,1,1,Ilan Ramon
ORG:ImageSat International,ImageSat International,ORG,False,1,1,1,ImageSat International
ORG:Imaging X-Ray Spectrometer,Imaging X-Ray Spectrometer,ORG,False,1,1,1,Imaging X-Ray Spectrometer
WORK_OF_ART:Impactor Targeting Sensor,Impactor Targeting Sensor,WORK_OF_ART,False,1,1,1,the Impactor Targeting Sensor
"WORK_OF_ART:Impacts, Risks, and Adaptation","Impacts, Risks, and Adaptation",WORK_OF_ART,False,1,1,1,"Impacts, Risks, and Adaptation"
ORG:Imperial College,Imperial College,ORG,False,1,1,1,Imperial College
EVENT:Independence Day,Independence Day,EVENT,False,1,1,1,Independence Day
ORG:Indian Polar Satellite Launch Vehicle,Indian Polar Satellite Launch Vehicle,ORG,False,1,1,1,An Indian Polar Satellite Launch Vehicle
ORG:Inertial Upper Stage,Inertial Upper Stage,ORG,False,1,1,1,Inertial Upper Stage
PERSON:Infrared Spectrometer,Infrared Spectrometer,PERSON,False,1,1,1,Infrared Spectrometer
ORG:Infrared Telescope Facility,Infrared Telescope Facility,ORG,False,1,1,1,the Infrared Telescope Facility
ORG:Inmarsat,Inmarsat,ORG,False,1,1,1,Inmarsat
LOC:Inner Mongolia,Inner Mongolia,LOC,False,1,1,1,Inner Mongolia
PERSON:Inside Pentagon,Inside Pentagon,PERSON,False,1,1,1,Inside Pentagon
ORG:Insight,Insight,ORG,False,1,1,1,Insight
ORG:Institute d’Astrophysique de Paris France,Institute d’Astrophysique de Paris France,ORG,False,1,1,1,the Institute d’Astrophysique de Paris France
ORG:Institute for Geophysics and Extraterrestrial Physics,Institute for Geophysics and Extraterrestrial Physics,ORG,False,1,1,1,the Institute for Geophysics and Extraterrestrial Physics
ORG:Institute for Theoretical Astrophysics,Institute for Theoretical Astrophysics,ORG,False,1,1,1,the Institute for Theoretical Astrophysics
ORG:Institute of Astronomy,Institute of Astronomy,ORG,False,1,1,1,the Institute of Astronomy
ORG:Institute of Geophysics at University of Münster,Institute of Geophysics at University of Münster,ORG,False,1,1,1,the Institute of Geophysics at University of Münster
ORG:Institute of Meteoritics,Institute of Meteoritics,ORG,False,1,1,1,the Institute of Meteoritics
ORG:Integrated Truss Structure,Integrated Truss Structure,ORG,False,1,1,1,the Integrated Truss Structure
ORG:Inter-Agency Space Debris Coordination Committee,Inter-Agency Space Debris Coordination Committee,ORG,False,1,1,1,the Inter-Agency Space Debris Coordination Committee
ORG:Interfax news,Interfax news,ORG,False,1,1,1,Interfax news
ORG:International,International,ORG,False,1,1,1,International
ORG:International Association of Machinist and Aerospace Workers,International Association of Machinist and Aerospace Workers,ORG,False,1,1,1,the International Association of Machinist and Aerospace Workers
ORG:International Polar Year of 2007-2008,International Polar Year of 2007-2008,ORG,False,1,1,1,the International Polar Year of 2007-2008
ORG:Interplanetary Dust Particles,Interplanetary Dust Particles,ORG,False,1,1,1,Interplanetary Dust Particles
ORG:Interstellar Space,Interstellar Space,ORG,False,1,1,1,Interstellar Space
ORG:Iowa State University,Iowa State University,ORG,False,1,1,1,Iowa State University
GPE:Iraq,Iraq,GPE,False,1,1,1,Iraq
NORP:Iraqi,Iraqi,NORP,False,1,1,1,Iraqi
ORG:Iridium Communications,Iridium Communications,ORG,False,1,1,1,Iridium Communications
ORG:Israel Aerospace Industries,Israel Aerospace Industries,ORG,False,1,1,1,Israel Aerospace Industries
NORP:Israelis,Israelis,NORP,False,1,1,1,Israelis
ORG:Italian Air Force,Italian Air Force,ORG,False,1,1,1,the Italian Air Force
ORG:Italian National Institute for Astrophysics,Italian National Institute for Astrophysics,ORG,False,1,1,1,the Italian National Institute for Astrophysics
ORG:Izvestia,Izvestia,ORG,False,1,1,1,Izvestia
PERSON:J.S. Clark,J.S. Clark,PERSON,False,1,1,1,J.S. Clark
TIME:JEM PM,JEM PM,TIME,True,1,1,1,JEM PM
PERSON:JIMO,JIMO,PERSON,False,1,1,1,JIMO
ORG:JPEG,JPEG,ORG,False,1,1,1,JPEG
ORG:JPM,JPM,ORG,False,1,1,1,JPM
ORG:JSAT Corporation,JSAT Corporation,ORG,False,1,1,1,JSAT Corporation
ORG:JSC,JSC,ORG,False,1,1,1,JSC
PERSON:Jack Farmer,Jack Farmer,PERSON,False,1,1,1,Jack Farmer
PERSON:Jack Horkheimer,Jack Horkheimer,PERSON,False,1,1,1,Jack Horkheimer
GPE:Jackson County,Jackson County,GPE,False,1,1,1,Jackson County
ORG:Jacob engineering Inc,Jacob engineering Inc,ORG,False,1,1,1,Jacob engineering Inc.
ORG:Jacobs,Jacobs,ORG,False,1,1,1,Jacobs
ORG:Jacobs Engineering,Jacobs Engineering,ORG,False,1,1,1,Jacobs Engineering
PERSON:Jacques,Jacques,PERSON,False,1,1,1,Jacques
PERSON:Jacques Lepine,Jacques Lepine,PERSON,False,1,1,1,Jacques Lepine
PERSON:Jacques Patenet,Jacques Patenet,PERSON,False,1,1,1,Jacques Patenet
PERSON:Jacqui Smith,Jacqui Smith,PERSON,False,1,1,1,Jacqui Smith
GPE:Jade Rabbit,Jade Rabbit,GPE,False,1,1,1,Jade Rabbit
PERSON:Jafari,Jafari,PERSON,False,1,1,1,Jafari
PERSON:James Bond,James Bond,PERSON,False,1,1,1,James Bond
PERSON:James Greenwood,James Greenwood,PERSON,False,1,1,1,James Greenwood
PERSON:James Hansen,James Hansen,PERSON,False,1,1,1,James Hansen
PERSON:James Head,James Head,PERSON,False,1,1,1,James Head
PERSON:James Miller,James Miller,PERSON,False,1,1,1,James Miller
PERSON:James Webb,James Webb,PERSON,False,1,1,1,James Webb
PERSON:James Webb Space Telescope,James Webb Space Telescope,PERSON,False,1,1,1,JWST
DATE:Jan 23-24,Jan 23-24,DATE,True,1,1,1,Jan 23-24
DATE:Jan 24 2007,Jan 24 2007,DATE,True,1,1,1,Jan 24 2007
PERSON:Jan Tauber,Jan Tauber,PERSON,False,1,1,1,Jan Tauber
DATE:Jan. 17,Jan. 17,DATE,True,1,1,1,Jan. 17
DATE:Jan. 29-30,Jan. 29-30,DATE,True,1,1,1,Jan. 29-30
DATE:Jan. 5th,Jan. 5th,DATE,True,1,1,1,Jan. 5th
DATE:January 10,January 10,DATE,True,1,1,1,January 10
DATE:January 11 this year,January 11 this year,DATE,True,1,1,1,January 11 this year
DATE:January 14,January 14,DATE,True,1,1,1,January 14
"DATE:January 14, 2004","January 14, 2004",DATE,True,1,1,1,"January 14, 2004"
"DATE:January 14, 2005","January 14, 2005",DATE,True,1,1,1,"January 14, 2005"
DATE:January 15,January 15,DATE,True,1,1,1,January 15
"DATE:January 15, 2006","January 15, 2006",DATE,True,1,1,1,"January 15, 2006"
DATE:January 16,January 16,DATE,True,1,1,1,January 16
"DATE:January 17, 2005","January 17, 2005",DATE,True,1,1,1,"January 17, 2005"
"DATE:January 19, 2006","January 19, 2006",DATE,True,1,1,1,"January 19, 2006"
DATE:January 1986,January 1986,DATE,True,1,1,1,January 1986
DATE:January 1999,January 1999,DATE,True,1,1,1,January 1999
DATE:January 2003,January 2003,DATE,True,1,1,1,January 2003
DATE:January 2005,January 2005,DATE,True,1,1,1,January 2005
DATE:January 24,January 24,DATE,True,1,1,1,January 24
DATE:January 27,January 27,DATE,True,1,1,1,January 27
"DATE:January 27, 2007","January 27, 2007",DATE,True,1,1,1,"January 27, 2007"
"DATE:January 28, 1986","January 28, 1986",DATE,True,1,1,1,"January 28, 1986"
DATE:January 29,January 29,DATE,True,1,1,1,January 29
"DATE:January 29, 2008","January 29, 2008",DATE,True,1,1,1,"January 29, 2008"
DATE:January 2nd,January 2nd,DATE,True,1,1,1,January 2nd
"DATE:January 2nd, 2008","January 2nd, 2008",DATE,True,1,1,1,"January 2nd, 2008"
"DATE:January 5, 1972","January 5, 1972",DATE,True,1,1,1,"January 5, 1972"
DATE:January 8,January 8,DATE,True,1,1,1,January 8
DATE:January of 2004,January of 2004,DATE,True,1,1,1,January of 2004
"DATE:January, February","January, February",DATE,True,1,1,1,"January, February"
ORG:Japan Meteorological Agency,Japan Meteorological Agency,ORG,False,1,1,1,the Japan Meteorological Agency
ORG:Japanese Government,Japanese Government,ORG,False,1,1,1,the Japanese Government
PERSON:Jason Hirschhorn,Jason Hirschhorn,PERSON,False,1,1,1,Jason Hirschhorn
PERSON:Jason Safoutin,Jason Safoutin,PERSON,False,1,1,1,Jason Safoutin
PERSON:Java,Java,PERSON,False,1,1,1,Java
PERSON:Javascript,Javascript,PERSON,False,1,1,1,Javascript
PERSON:Jay Melosh,Jay Melosh,PERSON,False,1,1,1,Jay Melosh
PERSON:Jaymie Matthews,Jaymie Matthews,PERSON,False,1,1,1,Jaymie Matthews
PERSON:Jean Yves Le Gall,Jean Yves Le Gall,PERSON,False,1,1,1,Jean Yves Le Gall
PERSON:Jean-Dominque,Jean-Dominque,PERSON,False,1,1,1,Jean-Dominque
ORG:Jean-Dominque,Jean-Dominque,ORG,False,1,1,1,Jean-Dominque
ORG:Jean-Philippe Beaulieu,Jean-Philippe Beaulieu,ORG,False,1,1,1,Jean-Philippe Beaulieu
PERSON:Jean-Pierre Lebreton,Jean-Pierre Lebreton,PERSON,False,1,1,1,Jean-Pierre Lebreton
PERSON:Jean-Yves Le,Jean-Yves Le,PERSON,False,1,1,1,Jean-Yves Le
PERSON:Jeff Biesiadeckia,Jeff Biesiadeckia,PERSON,False,1,1,1,Jeff Biesiadeckia
PERSON:Jeff Foust,Jeff Foust,PERSON,False,1,1,1,Jeff Foust
PERSON:Jeffrey Biesiadecki,Jeffrey Biesiadecki,PERSON,False,1,1,1,Jeffrey Biesiadecki
PERSON:Jeffrey Plaut,Jeffrey Plaut,PERSON,False,1,1,1,Jeffrey Plaut
PERSON:Jenny Carter,Jenny Carter,PERSON,False,1,1,1,Jenny Carter
PERSON:Jeremy Delaney,Jeremy Delaney,PERSON,False,1,1,1,Jeremy Delaney
PERSON:Jeremy Richardson,Jeremy Richardson,PERSON,False,1,1,1,Jeremy Richardson
PERSON:Jeremy S. Delaney,Jeremy S. Delaney,PERSON,False,1,1,1,Jeremy S. Delaney
PERSON:Jerry,Jerry,PERSON,False,1,1,1,Jerry
PERSON:Jessica Rye,Jessica Rye,PERSON,False,1,1,1,Jessica Rye
GPE:Jezkazgan,Jezkazgan,GPE,False,1,1,1,Jezkazgan
PERSON:Jim Bridenstine,Jim Bridenstine,PERSON,False,1,1,1,Jim Bridenstine
PERSON:Jim Crocker,Jim Crocker,PERSON,False,1,1,1,Jim Crocker
PERSON:Jim Dunlop,Jim Dunlop,PERSON,False,1,1,1,Jim Dunlop
PERSON:Jim Green,Jim Green,PERSON,False,1,1,1,Jim Green
PERSON:Jim Kelly,Jim Kelly,PERSON,False,1,1,1,Jim Kelly
PERSON:Jim Neal,Jim Neal,PERSON,False,1,1,1,Jim Neal
PERSON:Jim Sponnik,Jim Sponnik,PERSON,False,1,1,1,Jim Sponnik
PERSON:Joaquim Goes,Joaquim Goes,PERSON,False,1,1,1,Joaquim Goes
PERSON:Jochem Häuser,Jochem Häuser,PERSON,False,1,1,1,Jochem Häuser
ORG:Jodrell Bank Centre for Astrophysics,Jodrell Bank Centre for Astrophysics,ORG,False,1,1,1,the Jodrell Bank Centre for Astrophysics
PERSON:Joeseph Harrington,Joeseph Harrington,PERSON,False,1,1,1,Joeseph Harrington
PERSON:Joey Comiso,Joey Comiso,PERSON,False,1,1,1,Joey Comiso
PERSON:Johann-Dietrich Wörner,Johann-Dietrich Wörner,PERSON,False,1,1,1,Johann-Dietrich Wörner
PERSON:Johannes Kepler,Johannes Kepler,PERSON,False,1,1,1,Johannes Kepler
PERSON:John Brown,John Brown,PERSON,False,1,1,1,John Brown
PERSON:John C. Mather,John C. Mather,PERSON,False,1,1,1,John C. Mather
PERSON:John Coggeshall,John Coggeshall,PERSON,False,1,1,1,John Coggeshall
PERSON:John F. Kennedy,John F. Kennedy,PERSON,False,1,1,1,John F. Kennedy
PERSON:John L. Phillips,John L. Phillips,PERSON,False,1,1,1,John L. Phillips
PERSON:John Lennon,John Lennon,PERSON,False,1,1,1,John Lennon's
PERSON:John M. Logsdon,John M. Logsdon,PERSON,False,1,1,1,John M. Logsdon
PERSON:John Meredyth Lucas,John Meredyth Lucas,PERSON,False,1,1,1,John Meredyth Lucas
PERSON:John Nousek,John Nousek,PERSON,False,1,1,1,John Nousek
PERSON:John Olivas,John Olivas,PERSON,False,1,1,1,John Olivas
PERSON:John R. A. Moulton,John R. A. Moulton,PERSON,False,1,1,1,John R. A. Moulton
PERSON:John Spencer,John Spencer,PERSON,False,1,1,1,John Spencer
PERSON:John Wasson,John Wasson,PERSON,False,1,1,1,John Wasson
ORG:Johnson Space Centre,Johnson Space Centre,ORG,False,1,1,1,Johnson Space Centre
ORG:Joint Space Operations Center,Joint Space Operations Center,ORG,False,1,1,1,the Joint Space Operations Center
PERSON:Jon Davies,Jon Davies,PERSON,False,1,1,1,Jon Davies
PERSON:Jon Giorgini,Jon Giorgini,PERSON,False,1,1,1,Jon Giorgini
PERSON:Jonathan Lunine,Jonathan Lunine,PERSON,False,1,1,1,Jonathan Lunine
PERSON:Jones,Jones,PERSON,False,1,1,1,Jones
PERSON:Jorge López,Jorge López,PERSON,False,1,1,1,Jorge López
PERSON:Jose Ishitsuka,Jose Ishitsuka,PERSON,False,1,1,1,Jose Ishitsuka
PERSON:Josef Lense,Josef Lense,PERSON,False,1,1,1,Josef Lense
PERSON:Josefino Comiso,Josefino Comiso,PERSON,False,1,1,1,Josefino Comiso
PERSON:Josh Byerly,Josh Byerly,PERSON,False,1,1,1,Josh Byerly
PERSON:Josh Hopkins,Josh Hopkins,PERSON,False,1,1,1,Josh Hopkins
PERSON:Josh Smith,Josh Smith,PERSON,False,1,1,1,Josh Smith
PERSON:Josh Von Korff,Josh Von Korff,PERSON,False,1,1,1,Josh Von Korff
PERSON:José-Luis Ortiz,José-Luis Ortiz,PERSON,False,1,1,1,José-Luis Ortiz
ORG:Journal of Geophysical Research,Journal of Geophysical Research,ORG,False,1,1,1,Journal of Geophysical Research
ORG:Journey,Journey,ORG,False,1,1,1,Journey
GPE:Jr,Jr,GPE,False,1,1,1,Jr.
PERSON:Julie Bigham,Julie Bigham,PERSON,False,1,1,1,Julie Bigham
PERSON:Julie Castillo,Julie Castillo,PERSON,False,1,1,1,Julie Castillo
PERSON:Julie Payette,Julie Payette,PERSON,False,1,1,1,Julie Payette
ORG:Jullo,Jullo,ORG,False,1,1,1,Jullo
"DATE:July 1, 2004","July 1, 2004",DATE,True,1,1,1,"July 1, 2004"
"DATE:July 11, 2015","July 11, 2015",DATE,True,1,1,1,"July 11, 2015"
DATE:July 13,July 13,DATE,True,1,1,1,July 13
"DATE:July 16 to July 22, 1994","July 16 to July 22, 1994",DATE,True,1,1,1,"July 16 to July 22, 1994"
"DATE:July 16, 1969","July 16, 1969",DATE,True,1,1,1,"July 16, 1969"
DATE:July 17,July 17,DATE,True,1,1,1,July 17
DATE:July 19,July 19,DATE,True,1,1,1,July 19
"DATE:July 19, 2009","July 19, 2009",DATE,True,1,1,1,"July 19, 2009"
DATE:July 1994,July 1994,DATE,True,1,1,1,July 1994
DATE:July 2,July 2,DATE,True,1,1,1,July 2
DATE:July 2003,July 2003,DATE,True,1,1,1,July 2003
DATE:July 2005,July 2005,DATE,True,1,1,1,July 2005
DATE:July 2006,July 2006,DATE,True,1,1,1,July 2006
"DATE:July 22, 2006","July 22, 2006",DATE,True,1,1,1,"July 22, 2006"
DATE:July 26,July 26,DATE,True,1,1,1,July 26
"DATE:July 27, 2018","July 27, 2018",DATE,True,1,1,1,"July 27, 2018"
"DATE:July 28, 2018","July 28, 2018",DATE,True,1,1,1,"July 28, 2018"
DATE:July 29,July 29,DATE,True,1,1,1,July 29
"DATE:July 3, 2005","July 3, 2005",DATE,True,1,1,1,"July 3, 2005"
"DATE:July 31, 2018","July 31, 2018",DATE,True,1,1,1,"July 31, 2018"
"DATE:July 4, 2005","July 4, 2005",DATE,True,1,1,1,"July 4, 2005"
DATE:July 8,July 8,DATE,True,1,1,1,July 8
DATE:July 8 this year,July 8 this year,DATE,True,1,1,1,July 8 this year
DATE:July of 2004,July of 2004,DATE,True,1,1,1,July of 2004
DATE:July of 2011,July of 2011,DATE,True,1,1,1,July of 2011
ORG:Jumpstart,Jumpstart,ORG,False,1,1,1,Jumpstart
DATE:June 11,June 11,DATE,True,1,1,1,June 11
DATE:June 12,June 12,DATE,True,1,1,1,June 12
DATE:June 15 this year,June 15 this year,DATE,True,1,1,1,June 15 this year
DATE:June 16,June 16,DATE,True,1,1,1,June 16
DATE:June 17,June 17,DATE,True,1,1,1,June 17
DATE:June 1995,June 1995,DATE,True,1,1,1,June 1995
DATE:June 1st,June 1st,DATE,True,1,1,1,June 1st
DATE:June 2010,June 2010,DATE,True,1,1,1,June 2010
DATE:June 28,June 28,DATE,True,1,1,1,June 28
DATE:June 3,June 3,DATE,True,1,1,1,June 3
"DATE:June 30, 2006","June 30, 2006",DATE,True,1,1,1,"June 30, 2006"
DATE:June 7,June 7,DATE,True,1,1,1,June 7
"DATE:June 9, 2006","June 9, 2006",DATE,True,1,1,1,"June 9, 2006"
ORG:Juno,Juno,ORG,False,1,1,1,Juno
TIME:Just under thirty minutes later,Just under thirty minutes later,TIME,True,1,1,1,Just under thirty minutes later
DATE:Just yesterday,Just yesterday,DATE,True,1,1,1,Just yesterday
ORG:Justice,Justice,ORG,False,1,1,1,Justice
LOC:K-1,K-1,LOC,False,1,1,1,K-1
PERSON:K-1,K-1,PERSON,False,1,1,1,K-1
NORP:K-1,K-1,NORP,False,1,1,1,K-1
ORG:KARI,KARI,ORG,False,1,1,1,KARI
ORG:KB,KB,ORG,False,1,1,1,KB
GPE:KELT,KELT,GPE,False,1,1,1,KELT
PRODUCT:KELT-9b,KELT-9b,PRODUCT,False,1,1,1,KELT-9b
ORG:KPH,KPH,ORG,False,1,1,1,KPH
ORG:Ka-band,Ka-band,ORG,False,1,1,1,Ka-band
PERSON:Kaare Aksnes,Kaare Aksnes,PERSON,False,1,1,1,Kaare Aksnes
GPE:Kagoshima,Kagoshima,GPE,False,1,1,1,Kagoshima
PERSON:Kailash Sahu,Kailash Sahu,PERSON,False,1,1,1,Kailash Sahu
PERSON:Kaleri,Kaleri,PERSON,False,1,1,1,Kaleri
PERSON:Kalpana,Kalpana,PERSON,False,1,1,1,Kalpana
PERSON:Kalpana Chawla,Kalpana Chawla,PERSON,False,1,1,1,Kalpana Chawla
PERSON:Kamionkowski,Kamionkowski,PERSON,False,1,1,1,Kamionkowski
PERSON:Kamionskowski,Kamionskowski,PERSON,False,1,1,1,Kamionskowski
PERSON:Kanka,Kanka,PERSON,False,1,1,1,Kanka
PERSON:Karl-Heinz Glassmeier,Karl-Heinz Glassmeier,PERSON,False,1,1,1,Karl-Heinz Glassmeier
PERSON:Kate Nash,Kate Nash,PERSON,False,1,1,1,Kate Nash
PERSON:Kathy Vivas,Kathy Vivas,PERSON,False,1,1,1,Kathy Vivas
PERSON:Kathy Winters,Kathy Winters,PERSON,False,1,1,1,Kathy Winters
EVENT:Katrina,Katrina,EVENT,False,1,1,1,Katrina
ORG:Kazakh,Kazakh,ORG,False,1,1,1,Kazakh
PERSON:Kazakh,Kazakh,PERSON,False,1,1,1,Kazakh
FAC:Kazakhstan Steppes,Kazakhstan Steppes,FAC,False,1,1,1,the Kazakhstan Steppes
GPE:Kazakstan,Kazakstan,GPE,False,1,1,1,Kazakstan
PERSON:Keck,Keck,PERSON,False,1,1,1,Keck
FAC:Keck Observatory,Keck Observatory,FAC,False,1,1,1,Keck Observatory
ORG:Keele University,Keele University,ORG,False,1,1,1,Keele University
PERSON:Keith Horne,Keith Horne,PERSON,False,1,1,1,Keith Horne
PERSON:Keith Mason,Keith Mason,PERSON,False,1,1,1,Keith Mason
PERSON:Keivan Stassun,Keivan Stassun,PERSON,False,1,1,1,Keivan Stassun
ORG:Kelvin,Kelvin,ORG,False,1,1,1,Kelvin &
PERSON:Kelvin,Kelvin,PERSON,False,1,1,1,Kelvin
PERSON:Ken Ham,Ken Ham,PERSON,False,1,1,1,Ken Ham
PERSON:Kent Liau End,Kent Liau End,PERSON,False,1,1,1,Kent Liau End
ORG:Kepler,Kepler,ORG,False,1,1,1,Kepler
FAC:Kepler Mission,Kepler Mission,FAC,False,1,1,1,Kepler Mission
ORG:Kepler Telescope,Kepler Telescope,ORG,False,1,1,1,Kepler Telescope
GPE:Kepler-444,Kepler-444,GPE,False,1,1,1,Kepler-444
PERSON:Kepler-444,Kepler-444,PERSON,False,1,1,1,Kepler-444
ORG:Kern County Fire Department,Kern County Fire Department,ORG,False,1,1,1,the Kern County Fire Department
PERSON:Kerridge,Kerridge,PERSON,False,1,1,1,Kerridge
PERSON:Kesden,Kesden,PERSON,False,1,1,1,Kesden
PERSON:Kessler,Kessler,PERSON,False,1,1,1,Kessler
PERSON:Kevin,Kevin,PERSON,False,1,1,1,Kevin
PERSON:Kevin Ford,Kevin Ford,PERSON,False,1,1,1,Kevin Ford
ORG:Kibo Japanese Experiment Module,Kibo Japanese Experiment Module,ORG,False,1,1,1,the Kibo Japanese Experiment Module
ORG:Kilodegree,Kilodegree,ORG,False,1,1,1,the Kilodegree
PERSON:Kim Ho-nyeon,Kim Ho-nyeon,PERSON,False,1,1,1,Kim Ho-nyeon
PERSON:King Tutankhamen,King Tutankhamen,PERSON,False,1,1,1,King Tutankhamen
PERSON:Kistler Woomera,Kistler Woomera,PERSON,False,1,1,1,Kistler Woomera
PERSON:Kjell Karlsen,Kjell Karlsen,PERSON,False,1,1,1,Kjell Karlsen
GPE:Knoxville,Knoxville,GPE,False,1,1,1,Knoxville
PERSON:Knut Jørgen Røed Ødegaard,Knut Jørgen Røed Ødegaard,PERSON,False,1,1,1,Knut Jørgen Røed Ødegaard
PERSON:Konacki,Konacki,PERSON,False,1,1,1,Konacki
PERSON:Kondratyev,Kondratyev,PERSON,False,1,1,1,Kondratyev
PERSON:Kononenko,Kononenko,PERSON,False,1,1,1,Kononenko
ORG:Korea Aerospace Research Institute,Korea Aerospace Research Institute,ORG,False,1,1,1,Korea Aerospace Research Institute
ORG:Korean Air,Korean Air,ORG,False,1,1,1,Korean Air
ORG:Korean Astronaut Programme,Korean Astronaut Programme,ORG,False,1,1,1,the Korean Astronaut Programme
ORG:Korean Central News Agency,Korean Central News Agency,ORG,False,1,1,1,the Korean Central News Agency
LOC:Korean Peninsula,Korean Peninsula,LOC,False,1,1,1,the Korean Peninsula
ORG:Kosmos-2437,Kosmos-2437,ORG,False,1,1,1,Kosmos-2437
ORG:Kraków University,Kraków University,ORG,False,1,1,1,the Kraków University
PERSON:Kristensen,Kristensen,PERSON,False,1,1,1,Kristensen
GPE:Krumholz,Krumholz,GPE,False,1,1,1,Krumholz
GPE:Kuala Lumpur,Kuala Lumpur,GPE,False,1,1,1,Kuala Lumpur
LOC:Kuiper,Kuiper,LOC,False,1,1,1,Kuiper
ORG:Kuipers,Kuipers,ORG,False,1,1,1,Kuipers
GPE:Kustanai,Kustanai,GPE,False,1,1,1,Kustanai
PERSON:Kwajalein’s Omelek,Kwajalein’s Omelek,PERSON,False,1,1,1,Kwajalein’s Omelek
PERSON:Kwangmyŏngsŏng-2,Kwangmyŏngsŏng-2,PERSON,False,1,1,1,Kwangmyŏngsŏng-2
PRODUCT:L-21,L-21,PRODUCT,False,1,1,1,L-21
PERSON:LC-40,LC-40,PERSON,False,1,1,1,LC-40
PRODUCT:LC-40,LC-40,PRODUCT,False,1,1,1,LC-40
DATE:LC-41,LC-41,DATE,True,1,1,1,LC-41
ORG:LIDAR,LIDAR,ORG,False,1,1,1,LIDAR
ORG:LIMA,LIMA,ORG,False,1,1,1,LIMA
GPE:LIMA,LIMA,GPE,False,1,1,1,LIMA
ORG:LLC,LLC,ORG,False,1,1,1,LLC
ORG:LOI,LOI,ORG,False,1,1,1,LOI
PERSON:La Nación,La Nación,PERSON,False,1,1,1,La Nación
GPE:La Silla,La Silla,GPE,False,1,1,1,La Silla
FAC:La Silla Observatory,La Silla Observatory,FAC,False,1,1,1,the La Silla Observatory
GPE:Lake Titicaca,Lake Titicaca,GPE,False,1,1,1,Lake Titicaca
ORG:Lambert,Lambert,ORG,False,1,1,1,Lambert
PERSON:Land Launch,Land Launch,PERSON,False,1,1,1,Land Launch
ORG:Land Launch,Land Launch,ORG,False,1,1,1,Land Launch
ORG:Landsat 7,Landsat 7,ORG,False,1,1,1,Landsat 7
ORG:Landsat Data Continuity Mission,Landsat Data Continuity Mission,ORG,False,1,1,1,the Landsat Data Continuity Mission
ORG:Landsat Image Mosaic of Antarctica,Landsat Image Mosaic of Antarctica,ORG,False,1,1,1,the Landsat Image Mosaic of Antarctica
PERSON:Lapinski,Lapinski,PERSON,False,1,1,1,Lapinski
PERSON:Larry Esposito,Larry Esposito,PERSON,False,1,1,1,Larry Esposito
PERSON:Larry Page,Larry Page,PERSON,False,1,1,1,Larry Page
PERSON:Larry Soderblom,Larry Soderblom,PERSON,False,1,1,1,Larry Soderblom
PERSON:Lars Kristensen,Lars Kristensen,PERSON,False,1,1,1,Lars Kristensen
WORK_OF_ART:Laserium,Laserium,WORK_OF_ART,False,1,1,1,Laserium'
DATE:Last January,Last January,DATE,True,1,1,1,Last January
DATE:Last week,Last week,DATE,True,1,1,1,Last week
DATE:Last year,Last year,DATE,True,1,1,1,Last year
FAC:Launch Complex 39A,Launch Complex 39A,FAC,False,1,1,1,Launch Complex 39A
ORG:Launch Facility 09,Launch Facility 09,ORG,False,1,1,1,Launch Facility 09
ORG:Launch Pad 39B,Launch Pad 39B,ORG,False,1,1,1,Launch Pad 39B
PERSON:Lauren Dreyer,Lauren Dreyer,PERSON,False,1,1,1,Lauren Dreyer
PERSON:Laurie Nevay Eclipse de lune,Laurie Nevay Eclipse de lune,PERSON,False,1,1,1,Laurie Nevay Eclipse de lune
ORG:Lawrence Berkeley National Laboratory,Lawrence Berkeley National Laboratory,ORG,False,1,1,1,Lawrence Berkeley National Laboratory
PERSON:LeRoy Cain,LeRoy Cain,PERSON,False,1,1,1,LeRoy Cain
ORG:Lehigh University,Lehigh University,ORG,False,1,1,1,Lehigh University
GPE:Leicester,Leicester,GPE,False,1,1,1,Leicester
ORG:Leiden University,Leiden University,ORG,False,1,1,1,Leiden University
PERSON:Leigh Flecther,Leigh Flecther,PERSON,False,1,1,1,Leigh Flecther
PERSON:Leon Golub,Leon Golub,PERSON,False,1,1,1,Leon Golub
PERSON:Leonard David,Leonard David,PERSON,False,1,1,1,Leonard David
ORG:Leroy Cain,Leroy Cain,ORG,False,1,1,1,Leroy Cain
PERSON:Lesbian,Lesbian,PERSON,False,1,1,1,Lesbian
PERSON:Lewis,Lewis,PERSON,False,1,1,1,Lewis
PERSON:Li Yuecheng,Li Yuecheng,PERSON,False,1,1,1,Li Yuecheng
PERSON:Liang Xiaohong,Liang Xiaohong,PERSON,False,1,1,1,Liang Xiaohong
ORG:Libra,Libra,ORG,False,1,1,1,Libra
ORG:Lick-Carnegie,Lick-Carnegie,ORG,False,1,1,1,Lick-Carnegie
PERSON:Liftoff,Liftoff,PERSON,False,1,1,1,Liftoff
ORG:Ligeia,Ligeia,ORG,False,1,1,1,Ligeia
PERSON:Lily Allen,Lily Allen,PERSON,False,1,1,1,Lily Allen
PERSON:Lin Chi-Sheng,Lin Chi-Sheng,PERSON,False,1,1,1,Lin Chi-Sheng
ORG:Lincoln,Lincoln,ORG,False,1,1,1,Lincoln
PERSON:Lincoln Oliveira,Lincoln Oliveira,PERSON,False,1,1,1,Lincoln Oliveira
PERSON:Linda Spilker,Linda Spilker,PERSON,False,1,1,1,Linda Spilker
PERSON:Lindsey,Lindsey,PERSON,False,1,1,1,Lindsey
PERSON:Lindsey Thompson,Lindsey Thompson,PERSON,False,1,1,1,Lindsey Thompson
ORG:LinkedIn,LinkedIn,ORG,False,1,1,1,LinkedIn
PERSON:Lisa Nowak - Mission Specialist - USA,Lisa Nowak - Mission Specialist - USA,PERSON,False,1,1,1,Lisa Nowak - Mission Specialist - USA
ORG:LiveJournal,LiveJournal,ORG,False,1,1,1,LiveJournal
GPE:LiveLeak,LiveLeak,GPE,False,1,1,1,LiveLeak
ORG:LiveLeak.com,LiveLeak.com,ORG,False,1,1,1,LiveLeak.com
GPE:Liverpool,Liverpool,GPE,False,1,1,1,Liverpool
ORG:Llano del Hato National Astronomical Observatory,Llano del Hato National Astronomical Observatory,ORG,False,1,1,1,Llano del Hato National Astronomical Observatory
ORG:Lloydminster,Lloydminster,ORG,False,1,1,1,Lloydminster
PERSON:Lockman,Lockman,PERSON,False,1,1,1,Lockman
WORK_OF_ART:Lodestar 2,Lodestar 2,WORK_OF_ART,False,1,1,1,Lodestar 2
PERSON:Lonchakov,Lonchakov,PERSON,False,1,1,1,Lonchakov
PERSON:Lorena Resident,Lorena Resident,PERSON,False,1,1,1,Lorena Resident
ORG:Los Alamos National Laboratory,Los Alamos National Laboratory,ORG,False,1,1,1,Los Alamos National Laboratory
ORG:Los Angeles Times,Los Angeles Times,ORG,False,1,1,1,the Los Angeles Times
PERSON:Lou Gehrig's Disease,Lou Gehrig's Disease,PERSON,False,1,1,1,Lou Gehrig's Disease
PERSON:Louis Alvarez,Louis Alvarez,PERSON,False,1,1,1,Louis Alvarez
PERSON:Louis Friedman,Louis Friedman,PERSON,False,1,1,1,Louis Friedman
PERSON:Louis Parker,Louis Parker,PERSON,False,1,1,1,Louis Parker
PERSON:Louise Prockter,Louise Prockter,PERSON,False,1,1,1,Louise Prockter
PERSON:Lovell Telescope,Lovell Telescope,PERSON,False,1,1,1,Lovell Telescope
PERSON:Lowell Observatory,Lowell Observatory,PERSON,False,1,1,1,Lowell Observatory
NORP:Lucasian,Lucasian,NORP,False,1,1,1,Lucasian
PERSON:Lucia Miron,Lucia Miron,PERSON,False,1,1,1,Lucia Miron
PERSON:Lujendra Ojha,Lujendra Ojha,PERSON,False,1,1,1,Lujendra Ojha
PERSON:Luke Air Force Base,Luke Air Force Base,PERSON,False,1,1,1,Luke Air Force Base
FAC:Lulin Observatory,Lulin Observatory,FAC,False,1,1,1,the Lulin Observatory
PERSON:Lunar Eclipse,Lunar Eclipse,PERSON,False,1,1,1,Lunar Eclipse
ORG:Lunar Precursor Robotic Program,Lunar Precursor Robotic Program,ORG,False,1,1,1,the Lunar Precursor Robotic Program
ORG:Lunar Surface Access Module,Lunar Surface Access Module,ORG,False,1,1,1,a Lunar Surface Access Module (
PERSON:Lunine,Lunine,PERSON,False,1,1,1,Lunine
NORP:Luxembourgian,Luxembourgian,NORP,False,1,1,1,Luxembourgian
PERSON:Lyman,Lyman,PERSON,False,1,1,1,Lyman
ORG:Lyndon B,Lyndon B,ORG,False,1,1,1,the Lyndon B.
PERSON:Lynn Deckard,Lynn Deckard,PERSON,False,1,1,1,Lynn Deckard
DATE:M101,M101,DATE,True,1,1,1,M101
GPE:MD,MD,GPE,False,1,1,1,MD
ORG:MDA,MDA,ORG,False,1,1,1,MDA
ORG:MEDES Space Clinic,MEDES Space Clinic,ORG,False,1,1,1,the MEDES Space Clinic
"ORG:MErcury Surface, Space ENvironment, GEochemistry and Ranging","MErcury Surface, Space ENvironment, GEochemistry and Ranging",ORG,False,1,1,1,"MErcury Surface, Space ENvironment, GEochemistry and Ranging"
ORG:MMT,MMT,ORG,False,1,1,1,MMT
FAC:MMT Observatory,MMT Observatory,FAC,False,1,1,1,the MMT Observatory
ORG:MOA,MOA,ORG,False,1,1,1,MOA
ORG:MOC,MOC,ORG,False,1,1,1,MOC
ORG:MOLA,MOLA,ORG,False,1,1,1,MOLA
ORG:MPH,MPH,ORG,False,1,1,1,MPH
ORG:MSS,MSS,ORG,False,1,1,1,MSS
ORG:MTV,MTV,ORG,False,1,1,1,MTV
NORP:MacLean,MacLean,NORP,False,1,1,1,MacLean
ORG:Mach 4.76,Mach 4.76,ORG,False,1,1,1,Mach 4.76 &
PERSON:Maciej Konacki,Maciej Konacki,PERSON,False,1,1,1,Maciej Konacki
ORG:Macroscale Interactions,Macroscale Interactions,ORG,False,1,1,1,Macroscale Interactions
PERSON:Madhavan Nair,Madhavan Nair,PERSON,False,1,1,1,Madhavan Nair
FAC:Madrid Deep Space Communication Complex,Madrid Deep Space Communication Complex,FAC,False,1,1,1,the Madrid Deep Space Communication Complex
SPACECRAFT:Magellan,Magellan,SPACECRAFT,False,1,1,1,Magellan
GPE:Magnus,Magnus,GPE,False,1,1,1,Magnus
GPE:Mahendragiri,Mahendragiri,GPE,False,1,1,1,Mahendragiri
PERSON:Mahmoud Ahmadinejad,Mahmoud Ahmadinejad,PERSON,False,1,1,1,Mahmoud Ahmadinejad
ORG:Main Engines,Main Engines,ORG,False,1,1,1,the Main Engines
GPE:Maine,Maine,GPE,False,1,1,1,Maine
PERSON:Maj,Maj,PERSON,False,1,1,1,Maj
PERSON:Malala Yousafzai,Malala Yousafzai,PERSON,False,1,1,1,Malala Yousafzai
NORP:Malaysian,Malaysian,NORP,False,1,1,1,Malaysian
PERSON:Malenchenko,Malenchenko,PERSON,False,1,1,1,Malenchenko
ORG:Malin Space Science Systems,Malin Space Science Systems,ORG,False,1,1,1,Malin Space Science Systems
GPE:Manchester,Manchester,GPE,False,1,1,1,Manchester
PERSON:Mandushev,Mandushev,PERSON,False,1,1,1,Mandushev
PERSON:Manfred Cuntz,Manfred Cuntz,PERSON,False,1,1,1,Manfred Cuntz
PERSON:Manouchehr Mohammadi,Manouchehr Mohammadi,PERSON,False,1,1,1,Manouchehr Mohammadi
DATE:March 10,March 10,DATE,True,1,1,1,March 10
"DATE:March 14, 1934","March 14, 1934",DATE,True,1,1,1,"March 14, 1934"
DATE:March 15,March 15,DATE,True,1,1,1,March 15
DATE:March 18 and 19,March 18 and 19,DATE,True,1,1,1,March 18 and 19
DATE:March 19,March 19,DATE,True,1,1,1,March 19
"DATE:March 2, 2007","March 2, 2007",DATE,True,1,1,1,"March 2, 2007"
DATE:March 20,March 20,DATE,True,1,1,1,March 20
DATE:March 2006,March 2006,DATE,True,1,1,1,March 2006
DATE:March 2007,March 2007,DATE,True,1,1,1,March 2007
DATE:March 2009,March 2009,DATE,True,1,1,1,March 2009
DATE:March 2010,March 2010,DATE,True,1,1,1,March 2010
DATE:March 25,March 25,DATE,True,1,1,1,March 25
"DATE:March 31, 2006","March 31, 2006",DATE,True,1,1,1,"March 31, 2006"
DATE:March 7 that Enomoto,March 7 that Enomoto,DATE,True,1,1,1,March 7 that Enomoto
DATE:March of 2002,March of 2002,DATE,True,1,1,1,March of 2002
DATE:March of next year,March of next year,DATE,True,1,1,1,March of next year
PERSON:Mareta West,Mareta West,PERSON,False,1,1,1,Mareta West
PERSON:Margaret J. Geller,Margaret J. Geller,PERSON,False,1,1,1,Margaret J. Geller
PERSON:Margareta Constantinescu,Margareta Constantinescu,PERSON,False,1,1,1,Margareta Constantinescu
PERSON:Marina Bai,Marina Bai,PERSON,False,1,1,1,Marina Bai
ORG:Marine Corps,Marine Corps,ORG,False,1,1,1,Marine Corps
ORG:Mariner,Mariner,ORG,False,1,1,1,Mariner
LAW:Mariner 10,Mariner 10,LAW,False,1,1,1,Mariner 10's
PERSON:Mark E. Kelly - Pilot - USA,Mark E. Kelly - Pilot - USA,PERSON,False,1,1,1,Mark E. Kelly - Pilot - USA
PERSON:Mark James,Mark James,PERSON,False,1,1,1,Mark James
PERSON:Mark Krumholz,Mark Krumholz,PERSON,False,1,1,1,Mark Krumholz
PERSON:Mark Lemmon,Mark Lemmon,PERSON,False,1,1,1,Mark Lemmon
PERSON:Mark Maimone,Mark Maimone,PERSON,False,1,1,1,Mark Maimone
PERSON:Mark Richards,Mark Richards,PERSON,False,1,1,1,Mark Richards
PERSON:Mark Shuttleworth,Mark Shuttleworth,PERSON,False,1,1,1,Mark Shuttleworth
PERSON:Markus Landgraf,Markus Landgraf,PERSON,False,1,1,1,Markus Landgraf
ORG:Mars,Mars,ORG,False,1,1,1,Mars--
ORG:Marshall Space Center,Marshall Space Center,ORG,False,1,1,1,the Marshall Space Center
ORG:Marshall Space Flight Center,Marshall Space Flight Center,ORG,False,1,1,1,Marshall Space Flight Center
LOC:Martian Arctic,Martian Arctic,LOC,False,1,1,1,Martian Arctic
ORG:Martin,Martin,ORG,False,1,1,1,Martin
PERSON:Martin Lewis,Martin Lewis,PERSON,False,1,1,1,Martin Lewis
PERSON:Mary Cleave,Mary Cleave,PERSON,False,1,1,1,Mary Cleave
PERSON:Marymegan Daly E. andrillae,Marymegan Daly E. andrillae,PERSON,False,1,1,1,Marymegan Daly E. andrillae
ORG:Mason,Mason,ORG,False,1,1,1,Mason
PERSON:Massey,Massey,PERSON,False,1,1,1,Massey
GPE:Mastracchio,Mastracchio,GPE,False,1,1,1,Mastracchio
PERSON:Matthew Graham,Matthew Graham,PERSON,False,1,1,1,Matthew Graham
PERSON:Maureen Kanka,Maureen Kanka,PERSON,False,1,1,1,Maureen Kanka
ORG:Max,Max,ORG,False,1,1,1,the Max
PERSON:Max Mutchler,Max Mutchler,PERSON,False,1,1,1,Max Mutchler
PERSON:Maxim Markevitch,Maxim Markevitch,PERSON,False,1,1,1,Maxim Markevitch
PERSON:Maxime Bernier,Maxime Bernier,PERSON,False,1,1,1,Maxime Bernier
DATE:May 05,May 05,DATE,True,1,1,1,May 05
DATE:May 13,May 13,DATE,True,1,1,1,May 13
DATE:May 13 through June 4,May 13 through June 4,DATE,True,1,1,1,May 13 through June 4
DATE:May 14,May 14,DATE,True,1,1,1,May 14
DATE:May 15,May 15,DATE,True,1,1,1,May 15
"DATE:May 15 through June 3, 2005","May 15 through June 3, 2005",DATE,True,1,1,1,"May 15 through June 3, 2005"
DATE:May 15 to June 3,May 15 to June 3,DATE,True,1,1,1,May 15 to June 3
"DATE:May 15 to June 3, 2005","May 15 to June 3, 2005",DATE,True,1,1,1,"May 15 to June 3, 2005"
DATE:May 17,May 17,DATE,True,1,1,1,May 17
"DATE:May 19, 2006","May 19, 2006",DATE,True,1,1,1,"May 19, 2006"
DATE:May 1981,May 1981,DATE,True,1,1,1,May 1981
DATE:May 19th,May 19th,DATE,True,1,1,1,May 19th
DATE:May 2000,May 2000,DATE,True,1,1,1,May 2000
DATE:May 2001,May 2001,DATE,True,1,1,1,May 2001
DATE:May 2003,May 2003,DATE,True,1,1,1,May 2003
DATE:May 2007,May 2007,DATE,True,1,1,1,May 2007
DATE:May 2009,May 2009,DATE,True,1,1,1,May 2009
DATE:May 2009 to March 2011,May 2009 to March 2011,DATE,True,1,1,1,May 2009 to March 2011
DATE:May 22,May 22,DATE,True,1,1,1,May 22
DATE:May 23,May 23,DATE,True,1,1,1,May 23
DATE:May 25,May 25,DATE,True,1,1,1,May 25
DATE:May 25 of this year,May 25 of this year,DATE,True,1,1,1,May 25 of this year
"DATE:May 25, 2008","May 25, 2008",DATE,True,1,1,1,"May 25, 2008"
DATE:May 26,May 26,DATE,True,1,1,1,May 26
DATE:May 28,May 28,DATE,True,1,1,1,May 28
DATE:May 3,May 3,DATE,True,1,1,1,May 3
DATE:May 5,May 5,DATE,True,1,1,1,May 5
"DATE:May 5, 2005 10:15","May 5, 2005 10:15",DATE,True,1,1,1,"May 5, 2005 10:15"
"DATE:May 7, 2003","May 7, 2003",DATE,True,1,1,1,"May 7, 2003"
DATE:May 9,May 9,DATE,True,1,1,1,May 9
"DATE:May 9, 2016","May 9, 2016",DATE,True,1,1,1,"May 9, 2016"
DATE:May of 2007,May of 2007,DATE,True,1,1,1,May of 2007
DATE:May this year,May this year,DATE,True,1,1,1,May this year
PERSON:McEwen,McEwen,PERSON,False,1,1,1,McEwen
GPE:McGregor,McGregor,GPE,False,1,1,1,McGregor
PERSON:McGregor,McGregor,PERSON,False,1,1,1,McGregor
GPE:McMinnville,McMinnville,GPE,False,1,1,1,McMinnville
PERSON:McMurdo,McMurdo,PERSON,False,1,1,1,McMurdo
FAC:McMurdo Station,McMurdo Station,FAC,False,1,1,1,McMurdo Station
GPE:Md,Md,GPE,False,1,1,1,Md.
ORG:Measat 3A,Measat 3A,ORG,False,1,1,1,Measat 3A
ORG:Media,Media,ORG,False,1,1,1,Media
WORK_OF_ART:Media Now,Media Now,WORK_OF_ART,False,1,1,1,Media Now
ORG:Medium Resolution Instrument,Medium Resolution Instrument,ORG,False,1,1,1,the Medium Resolution Instrument
ORG:Medium Resolution Instrument and Impactor Targeting Sensor,Medium Resolution Instrument and Impactor Targeting Sensor,ORG,False,1,1,1,The Medium Resolution Instrument and Impactor Targeting Sensor
PERSON:Megan Kanka,Megan Kanka,PERSON,False,1,1,1,Megan Kanka
PERSON:Megan McArthur,Megan McArthur,PERSON,False,1,1,1,Megan McArthur
PERSON:Meier,Meier,PERSON,False,1,1,1,Meier
ORG:Mensa,Mensa,ORG,False,1,1,1,Mensa
GPE:Meridiani,Meridiani,GPE,False,1,1,1,Meridiani
ORG:Meridiani Planum,Meridiani Planum,ORG,False,1,1,1,Meridiani Planum
GPE:Merritt Island,Merritt Island,GPE,False,1,1,1,Merritt Island
ORG:Meteoroid Environment Office,Meteoroid Environment Office,ORG,False,1,1,1,Meteoroid Environment Office
ORG:Meyer,Meyer,ORG,False,1,1,1,Meyer
PERSON:Michael A'Hearn,Michael A'Hearn,PERSON,False,1,1,1,Michael A'Hearn
ORG:Michael Army Air Field,Michael Army Air Field,ORG,False,1,1,1,the Michael Army Air Field
PERSON:Michael Collins,Michael Collins,PERSON,False,1,1,1,Michael Collins
PERSON:Michael E. Fossum - Mission Specialist - USA,Michael E. Fossum - Mission Specialist - USA,PERSON,False,1,1,1,Michael E. Fossum - Mission Specialist - USA
PERSON:Michael Foale,Michael Foale,PERSON,False,1,1,1,Michael Foale
PERSON:Michael Good,Michael Good,PERSON,False,1,1,1,Michael Good
PERSON:Michael J. Kurtz,Michael J. Kurtz,PERSON,False,1,1,1,Michael J. Kurtz
PERSON:Michael Kuhn,Michael Kuhn,PERSON,False,1,1,1,Michael Kuhn
PERSON:Michael Lopez-Alegria,Michael Lopez-Alegria,PERSON,False,1,1,1,Michael Lopez-Alegria
PERSON:Michael Malin,Michael Malin,PERSON,False,1,1,1,Michael Malin
PERSON:Michael Manga,Michael Manga,PERSON,False,1,1,1,Michael Manga
PERSON:Michael Massimino,Michael Massimino,PERSON,False,1,1,1,Michael Massimino
PERSON:Michael Meyer,Michael Meyer,PERSON,False,1,1,1,Michael Meyer
PERSON:Michael Meyers,Michael Meyers,PERSON,False,1,1,1,Michael Meyers
PERSON:Michael Sampson,Michael Sampson,PERSON,False,1,1,1,Michael Sampson
PERSON:Michael Wargo,Michael Wargo,PERSON,False,1,1,1,Michael Wargo
PERSON:Michel Mayor,Michel Mayor,PERSON,False,1,1,1,Michel Mayor
PERSON:Michele Dougherty,Michele Dougherty,PERSON,False,1,1,1,Michele Dougherty
GPE:Michigan,Michigan,GPE,False,1,1,1,Michigan
ORG:Michoud Assembly Facility Status Page,Michoud Assembly Facility Status Page,ORG,False,1,1,1,Michoud Assembly Facility Status Page *
ORG:Michoud New Orleans,Michoud New Orleans,ORG,False,1,1,1,The Michoud New Orleans
ORG:Micro,Micro,ORG,False,1,1,1,Micro
ORG:Micrometeoroid Orbital Debris,Micrometeoroid Orbital Debris,ORG,False,1,1,1,Micrometeoroid Orbital Debris
LOC:Middle East,Middle East,LOC,False,1,1,1,the Middle East
PERSON:Mike Brown,Mike Brown,PERSON,False,1,1,1,Mike Brown
PERSON:Mike Curie,Mike Curie,PERSON,False,1,1,1,Mike Curie
PERSON:Mike Fossum,Mike Fossum,PERSON,False,1,1,1,Mike Fossum
PERSON:Mike Linebach,Mike Linebach,PERSON,False,1,1,1,Mike Linebach
PERSON:Mike Moses,Mike Moses,PERSON,False,1,1,1,Mike Moses
PERSON:Mikhail Korniyenko,Mikhail Korniyenko,PERSON,False,1,1,1,Mikhail Korniyenko
PERSON:Mikhail Margelov,Mikhail Margelov,PERSON,False,1,1,1,Mikhail Margelov
GPE:Milestones,Milestones,GPE,False,1,1,1,Milestones
GPE:Mileura,Mileura,GPE,False,1,1,1,Mileura
ORG:Mini Research Module Rassvet,Mini Research Module Rassvet,ORG,False,1,1,1,Mini Research Module Rassvet
ORG:Minister of Information Technology and Communications,Minister of Information Technology and Communications,ORG,False,1,1,1,Minister of Information Technology and Communications
ORG:Minister of Transportation,Minister of Transportation,ORG,False,1,1,1,Minister of Transportation
ORG:Ministry of Defence,Ministry of Defence,ORG,False,1,1,1,Ministry of Defence
"ORG:Ministry of Land, Infrastructure and Transport","Ministry of Land, Infrastructure and Transport",ORG,False,1,1,1,"the Ministry of Land, Infrastructure and Transport"
PERSON:Miodrag Sremcevic,Miodrag Sremcevic,PERSON,False,1,1,1,Miodrag Sremcevic
WORK_OF_ART:Mishap Investigation Board,Mishap Investigation Board,WORK_OF_ART,False,1,1,1,A Mishap Investigation Board
PERSON:Mission STS-132,Mission STS-132,PERSON,False,1,1,1,Mission STS-132
GPE:Mississippi,Mississippi,GPE,False,1,1,1,Mississippi
LOC:Mississippi River,Mississippi River,LOC,False,1,1,1,the Mississippi River
GPE:Misurkin,Misurkin,GPE,False,1,1,1,Misurkin
ORG:Mitsubishi,Mitsubishi,ORG,False,1,1,1,Mitsubishi
ORG:Mitsubishi Heavy Industries,Mitsubishi Heavy Industries,ORG,False,1,1,1,Mitsubishi Heavy Industries
ORG:Mobile Service Structure,Mobile Service Structure,ORG,False,1,1,1,The Mobile Service Structure
PERSON:Module Leonardo,Module Leonardo,PERSON,False,1,1,1,Module Leonardo
PERSON:Mohamed El-Hassan Mohamed,Mohamed El-Hassan Mohamed,PERSON,False,1,1,1,Mohamed El-Hassan Mohamed
PERSON:Mohsen Bahrami,Mohsen Bahrami,PERSON,False,1,1,1,Mohsen Bahrami
PERSON:Mojave Spaceport,Mojave Spaceport,PERSON,False,1,1,1,Mojave Spaceport
ORG:Molniya,Molniya,ORG,False,1,1,1,Molniya
TIME:Monday night,Monday night,TIME,True,1,1,1,Monday night
PERSON:Monica Grady,Monica Grady,PERSON,False,1,1,1,Monica Grady
PERSON:Montgomery Scott,Montgomery Scott,PERSON,False,1,1,1,Montgomery Scott
GPE:Morocco,Morocco,GPE,False,1,1,1,Morocco
PERSON:Moron AFB,Moron AFB,PERSON,False,1,1,1,Moron AFB
LOC:Mount John,Mount John,LOC,False,1,1,1,Mount John
ORG:Multinational Force Iraq,Multinational Force Iraq,ORG,False,1,1,1,the Multinational Force Iraq
PERSON:Murdoch,Murdoch,PERSON,False,1,1,1,Murdoch
GPE:Murrumbateman,Murrumbateman,GPE,False,1,1,1,Murrumbateman
PERSON:Murthy,Murthy,PERSON,False,1,1,1,Murthy
WORK_OF_ART:Museum of Flight,Museum of Flight,WORK_OF_ART,False,1,1,1,The Museum of Flight
NORP:Muslim,Muslim,NORP,False,1,1,1,Muslim
NORP:Muslims,Muslims,NORP,False,1,1,1,Muslims
PRODUCT:Musudan,Musudan,PRODUCT,False,1,1,1,Musudan
NORP:MySpace,MySpace,NORP,False,1,1,1,MySpace
ORG:MySpace that News Corp,MySpace that News Corp,ORG,False,1,1,1,MySpace that News Corp
ORG:MySpace.com,MySpace.com,ORG,False,1,1,1,MySpace.com
ORG:MySpace/Snocap,MySpace/Snocap,ORG,False,1,1,1,MySpace/Snocap
ORG:NAO Radio Astronomy Technology Laboratory,NAO Radio Astronomy Technology Laboratory,ORG,False,1,1,1,NAO Radio Astronomy Technology Laboratory
"ORG:NASA""s","NASA""s",ORG,False,1,1,1,"NASA""s"
ORG:NASAspaceflight.com,NASAspaceflight.com,ORG,False,1,1,1,NASAspaceflight.com
ORG:NAVSTAR Global Positioning System,NAVSTAR Global Positioning System,ORG,False,1,1,1,NAVSTAR Global Positioning System
PERSON:NLS7.2,NLS7.2,PERSON,False,1,1,1,NLS7.2
ORG:NSF Press Release,NSF Press Release,ORG,False,1,1,1,NSF Press Release
ORG:NSS-8,NSS-8,ORG,False,1,1,1,NSS-8
ORG:NTT,NTT,ORG,False,1,1,1,NTT
ORG:NWS,NWS,ORG,False,1,1,1,NWS
PERSON:Nada,Nada,PERSON,False,1,1,1,Nada
ORG:Nair,Nair,ORG,False,1,1,1,Nair
PERSON:Nancy Kiang,Nancy Kiang,PERSON,False,1,1,1,Nancy Kiang
ORG:NanoRacks,NanoRacks,ORG,False,1,1,1,NanoRacks
GPE:Nanosail,Nanosail,GPE,False,1,1,1,Nanosail
ORG:Nanosatellite,Nanosatellite,ORG,False,1,1,1,Nanosatellite
PERSON:Narendra Modi,Narendra Modi,PERSON,False,1,1,1,Narendra Modi
FAC:Naro Space Centre,Naro Space Centre,FAC,False,1,1,1,Naro Space Centre
PERSON:Nathan Schwadron,Nathan Schwadron,PERSON,False,1,1,1,Nathan Schwadron
ORG:National Academy of Sciences of the United States of America,National Academy of Sciences of the United States of America,ORG,False,1,1,1,the National Academy of Sciences of the United States of America
ORG:National Climate Assessment,National Climate Assessment,ORG,False,1,1,1,National Climate Assessment
ORG:National French Space Studies Center,National French Space Studies Center,ORG,False,1,1,1,National French Space Studies Center
ORG:National Geographic News,National Geographic News,ORG,False,1,1,1,the National Geographic News
ORG:National Guard,National Guard,ORG,False,1,1,1,the National Guard
ORG:National Museum of the U.S. Air Force,National Museum of the U.S. Air Force,ORG,False,1,1,1,the National Museum of the U.S. Air Force
ORG:National Optical Astronomy Observatory,National Optical Astronomy Observatory,ORG,False,1,1,1,the National Optical Astronomy Observatory
ORG:National Radio Astronomy Observatory,National Radio Astronomy Observatory,ORG,False,1,1,1,the National Radio Astronomy Observatory
ORG:National Research Council,National Research Council,ORG,False,1,1,1,National Research Council's
ORG:National Security Council,National Security Council,ORG,False,1,1,1,the National Security Council
ORG:National Space Administration,National Space Administration,ORG,False,1,1,1,National Space Administration
ORG:National Space Policy,National Space Policy,ORG,False,1,1,1,National Space Policy
ORG:National Transportation Safety Board,National Transportation Safety Board,ORG,False,1,1,1,the National Transportation Safety Board
PRODUCT:Natta,Natta,PRODUCT,False,1,1,1,Natta
ORG:Natural History Museum,Natural History Museum,ORG,False,1,1,1,the Natural History Museum
ORG:Naval Postgraduate School,Naval Postgraduate School,ORG,False,1,1,1,the Naval Postgraduate School
ORG:Navigation,Navigation,ORG,False,1,1,1,Navigation
ORG:Navy,Navy,ORG,False,1,1,1,Navy
ORG:Near Infrared Camera and,Near Infrared Camera and,ORG,False,1,1,1,Near Infrared Camera and
PERSON:Neil Armstong,Neil Armstong,PERSON,False,1,1,1,Neil Armstong
PERSON:Nespoli,Nespoli,PERSON,False,1,1,1,Nespoli
FAC:Nevada Test Site,Nevada Test Site,FAC,False,1,1,1,the Nevada Test Site
WORK_OF_ART:Neverland,Neverland,WORK_OF_ART,False,1,1,1,Neverland
LOC:New South Wales,New South Wales,LOC,False,1,1,1,New South Wales
ORG:New Technology,New Technology,ORG,False,1,1,1,New Technology
EVENT:New Year,New Year,EVENT,False,1,1,1,New Year's
GPE:New York City,New York City,GPE,False,1,1,1,New York City
ORG:New York University,New York University,ORG,False,1,1,1,New York University
NORP:New Yorkers,New Yorkers,NORP,False,1,1,1,New Yorkers
ORG:News Corp,News Corp,ORG,False,1,1,1,News Corp.
ORG:News Corps,News Corps,ORG,False,1,1,1,News Corps
GPE:Newsbeat,Newsbeat,GPE,False,1,1,1,Newsbeat
GPE:Newton,Newton,GPE,False,1,1,1,Newton
PRODUCT:NexStar 8,NexStar 8,PRODUCT,False,1,1,1,NexStar 8
PERSON:Nicholas Johnson,Nicholas Johnson,PERSON,False,1,1,1,Nicholas Johnson
PERSON:Nick Hague,Nick Hague,PERSON,False,1,1,1,Nick Hague
PERSON:Nick Lomb,Nick Lomb,PERSON,False,1,1,1,Nick Lomb
ORG:Nicolae,Nicolae,ORG,False,1,1,1,Nicolae
PERSON:Nicolas Altobelli,Nicolas Altobelli,PERSON,False,1,1,1,Nicolas Altobelli
PERSON:Nicolaus Copernicus,Nicolaus Copernicus,PERSON,False,1,1,1,Nicolaus Copernicus
GPE:Nie,Nie,GPE,False,1,1,1,Nie
ORG:Nitrogen Tank Assembly,Nitrogen Tank Assembly,ORG,False,1,1,1,Nitrogen Tank Assembly
WORK_OF_ART:Nobel Peace Prize,Nobel Peace Prize,WORK_OF_ART,False,1,1,1,Nobel Peace Prize
WORK_OF_ART:Nobel Prize,Nobel Prize,WORK_OF_ART,False,1,1,1,Nobel Prize
WORK_OF_ART:Nobel Prize Committee,Nobel Prize Committee,WORK_OF_ART,False,1,1,1,The Nobel Prize Committee
ORG:Nordic Optical Telescope,Nordic Optical Telescope,ORG,False,1,1,1,Nordic Optical Telescope
PERSON:Norte,Norte,PERSON,False,1,1,1,Norte
NORP:North American,North American,NORP,False,1,1,1,North American
GPE:North Battleford,North Battleford,GPE,False,1,1,1,North Battleford
GPE:North Dakota,North Dakota,GPE,False,1,1,1,North Dakota
ORG:North Galactic Pole,North Galactic Pole,ORG,False,1,1,1,the North Galactic Pole
ORG:North KoreaDespite,North KoreaDespite,ORG,False,1,1,1,North KoreaDespite
PERSON:North KoreaIn,North KoreaIn,PERSON,False,1,1,1,North KoreaIn
LOC:North Pacific Ocean,North Pacific Ocean,LOC,False,1,1,1,the North Pacific Ocean
LOC:North Pole,North Pole,LOC,False,1,1,1,the North Pole
LOC:North Sea,North Sea,LOC,False,1,1,1,the North Sea
LOC:North Star,North Star,LOC,False,1,1,1,the North Star
GPE:North and South America,North and South America,GPE,False,1,1,1,North and South America
ORG:Northern Arizona University,Northern Arizona University,ORG,False,1,1,1,Northern Arizona University
LOC:Northern Cape Province,Northern Cape Province,LOC,False,1,1,1,Northern Cape Province
GPE:Northern Ireland,Northern Ireland,GPE,False,1,1,1,Northern Ireland
ORG:Northern Lights Observatory,Northern Lights Observatory,ORG,False,1,1,1,the Northern Lights Observatory
LOC:Norwegian Ocean,Norwegian Ocean,LOC,False,1,1,1,the Norwegian Ocean
"DATE:Nov. 20, 2004","Nov. 20, 2004",DATE,True,1,1,1,"Nov. 20, 2004"
ORG:Nova Scotia Business Inc,Nova Scotia Business Inc,ORG,False,1,1,1,Nova Scotia Business Inc.
DATE:November 1,November 1,DATE,True,1,1,1,November 1
"DATE:November 1, 1963","November 1, 1963",DATE,True,1,1,1,"November 1, 1963"
DATE:November 11,November 11,DATE,True,1,1,1,November 11
"DATE:November 12th, 2005","November 12th, 2005",DATE,True,1,1,1,"November 12th, 2005"
DATE:November 14,November 14,DATE,True,1,1,1,November 14
"DATE:November 15, 2004","November 15, 2004",DATE,True,1,1,1,"November 15, 2004"
DATE:November 1966,November 1966,DATE,True,1,1,1,November 1966
DATE:November 2,November 2,DATE,True,1,1,1,November 2
"DATE:November 2, 2006","November 2, 2006",DATE,True,1,1,1,"November 2, 2006"
"DATE:November 20, 2007","November 20, 2007",DATE,True,1,1,1,"November 20, 2007"
"DATE:November 20, 2008","November 20, 2008",DATE,True,1,1,1,"November 20, 2008"
DATE:November 2014,November 2014,DATE,True,1,1,1,November 2014
"DATE:November 23, 2008","November 23, 2008",DATE,True,1,1,1,"November 23, 2008"
DATE:November 26,November 26,DATE,True,1,1,1,November 26
"DATE:November 29, 1947","November 29, 1947",DATE,True,1,1,1,"November 29, 1947"
DATE:November 5,November 5,DATE,True,1,1,1,November 5
"DATE:November 6, 1892","November 6, 1892",DATE,True,1,1,1,"November 6, 1892"
DATE:November of 2004,November of 2004,DATE,True,1,1,1,November of 2004
DATE:November of last year,November of last year,DATE,True,1,1,1,November of last year
ORG:OHB System,OHB System,ORG,False,1,1,1,OHB System
PERSON:OSTM,OSTM,PERSON,False,1,1,1,OSTM
ORG:Observatory,Observatory,ORG,False,1,1,1,Observatory
"DATE:October 11, 2007","October 11, 2007",DATE,True,1,1,1,"October 11, 2007"
"DATE:October 15, 1997","October 15, 1997",DATE,True,1,1,1,"October 15, 1997"
"DATE:October 16, 2004","October 16, 2004",DATE,True,1,1,1,"October 16, 2004"
DATE:October 1990,October 1990,DATE,True,1,1,1,October 1990
DATE:October 20,October 20,DATE,True,1,1,1,October 20
DATE:October 2000,October 2000,DATE,True,1,1,1,October 2000
DATE:October 2003,October 2003,DATE,True,1,1,1,October 2003
DATE:October 2007,October 2007,DATE,True,1,1,1,October 2007
DATE:October 2009,October 2009,DATE,True,1,1,1,October 2009
DATE:October 2010,October 2010,DATE,True,1,1,1,October 2010
DATE:October 23,October 23,DATE,True,1,1,1,October 23
"DATE:October 3, 2007","October 3, 2007",DATE,True,1,1,1,"October 3, 2007"
DATE:October 7 of last year,October 7 of last year,DATE,True,1,1,1,October 7 of last year
"DATE:October 7, 2005","October 7, 2005",DATE,True,1,1,1,"October 7, 2005"
DATE:October 8,October 8,DATE,True,1,1,1,October 8
"DATE:October 9, 2008","October 9, 2008",DATE,True,1,1,1,"October 9, 2008"
DATE:October of this year,October of this year,DATE,True,1,1,1,October of this year
PERSON:Oded Aharonson,Oded Aharonson,PERSON,False,1,1,1,Oded Aharonson
GPE:Oklahoma City,Oklahoma City,GPE,False,1,1,1,Oklahoma City
ORG:Oleg Kotov,Oleg Kotov,ORG,False,1,1,1,Oleg Kotov
PERSON:Oliver Luckett,Oliver Luckett,PERSON,False,1,1,1,Oliver Luckett
EVENT:Olympic,Olympic,EVENT,False,1,1,1,Olympic
EVENT:Olympics,Olympics,EVENT,False,1,1,1,Olympics
ORG:Olympus Mons,Olympus Mons,ORG,False,1,1,1,Olympus Mons
GPE:Oman,Oman,GPE,False,1,1,1,Oman
GPE:Omelek Island,Omelek Island,GPE,False,1,1,1,Omelek Island
LOC:Omelek Island,Omelek Island,LOC,False,1,1,1,Omelek Island
PERSON:Onboard Atlantis,Onboard Atlantis,PERSON,False,1,1,1,Onboard Atlantis
GPE:Ontario,Ontario,GPE,False,1,1,1,Ontario
PRODUCT:Opaline,Opaline,PRODUCT,False,1,1,1,Opaline
ORG:Operations,Operations,ORG,False,1,1,1,Operations
SPACECRAFT:Opportunity Rover,Opportunity Rover,SPACECRAFT,False,1,1,1,Opportunity Rover
GPE:Orange County,Orange County,GPE,False,1,1,1,Orange County
ORG:Orbital,Orbital,ORG,False,1,1,1,Orbital
ORG:Orbital Debris Office,Orbital Debris Office,ORG,False,1,1,1,Orbital Debris Office
ORG:Orbital Debris Program Office,Orbital Debris Program Office,ORG,False,1,1,1,Orbital Debris Program Office
ORG:Orbiter,Orbiter,ORG,False,1,1,1,Orbiter
SPACECRAFT:Orbiter Discovery,Orbiter Discovery,SPACECRAFT,False,1,1,1,Orbiter Discovery
ORG:Orbiter Processing,Orbiter Processing,ORG,False,1,1,1,Orbiter Processing
ORG:Orbiter Project,Orbiter Project,ORG,False,1,1,1,the Orbiter Project
WORK_OF_ART:Orbiting Carbon Observatory,Orbiting Carbon Observatory,WORK_OF_ART,False,1,1,1,The Orbiting Carbon Observatory
ORG:Orbiting Carbon Observatory,Orbiting Carbon Observatory,ORG,False,1,1,1,the Orbiting Carbon Observatory
GPE:Orcus,Orcus,GPE,False,1,1,1,Orcus
GPE:Ore,Ore,GPE,False,1,1,1,Ore.
ORG:Organization for Security and Co-operation,Organization for Security and Co-operation,ORG,False,1,1,1,the Organization for Security and Co-operation
ORG:Orton,Orton,ORG,False,1,1,1,Orton
GPE:Ottawa,Ottawa,GPE,False,1,1,1,Ottawa
PERSON:Ours,Ours,PERSON,False,1,1,1,Ours
WORK_OF_ART:Outer Space Treaty,Outer Space Treaty,WORK_OF_ART,False,1,1,1,Outer Space Treaty
PERSON:Ouyang Ziyuan,Ouyang Ziyuan,PERSON,False,1,1,1,Ouyang Ziyuan
ORG:Ovchinin,Ovchinin,ORG,False,1,1,1,Ovchinin
PERSON:Owen Gingerich,Owen Gingerich,PERSON,False,1,1,1,Owen Gingerich
PERSON:Owen Van Natta,Owen Van Natta,PERSON,False,1,1,1,Owen Van Natta
ORG:Oxford University,Oxford University,ORG,False,1,1,1,Oxford University
PERSON:P1,P1,PERSON,False,1,1,1,P1
PERSON:P2,P2,PERSON,False,1,1,1,P2
ORG:PDE,PDE,ORG,False,1,1,1,PDE
ORG:PHA,PHA,ORG,False,1,1,1,PHA
ORG:PIRULITON Watch,PIRULITON Watch,ORG,False,1,1,1,PIRULITON Watch
ORG:PREsat,PREsat,ORG,False,1,1,1,PREsat
PRODUCT:Pad 41,Pad 41,PRODUCT,False,1,1,1,Pad 41
CELESTIAL:Pallas,Pallas,CELESTIAL,False,1,1,1,Pallas
GPE:Palm Beach,Palm Beach,GPE,False,1,1,1,Palm Beach
ORG:Pan,Pan,ORG,False,1,1,1,Pan
PRODUCT:PanAmSat,PanAmSat,PRODUCT,False,1,1,1,PanAmSat
GPE:Pandora,Pandora,GPE,False,1,1,1,Pandora
PERSON:Panoramica Luna de Sangre,Panoramica Luna de Sangre,PERSON,False,1,1,1,Panoramica Luna de Sangre
GPE:Papua New Guinea,Papua New Guinea,GPE,False,1,1,1,Papua New Guinea
GPE:Paris,Paris,GPE,False,1,1,1,Paris
FAC:Parkes Observatory,Parkes Observatory,FAC,False,1,1,1,the Parkes Observatory
LOC:Parus,Parus,LOC,False,1,1,1,Parus
GPE:Passaic County,Passaic County,GPE,False,1,1,1,Passaic County
PERSON:Patrick Moore,Patrick Moore,PERSON,False,1,1,1,Patrick Moore
PERSON:Patrick Wood,Patrick Wood,PERSON,False,1,1,1,Patrick Wood
PERSON:Patriot,Patriot,PERSON,False,1,1,1,Patriot
PERSON:Paul,Paul,PERSON,False,1,1,1,Paul
PERSON:Paul Butler,Paul Butler,PERSON,False,1,1,1,Paul Butler
PERSON:Paul Crowther,Paul Crowther,PERSON,False,1,1,1,Paul Crowther
PERSON:Paul McCartney,Paul McCartney,PERSON,False,1,1,1,Paul McCartney
PERSON:Paula Nicholson,Paula Nicholson,PERSON,False,1,1,1,Paula Nicholson
PERSON:Pavel Vinogradov,Pavel Vinogradov,PERSON,False,1,1,1,Pavel Vinogradov
ORG:Payload Assist Module,Payload Assist Module,ORG,False,1,1,1,Payload Assist Module
ORG:Payload Hazardous Servicing Facility,Payload Hazardous Servicing Facility,ORG,False,1,1,1,the Payload Hazardous Servicing Facility
GPE:Peenya,Peenya,GPE,False,1,1,1,Peenya
ORG:Peking University,Peking University,ORG,False,1,1,1,Peking University
PERSON:Peng Bo,Peng Bo,PERSON,False,1,1,1,Peng Bo
NORP:Persian,Persian,NORP,False,1,1,1,Persian
LOC:Persian Gulf,Persian Gulf,LOC,False,1,1,1,the Persian Gulf
NORP:Peruvian,Peruvian,NORP,False,1,1,1,Peruvian
ORG:Peruvian Nuclear Energy Institute,Peruvian Nuclear Energy Institute,ORG,False,1,1,1,Peruvian Nuclear Energy Institute
PERSON:Pete Nickolenko,Pete Nickolenko,PERSON,False,1,1,1,Pete Nickolenko
PERSON:Peter H Schultz,Peter H Schultz,PERSON,False,1,1,1,Peter H Schultz
ORG:Pettit,Pettit,ORG,False,1,1,1,Pettit
WORK_OF_ART:PhD,PhD,WORK_OF_ART,False,1,1,1,PhD
ORG:Pharmasat Risk Evaluation Satellite,Pharmasat Risk Evaluation Satellite,ORG,False,1,1,1,Pharmasat Risk Evaluation Satellite
PERSON:Phil Yock,Phil Yock,PERSON,False,1,1,1,Phil Yock
GPE:Philippines,Philippines,GPE,False,1,1,1,Philippines
PERSON:Phillip Father,Phillip Father,PERSON,False,1,1,1,Phillip Father
PERSON:Phillip Massey,Phillip Massey,PERSON,False,1,1,1,Phillip Massey
PERSON:Phillipe Ghesquiers,Phillipe Ghesquiers,PERSON,False,1,1,1,Phillipe Ghesquiers
PERSON:Phoebe,Phoebe,PERSON,False,1,1,1,Phoebe
PERSON:Photobucket,Photobucket,PERSON,False,1,1,1,Photobucket
PERSON:Photometric Imaging,Photometric Imaging,PERSON,False,1,1,1,Photometric Imaging
ORG:Photon Sciences Institute,Photon Sciences Institute,ORG,False,1,1,1,the Photon Sciences Institute
ORG:Physical Review Letters,Physical Review Letters,ORG,False,1,1,1,Physical Review Letters
ORG:Physicist,Physicist,ORG,False,1,1,1,Physicist &
ORG:Physics,Physics,ORG,False,1,1,1,Physics
GPE:Piczo,Piczo,GPE,False,1,1,1,Piczo
ORG:Pioneer Solar,Pioneer Solar,ORG,False,1,1,1,Pioneer Solar
ORG:Pirs,Pirs,ORG,False,1,1,1,Pirs
ORG:Pisa,Pisa,ORG,False,1,1,1,Pisa
LOC:Planet,Planet,LOC,False,1,1,1,the Planet
ORG:Planet Definition Committee,Planet Definition Committee,ORG,False,1,1,1,the Planet Definition Committee
ORG:PlanetSpace.org,PlanetSpace.org,ORG,False,1,1,1,PlanetSpace.org
ORG:Planetario de Madrid 03.jpg|Madrid,Planetario de Madrid 03.jpg|Madrid,ORG,False,1,1,1,Planetario de Madrid 03.jpg|Madrid
ORG:Planetary Science Institute,Planetary Science Institute,ORG,False,1,1,1,the Planetary Science Institute
ORG:Planetary Sciences,Planetary Sciences,ORG,False,1,1,1,Planetary Sciences
ORG:Poisk,Poisk,ORG,False,1,1,1,Poisk
PERSON:Pooley,Pooley,PERSON,False,1,1,1,Pooley
PERSON:Pope,Pope,PERSON,False,1,1,1,Pope
GPE:Portugal,Portugal,GPE,False,1,1,1,Portugal
ORG:Potentially Hazardous Asteroid,Potentially Hazardous Asteroid,ORG,False,1,1,1,a Potentially Hazardous Asteroid
ORG:Potsdam Institute for Climate Impact Research,Potsdam Institute for Climate Impact Research,ORG,False,1,1,1,Potsdam Institute for Climate Impact Research
ORG:Powerhouse Museum,Powerhouse Museum,ORG,False,1,1,1,the Powerhouse Museum
GPE:Prescott,Prescott,GPE,False,1,1,1,Prescott
ORG:President’s Vision for Space Exploration,President’s Vision for Space Exploration,ORG,False,1,1,1,the President’s Vision for Space Exploration
GPE:Princeton,Princeton,GPE,False,1,1,1,Princeton
ORG:Principal Investigator,Principal Investigator,ORG,False,1,1,1,Principal Investigator
ORG:Privacy Policy,Privacy Policy,ORG,False,1,1,1,Privacy Policy
WORK_OF_ART:Privacy Policy,Privacy Policy,WORK_OF_ART,False,1,1,1,The Privacy Policy
ORG:Prognoz,Prognoz,ORG,False,1,1,1,Prognoz
ORG:Project Constellation,Project Constellation,ORG,False,1,1,1,Project Constellation
SPACECRAFT:Project Mercury,Project Mercury,SPACECRAFT,False,1,1,1,Project Mercury
ORG:Propulsion Drive Electronics,Propulsion Drive Electronics,ORG,False,1,1,1,Propulsion Drive Electronics
ORG:ProtoStar Corporation,ProtoStar Corporation,ORG,False,1,1,1,ProtoStar Corporation
ORG:Protostar,Protostar,ORG,False,1,1,1,Protostar
ORG:Purdue University,Purdue University,ORG,False,1,1,1,Purdue University
PERSON:Pyun Kyung-bum,Pyun Kyung-bum,PERSON,False,1,1,1,Pyun Kyung-bum
GPE:Qatar,Qatar,GPE,False,1,1,1,Qatar
CELESTIAL:Quaoar,Quaoar,CELESTIAL,False,1,1,1,Quaoar
ORG:Quasar Equatorial Survey Team,Quasar Equatorial Survey Team,ORG,False,1,1,1,the Quasar Equatorial Survey Team
PERSON:Quick Launch,Quick Launch,PERSON,False,1,1,1,Quick Launch
PRODUCT:R-14,R-14,PRODUCT,False,1,1,1,R-14
PERSON:R-14,R-14,PERSON,False,1,1,1,R-14
PRODUCT:R136,R136,PRODUCT,False,1,1,1,R136
ORG:RBC News,RBC News,ORG,False,1,1,1,RBC News
ORG:RFI,RFI,ORG,False,1,1,1,RFI
ORG:RKA,RKA,ORG,False,1,1,1,RKA
ORG:RMS,RMS,ORG,False,1,1,1,RMS
PERSON:RR Lyrae,RR Lyrae,PERSON,False,1,1,1,RR Lyrae
ORG:RRM,RRM,ORG,False,1,1,1,RRM
ORG:RSL,RSL,ORG,False,1,1,1,RSL
PERSON:Rachmaninoff,Rachmaninoff,PERSON,False,1,1,1,Rachmaninoff
PERSON:Radar,Radar,PERSON,False,1,1,1,Radar
ORG:Radio Frequency Interferences,Radio Frequency Interferences,ORG,False,1,1,1,Radio Frequency Interferences
ORG:Raffaello Multi-Purpose Logistics Module,Raffaello Multi-Purpose Logistics Module,ORG,False,1,1,1,the Raffaello Multi-Purpose Logistics Module
GPE:Rafsanjan,Rafsanjan,GPE,False,1,1,1,Rafsanjan
PERSON:Raj Sharda,Raj Sharda,PERSON,False,1,1,1,Raj Sharda
PERSON:Ralf Jaumann,Ralf Jaumann,PERSON,False,1,1,1,Ralf Jaumann
PERSON:Ralph Milliken,Ralph Milliken,PERSON,False,1,1,1,Ralph Milliken
PERSON:Ralph Neuhaeuser,Ralph Neuhaeuser,PERSON,False,1,1,1,Ralph Neuhaeuser
PERSON:Ralph von Fres,Ralph von Fres,PERSON,False,1,1,1,Ralph von Fres
PERSON:Ramon,Ramon,PERSON,False,1,1,1,Ramon
PERSON:Randolph Bresnik,Randolph Bresnik,PERSON,False,1,1,1,Randolph Bresnik
PRODUCT:Ranging,Ranging,PRODUCT,False,1,1,1,Ranging
PERSON:Ranging,Ranging,PERSON,False,1,1,1,Ranging
ORG:Ratsat,Ratsat,ORG,False,1,1,1,Ratsat
ORG:Razaksat,Razaksat,ORG,False,1,1,1,Razaksat
ORG:Reaction Control System,Reaction Control System,ORG,False,1,1,1,Reaction Control System
PERSON:Rebecca,Rebecca,PERSON,False,1,1,1,Rebecca
ORG:Red Dwarf,Red Dwarf,ORG,False,1,1,1,Red Dwarf
FAC:Red M-dwarf,Red M-dwarf,FAC,False,1,1,1,the Red M-dwarf
NORP:Reddit,Reddit,NORP,False,1,1,1,Reddit
LOC:Regina,Regina,LOC,False,1,1,1,Regina
ORG:Reilly and Olivas,Reilly and Olivas,ORG,False,1,1,1,Reilly and Olivas
ORG:Remote Manipulator System,Remote Manipulator System,ORG,False,1,1,1,Remote Manipulator System
PERSON:Renan Ramirez,Renan Ramirez,PERSON,False,1,1,1,Renan Ramirez
GPE:Reno,Reno,GPE,False,1,1,1,Reno
ORG:Republican Party-Hanover County,Republican Party-Hanover County,ORG,False,1,1,1,Republican Party-Hanover County
PERSON:Richard Blumenthal,Richard Blumenthal,PERSON,False,1,1,1,Richard Blumenthal
PERSON:Richard Branson,Richard Branson,PERSON,False,1,1,1,Richard Branson's
PERSON:Richard Garriott,Richard Garriott,PERSON,False,1,1,1,Richard Garriott
PERSON:Richard Linnehan,Richard Linnehan,PERSON,False,1,1,1,Richard Linnehan
PERSON:Richard M. Linnehan,Richard M. Linnehan,PERSON,False,1,1,1,Richard M. Linnehan
PERSON:Richard M. Nixon,Richard M. Nixon,PERSON,False,1,1,1,Richard M. Nixon
PERSON:Richard Mastracchio,Richard Mastracchio,PERSON,False,1,1,1,Richard Mastracchio
PERSON:Richard Shelby,Richard Shelby,PERSON,False,1,1,1,Richard Shelby
PERSON:Rick Grammier,Rick Grammier,PERSON,False,1,1,1,Rick Grammier
PERSON:Rick Starkovs,Rick Starkovs,PERSON,False,1,1,1,Rick Starkovs
PERSON:Rick Sturckow,Rick Sturckow,PERSON,False,1,1,1,Rick Sturckow
PERSON:Rick Welch,Rick Welch,PERSON,False,1,1,1,Rick Welch
GPE:Rio Grande,Rio Grande,GPE,False,1,1,1,Rio Grande
PERSON:Robert Behnken,Robert Behnken,PERSON,False,1,1,1,Robert Behnken
PERSON:Robert Cabana,Robert Cabana,PERSON,False,1,1,1,Robert Cabana
PERSON:Robert Kahn,Robert Kahn,PERSON,False,1,1,1,Robert Kahn
PERSON:Robert L. Behnken,Robert L. Behnken,PERSON,False,1,1,1,Robert L. Behnken
PERSON:Robert Markowitz,Robert Markowitz,PERSON,False,1,1,1,Robert Markowitz
PERSON:Robert Park,Robert Park,PERSON,False,1,1,1,Robert Park
PERSON:Robert Sullivan,Robert Sullivan,PERSON,False,1,1,1,Robert Sullivan
PERSON:Robert Thirsk,Robert Thirsk,PERSON,False,1,1,1,Robert Thirsk
PERSON:Robert Weller,Robert Weller,PERSON,False,1,1,1,Robert Weller
PERSON:Robert Wilson,Robert Wilson,PERSON,False,1,1,1,Robert Wilson
PERSON:Robin Catchpole,Robin Catchpole,PERSON,False,1,1,1,Robin Catchpole
GPE:Robledo de Chavela,Robledo de Chavela,GPE,False,1,1,1,Robledo de Chavela
PERSON:RoboNet,RoboNet,PERSON,False,1,1,1,RoboNet
ORG:RoboNet,RoboNet,ORG,False,1,1,1,RoboNet
PERSON:Robotic Arm Camera,Robotic Arm Camera,PERSON,False,1,1,1,Robotic Arm Camera
ORG:Robotic Refueling Mission,Robotic Refueling Mission,ORG,False,1,1,1,the Robotic Refueling Mission
NORP:Rocketplane-Kistler,Rocketplane-Kistler,NORP,False,1,1,1,Rocketplane-Kistler
LOC:Rocky Mountains,Rocky Mountains,LOC,False,1,1,1,the Rocky Mountains
PERSON:Rohan Zaven,Rohan Zaven,PERSON,False,1,1,1,Rohan Zaven
PERSON:Roland Herwig,Roland Herwig,PERSON,False,1,1,1,Roland Herwig
PERSON:Romain Charles,Romain Charles,PERSON,False,1,1,1,Romain Charles
NORP:Roman,Roman,NORP,False,1,1,1,Roman
ORG:Roman Colosseum,Roman Colosseum,ORG,False,1,1,1,the Roman Colosseum
GPE:Roman Rashchupkin,Roman Rashchupkin,GPE,False,1,1,1,Roman Rashchupkin
PERSON:Romanenko,Romanenko,PERSON,False,1,1,1,Romanenko
GPE:Romania,Romania,GPE,False,1,1,1,Romania
ORG:Romanians,Romanians,ORG,False,1,1,1,Romanians
PERSON:Ron Garan,Ron Garan,PERSON,False,1,1,1,Ron Garan
PERSON:Ron Gilliland,Ron Gilliland,PERSON,False,1,1,1,Ron Gilliland
ORG:Ronald Reagan Ballistic Missile Defense Test Site,Ronald Reagan Ballistic Missile Defense Test Site,ORG,False,1,1,1,the Ronald Reagan Ballistic Missile Defense Test Site
GPE:Ross Ice Shelf,Ross Ice Shelf,GPE,False,1,1,1,the Ross Ice Shelf
LOC:Ross Sea,Ross Sea,LOC,False,1,1,1,the Ross Sea
ORG:Rotating Service Structure,Rotating Service Structure,ORG,False,1,1,1,Rotating Service Structure
PRODUCT:Rotational Pitch Maneuver,Rotational Pitch Maneuver,PRODUCT,False,1,1,1,"the ""Rotational Pitch Maneuver"
PERSON:Roy Cooper,Roy Cooper,PERSON,False,1,1,1,Roy Cooper
ORG:Royal Observatory,Royal Observatory,ORG,False,1,1,1,Royal Observatory
PERSON:Ruff,Ruff,PERSON,False,1,1,1,Ruff
LAW:RussiaAt 11:16 GMT,RussiaAt 11:16 GMT,LAW,False,1,1,1,RussiaAt 11:16 GMT
NORP:RussiaRussian,RussiaRussian,NORP,False,1,1,1,RussiaRussian
ORG:Russian Central Computer,Russian Central Computer,ORG,False,1,1,1,the Russian Central Computer
PERSON:Russian Cosmonauts,Russian Cosmonauts,PERSON,False,1,1,1,Russian Cosmonauts
ORG:Russian Federation Council,Russian Federation Council,ORG,False,1,1,1,the Russian Federation Council's
ORG:Russian Institute for Biomedical Problems,Russian Institute for Biomedical Problems,ORG,False,1,1,1,the Russian Institute for Biomedical Problems
ORG:Russian Ministry of Defence,Russian Ministry of Defence,ORG,False,1,1,1,the Russian Ministry of Defence
ORG:Russian Mission Control,Russian Mission Control,ORG,False,1,1,1,Russian Mission Control
PERSON:Russian Nanosatellite,Russian Nanosatellite,PERSON,False,1,1,1,Russian Nanosatellite
NORP:Russian Orlan,Russian Orlan,NORP,False,1,1,1,Russian Orlan
ORG:Russian Space Communication Company,Russian Space Communication Company,ORG,False,1,1,1,the Russian Space Communication Company
ORG:Russian Space Forces,Russian Space Forces,ORG,False,1,1,1,the Russian Space Forces
ORG:Russian State Commission,Russian State Commission,ORG,False,1,1,1,Russian State Commission
ORG:Russian Strela-2M,Russian Strela-2M,ORG,False,1,1,1,Russian Strela-2M
PERSON:Russian Yuri Malenchenko,Russian Yuri Malenchenko,PERSON,False,1,1,1,Russian Yuri Malenchenko
NORP:Russian-US,Russian-US,NORP,False,1,1,1,Russian-US
ORG:Russo-European,Russo-European,ORG,False,1,1,1,Russo-European
ORG:Rutgers,Rutgers,ORG,False,1,1,1,Rutgers
ORG:Rutgers University,Rutgers University,ORG,False,1,1,1,Rutgers University
PERSON:Ryan McDougle,Ryan McDougle,PERSON,False,1,1,1,Ryan McDougle
ORG:S-400 apogee motor,S-400 apogee motor,ORG,False,1,1,1,S-400 apogee motor
ORG:S18,S18,ORG,False,1,1,1,S18
PRODUCT:S3/S4,S3/S4,PRODUCT,False,1,1,1,S3/S4
ORG:S3/S4 Truss,S3/S4 Truss,ORG,False,1,1,1,S3/S4 Truss
ORG:SAR-Lupe 4 marks,SAR-Lupe 4 marks,ORG,False,1,1,1,SAR-Lupe 4 marks
ORG:SAR-Lupe 5,SAR-Lupe 5,ORG,False,1,1,1,SAR-Lupe 5
PRODUCT:SDSS-II Data Release 5,SDSS-II Data Release 5,PRODUCT,False,1,1,1,SDSS-II Data Release 5
ORG:SERNDIP V,SERNDIP V,ORG,False,1,1,1,SERNDIP V
ORG:SES,SES,ORG,False,1,1,1,SES
ORG:SES New Skies,SES New Skies,ORG,False,1,1,1,SES New Skies
ORG:SES S.A,SES S.A,ORG,False,1,1,1,SES S.A
ORG:SETI Institute,SETI Institute,ORG,False,1,1,1,SETI Institute
ORG:SIR-2,SIR-2,ORG,False,1,1,1,SIR-2
ORG:SKY Perfect JSAT Group,SKY Perfect JSAT Group,ORG,False,1,1,1,the SKY Perfect JSAT Group
ORG:SM-3,SM-3,ORG,False,1,1,1,SM-3
ORG:SN,SN,ORG,False,1,1,1,SN
ORG:SN 1987A,SN 1987A,ORG,False,1,1,1,SN 1987A
ORG:SOLAR,SOLAR,ORG,False,1,1,1,SOLAR
ORG:SSTV,SSTV,ORG,False,1,1,1,SSTV
GPE:STAR-2,STAR-2,GPE,False,1,1,1,STAR-2
GPE:STS-1,STS-1,GPE,False,1,1,1,STS-1
ORG:STS-114,STS-114,ORG,False,1,1,1,STS-114
WORK_OF_ART:STS-114 Return to Flight Gallery,STS-114 Return to Flight Gallery,WORK_OF_ART,False,1,1,1,The STS-114 Return to Flight Gallery
ORG:STS-115 Mission Management Team,STS-115 Mission Management Team,ORG,False,1,1,1,STS-115 Mission Management Team
PERSON:STS-122,STS-122,PERSON,False,1,1,1,STS-122
PERSON:STS-122 Shuttle,STS-122 Shuttle,PERSON,False,1,1,1,STS-122 Shuttle
NORP:STS-127,STS-127,NORP,False,1,1,1,STS-127
PERSON:STS-127,STS-127,PERSON,False,1,1,1,STS-127
NORP:STS-134,STS-134,NORP,False,1,1,1,STS-134
DATE:STS-45,STS-45,DATE,True,1,1,1,STS-45
PERSON:STS-6,STS-6,PERSON,False,1,1,1,STS-6
ORG:STS-71,STS-71,ORG,False,1,1,1,STS-71
GPE:STS-72,STS-72,GPE,False,1,1,1,STS-72
PERSON:SWAT,SWAT,PERSON,False,1,1,1,SWAT
ORG:SWIFT,SWIFT,ORG,False,1,1,1,SWIFT
GPE:SYLDA-5,SYLDA-5,GPE,False,1,1,1,SYLDA-5
PERSON:Safir,Safir,PERSON,False,1,1,1,Safir
PERSON:Saggitarius,Saggitarius,PERSON,False,1,1,1,Saggitarius
NORP:Saginaw,Saginaw,NORP,False,1,1,1,Saginaw
LOC:Sahara Desert,Sahara Desert,LOC,False,1,1,1,the Sahara Desert
LAW:Salyut 6,Salyut 6,LAW,False,1,1,1,Salyut 6
GPE:Salzgitter,Salzgitter,GPE,False,1,1,1,Salzgitter
PERSON:Sam Kounaves,Sam Kounaves,PERSON,False,1,1,1,Sam Kounaves
ORG:Samoa,Samoa,ORG,False,1,1,1,Samoa
ORG:San Diego State University,San Diego State University,ORG,False,1,1,1,San Diego State University
FAC:San Francisco Zoo,San Francisco Zoo,FAC,False,1,1,1,the San Francisco Zoo
FAC:Sand Springs Range,Sand Springs Range,FAC,False,1,1,1,Sand Springs Range
FAC:Sandra Magnus,Sandra Magnus,FAC,False,1,1,1,Sandra Magnus
ORG:Santa Clara University,Santa Clara University,ORG,False,1,1,1,Santa Clara University
GPE:Santa Cruz,Santa Cruz,GPE,False,1,1,1,Santa Cruz
GPE:Santa Monica,Santa Monica,GPE,False,1,1,1,Santa Monica
PERSON:Sara Seager,Sara Seager,PERSON,False,1,1,1,Sara Seager
NORP:Sarkissian,Sarkissian,NORP,False,1,1,1,Sarkissian
ORG:Satellite Industry Association,Satellite Industry Association,ORG,False,1,1,1,the Satellite Industry Association
NORP:Satish,Satish,NORP,False,1,1,1,Satish
DATE:Saturday 24 November 2007,Saturday 24 November 2007,DATE,True,1,1,1,Saturday 24 November 2007
DATE:Saturday February 12,Saturday February 12,DATE,True,1,1,1,Saturday February 12
"DATE:Saturday, March 3","Saturday, March 3",DATE,True,1,1,1,"Saturday, March 3"
"DATE:Saturday, May 31","Saturday, May 31",DATE,True,1,1,1,"Saturday, May 31"
"DATE:Saturday, November 12","Saturday, November 12",DATE,True,1,1,1,"Saturday, November 12"
SPACECRAFT:Saturn V,Saturn V,SPACECRAFT,False,1,1,1,Saturn V
NORP:Saudi Arabian,Saudi Arabian,NORP,False,1,1,1,Saudi Arabian
"ORG:School of Mathematics, University of Manchester","School of Mathematics, University of Manchester",ORG,False,1,1,1,"The School of Mathematics, University of Manchester"
ORG:Science Instrument Command,Science Instrument Command,ORG,False,1,1,1,Science Instrument Command
ORG:Science Ministry,Science Ministry,ORG,False,1,1,1,Science Ministry
PERSON:Scott D. Altman,Scott D. Altman,PERSON,False,1,1,1,Scott D. Altman
PERSON:Scott Gaudi,Scott Gaudi,PERSON,False,1,1,1,Scott Gaudi
PERSON:Scott Henderson,Scott Henderson,PERSON,False,1,1,1,Scott Henderson
PERSON:Scott Horowitz,Scott Horowitz,PERSON,False,1,1,1,Scott Horowitz
PERSON:Scott J. Kenyon,Scott J. Kenyon,PERSON,False,1,1,1,Scott J. Kenyon
PERSON:Scott Sandford,Scott Sandford,PERSON,False,1,1,1,Scott Sandford
PERSON:Scott Sheppard,Scott Sheppard,PERSON,False,1,1,1,Scott Sheppard
LOC:Sea,Sea,LOC,False,1,1,1,Sea
LOC:Sea of Japan,Sea of Japan,LOC,False,1,1,1,the Sea of Japan
ORG:Seager,Seager,ORG,False,1,1,1,Seager
PERSON:Sean Carey,Sean Carey,PERSON,False,1,1,1,Sean Carey
PERSON:Sean O'Keefe,Sean O'Keefe,PERSON,False,1,1,1,Sean O'Keefe
PERSON:Sean Solomon,Sean Solomon,PERSON,False,1,1,1,Sean Solomon
WORK_OF_ART:Search for Extraterrestrial Intelligence,Search for Extraterrestrial Intelligence,WORK_OF_ART,False,1,1,1,Search for Extraterrestrial Intelligence
PERSON:Seelye Martin,Seelye Martin,PERSON,False,1,1,1,Seelye Martin
PERSON:Sehar Memon,Sehar Memon,PERSON,False,1,1,1,Sehar Memon
PERSON:Seiji Toyama,Seiji Toyama,PERSON,False,1,1,1,Seiji Toyama
GPE:Semnan Province,Semnan Province,GPE,False,1,1,1,Semnan Province
ORG:Senate Commerce,Senate Commerce,ORG,False,1,1,1,the Senate Commerce
ORG:Senate Commerce Committee,Senate Commerce Committee,ORG,False,1,1,1,the Senate Commerce Committee
ORG:Senate Committee,Senate Committee,ORG,False,1,1,1,the Senate Committee
WORK_OF_ART:Send Your Name,Send Your Name,WORK_OF_ART,False,1,1,1,Send Your Name
ORG:Sendai,Sendai,ORG,False,1,1,1,Sendai
ORG:Sentinel Safe,Sentinel Safe,ORG,False,1,1,1,Sentinel Safe
DATE:September 1,September 1,DATE,True,1,1,1,September 1
DATE:September 11,September 11,DATE,True,1,1,1,September 11
DATE:September 13,September 13,DATE,True,1,1,1,September 13
"DATE:September 13, 1985","September 13, 1985",DATE,True,1,1,1,"September 13, 1985"
DATE:September 1992,September 1992,DATE,True,1,1,1,September 1992
DATE:September 20,September 20,DATE,True,1,1,1,September 20
DATE:September 2001,September 2001,DATE,True,1,1,1,September 2001
DATE:September 2003,September 2003,DATE,True,1,1,1,September 2003
DATE:September 2004,September 2004,DATE,True,1,1,1,September 2004
DATE:September 2006,September 2006,DATE,True,1,1,1,September 2006
DATE:September 2007,September 2007,DATE,True,1,1,1,September 2007
DATE:September 2008,September 2008,DATE,True,1,1,1,September 2008
DATE:September 2009,September 2009,DATE,True,1,1,1,September 2009
EVENT:September 21,September 21,EVENT,False,1,1,1,September 21
DATE:September 22,September 22,DATE,True,1,1,1,September 22
"DATE:September 24, 2008","September 24, 2008",DATE,True,1,1,1,"September 24, 2008"
DATE:September 26th,September 26th,DATE,True,1,1,1,September 26th
DATE:September 28th 2006,September 28th 2006,DATE,True,1,1,1,the September 28th 2006
DATE:September 30,September 30,DATE,True,1,1,1,September 30
"DATE:September 5, 1977","September 5, 1977",DATE,True,1,1,1,"September 5, 1977"
DATE:September 6,September 6,DATE,True,1,1,1,September 6
DATE:September of 2006,September of 2006,DATE,True,1,1,1,September of 2006
GPE:Serenity,Serenity,GPE,False,1,1,1,Serenity
PERSON:Sergei Revin,Sergei Revin,PERSON,False,1,1,1,Sergei Revin
WORK_OF_ART:Sergio Campana,Sergio Campana,WORK_OF_ART,False,1,1,1,Sergio Campana
PERSON:Seth Kreimer,Seth Kreimer,PERSON,False,1,1,1,Seth Kreimer
WORK_OF_ART:Seven Sisters,Seven Sisters,WORK_OF_ART,False,1,1,1,The Seven Sisters
TIME:Several hours,Several hours,TIME,True,1,1,1,Several hours
TIME:Several minutes,Several minutes,TIME,True,1,1,1,Several minutes
PERSON:Shannon,Shannon,PERSON,False,1,1,1,Shannon
PRODUCT:Shannon Walker,Shannon Walker,PRODUCT,False,1,1,1,Shannon Walker
PERSON:Shannon Walker,Shannon Walker,PERSON,False,1,1,1,Shannon Walker
GPE:Shanxi province,Shanxi province,GPE,False,1,1,1,Shanxi province
PERSON:Shapirov,Shapirov,PERSON,False,1,1,1,Shapirov
ORG:Sharda,Sharda,ORG,False,1,1,1,Sharda
GPE:Sharipov,Sharipov,GPE,False,1,1,1,Sharipov
PERSON:Shavit,Shavit,PERSON,False,1,1,1,Shavit
PRODUCT:Shepard,Shepard,PRODUCT,False,1,1,1,Shepard
SPACECRAFT:Shuttle Columbia,Shuttle Columbia,SPACECRAFT,False,1,1,1,Shuttle Columbia
ORG:Shuttle Derived Launch Vehicles,Shuttle Derived Launch Vehicles,ORG,False,1,1,1,Shuttle Derived Launch Vehicles
ORG:Shuttle Orbiter,Shuttle Orbiter,ORG,False,1,1,1,the Shuttle Orbiter's
ORG:Shuttle Program,Shuttle Program,ORG,False,1,1,1,Shuttle Program
GPE:Sichuan,Sichuan,GPE,False,1,1,1,Sichuan
GPE:Sichuan Province,Sichuan Province,GPE,False,1,1,1,Sichuan Province
WORK_OF_ART:Side A,Side A,WORK_OF_ART,False,1,1,1,Side A
FAC:Sierra Nevada Observatory,Sierra Nevada Observatory,FAC,False,1,1,1,the Sierra Nevada Observatory
ORG:Silicon,Silicon,ORG,False,1,1,1,Silicon
LOC:Silicon Valley,Silicon Valley,LOC,False,1,1,1,Silicon Valley
FAC:Silver Dart,Silver Dart,FAC,False,1,1,1,the Silver Dart
WORK_OF_ART:Silver Dart,Silver Dart,WORK_OF_ART,False,1,1,1,Silver Dart
PERSON:Simon Clark,Simon Clark,PERSON,False,1,1,1,Simon Clark
GPE:Simonyi,Simonyi,GPE,False,1,1,1,Simonyi
ORG:Singapore Airlines,Singapore Airlines,ORG,False,1,1,1,Singapore Airlines
NORP:Singaporean,Singaporean,NORP,False,1,1,1,Singaporean
SPACECRAFT:Skylab,Skylab,SPACECRAFT,False,1,1,1,Skylab
ORG:Sloan Digital Sky Survey,Sloan Digital Sky Survey,ORG,False,1,1,1,Sloan Digital Sky Survey
ORG:Small Solar-System Bodies,Small Solar-System Bodies,ORG,False,1,1,1,Small Solar-System Bodies
ORG:Smith,Smith,ORG,False,1,1,1,Smith
ORG:Smith's Cloud,Smith's Cloud,ORG,False,1,1,1,Smith's Cloud
ORG:Smithsonian,Smithsonian,ORG,False,1,1,1,Smithsonian
ORG:Snocap,Snocap,ORG,False,1,1,1,Snocap
PERSON:Snow,Snow,PERSON,False,1,1,1,Snow
PERSON:Snow Queen,Snow Queen,PERSON,False,1,1,1,Snow Queen
WORK_OF_ART:Snow White,Snow White,WORK_OF_ART,False,1,1,1,Snow White
PERSON:Soderberg,Soderberg,PERSON,False,1,1,1,Soderberg
PERSON:Sol 24,Sol 24,PERSON,False,1,1,1,Sol 24
PERSON:Sol 4,Sol 4,PERSON,False,1,1,1,Sol 4
PERSON:Sol 5,Sol 5,PERSON,False,1,1,1,Sol 5
ORG:Solar Dynamics Observatory,Solar Dynamics Observatory,ORG,False,1,1,1,Solar Dynamics Observatory
PERSON:Soldier Meadows,Soldier Meadows,PERSON,False,1,1,1,Soldier Meadows
WORK_OF_ART:Soldiers,Soldiers,WORK_OF_ART,False,1,1,1,Soldiers
GPE:Somalia,Somalia,GPE,False,1,1,1,Somalia
PERSON:Son Nghiem,Son Nghiem,PERSON,False,1,1,1,Son Nghiem
ORG:Sonoma State University,Sonoma State University,ORG,False,1,1,1,Sonoma State University
LOC:South,South,LOC,False,1,1,1,South
GPE:South Africa,South Africa,GPE,False,1,1,1,South Africa
NORP:South American,South American,NORP,False,1,1,1,South American
ORG:South Asian Association for Regional Cooperation (SAARC,South Asian Association for Regional Cooperation (SAARC,ORG,False,1,1,1,the South Asian Association for Regional Cooperation (SAARC
LOC:South Pole of,South Pole of,LOC,False,1,1,1,the South Pole of
NORP:South Poles,South Poles,NORP,False,1,1,1,South Poles
LOC:South-East,South-East,LOC,False,1,1,1,South-East
LOC:South-East Asia,South-East Asia,LOC,False,1,1,1,South-East Asia
GPE:South-West,South-West,GPE,False,1,1,1,South-West
GPE:Southeast Portland,Southeast Portland,GPE,False,1,1,1,Southeast Portland
NORP:Southern,Southern,NORP,False,1,1,1,Southern
LOC:Southwest Asia,Southwest Asia,LOC,False,1,1,1,Southwest Asia
LAW:Space Act Agreement,Space Act Agreement,LAW,False,1,1,1,a Space Act Agreement
ORG:Space Commission,Space Commission,ORG,False,1,1,1,the Space Commission
ORG:Space Communications Corporation,Space Communications Corporation,ORG,False,1,1,1,the Space Communications Corporation
ORG:Space Department,Space Department,ORG,False,1,1,1,Space Department
ORG:Space Fellowship,Space Fellowship,ORG,False,1,1,1,Space Fellowship
ORG:Space News,Space News,ORG,False,1,1,1,Space News
WORK_OF_ART:Space Pearl Harbor,Space Pearl Harbor,WORK_OF_ART,False,1,1,1,Space Pearl Harbor
ORG:Space Science Research Institute,Space Science Research Institute,ORG,False,1,1,1,Space Science Research Institute
ORG:Space Sciences Laboratory,Space Sciences Laboratory,ORG,False,1,1,1,the Space Sciences Laboratory
ORG:Space Services Incorporated,Space Services Incorporated,ORG,False,1,1,1,Space Services Incorporated
SPACECRAFT:Space Shuttle Enterprise,Space Shuttle Enterprise,SPACECRAFT,False,1,1,1,Space Shuttle Enterprise
PERSON:Space Shuttles,Space Shuttles,PERSON,False,1,1,1,Space Shuttles
ORG:Space Shuttles Endeavour,Space Shuttles Endeavour,ORG,False,1,1,1,the Space Shuttles Endeavour
ORG:Space Situational Awareness,Space Situational Awareness,ORG,False,1,1,1,Space Situational Awareness
PERSON:Space Space,Space Space,PERSON,False,1,1,1,Space Space
PERSON:Space Spacebabe,Space Spacebabe,PERSON,False,1,1,1,Space Spacebabe
ORG:Space Station Processing Facility,Space Station Processing Facility,ORG,False,1,1,1,the Space Station Processing Facility
ORG:Space Station Program,Space Station Program,ORG,False,1,1,1,Space Station Program
FAC:Space Station's Canadarm2,Space Station's Canadarm2,FAC,False,1,1,1,the Space Station's Canadarm2
ORG:Space Station's Zarya,Space Station's Zarya,ORG,False,1,1,1,the Space Station's Zarya
ORG:Space Systems/Loral,Space Systems/Loral,ORG,False,1,1,1,Space Systems/Loral
ORG:Space Technology,Space Technology,ORG,False,1,1,1,Space Technology
ORG:Space Telescope Imaging Spectrograph,Space Telescope Imaging Spectrograph,ORG,False,1,1,1,the Space Telescope Imaging Spectrograph
ORG:Space Test Program,Space Test Program,ORG,False,1,1,1,Space Test Program
ORG:Space Transit Planetarium,Space Transit Planetarium,ORG,False,1,1,1,the Space Transit Planetarium
ORG:SpaceAfter,SpaceAfter,ORG,False,1,1,1,SpaceAfter
ORG:SpaceBus,SpaceBus,ORG,False,1,1,1,SpaceBus
ORG:SpaceFor,SpaceFor,ORG,False,1,1,1,SpaceFor
ORG:SpaceLab,SpaceLab,ORG,False,1,1,1,SpaceLab
GPE:SpaceNASA,SpaceNASA,GPE,False,1,1,1,SpaceNASA
ORG:SpaceScientists,SpaceScientists,ORG,False,1,1,1,SpaceScientists
SPACECRAFT:SpaceShipTwo,SpaceShipTwo,SPACECRAFT,False,1,1,1,SpaceShipTwo
ORG:SpaceThe US,SpaceThe US,ORG,False,1,1,1,SpaceThe US
GPE:SpaceThe United States,SpaceThe United States,GPE,False,1,1,1,SpaceThe United States
ORG:Spacelab,Spacelab,ORG,False,1,1,1,Spacelab
NORP:Spanish,Spanish,NORP,False,1,1,1,Spanish
NORP:Spectral,Spectral,NORP,False,1,1,1,Spectral
PERSON:Spectroscopy,Spectroscopy,PERSON,False,1,1,1,Spectroscopy
SPACECRAFT:Spirit rover,Spirit rover,SPACECRAFT,False,1,1,1,Spirit rover
PERSON:Sputnik,Sputnik,PERSON,False,1,1,1,Sputnik
LAW:Square Kilometer Array,Square Kilometer Array,LAW,False,1,1,1,the Square Kilometer Array
PERSON:Srinivasan Nageswaran,Srinivasan Nageswaran,PERSON,False,1,1,1,Srinivasan Nageswaran
ORG:St. Andrew's University,St. Andrew's University,ORG,False,1,1,1,St. Andrew's University
GPE:St. Louis,St. Louis,GPE,False,1,1,1,St. Louis
PERSON:Stamatios Krimigis,Stamatios Krimigis,PERSON,False,1,1,1,Stamatios Krimigis
ORG:Stan Love,Stan Love,ORG,False,1,1,1,Stan Love
ORG:Stanford University,Stanford University,ORG,False,1,1,1,Stanford University
ORG:Stanford University's Public Affairs Coordinator,Stanford University's Public Affairs Coordinator,ORG,False,1,1,1,Stanford University's Public Affairs Coordinator
PERSON:Stanley Love,Stanley Love,PERSON,False,1,1,1,Stanley Love
PRODUCT:Star 48B third,Star 48B third,PRODUCT,False,1,1,1,a Star 48B third
ORG:Star Gazer,Star Gazer,ORG,False,1,1,1,Star Gazer
ORG:Star Trek,Star Trek,ORG,False,1,1,1,Star Trek
PERSON:Starsem,Starsem,PERSON,False,1,1,1,Starsem
PERSON:Stassun,Stassun,PERSON,False,1,1,1,Stassun
ORG:State,State,ORG,False,1,1,1,State
ORG:State College,State College,ORG,False,1,1,1,State College
GPE:State of Texas,State of Texas,GPE,False,1,1,1,the State of Texas
GPE:States,States,GPE,False,1,1,1,States
ORG:Station's Expedition 16,Station's Expedition 16,ORG,False,1,1,1,the Station's Expedition 16
ORG:Steagle Colbeagle,Steagle Colbeagle,ORG,False,1,1,1,Steagle Colbeagle
PERSON:Stefanie Gordon,Stefanie Gordon,PERSON,False,1,1,1,Stefanie Gordon
PERSON:Stefanie Komossa,Stefanie Komossa,PERSON,False,1,1,1,Stefanie Komossa
FAC:Stennis Space Center,Stennis Space Center,FAC,False,1,1,1,the Stennis Space Center
PERSON:Steny Hoyer,Steny Hoyer,PERSON,False,1,1,1,Steny Hoyer
ORG:Stephane Udry,Stephane Udry,ORG,False,1,1,1,Stephane Udry
PERSON:Stephanie Wilson,Stephanie Wilson,PERSON,False,1,1,1,Stephanie Wilson
PERSON:Stephanie Wilson - Mission Specialist - USA,Stephanie Wilson - Mission Specialist - USA,PERSON,False,1,1,1,Stephanie Wilson - Mission Specialist - USA
PERSON:Stephen Bowen,Stephen Bowen,PERSON,False,1,1,1,Stephen Bowen
PERSON:Stephen Colbert,Stephen Colbert,PERSON,False,1,1,1,Stephen Colbert
PERSON:Stephen Harper,Stephen Harper,PERSON,False,1,1,1,Stephen Harper
PERSON:Stephen Jr,Stephen Jr,PERSON,False,1,1,1,Stephen Jr.
PERSON:Stephen Robinson,Stephen Robinson,PERSON,False,1,1,1,Stephen Robinson
PERSON:Steve,Steve,PERSON,False,1,1,1,Steve
PERSON:Steve Bowen,Steve Bowen,PERSON,False,1,1,1,Steve Bowen
PERSON:Steve Chesley,Steve Chesley,PERSON,False,1,1,1,Steve Chesley
PERSON:Steve Cole,Steve Cole,PERSON,False,1,1,1,Steve Cole
PERSON:Steve MacLean,Steve MacLean,PERSON,False,1,1,1,Steve MacLean
PERSON:Steve O'Neill,Steve O'Neill,PERSON,False,1,1,1,Steve O'Neill
PERSON:Steve Robinson,Steve Robinson,PERSON,False,1,1,1,Steve Robinson
PERSON:Steve Thornton,Steve Thornton,PERSON,False,1,1,1,Steve Thornton
PERSON:Steven F. Udvar-Hazy Center,Steven F. Udvar-Hazy Center,PERSON,False,1,1,1,Steven F. Udvar-Hazy Center
PERSON:Steven Lindsey,Steven Lindsey,PERSON,False,1,1,1,Steven Lindsey
PERSON:Steven Ruff,Steven Ruff,PERSON,False,1,1,1,Steven Ruff
PERSON:Steven Vogt,Steven Vogt,PERSON,False,1,1,1,Steven Vogt
PERSON:Steven W. Lindsey - Commander - USA,Steven W. Lindsey - Commander - USA,PERSON,False,1,1,1,Steven W. Lindsey - Commander - USA
PERSON:Steward Observatory,Steward Observatory,PERSON,False,1,1,1,Steward Observatory
PERSON:Stilson,Stilson,PERSON,False,1,1,1,Stilson
PERSON:Stofan,Stofan,PERSON,False,1,1,1,Stofan
ORG:Straits Times,Straits Times,ORG,False,1,1,1,The Straits Times
ORG:Strategic Rocket Forces,Strategic Rocket Forces,ORG,False,1,1,1,Strategic Rocket Forces
ORG:Stratofox Aerospace Tracking Team,Stratofox Aerospace Tracking Team,ORG,False,1,1,1,the Stratofox Aerospace Tracking Team
ORG:Strugarek,Strugarek,ORG,False,1,1,1,Strugarek
PERSON:Strugarek,Strugarek,PERSON,False,1,1,1,Strugarek
PERSON:Stuart Roosa,Stuart Roosa,PERSON,False,1,1,1,Stuart Roosa
ORG:StupidVideos,StupidVideos,ORG,False,1,1,1,StupidVideos
PERSON:SuSI2,SuSI2,PERSON,False,1,1,1,SuSI2
ORG:Subaru,Subaru,ORG,False,1,1,1,Subaru
PERSON:Sukhrob Kamolov,Sukhrob Kamolov,PERSON,False,1,1,1,Sukhrob Kamolov
PERSON:Sulfur,Sulfur,PERSON,False,1,1,1,Sulfur
PERSON:Sullivan,Sullivan,PERSON,False,1,1,1,Sullivan
NORP:Sumatra,Sumatra,NORP,False,1,1,1,Sumatra
PERSON:Sumatran,Sumatran,PERSON,False,1,1,1,Sumatran
"DATE:Sunday April 5, 2009","Sunday April 5, 2009",DATE,True,1,1,1,"Sunday April 5, 2009"
DATE:Sunday February 15,Sunday February 15,DATE,True,1,1,1,Sunday February 15
"DATE:Sunday January 15, 2006","Sunday January 15, 2006",DATE,True,1,1,1,"Sunday January 15, 2006"
TIME:Sunday morning,Sunday morning,TIME,True,1,1,1,Sunday morning
"DATE:Sunday, March 8","Sunday, March 8",DATE,True,1,1,1,"Sunday, March 8"
PERSON:Sunny Gandhi,Sunny Gandhi,PERSON,False,1,1,1,Sunny Gandhi
GPE:Sunrise,Sunrise,GPE,False,1,1,1,Sunrise
ORG:Suns,Suns,ORG,False,1,1,1,Suns
ORG:Super,Super,ORG,False,1,1,1,Super
ORG:Super Star Cluster Westerlund,Super Star Cluster Westerlund,ORG,False,1,1,1,the Super Star Cluster Westerlund
ORG:Superb-Seeing Imager 2,Superb-Seeing Imager 2,ORG,False,1,1,1,the Superb-Seeing Imager 2
ORG:Superbird 7,Superbird 7,ORG,False,1,1,1,Superbird 7
LAW:Supernova 1987A. In,Supernova 1987A. In,LAW,False,1,1,1,Supernova 1987A. In
ORG:Svedhem,Svedhem,ORG,False,1,1,1,Svedhem
ORG:Swarthmore College,Swarthmore College,ORG,False,1,1,1,Swarthmore College
GPE:Sweden,Sweden,GPE,False,1,1,1,Sweden
NORP:Swedish,Swedish,NORP,False,1,1,1,Swedish
EVENT:Sydney Morning Herald,Sydney Morning Herald,EVENT,False,1,1,1,The Sydney Morning Herald
WORK_OF_ART:Sydney Morning Herald,Sydney Morning Herald,WORK_OF_ART,False,1,1,1,The Sydney Morning Herald
NORP:Sylda,Sylda,NORP,False,1,1,1,Sylda
GPE:Sylda-5,Sylda-5,GPE,False,1,1,1,Sylda-5
PERSON:Symington III,Symington III,PERSON,False,1,1,1,Symington III
LOC:Synthetic Aperture,Synthetic Aperture,LOC,False,1,1,1,Synthetic Aperture
ORG:Synthetic Apperture Radar (SAR,Synthetic Apperture Radar (SAR,ORG,False,1,1,1,Synthetic Apperture Radar (SAR
GPE:Syria,Syria,GPE,False,1,1,1,Syria
GPE:T-0,T-0,GPE,False,1,1,1,T-0
TIME:T-20 minutes,T-20 minutes,TIME,True,1,1,1,T-20 minutes
TIME:T-3 hours,T-3 hours,TIME,True,1,1,1,T-3 hours
TIME:T-3 minutes,T-3 minutes,TIME,True,1,1,1,T-3 minutes
TIME:T-50 seconds,T-50 seconds,TIME,True,1,1,1,T-50 seconds
TIME:T-9 minutes,T-9 minutes,TIME,True,1,1,1,T-9 minutes
ORG:T. Gregory Argall,T. Gregory Argall,ORG,False,1,1,1,T. Gregory Argall
ORG:TAS,TAS,ORG,False,1,1,1,TAS
ORG:THEMIS Project,THEMIS Project,ORG,False,1,1,1,the THEMIS Project
ORG:TM-7,TM-7,ORG,False,1,1,1,TM-7
PERSON:TMA-12M,TMA-12M,PERSON,False,1,1,1,TMA-12M
ORG:TOC,TOC,ORG,False,1,1,1,TOC
ORG:TRACE,TRACE,ORG,False,1,1,1,TRACE
ORG:TWINS,TWINS,ORG,False,1,1,1,TWINS
ORG:TWINS-B. SBIRS,TWINS-B. SBIRS,ORG,False,1,1,1,TWINS-B. SBIRS
ORG:TWSAT,TWSAT,ORG,False,1,1,1,TWSAT
ORG:Taipei Times,Taipei Times,ORG,False,1,1,1,the Taipei Times
GPE:Taiwan,Taiwan,GPE,False,1,1,1,Taiwan
FAC:Taiyuan Satellite Launch Centre,Taiyuan Satellite Launch Centre,FAC,False,1,1,1,the Taiyuan Satellite Launch Centre
PERSON:Taketoshi Hibiya,Taketoshi Hibiya,PERSON,False,1,1,1,Taketoshi Hibiya
ORG:Taliban,Taliban,ORG,False,1,1,1,Taliban
PERSON:Tamil Nadu,Tamil Nadu,PERSON,False,1,1,1,Tamil Nadu
PERSON:Tanegashima,Tanegashima,PERSON,False,1,1,1,Tanegashima
FAC:Tanegashima Space Center,Tanegashima Space Center,FAC,False,1,1,1,Tanegashima Space Center
LOC:Tani,Tani,LOC,False,1,1,1,Tani
PERSON:Taylor,Taylor,PERSON,False,1,1,1,Taylor
PERSON:Taylor Perron,Taylor Perron,PERSON,False,1,1,1,Taylor Perron
ORG:TecSAR,TecSAR,ORG,False,1,1,1,TecSAR
PERSON:Telenor,Telenor,PERSON,False,1,1,1,Telenor
GPE:Temis,Temis,GPE,False,1,1,1,Temis
PERSON:Teodorescu,Teodorescu,PERSON,False,1,1,1,Teodorescu
ORG:Terminal Computer,Terminal Computer,ORG,False,1,1,1,Terminal Computer
NORP:Texans,Texans,NORP,False,1,1,1,Texans
ORG:Texas A&amp;M University,Texas A&amp;M University,ORG,False,1,1,1,Texas A&amp;M University
ORG:TexasNews,TexasNews,ORG,False,1,1,1,TexasNews
ORG:The Astrophysical Journal,The Astrophysical Journal,ORG,False,1,1,1,the The Astrophysical Journal
WORK_OF_ART:The King of Hearts,The King of Hearts,WORK_OF_ART,False,1,1,1,'The King of Hearts'
PERSON:Theora multi-video,Theora multi-video,PERSON,False,1,1,1,Theora multi-video
PERSON:Theresa Hitchens,Theresa Hitchens,PERSON,False,1,1,1,Theresa Hitchens
LAW:Thermal Emission Imaging System,Thermal Emission Imaging System,LAW,False,1,1,1,the Thermal Emission Imaging System
WORK_OF_ART:Thermal and Evolved Gas Analyzer,Thermal and Evolved Gas Analyzer,WORK_OF_ART,False,1,1,1,Thermal and Evolved Gas Analyzer
WORK_OF_ART:Thermal and Evolved-Gas Analyzer,Thermal and Evolved-Gas Analyzer,WORK_OF_ART,False,1,1,1,Thermal and Evolved-Gas Analyzer
DATE:This March,This March,DATE,True,1,1,1,This March
PERSON:Tholen,Tholen,PERSON,False,1,1,1,Tholen
PERSON:Thomas Marshburn,Thomas Marshburn,PERSON,False,1,1,1,Thomas Marshburn
ORG:Thor 5,Thor 5,ORG,False,1,1,1,Thor 5
DATE:Thor 5,Thor 5,DATE,True,1,1,1,Thor 5
DATE:Thursday June 12,Thursday June 12,DATE,True,1,1,1,Thursday June 12
"DATE:Thursday, August 24 of 2006","Thursday, August 24 of 2006",DATE,True,1,1,1,"Thursday, August 24 of 2006"
ORG:TiME,TiME,ORG,False,1,1,1,TiME
ORG:Tian Lian 1,Tian Lian 1,ORG,False,1,1,1,Tian Lian 1
ORG:Tiffany Wiederhorn,Tiffany Wiederhorn,ORG,False,1,1,1,Tiffany Wiederhorn
WORK_OF_ART:Tiger Stripes,Tiger Stripes,WORK_OF_ART,False,1,1,1,Tiger Stripes
PERSON:Tim Bryan,Tim Bryan,PERSON,False,1,1,1,Tim Bryan
PERSON:Tim Titus,Tim Titus,PERSON,False,1,1,1,Tim Titus
ORG:Times,Times,ORG,False,1,1,1,Times
GPE:Tokyo,Tokyo,GPE,False,1,1,1,Tokyo
ORG:Tokyo Metropolitan Institute of Technology,Tokyo Metropolitan Institute of Technology,ORG,False,1,1,1,the Tokyo Metropolitan Institute of Technology
PERSON:Tom Argyll,Tom Argyll,PERSON,False,1,1,1,Tom Argyll
PERSON:Tom Marshburn,Tom Marshburn,PERSON,False,1,1,1,Tom Marshburn
PERSON:Tom Watson,Tom Watson,PERSON,False,1,1,1,Tom Watson
TIME:Tonight,Tonight,TIME,True,1,1,1,Tonight
PERSON:Tony Diffenbaugh,Tony Diffenbaugh,PERSON,False,1,1,1,Tony Diffenbaugh
PERSON:Tony Phillips,Tony Phillips,PERSON,False,1,1,1,Tony Phillips
PERSON:Tony Snow,Tony Snow,PERSON,False,1,1,1,Tony Snow
GPE:Toronto,Toronto,GPE,False,1,1,1,Toronto
PERSON:Torrence Johnson,Torrence Johnson,PERSON,False,1,1,1,Torrence Johnson
WORK_OF_ART:Total Lunar Eclipse,Total Lunar Eclipse,WORK_OF_ART,False,1,1,1,Total Lunar Eclipse
GPE:Toulouse,Toulouse,GPE,False,1,1,1,Toulouse
GPE:TrES-1,TrES-1,GPE,False,1,1,1,TrES-1
WORK_OF_ART:TrES-4,TrES-4,WORK_OF_ART,False,1,1,1,TrES-4
ORG:TrES-4,TrES-4,ORG,False,1,1,1,TrES-4
PERSON:Tracy Yates,Tracy Yates,PERSON,False,1,1,1,Tracy Yates
ORG:Transatlantic Exoplanet Survey,Transatlantic Exoplanet Survey,ORG,False,1,1,1,the Transatlantic Exoplanet Survey
ORG:Transit Method,Transit Method,ORG,False,1,1,1,the 'Transit Method'
GPE:Transition Region,Transition Region,GPE,False,1,1,1,the Transition Region
PERSON:Trent Lapinski,Trent Lapinski,PERSON,False,1,1,1,Trent Lapinski
ORG:Tribune-Herald,Tribune-Herald,ORG,False,1,1,1,Tribune-Herald
GPE:Troms,Troms,GPE,False,1,1,1,Troms
PERSON:Truls Lynne Hansen,Truls Lynne Hansen,PERSON,False,1,1,1,Truls Lynne Hansen
GPE:Truly,Truly,GPE,False,1,1,1,Truly
ORG:Trump,Trump,ORG,False,1,1,1,Trump
GPE:Trumpet,Trumpet,GPE,False,1,1,1,Trumpet
FAC:Tucson,Tucson,FAC,False,1,1,1,Tucson
"DATE:Tuesday August 16th, 2005","Tuesday August 16th, 2005",DATE,True,1,1,1,"Tuesday August 16th, 2005"
DATE:Tuesday February 3,Tuesday February 3,DATE,True,1,1,1,Tuesday February 3
"DATE:Tuesday, December 4","Tuesday, December 4",DATE,True,1,1,1,"Tuesday, December 4"
ORG:Turing,Turing,ORG,False,1,1,1,Turing
ORG:Tussauds,Tussauds,ORG,False,1,1,1,Tussauds
TIME:Twenty-four hours,Twenty-four hours,TIME,True,1,1,1,Twenty-four hours
TIME:Two minutes,Two minutes,TIME,True,1,1,1,Two minutes
TIME:Two minutes later,Two minutes later,TIME,True,1,1,1,Two minutes later
GPE:Tyurin,Tyurin,GPE,False,1,1,1,Tyurin
ORG:Télescope,Télescope,ORG,False,1,1,1,Télescope
ORG:U. C. Berkeley,U. C. Berkeley,ORG,False,1,1,1,U. C. Berkeley
GPE:U. S,U. S,GPE,False,1,1,1,U. S.
ORG:U.S. Air Force Academy,U.S. Air Force Academy,ORG,False,1,1,1,the U.S. Air Force Academy's
ORG:U.S. Air Force Utah Test,U.S. Air Force Utah Test,ORG,False,1,1,1,the U.S. Air Force Utah Test
ORG:U.S. Army,U.S. Army,ORG,False,1,1,1,the U.S. Army
ORG:U.S. Government,U.S. Government,ORG,False,1,1,1,the U.S. Government
ORG:U.S. House of Representatives Committee on Science,U.S. House of Representatives Committee on Science,ORG,False,1,1,1,the U.S. House of Representatives Committee on Science
ORG:U.S. Marine Corp,U.S. Marine Corp,ORG,False,1,1,1,the U.S. Marine Corp
ORG:U.S. National Science Foundation,U.S. National Science Foundation,ORG,False,1,1,1,the U.S. National Science Foundation
ORG:U.S. National Security Council,U.S. National Security Council,ORG,False,1,1,1,the U.S. National Security Council
ORG:U.S. Senate,U.S. Senate,ORG,False,1,1,1,The U.S. Senate
ORG:U.S. Space and Rocket Center,U.S. Space and Rocket Center,ORG,False,1,1,1,the U.S. Space and Rocket Center
ORG:U.S. Strategic Command,U.S. Strategic Command,ORG,False,1,1,1,U.S. Strategic Command
ORG:U2,U2,ORG,False,1,1,1,U2
ORG:UC Berkeley,UC Berkeley,ORG,False,1,1,1,UC Berkeley
ORG:UC Berkley,UC Berkley,ORG,False,1,1,1,UC Berkley
ORG:UC Professor,UC Professor,ORG,False,1,1,1,UC Professor
ORG:UCS,UCS,ORG,False,1,1,1,UCS
ORG:UFOlogists,UFOlogists,ORG,False,1,1,1,UFOlogists
ORG:UGATUSAT,UGATUSAT,ORG,False,1,1,1,UGATUSAT
ORG:UHF,UHF,ORG,False,1,1,1,UHF
ORG:UN Security Council,UN Security Council,ORG,False,1,1,1,UN Security Council
ORG:US Air Force Thunderbirds,US Air Force Thunderbirds,ORG,False,1,1,1,The US Air Force Thunderbirds
ORG:US Apollo,US Apollo,ORG,False,1,1,1,US Apollo
ORG:US Missile Defense Agency,US Missile Defense Agency,ORG,False,1,1,1,the US Missile Defense Agency
ORG:US National s,US National s,ORG,False,1,1,1,the US National s
ORG:US Northern Command,US Northern Command,ORG,False,1,1,1,the US Northern Command
ORG:US Strategic Command,US Strategic Command,ORG,False,1,1,1,the US Strategic Command
ORG:USD,USD,ORG,False,1,1,1,USD
PERSON:USENET,USENET,PERSON,False,1,1,1,USENET
GPE:USSR,USSR,GPE,False,1,1,1,USSR
ORG:UVIS,UVIS,ORG,False,1,1,1,UVIS
ORG:Udvar-Hazy Center,Udvar-Hazy Center,ORG,False,1,1,1,the Udvar-Hazy Center
ORG:Ufa State University,Ufa State University,ORG,False,1,1,1,Ufa State University's
ORG:Ukranian,Ukranian,ORG,False,1,1,1,Ukranian
NORP:Ukranian,Ukranian,NORP,False,1,1,1,Ukranian
ORG:Ultraviolet Imaging Spectrograph,Ultraviolet Imaging Spectrograph,ORG,False,1,1,1,Ultraviolet Imaging Spectrograph
GPE:Ultravioliet,Ultravioliet,GPE,False,1,1,1,Ultravioliet
ORG:Unha-2,Unha-2,ORG,False,1,1,1,Unha-2
ORG:Union of Concerned Scientists,Union of Concerned Scientists,ORG,False,1,1,1,the Union of Concerned Scientists
ORG:United Nations Security Council,United Nations Security Council,ORG,False,1,1,1,a United Nations Security Council
ORG:United Space Alliance,United Space Alliance,ORG,False,1,1,1,the United Space Alliance
ORG:United States Central Intelligence Agency,United States Central Intelligence Agency,ORG,False,1,1,1,the United States Central Intelligence Agency
ORG:United States Coastguard,United States Coastguard,ORG,False,1,1,1,the United States Coastguard
ORG:United States Congress,United States Congress,ORG,False,1,1,1,The United States Congress
ORG:United States Defense Department,United States Defense Department,ORG,False,1,1,1,the United States Defense Department
ORG:United States Department of State,United States Department of State,ORG,False,1,1,1,the United States Department of State
ORG:United States Global Change Research Program,United States Global Change Research Program,ORG,False,1,1,1,the United States Global Change Research Program
ORG:United States House of Representatives,United States House of Representatives,ORG,False,1,1,1,the United States House of Representatives
ORG:United States Justice Department,United States Justice Department,ORG,False,1,1,1,the United States Justice Department
ORG:United States National Research Council,United States National Research Council,ORG,False,1,1,1,the United States National Research Council
LAW:Universal Work Platform,Universal Work Platform,LAW,False,1,1,1,the Universal Work Platform
PERSON:Universe,Universe,PERSON,False,1,1,1,Universe
ORG:University Observatory,University Observatory,ORG,False,1,1,1,University Observatory
ORG:University of,University of,ORG,False,1,1,1,University of
ORG:University of Aalborg,University of Aalborg,ORG,False,1,1,1,the University of Aalborg
ORG:University of Alberta,University of Alberta,ORG,False,1,1,1,the University of Alberta
ORG:University of Applied Sciences,University of Applied Sciences,ORG,False,1,1,1,University of Applied Sciences
ORG:University of British Columbia,University of British Columbia,ORG,False,1,1,1,the University of British Columbia
ORG:University of California at Santa Cruz,University of California at Santa Cruz,ORG,False,1,1,1,the University of California at Santa Cruz
ORG:University of Cambridge,University of Cambridge,ORG,False,1,1,1,the University of Cambridge
ORG:University of Canterbury,University of Canterbury,ORG,False,1,1,1,University of Canterbury's
ORG:University of Cincinnati,University of Cincinnati,ORG,False,1,1,1,the University of Cincinnati
ORG:University of Edinburgh,University of Edinburgh,ORG,False,1,1,1,the University of Edinburgh
ORG:University of Hawaii Institute for Astronomy,University of Hawaii Institute for Astronomy,ORG,False,1,1,1,the University of Hawaii Institute for Astronomy
ORG:University of Heidelberg,University of Heidelberg,ORG,False,1,1,1,the University of Heidelberg
ORG:University of Manchester,University of Manchester,ORG,False,1,1,1,the University of Manchester's
ORG:University of Melbourne,University of Melbourne,ORG,False,1,1,1,the University of Melbourne
ORG:University of Milan,University of Milan,ORG,False,1,1,1,the University of Milan
ORG:University of Montreal,University of Montreal,ORG,False,1,1,1,the University of Montreal
ORG:University of Nebraska,University of Nebraska,ORG,False,1,1,1,the University of Nebraska
ORG:University of New Mexico,University of New Mexico,ORG,False,1,1,1,the University of New Mexico
ORG:University of Oslo,University of Oslo,ORG,False,1,1,1,the University of Oslo
ORG:University of Oxford,University of Oxford,ORG,False,1,1,1,the University of Oxford
ORG:University of Pennsylvania,University of Pennsylvania,ORG,False,1,1,1,the University of Pennsylvania
ORG:University of Sao Paulo,University of Sao Paulo,ORG,False,1,1,1,the University of Sao Paulo
ORG:University of Sheffield,University of Sheffield,ORG,False,1,1,1,the University of Sheffield
ORG:University of St. Andrews,University of St. Andrews,ORG,False,1,1,1,the University of St. Andrews
ORG:University of Sydney,University of Sydney,ORG,False,1,1,1,the University of Sydney
ORG:University of Tennessee,University of Tennessee,ORG,False,1,1,1,the University of Tennessee
ORG:University of Texas,University of Texas,ORG,False,1,1,1,University of Texas
ORG:University of Texas Arlington,University of Texas Arlington,ORG,False,1,1,1,University of Texas Arlington
ORG:University of Texas Arlington Muslim Student Association,University of Texas Arlington Muslim Student Association,ORG,False,1,1,1,University of Texas Arlington Muslim Student Association
ORG:University of Tokyo,University of Tokyo,ORG,False,1,1,1,the University of Tokyo
ORG:University of Toronto Institute for Aerospace Studies,University of Toronto Institute for Aerospace Studies,ORG,False,1,1,1,the University of Toronto Institute for Aerospace Studies
ORG:University of Virginia,University of Virginia,ORG,False,1,1,1,the University of Virginia
ORG:University of Wisconsin-Whitewater,University of Wisconsin-Whitewater,ORG,False,1,1,1,The University of Wisconsin-Whitewater
PERSON:Ursula Marvin,Ursula Marvin,PERSON,False,1,1,1,Ursula Marvin
ORG:Uwe Keller,Uwe Keller,ORG,False,1,1,1,Uwe Keller
DATE:V184,V184,DATE,True,1,1,1,V184
GPE:VIMS,VIMS,GPE,False,1,1,1,VIMS
WORK_OF_ART:VS-30,VS-30,WORK_OF_ART,False,1,1,1,VS-30
ORG:Vadim Lukashevich,Vadim Lukashevich,ORG,False,1,1,1,Vadim Lukashevich
PERSON:Valery Tokarev,Valery Tokarev,PERSON,False,1,1,1,Valery Tokarev
PRODUCT:Valetudo,Valetudo,PRODUCT,False,1,1,1,Valetudo
PERSON:Valetudo,Valetudo,PERSON,False,1,1,1,Valetudo
GPE:Van Buren,Van Buren,GPE,False,1,1,1,Van Buren
GPE:Vancouver,Vancouver,GPE,False,1,1,1,Vancouver
LOC:Vastitas,Vastitas,LOC,False,1,1,1,Vastitas
ORG:Vastitas,Vastitas,ORG,False,1,1,1,Vastitas
PRODUCT:Vastitas Borealis,Vastitas Borealis,PRODUCT,False,1,1,1,Vastitas Borealis
FAC:Vatican,Vatican,FAC,False,1,1,1,Vatican
ORG:Vatican Library,Vatican Library,ORG,False,1,1,1,the Vatican Library
ORG:Vehicle Assembly Building - in,Vehicle Assembly Building - in,ORG,False,1,1,1,the Vehicle Assembly Building - in
GPE:Verbiscer,Verbiscer,GPE,False,1,1,1,Verbiscer
PERSON:Verbiscer,Verbiscer,PERSON,False,1,1,1,Verbiscer
GPE:Vermont,Vermont,GPE,False,1,1,1,Vermont
GPE:Versoix,Versoix,GPE,False,1,1,1,Versoix
ORG:Very Large Array,Very Large Array,ORG,False,1,1,1,the Very Large Array
PERSON:Via Lactea,Via Lactea,PERSON,False,1,1,1,Via Lactea
LOC:Victoria Island,Victoria Island,LOC,False,1,1,1,the Victoria Island
WORK_OF_ART:Victoria Island Structure,Victoria Island Structure,WORK_OF_ART,False,1,1,1,The Victoria Island Structure
GPE:Vienna,Vienna,GPE,False,1,1,1,Vienna
ORG:Vietnam Posts and Telecommunications Corporation,Vietnam Posts and Telecommunications Corporation,ORG,False,1,1,1,the Vietnam Posts and Telecommunications Corporation
NORP:Vietnamese,Vietnamese,NORP,False,1,1,1,Vietnamese
PERSON:Vikki Meadows,Vikki Meadows,PERSON,False,1,1,1,Vikki Meadows
PRODUCT:Villard,Villard,PRODUCT,False,1,1,1,Villard
"WORK_OF_ART:Vilt-two"" &amp;mdash","Vilt-two"" &amp;mdash",WORK_OF_ART,False,1,1,1,"Vilt-two"" &amp;mdash"
ORG:Vinogradov,Vinogradov,ORG,False,1,1,1,Vinogradov
LOC:Virgin America,Virgin America,LOC,False,1,1,1,Virgin America
ORG:Virgin Galactic,Virgin Galactic,ORG,False,1,1,1,Virgin Galactic
ORG:Virginia General Assembly,Virginia General Assembly,ORG,False,1,1,1,the Virginia General Assembly
ORG:Visual,Visual,ORG,False,1,1,1,Visual
NORP:Vittori,Vittori,NORP,False,1,1,1,Vittori
PERSON:Vivas,Vivas,PERSON,False,1,1,1,Vivas
PERSON:Vladimir Solovyov,Vladimir Solovyov,PERSON,False,1,1,1,Vladimir Solovyov
NORP:Volna,Volna,NORP,False,1,1,1,Volna
SPACECRAFT:Voyager mission,Voyager mission,SPACECRAFT,False,1,1,1,Voyager mission
ORG:WASP,WASP,ORG,False,1,1,1,WASP
WORK_OF_ART:WFC3,WFC3,WORK_OF_ART,False,1,1,1,The WFC3
ORG:WFC3,WFC3,ORG,False,1,1,1,WFC3
ORG:WFI,WFI,ORG,False,1,1,1,WFI
ORG:WKYT,WKYT,ORG,False,1,1,1,WKYT
PERSON:Waco,Waco,PERSON,False,1,1,1,Waco
ORG:Wakata,Wakata,ORG,False,1,1,1,Wakata
PERSON:Walheim,Walheim,PERSON,False,1,1,1,Walheim
FAC:Wallops Flight Facility,Wallops Flight Facility,FAC,False,1,1,1,Wallops Flight Facility
PERSON:Walt Meier,Walt Meier,PERSON,False,1,1,1,Walt Meier
PERSON:Walter,Walter,PERSON,False,1,1,1,Walter
PERSON:Walter Dröscher,Walter Dröscher,PERSON,False,1,1,1,Walter Dröscher
PERSON:Wang Yue,Wang Yue,PERSON,False,1,1,1,Wang Yue
PERSON:Warren Brown,Warren Brown,PERSON,False,1,1,1,Warren Brown
FAC:Washington Dulles International Airport,Washington Dulles International Airport,FAC,False,1,1,1,Washington Dulles International Airport
ORG:Washington Post,Washington Post,ORG,False,1,1,1,the Washington Post
WORK_OF_ART:Web Site,Web Site,WORK_OF_ART,False,1,1,1,the Web Site
TIME:Wednesday morning,Wednesday morning,TIME,True,1,1,1,Wednesday morning
"DATE:Wednesday, March 11","Wednesday, March 11",DATE,True,1,1,1,"Wednesday, March 11"
"DATE:Wednesday, May 26","Wednesday, May 26",DATE,True,1,1,1,"Wednesday, May 26"
"DATE:Wednesday, November 3","Wednesday, November 3",DATE,True,1,1,1,"Wednesday, November 3"
"DATE:Wednesday, November 9","Wednesday, November 9",DATE,True,1,1,1,"Wednesday, November 9"
"DATE:Wednesday, September 6","Wednesday, September 6",DATE,True,1,1,1,"Wednesday, September 6"
DATE:Wednsday,Wednsday,DATE,True,1,1,1,Wednsday
GPE:Wellington,Wellington,GPE,False,1,1,1,Wellington
PERSON:Wen Jiabao,Wen Jiabao,PERSON,False,1,1,1,Wen Jiabao
FAC:Wenchang Satellite Launch Center,Wenchang Satellite Launch Center,FAC,False,1,1,1,Wenchang Satellite Launch Center
PERSON:Wendy Lawrence,Wendy Lawrence,PERSON,False,1,1,1,Wendy Lawrence
ORG:Wesleyan University,Wesleyan University,ORG,False,1,1,1,Wesleyan University
LOC:West Boothbay Harbor,West Boothbay Harbor,LOC,False,1,1,1,West Boothbay Harbor
LOC:West Coast,West Coast,LOC,False,1,1,1,the West Coast
GPE:West Virginia,West Virginia,GPE,False,1,1,1,West Virginia
ORG:Westerlund 1,Westerlund 1,ORG,False,1,1,1,Westerlund 1
EVENT:Westerlund 1,Westerlund 1,EVENT,False,1,1,1,Westerlund 1's
WORK_OF_ART:Westerlund 1,Westerlund 1,WORK_OF_ART,False,1,1,1,Westerlund 1
GPE:Wheelock,Wheelock,GPE,False,1,1,1,Wheelock
PERSON:Wheelock,Wheelock,PERSON,False,1,1,1,Wheelock
FAC:White Sands,White Sands,FAC,False,1,1,1,White Sands
FAC:White Sands Space Harbor,White Sands Space Harbor,FAC,False,1,1,1,White Sands Space Harbor
PERSON:Wi Sung-lac,Wi Sung-lac,PERSON,False,1,1,1,Wi Sung-lac
ORG:Wide Angle Search for Planets,Wide Angle Search for Planets,ORG,False,1,1,1,Wide Angle Search for Planets
ORG:Wide Field Camera 3,Wide Field Camera 3,ORG,False,1,1,1,the Wide Field Camera 3
ORG:Wide Field Imager,Wide Field Imager,ORG,False,1,1,1,the Wide Field Imager
ORG:Wikimedia Ukraine,Wikimedia Ukraine,ORG,False,1,1,1,Wikimedia Ukraine
"ORG:Wikinews, Iridium Communications","Wikinews, Iridium Communications",ORG,False,1,1,1,"Wikinews, Iridium Communications"
ORG:Wikinewss,Wikinewss,ORG,False,1,1,1,Wikinewss
WORK_OF_ART:Wikipedia,Wikipedia,WORK_OF_ART,False,1,1,1,Wikipedia
LOC:Willamette River,Willamette River,LOC,False,1,1,1,the Willamette River
PERSON:William Borucki,William Borucki,PERSON,False,1,1,1,William Borucki
PERSON:William Caldwell,William Caldwell,PERSON,False,1,1,1,William Caldwell
PERSON:William Gerstenmaier,William Gerstenmaier,PERSON,False,1,1,1,William Gerstenmaier
PERSON:William Oefelein,William Oefelein,PERSON,False,1,1,1,William Oefelein
PERSON:Willie,Willie,PERSON,False,1,1,1,Willie
NORP:Windows Media Player,Windows Media Player,NORP,False,1,1,1,Windows Media Player
FAC:Winer Observatory,Winer Observatory,FAC,False,1,1,1,the Winer Observatory
PERSON:Wolf,Wolf,PERSON,False,1,1,1,Wolf
ORG:Women International Space Simulation,Women International Space Simulation,ORG,False,1,1,1,Women International Space Simulation
ORG:Wright-Patterson Air Force Base,Wright-Patterson Air Force Base,ORG,False,1,1,1,Wright-Patterson Air Force Base
GPE:Wyoming,Wyoming,GPE,False,1,1,1,Wyoming
PRODUCT:X-Ray Telescope,X-Ray Telescope,PRODUCT,False,1,1,1,X-Ray Telescope
FAC:XP Spaceplane,XP Spaceplane,FAC,False,1,1,1,XP Spaceplane
PRODUCT:XRT,XRT,PRODUCT,False,1,1,1,XRT
PERSON:Xavier Delfosse,Xavier Delfosse,PERSON,False,1,1,1,Xavier Delfosse
ORG:Xdrive Technologies,Xdrive Technologies,ORG,False,1,1,1,Xdrive Technologies
WORK_OF_ART:Xena,Xena,WORK_OF_ART,False,1,1,1,Xena
PERSON:Xenon,Xenon,PERSON,False,1,1,1,Xenon
PERSON:Xi Jinping,Xi Jinping,PERSON,False,1,1,1,Xi Jinping
FAC:Xichang Satellite Launch Center,Xichang Satellite Launch Center,FAC,False,1,1,1,Xichang Satellite Launch Center
ORG:Xichang Satellite Launch Centre,Xichang Satellite Launch Centre,ORG,False,1,1,1,the Xichang Satellite Launch Centre
ORG:Xichang Space Center,Xichang Space Center,ORG,False,1,1,1,the Xichang Space Center
ORG:Xinhua News Agency,Xinhua News Agency,ORG,False,1,1,1,the Xinhua News Agency
ORG:Xinhua news agency,Xinhua news agency,ORG,False,1,1,1,Xinhua news agency
ORG:Xinhua state news agency,Xinhua state news agency,ORG,False,1,1,1,Xinhua state news agency
ORG:Yahoo,Yahoo,ORG,False,1,1,1,Yahoo
PERSON:Yang,Yang,PERSON,False,1,1,1,Yang
PERSON:Yang Baohua,Yang Baohua,PERSON,False,1,1,1,Yang Baohua
ORG:Yang Liwei,Yang Liwei,ORG,False,1,1,1,Yang Liwei &
PERSON:Yannick,Yannick,PERSON,False,1,1,1,Yannick
PERSON:Yay,Yay,PERSON,False,1,1,1,Yay
PERSON:Ye Quanzhi,Ye Quanzhi,PERSON,False,1,1,1,Ye Quanzhi
ORG:Yellowstone National Park,Yellowstone National Park,ORG,False,1,1,1,Yellowstone National Park
GPE:Yemen,Yemen,GPE,False,1,1,1,Yemen
PERSON:Yeti,Yeti,PERSON,False,1,1,1,Yeti
PERSON:Yi So-yeon,Yi So-yeon,PERSON,False,1,1,1,Yi So-yeon
PERSON:Yoko Ono,Yoko Ono,PERSON,False,1,1,1,Yoko Ono
ORG:Yubileiny,Yubileiny,ORG,False,1,1,1,Yubileiny
GPE:Yucatán,Yucatán,GPE,False,1,1,1,Yucatán
ORG:Yucatán,Yucatán,ORG,False,1,1,1,Yucatán
PERSON:Yukata Nagal,Yukata Nagal,PERSON,False,1,1,1,Yukata Nagal
PERSON:Yurchikhin,Yurchikhin,PERSON,False,1,1,1,Yurchikhin
PERSON:Yuri Ivashchenko,Yuri Ivashchenko,PERSON,False,1,1,1,Yuri Ivashchenko
PERSON:Yuri Romanenko,Yuri Romanenko,PERSON,False,1,1,1,Yuri Romanenko
ORG:ZDNet,ZDNet,ORG,False,1,1,1,ZDNet
PERSON:Zack Whittaker,Zack Whittaker,PERSON,False,1,1,1,Zack Whittaker
PERSON:Zeljko Ivezic,Zeljko Ivezic,PERSON,False,1,1,1,Zeljko Ivezic
ORG:Zenit-2M,Zenit-2M,ORG,False,1,1,1,the Zenit-2M
GPE:Zephyr,Zephyr,GPE,False,1,1,1,Zephyr
PERSON:Zhai Zhigang,Zhai Zhigang,PERSON,False,1,1,1,Zhai Zhigang
GPE:Zhigang,Zhigang,GPE,False,1,1,1,Zhigang
PERSON:Zhigang,Zhigang,PERSON,False,1,1,1,Zhigang
PERSON:Zia Oboodryat,Zia Oboodryat,PERSON,False,1,1,1,Zia Oboodryat
ORG:Zvezda Service Module,Zvezda Service Module,ORG,False,1,1,1,the Zvezda Service Module
TIME:about 09:45 GMT,about 09:45 GMT,TIME,True,1,1,1,about 09:45 GMT
"DATE:about 1,200 years","about 1,200 years",DATE,True,1,1,1,"about 1,200 years"
TIME:about 117 light years,about 117 light years,TIME,True,1,1,1,about 117 light years
TIME:about 120 seconds,about 120 seconds,TIME,True,1,1,1,about 120 seconds
DATE:about 2 million years,about 2 million years,DATE,True,1,1,1,about 2 million years
DATE:about 2 months,about 2 months,DATE,True,1,1,1,about 2 months
TIME:about 20 minutes,about 20 minutes,TIME,True,1,1,1,about 20 minutes
TIME:about 25 minutes,about 25 minutes,TIME,True,1,1,1,about 25 minutes
TIME:about 2:05 a.m.,about 2:05 a.m.,TIME,True,1,1,1,about 2:05 a.m.
TIME:about 2:45 a.m.,about 2:45 a.m.,TIME,True,1,1,1,about 2:45 a.m.
"DATE:about 37,000 years","about 37,000 years",DATE,True,1,1,1,"about 37,000 years"
TIME:about 40 minutes,about 40 minutes,TIME,True,1,1,1,about 40 minutes
TIME:about 5am,about 5am,TIME,True,1,1,1,about 5am
TIME:about 5pm EDT,about 5pm EDT,TIME,True,1,1,1,about 5pm EDT
DATE:about 7 million years,about 7 million years,DATE,True,1,1,1,about 7 million years
TIME:about 75 minutes,about 75 minutes,TIME,True,1,1,1,about 75 minutes
TIME:about 7:45 p.m.,about 7:45 p.m.,TIME,True,1,1,1,about 7:45 p.m.
TIME:about 8:02 PM EDT,about 8:02 PM EDT,TIME,True,1,1,1,about 8:02 PM EDT
DATE:about 9 months,about 9 months,DATE,True,1,1,1,about 9 months
TIME:about 90 seconds later,about 90 seconds later,TIME,True,1,1,1,about 90 seconds later
DATE:about a day,about a day,DATE,True,1,1,1,about a day
DATE:about a week ahead,about a week ahead,DATE,True,1,1,1,about a week ahead
DATE:about a week later,about a week later,DATE,True,1,1,1,about a week later
TIME:about an hour and a half,about an hour and a half,TIME,True,1,1,1,about an hour and a half
DATE:about eight and a half minutes later,about eight and a half minutes later,DATE,True,1,1,1,about eight and a half minutes later
DATE:about every 13 months,about every 13 months,DATE,True,1,1,1,about every 13 months
DATE:about every five years,about every five years,DATE,True,1,1,1,about every five years
TIME:about five hours later,about five hours later,TIME,True,1,1,1,about five hours later
TIME:about four minutes ahead,about four minutes ahead,TIME,True,1,1,1,about four minutes ahead
DATE:about four months,about four months,DATE,True,1,1,1,about four months
TIME:about half an hour,about half an hour,TIME,True,1,1,1,about half an hour
TIME:about midnight,about midnight,TIME,True,1,1,1,about midnight
TIME:about nine minutes,about nine minutes,TIME,True,1,1,1,about nine minutes
TIME:about noon,about noon,TIME,True,1,1,1,about noon
TIME:about one minute,about one minute,TIME,True,1,1,1,about one minute
DATE:about one year,about one year,DATE,True,1,1,1,about one year
TIME:about ten minutes,about ten minutes,TIME,True,1,1,1,about ten minutes
TIME:about ten seconds,about ten seconds,TIME,True,1,1,1,about ten seconds
DATE:about ten years,about ten years,DATE,True,1,1,1,about ten years
TIME:about thirty minutes,about thirty minutes,TIME,True,1,1,1,about thirty minutes
TIME:about thirty minutes later,about thirty minutes later,TIME,True,1,1,1,about thirty minutes later
DATE:about two,about two,DATE,True,1,1,1,about two
DATE:about two weeks,about two weeks,DATE,True,1,1,1,about two weeks
NORP:accidentsThe American,accidentsThe American,NORP,False,1,1,1,accidentsThe American
DATE:additional 14 months,additional 14 months,DATE,True,1,1,1,an additional 14 months
DATE:additional 18 months,additional 18 months,DATE,True,1,1,1,an additional 18 months
DATE:additional day,additional day,DATE,True,1,1,1,an additional day
DATE:age of 18,age of 18,DATE,True,1,1,1,the age of 18
"DATE:almost 1,200 days","almost 1,200 days",DATE,True,1,1,1,"almost 1,200 days"
DATE:almost 10 years,almost 10 years,DATE,True,1,1,1,almost 10 years
DATE:almost 2 years,almost 2 years,DATE,True,1,1,1,almost 2 years
DATE:almost 25 years,almost 25 years,DATE,True,1,1,1,almost 25 years
DATE:almost 32 years,almost 32 years,DATE,True,1,1,1,almost 32 years
DATE:almost eight days,almost eight days,DATE,True,1,1,1,almost eight days
DATE:almost five years ago,almost five years ago,DATE,True,1,1,1,almost five years ago
TIME:almost thirty-seven hours,almost thirty-seven hours,TIME,True,1,1,1,almost thirty-seven hours
DATE:almost twenty years old,almost twenty years old,DATE,True,1,1,1,almost twenty years old
DATE:almost two months,almost two months,DATE,True,1,1,1,almost two months
DATE:almost two years ago,almost two years ago,DATE,True,1,1,1,almost two years ago
"DATE:another 1,000,000 years","another 1,000,000 years",DATE,True,1,1,1,"another 1,000,000 years"
DATE:another 10 years,another 10 years,DATE,True,1,1,1,another 10 years
TIME:another 24 hours,another 24 hours,TIME,True,1,1,1,another 24 hours
DATE:another day,another day,DATE,True,1,1,1,another day
DATE:another six months,another six months,DATE,True,1,1,1,another six months
TIME:another ten minutes,another ten minutes,TIME,True,1,1,1,another ten minutes
DATE:another two days,another two days,DATE,True,1,1,1,another two days
GPE:antennas,antennas,GPE,False,1,1,1,antennas
DATE:approximately 1 million years old,approximately 1 million years old,DATE,True,1,1,1,approximately 1 million years old
TIME:approximately 10:51 p.m.,approximately 10:51 p.m.,TIME,True,1,1,1,approximately 10:51 p.m.
TIME:approximately 11:30 a.m.,approximately 11:30 a.m.,TIME,True,1,1,1,approximately 11:30 a.m.
TIME:approximately 11:39 a.m.,approximately 11:39 a.m.,TIME,True,1,1,1,approximately 11:39 a.m.
DATE:approximately 125 days,approximately 125 days,DATE,True,1,1,1,approximately 125 days
DATE:approximately 150 days,approximately 150 days,DATE,True,1,1,1,approximately 150 days
DATE:approximately 20 light years,approximately 20 light years,DATE,True,1,1,1,approximately 20 light years
TIME:approximately 2:00 p.m.,approximately 2:00 p.m.,TIME,True,1,1,1,approximately 2:00 p.m.
TIME:approximately 40 minutes,approximately 40 minutes,TIME,True,1,1,1,approximately 40 minutes
TIME:approximately 431 light,approximately 431 light,TIME,True,1,1,1,approximately 431 light
TIME:approximately 4:55 a.m. EST,approximately 4:55 a.m. EST,TIME,True,1,1,1,approximately 4:55 a.m. EST
TIME:approximately 6:30 a.m.,approximately 6:30 a.m.,TIME,True,1,1,1,approximately 6:30 a.m.
TIME:approximately 7:45,approximately 7:45,TIME,True,1,1,1,approximately 7:45
TIME:approximately 9 a.m.,approximately 9 a.m.,TIME,True,1,1,1,approximately 9 a.m.
TIME:approximately 9 am EDT,approximately 9 am EDT,TIME,True,1,1,1,approximately 9 am EDT
TIME:approximately 9:20 p.m.,approximately 9:20 p.m.,TIME,True,1,1,1,approximately 9:20 p.m.
DATE:approximately a decade,approximately a decade,DATE,True,1,1,1,approximately a decade
TIME:approximately an hour and a half,approximately an hour and a half,TIME,True,1,1,1,approximately an hour and a half
DATE:approximately another month,approximately another month,DATE,True,1,1,1,approximately another month
DATE:approximately eight and a half minutes,approximately eight and a half minutes,DATE,True,1,1,1,approximately eight and a half minutes
DATE:approximately every 30 years,approximately every 30 years,DATE,True,1,1,1,approximately every 30 years
DATE:approximately five months,approximately five months,DATE,True,1,1,1,approximately five months
TIME:approximately half an hour,approximately half an hour,TIME,True,1,1,1,approximately half an hour
TIME:approximately ten minutes,approximately ten minutes,TIME,True,1,1,1,approximately ten minutes
DATE:approximately three million years ago,approximately three million years ago,DATE,True,1,1,1,approximately three million years ago
"TIME:around 1,435 light years","around 1,435 light years",TIME,True,1,1,1,"around 1,435 light years"
DATE:around 15 years,around 15 years,DATE,True,1,1,1,around 15 years
TIME:around 1pm,around 1pm,TIME,True,1,1,1,around 1pm
TIME:around 24 minutes,around 24 minutes,TIME,True,1,1,1,around 24 minutes
TIME:around 27 minutes,around 27 minutes,TIME,True,1,1,1,around 27 minutes
TIME:around 4:05 a.m.,around 4:05 a.m.,TIME,True,1,1,1,around 4:05 a.m.
TIME:around 5:35 a.m. EST,around 5:35 a.m. EST,TIME,True,1,1,1,around 5:35 a.m. EST
"DATE:around January 30, 2008","around January 30, 2008",DATE,True,1,1,1,"around January 30, 2008"
DATE:around May 28,around May 28,DATE,True,1,1,1,around May 28
TIME:around an hour later,around an hour later,TIME,True,1,1,1,around an hour later
DATE:around eight and a half minutes,around eight and a half minutes,DATE,True,1,1,1,around eight and a half minutes
TIME:around fifteen minutes later,around fifteen minutes later,TIME,True,1,1,1,around fifteen minutes later
DATE:around five,around five,DATE,True,1,1,1,around five
TIME:around five minutes,around five minutes,TIME,True,1,1,1,around five minutes
DATE:around five to six weeks,around five to six weeks,DATE,True,1,1,1,around five to six weeks
DATE:around five years,around five years,DATE,True,1,1,1,around five years
DATE:around four and a half minutes,around four and a half minutes,DATE,True,1,1,1,around four and a half minutes
DATE:around six months,around six months,DATE,True,1,1,1,around six months
TIME:around ten seconds,around ten seconds,TIME,True,1,1,1,around ten seconds
DATE:around thirteen days,around thirteen days,DATE,True,1,1,1,around thirteen days
TIME:around three minutes and ten seconds,around three minutes and ten seconds,TIME,True,1,1,1,around three minutes and ten seconds
TIME:around three minutes later,around three minutes later,TIME,True,1,1,1,around three minutes later
DATE:as early as June 30,as early as June 30,DATE,True,1,1,1,as early as June 30
DATE:as early as September 6,as early as September 6,DATE,True,1,1,1,as early as September 6
DATE:as early as next week,as early as next week,DATE,True,1,1,1,as early as next week
DATE:as long as six months,as long as six months,DATE,True,1,1,1,as long as six months
DATE:at least 15 months,at least 15 months,DATE,True,1,1,1,at least 15 months
DATE:at least 2 years,at least 2 years,DATE,True,1,1,1,at least 2 years
DATE:at least 20 years,at least 20 years,DATE,True,1,1,1,at least 20 years
DATE:at least 200 years,at least 200 years,DATE,True,1,1,1,at least 200 years
DATE:at least 92,at least 92,DATE,True,1,1,1,at least 92
DATE:at least Friday,at least Friday,DATE,True,1,1,1,at least Friday
DATE:at least a day,at least a day,DATE,True,1,1,1,at least a day
DATE:at least a year,at least a year,DATE,True,1,1,1,at least a year
DATE:at least every 100 years or so,at least every 100 years or so,DATE,True,1,1,1,at least every 100 years or so
DATE:at least six years,at least six years,DATE,True,1,1,1,at least six years
DATE:at least ten years,at least ten years,DATE,True,1,1,1,at least ten years
DATE:at least the fall of 2006,at least the fall of 2006,DATE,True,1,1,1,at least the fall of 2006
PERSON:aurora borealis,aurora borealis,PERSON,False,1,1,1,aurora borealis
DATE:autumn of this year,autumn of this year,DATE,True,1,1,1,the autumn of this year
DATE:beginning of 2009,beginning of 2009,DATE,True,1,1,1,the beginning of 2009
DATE:best days,best days,DATE,True,1,1,1,the best days
DATE:between 105 to 520 days,between 105 to 520 days,DATE,True,1,1,1,between 105 to 520 days
DATE:between 12 and 15,between 12 and 15,DATE,True,1,1,1,between 12 and 15
TIME:between 16:24 and,between 16:24 and,TIME,True,1,1,1,between 16:24 and
DATE:between 1977 and 1990,between 1977 and 1990,DATE,True,1,1,1,between 1977 and 1990
TIME:between 9:00 and 10:00 Sunday night,between 9:00 and 10:00 Sunday night,TIME,True,1,1,1,between 9:00 and 10:00 Sunday night
DATE:between April 1991 and June 2000,between April 1991 and June 2000,DATE,True,1,1,1,between April 1991 and June 2000
DATE:between January and February 2011,between January and February 2011,DATE,True,1,1,1,between January and February 2011
"DATE:between July 1 and July 19, 2006","between July 1 and July 19, 2006",DATE,True,1,1,1,"between July 1 and July 19, 2006"
DATE:between five and ten years,between five and ten years,DATE,True,1,1,1,between five and ten years
GPE:centimetre,centimetre,GPE,False,1,1,1,centimetre
ORG:cheer &amp;mdash,cheer &amp;mdash,ORG,False,1,1,1,cheer &amp;mdash
ORG:clean,clean,ORG,False,1,1,1,clean &
PERSON:comScore,comScore,PERSON,False,1,1,1,comScore
ORG:comScore,comScore,ORG,False,1,1,1,comScore
DATE:coming month,coming month,DATE,True,1,1,1,the coming month
DATE:coming months and years,coming months and years,DATE,True,1,1,1,the coming months and years
DATE:couple days later,couple days later,DATE,True,1,1,1,a couple days later
NORP:creepy,creepy,NORP,False,1,1,1,creepy
PERSON:cubic centimetre,cubic centimetre,PERSON,False,1,1,1,cubic centimetre
DATE:days later,days later,DATE,True,1,1,1,days later
PERSON:decimetre scales,decimetre scales,PERSON,False,1,1,1,decimetre scales
ORG:defense,defense,ORG,False,1,1,1,defense
PERSON:diameter sail,diameter sail,PERSON,False,1,1,1,diameter sail
PRODUCT:discovery,discovery,PRODUCT,False,1,1,1,discovery
DATE:discovery Friday,discovery Friday,DATE,True,1,1,1,discovery Friday
ORG:eUniverse,eUniverse,ORG,False,1,1,1,eUniverse
"ORG:eUniverse, Inc","eUniverse, Inc",ORG,False,1,1,1,"eUniverse, Inc."
DATE:each day,each day,DATE,True,1,1,1,each day
TIME:each morning,each morning,TIME,True,1,1,1,each morning
DATE:earlier days,earlier days,DATE,True,1,1,1,the earlier days
DATE:earlier in the year,earlier in the year,DATE,True,1,1,1,earlier in the year
DATE:earlier last week,earlier last week,DATE,True,1,1,1,earlier last week
DATE:earlier on Monday,earlier on Monday,DATE,True,1,1,1,earlier on Monday
DATE:early 1600s,early 1600s,DATE,True,1,1,1,early 1600s
DATE:early 1970,early 1970,DATE,True,1,1,1,the early 1970's
DATE:early 2004,early 2004,DATE,True,1,1,1,early 2004
DATE:early 2009,early 2009,DATE,True,1,1,1,early 2009
DATE:early 20th century,early 20th century,DATE,True,1,1,1,the early 20th century
DATE:early January,early January,DATE,True,1,1,1,early January
DATE:early July and,early July and,DATE,True,1,1,1,early July and
DATE:early May,early May,DATE,True,1,1,1,early May
DATE:early Monday morning,early Monday morning,DATE,True,1,1,1,an early Monday morning
TIME:early Sunday morning,early Sunday morning,TIME,True,1,1,1,early Sunday morning
DATE:early Tuesday,early Tuesday,DATE,True,1,1,1,early Tuesday
TIME:early Tuesday morning,early Tuesday morning,TIME,True,1,1,1,early Tuesday morning
DATE:early next week,early next week,DATE,True,1,1,1,early next week
DATE:early next year,early next year,DATE,True,1,1,1,early next year
TIME:early today,early today,TIME,True,1,1,1,early today
DATE:early tomorrow,early tomorrow,DATE,True,1,1,1,early tomorrow
TIME:early yesterday morning,early yesterday morning,TIME,True,1,1,1,early yesterday morning
DATE:early-mid 1980s,early-mid 1980s,DATE,True,1,1,1,the early-mid 1980s
DATE:early-mid March,early-mid March,DATE,True,1,1,1,early-mid March
DATE:early-mid September,early-mid September,DATE,True,1,1,1,early-mid September
TIME:eight hours,eight hours,TIME,True,1,1,1,eight hours
DATE:eight-month,eight-month,DATE,True,1,1,1,eight-month
DATE:eleven day,eleven day,DATE,True,1,1,1,eleven day
DATE:eleven days,eleven days,DATE,True,1,1,1,eleven days
DATE:end of 2012,end of 2012,DATE,True,1,1,1,the end of 2012
DATE:end of April,end of April,DATE,True,1,1,1,the end of April
DATE:end of April 2008,end of April 2008,DATE,True,1,1,1,the end of April 2008
DATE:end of July,end of July,DATE,True,1,1,1,the end of July
DATE:end of May,end of May,DATE,True,1,1,1,the end of May
DATE:end of next year,end of next year,DATE,True,1,1,1,the end of next year
DATE:end of the 21st century,end of the 21st century,DATE,True,1,1,1,the end of the 21st century
DATE:end of the day,end of the day,DATE,True,1,1,1,the end of the day
DATE:end of the decade,end of the decade,DATE,True,1,1,1,the end of the decade
DATE:end of the year,end of the year,DATE,True,1,1,1,the end of the year
TIME:entire night,entire night,TIME,True,1,1,1,the entire night
DATE:entire year,entire year,DATE,True,1,1,1,an entire year
"DATE:every 2,000 years","every 2,000 years",DATE,True,1,1,1,"every 2,000 years"
TIME:every 20 seconds,every 20 seconds,TIME,True,1,1,1,every 20 seconds
TIME:every 24 hours,every 24 hours,TIME,True,1,1,1,every 24 hours
TIME:every 4 hours,every 4 hours,TIME,True,1,1,1,every 4 hours
TIME:every 7.5 seconds,every 7.5 seconds,TIME,True,1,1,1,every 7.5 seconds
DATE:every few months,every few months,DATE,True,1,1,1,every few months
TIME:every minute,every minute,TIME,True,1,1,1,every minute
DATE:every month,every month,DATE,True,1,1,1,every month
TIME:every six minutes,every six minutes,TIME,True,1,1,1,every six minutes
TIME:every twenty minutes,every twenty minutes,TIME,True,1,1,1,every twenty minutes
DATE:every two weeks,every two weeks,DATE,True,1,1,1,every two weeks
DATE:every two years,every two years,DATE,True,1,1,1,every two years
GPE:ex-USSR,ex-USSR,GPE,False,1,1,1,ex-USSR
DATE:few days earlier,few days earlier,DATE,True,1,1,1,a few days earlier
TIME:few hours,few hours,TIME,True,1,1,1,a few hours
TIME:few moments earlier,few moments earlier,TIME,True,1,1,1,a few moments earlier
DATE:few months later,few months later,DATE,True,1,1,1,a few months later
DATE:few years ago,few years ago,DATE,True,1,1,1,a few years ago
TIME:fifteen minutes,fifteen minutes,TIME,True,1,1,1,fifteen minutes
DATE:fifteen years,fifteen years,DATE,True,1,1,1,the fifteen years
DATE:fifth Martian day,fifth Martian day,DATE,True,1,1,1,the fifth Martian day
DATE:fifty years,fifty years,DATE,True,1,1,1,fifty years
TIME:fifty-eight minutes,fifty-eight minutes,TIME,True,1,1,1,fifty-eight minutes
TIME:first 10 minutes,first 10 minutes,TIME,True,1,1,1,the first 10 minutes
DATE:first billion years,first billion years,DATE,True,1,1,1,the first billion years
DATE:first this year,first this year,DATE,True,1,1,1,the first this year
DATE:first two years,first two years,DATE,True,1,1,1,the first two years
DATE:fiscal year 2006,fiscal year 2006,DATE,True,1,1,1,fiscal year 2006
DATE:five additional years,five additional years,DATE,True,1,1,1,five additional years
DATE:five consecutive days,five consecutive days,DATE,True,1,1,1,five consecutive days
TIME:five hour,five hour,TIME,True,1,1,1,the five hour
DATE:five month,five month,DATE,True,1,1,1,five month
DATE:five month-old,five month-old,DATE,True,1,1,1,five month-old
DATE:five more years,five more years,DATE,True,1,1,1,five more years
DATE:five years from now,five years from now,DATE,True,1,1,1,five years from now
DATE:five-month,five-month,DATE,True,1,1,1,five-month
DATE:five-year-long,five-year-long,DATE,True,1,1,1,five-year-long
DATE:following day,following day,DATE,True,1,1,1,the following day
DATE:following decades,following decades,DATE,True,1,1,1,the following decades
TIME:following night,following night,TIME,True,1,1,1,the following night
DATE:four and a half month,four and a half month,DATE,True,1,1,1,four and a half month
DATE:four decades,four decades,DATE,True,1,1,1,four decades
TIME:four minutes later,four minutes later,TIME,True,1,1,1,four minutes later
DATE:four months,four months,DATE,True,1,1,1,the four months
DATE:fourteen days,fourteen days,DATE,True,1,1,1,fourteen days
DATE:full days,full days,DATE,True,1,1,1,full days
PERSON:general?SpaceX,general?SpaceX,PERSON,False,1,1,1,general?SpaceX
LOC:gulf coast,gulf coast,LOC,False,1,1,1,the gulf coast
DATE:gyroscope earlier,gyroscope earlier,DATE,True,1,1,1,a gyroscope earlier
DATE:half a century,half a century,DATE,True,1,1,1,half a century
TIME:half an hour later,half an hour later,TIME,True,1,1,1,half an hour later
DATE:his later years,his later years,DATE,True,1,1,1,his later years
TIME:hour and a half,hour and a half,TIME,True,1,1,1,an hour and a half
DATE:hours to weeks,hours to weeks,DATE,True,1,1,1,hours to weeks
ORG:journal Geology,journal Geology,ORG,False,1,1,1,the journal Geology
TIME:just 137 seconds,just 137 seconds,TIME,True,1,1,1,just 137 seconds
DATE:just 2 months,just 2 months,DATE,True,1,1,1,just 2 months
TIME:just 24 hours,just 24 hours,TIME,True,1,1,1,just 24 hours
DATE:just 4 days,just 4 days,DATE,True,1,1,1,just 4 days
DATE:just a month,just a month,DATE,True,1,1,1,just a month
DATE:just days,just days,DATE,True,1,1,1,just days
DATE:just four years,just four years,DATE,True,1,1,1,just four years
TIME:just hours,just hours,TIME,True,1,1,1,just hours
DATE:just last month,just last month,DATE,True,1,1,1,just last month
DATE:just nine months,just nine months,DATE,True,1,1,1,just nine months
DATE:just one day,just one day,DATE,True,1,1,1,just one day
TIME:just over 10 minutes,just over 10 minutes,TIME,True,1,1,1,just over 10 minutes
TIME:just over 27 minutes,just over 27 minutes,TIME,True,1,1,1,just over 27 minutes
DATE:just over 3 days,just over 3 days,DATE,True,1,1,1,just over 3 days
DATE:just over 800 days,just over 800 days,DATE,True,1,1,1,just over 800 days
DATE:just over a week,just over a week,DATE,True,1,1,1,just over a week
TIME:just over eight minutes,just over eight minutes,TIME,True,1,1,1,just over eight minutes
DATE:just over seven years,just over seven years,DATE,True,1,1,1,just over seven years
DATE:just six months earlier,just six months earlier,DATE,True,1,1,1,just six months earlier
DATE:just three weeks ago,just three weeks ago,DATE,True,1,1,1,just three weeks ago
DATE:just two days,just two days,DATE,True,1,1,1,just two days
TIME:just under 36 minutes,just under 36 minutes,TIME,True,1,1,1,just under 36 minutes
TIME:just under ten minutes,just under ten minutes,TIME,True,1,1,1,just under ten minutes
DATE:just under thirteen days,just under thirteen days,DATE,True,1,1,1,just under thirteen days
DATE:just weeks,just weeks,DATE,True,1,1,1,just weeks
DATE:last 11 days,last 11 days,DATE,True,1,1,1,last 11 days
DATE:last 13 days,last 13 days,DATE,True,1,1,1,last 13 days
DATE:last 137 years,last 137 years,DATE,True,1,1,1,the last 137 years
DATE:last 25 years,last 25 years,DATE,True,1,1,1,the last 25 years
DATE:last 30 years,last 30 years,DATE,True,1,1,1,the last 30 years
DATE:last Friday,last Friday,DATE,True,1,1,1,last Friday
"DATE:last Friday, June 6","last Friday, June 6",DATE,True,1,1,1,"last Friday, June 6"
DATE:last Oct. 13,last Oct. 13,DATE,True,1,1,1,last Oct. 13
DATE:last Saturday,last Saturday,DATE,True,1,1,1,last Saturday
DATE:last September,last September,DATE,True,1,1,1,last September
DATE:last Sunday,last Sunday,DATE,True,1,1,1,last Sunday
DATE:last Thursday,last Thursday,DATE,True,1,1,1,last Thursday
DATE:last Wednesday,last Wednesday,DATE,True,1,1,1,last Wednesday
DATE:last decade,last decade,DATE,True,1,1,1,the last decade
DATE:last few weeks,last few weeks,DATE,True,1,1,1,the last few weeks
DATE:last five years,last five years,DATE,True,1,1,1,last five years
DATE:last four years,last four years,DATE,True,1,1,1,the last four years
TIME:last night,last night,TIME,True,1,1,1,last night
DATE:last sixteen days,last sixteen days,DATE,True,1,1,1,last sixteen days
DATE:last three,last three,DATE,True,1,1,1,the last three
DATE:last three years,last three years,DATE,True,1,1,1,the last three years
DATE:last two years,last two years,DATE,True,1,1,1,the last two years
TIME:last-minute,last-minute,TIME,True,1,1,1,last-minute
DATE:last-second,last-second,DATE,True,1,1,1,a last-second
DATE:late 2005,late 2005,DATE,True,1,1,1,late 2005
DATE:late 2006,late 2006,DATE,True,1,1,1,late 2006
DATE:late 2007,late 2007,DATE,True,1,1,1,late 2007
DATE:late 2009,late 2009,DATE,True,1,1,1,late 2009
DATE:late 2010,late 2010,DATE,True,1,1,1,late 2010
DATE:late 2011,late 2011,DATE,True,1,1,1,late 2011
DATE:late April,late April,DATE,True,1,1,1,late April
DATE:late April 1967,late April 1967,DATE,True,1,1,1,late April 1967
DATE:late December,late December,DATE,True,1,1,1,late December
DATE:late February,late February,DATE,True,1,1,1,late February
DATE:late January,late January,DATE,True,1,1,1,late January
DATE:late January 2007,late January 2007,DATE,True,1,1,1,late January 2007
DATE:late January or,late January or,DATE,True,1,1,1,late January or
DATE:late March,late March,DATE,True,1,1,1,late March
DATE:late March 2008,late March 2008,DATE,True,1,1,1,late March 2008
DATE:late Monday,late Monday,DATE,True,1,1,1,late Monday
TIME:late Monday,late Monday,TIME,True,1,1,1,late Monday
DATE:late Saturday July 31,late Saturday July 31,DATE,True,1,1,1,late Saturday July 31
DATE:late Tuesday,late Tuesday,DATE,True,1,1,1,late Tuesday
TIME:late Wednesday,late Wednesday,TIME,True,1,1,1,late Wednesday
TIME:late last night,late last night,TIME,True,1,1,1,late last night
DATE:late this September,late this September,DATE,True,1,1,1,late this September
DATE:late this year,late this year,DATE,True,1,1,1,late this year
TIME:late tonight,late tonight,TIME,True,1,1,1,late tonight
DATE:later date,later date,DATE,True,1,1,1,a later date
TIME:later today,later today,TIME,True,1,1,1,later today
TIME:later tonight,later tonight,TIME,True,1,1,1,later tonight
DATE:less than 18 years of age,less than 18 years of age,DATE,True,1,1,1,less than 18 years of age
TIME:less than 200 seconds,less than 200 seconds,TIME,True,1,1,1,less than 200 seconds
TIME:less than a minute,less than a minute,TIME,True,1,1,1,less than a minute
DATE:less than a month ago,less than a month ago,DATE,True,1,1,1,less than a month ago
TIME:less than an hour,less than an hour,TIME,True,1,1,1,less than an hour
TIME:less than six light,less than six light,TIME,True,1,1,1,less than six light
TIME:less than three minutes,less than three minutes,TIME,True,1,1,1,less than three minutes
DATE:little less than half,little less than half,DATE,True,1,1,1,a little less than half
DATE:little over seven minutes later,little over seven minutes later,DATE,True,1,1,1,a little over seven minutes later
TIME:little under nine minutes later,little under nine minutes later,TIME,True,1,1,1,little under nine minutes later
DATE:long-ago,long-ago,DATE,True,1,1,1,long-ago
PERSON:lunar crater,lunar crater,PERSON,False,1,1,1,lunar crater
DATE:many years',many years',DATE,True,1,1,1,many years'
DATE:mere 2 days,mere 2 days,DATE,True,1,1,1,a mere 2 days
TIME:mere minute,mere minute,TIME,True,1,1,1,a mere minute
PERSON:meter,meter,PERSON,False,1,1,1,meter
ORG:micron,micron,ORG,False,1,1,1,micron
DATE:mid July,mid July,DATE,True,1,1,1,mid July
DATE:mid to late 1980s,mid to late 1980s,DATE,True,1,1,1,the mid to late 1980s
DATE:mid-1940s,mid-1940s,DATE,True,1,1,1,the mid-1940s
DATE:mid-2008,mid-2008,DATE,True,1,1,1,mid-2008
DATE:mid-2009,mid-2009,DATE,True,1,1,1,mid-2009
DATE:mid-2012,mid-2012,DATE,True,1,1,1,mid-2012
DATE:mid-2030s,mid-2030s,DATE,True,1,1,1,the mid-2030s
DATE:mid-December 2006,mid-December 2006,DATE,True,1,1,1,mid-December 2006
DATE:mid-February,mid-February,DATE,True,1,1,1,mid-February
DATE:mid-June,mid-June,DATE,True,1,1,1,mid-June
DATE:mid-may,mid-may,DATE,True,1,1,1,mid-may
TIME:minutes,minutes,TIME,True,1,1,1,minutes
DATE:month of the 20th anniversary,month of the 20th anniversary,DATE,True,1,1,1,the month of the 20th anniversary
DATE:monthly,monthly,DATE,True,1,1,1,monthly
DATE:months earlier,months earlier,DATE,True,1,1,1,months earlier
ORG:moon research program,moon research program,ORG,False,1,1,1,the moon research program
ORG:moon.webm|India,moon.webm|India,ORG,False,1,1,1,moon.webm|India
DATE:more months,more months,DATE,True,1,1,1,more months
"TIME:more than 2,000 seconds","more than 2,000 seconds",TIME,True,1,1,1,"more than 2,000 seconds"
DATE:more than 27 years,more than 27 years,DATE,True,1,1,1,more than 27 years
DATE:more than a year,more than a year,DATE,True,1,1,1,more than a year
DATE:more than a year later,more than a year later,DATE,True,1,1,1,more than a year later
DATE:more than decade,more than decade,DATE,True,1,1,1,more than decade
DATE:more than three years,more than three years,DATE,True,1,1,1,more than three years
PRODUCT:mosaic,mosaic,PRODUCT,False,1,1,1,mosaic
"DATE:nearly 1,200 days","nearly 1,200 days",DATE,True,1,1,1,"nearly 1,200 days"
DATE:nearly 10 years,nearly 10 years,DATE,True,1,1,1,nearly 10 years
DATE:nearly 25 million years old,nearly 25 million years old,DATE,True,1,1,1,nearly 25 million years old
TIME:nearly 3 minutes,nearly 3 minutes,TIME,True,1,1,1,nearly 3 minutes
DATE:nearly a month and a half,nearly a month and a half,DATE,True,1,1,1,nearly a month and a half
DATE:nearly a year,nearly a year,DATE,True,1,1,1,nearly a year
DATE:nearly five weeks,nearly five weeks,DATE,True,1,1,1,nearly five weeks
TIME:nearly four hours,nearly four hours,TIME,True,1,1,1,nearly four hours
DATE:nearly half a century,nearly half a century,DATE,True,1,1,1,nearly half a century
TIME:nearly ten minutes,nearly ten minutes,TIME,True,1,1,1,nearly ten minutes
DATE:nearly two weeks,nearly two weeks,DATE,True,1,1,1,nearly two weeks
DATE:next,next,DATE,True,1,1,1,the next
TIME:next 2.5 hours,next 2.5 hours,TIME,True,1,1,1,the next 2.5 hours
DATE:next 20 to 30 years,next 20 to 30 years,DATE,True,1,1,1,the next 20 to 30 years
DATE:next Thursday,next Thursday,DATE,True,1,1,1,next Thursday
DATE:next couple of weeks,next couple of weeks,DATE,True,1,1,1,the next couple of weeks
DATE:next few months,next few months,DATE,True,1,1,1,the next few months
DATE:next five weeks,next five weeks,DATE,True,1,1,1,the next five weeks
DATE:next five years,next five years,DATE,True,1,1,1,the next five years
DATE:next month,next month,DATE,True,1,1,1,next month
TIME:next night,next night,TIME,True,1,1,1,the next night
DATE:next three days,next three days,DATE,True,1,1,1,the next three days
DATE:next twelve years,next twelve years,DATE,True,1,1,1,the next twelve years
DATE:next two days,next two days,DATE,True,1,1,1,the next two days
TIME:nine hours,nine hours,TIME,True,1,1,1,nine hours
TIME:nine minute,nine minute,TIME,True,1,1,1,the nine minute
TIME:nine minutes and 25 seconds,nine minutes and 25 seconds,TIME,True,1,1,1,nine minutes and 25 seconds
TIME:nine seconds later,nine seconds later,TIME,True,1,1,1,nine seconds later
DATE:nine years ago,nine years ago,DATE,True,1,1,1,nine years ago
DATE:nine-year,nine-year,DATE,True,1,1,1,nine-year
DATE:nineteen-year,nineteen-year,DATE,True,1,1,1,nineteen-year
DATE:no earlier than March 15,no earlier than March 15,DATE,True,1,1,1,no earlier than March 15
NORP:non-American,non-American,NORP,False,1,1,1,non-American
NORP:non-Muslim,non-Muslim,NORP,False,1,1,1,non-Muslim
DATE:noonday,noonday,DATE,True,1,1,1,noonday
TIME:one hour and one second,one hour and one second,TIME,True,1,1,1,one hour and one second
DATE:one millionth,one millionth,DATE,True,1,1,1,one millionth
DATE:one year,one year,DATE,True,1,1,1,one year
DATE:one year - 18,one year - 18,DATE,True,1,1,1,one year - 18
DATE:one-year,one-year,DATE,True,1,1,1,one-year
DATE:only 56 days,only 56 days,DATE,True,1,1,1,only 56 days
TIME:only about one minute,only about one minute,TIME,True,1,1,1,only about one minute
TIME:only hours,only hours,TIME,True,1,1,1,only hours
TIME:only minutes,only minutes,TIME,True,1,1,1,only minutes
DATE:only six years',only six years',DATE,True,1,1,1,only six years'
ORG:orbit &amp;ndash,orbit &amp;ndash,ORG,False,1,1,1,orbit &amp;ndash
DATE:over 12 years,over 12 years,DATE,True,1,1,1,over 12 years
DATE:over 20 years,over 20 years,DATE,True,1,1,1,over 20 years
DATE:over a year,over a year,DATE,True,1,1,1,over a year
TIME:over an hour,over an hour,TIME,True,1,1,1,over an hour
DATE:over five months,over five months,DATE,True,1,1,1,over five months
TIME:overnight hours,overnight hours,TIME,True,1,1,1,the overnight hours
DATE:past 25 years,past 25 years,DATE,True,1,1,1,the past 25 years
DATE:past 26 years,past 26 years,DATE,True,1,1,1,the past 26 years
DATE:past 50 years,past 50 years,DATE,True,1,1,1,the past 50 years
DATE:past Musk,past Musk,DATE,True,1,1,1,the past Musk
DATE:past billion years,past billion years,DATE,True,1,1,1,the past billion years
DATE:past calendar year,past calendar year,DATE,True,1,1,1,the past calendar year
DATE:past decade,past decade,DATE,True,1,1,1,the past decade
DATE:past few million years,past few million years,DATE,True,1,1,1,the past few million years
DATE:past fifty years,past fifty years,DATE,True,1,1,1,the past fifty years
DATE:past four years,past four years,DATE,True,1,1,1,the past four years
DATE:past month,past month,DATE,True,1,1,1,the past month
DATE:past seven years,past seven years,DATE,True,1,1,1,the past seven years
DATE:past two days,past two days,DATE,True,1,1,1,the past two days
DATE:past week,past week,DATE,True,1,1,1,the past week
DATE:past year,past year,DATE,True,1,1,1,the past year
DATE:past years,past years,DATE,True,1,1,1,the past years
LOC:payload bay,payload bay,LOC,False,1,1,1,payload bay
DATE:period of months if not years,period of months if not years,DATE,True,1,1,1,a period of months if not years
DATE:polar winters,polar winters,DATE,True,1,1,1,the polar winters
NORP:poles,poles,NORP,False,1,1,1,poles
TIME:pre-dawn hours,pre-dawn hours,TIME,True,1,1,1,pre-dawn hours
PERSON:precision=-4,precision=-4,PERSON,False,1,1,1,precision=-4
TIME:predawn hours,predawn hours,TIME,True,1,1,1,the predawn hours
DATE:present-day,present-day,DATE,True,1,1,1,present-day
DATE:previous three years,previous three years,DATE,True,1,1,1,the previous three years
DATE:previous years,previous years,DATE,True,1,1,1,previous years
SPACECRAFT:probe Voyager,probe Voyager,SPACECRAFT,False,1,1,1,probe Voyager
TIME:right hour,right hour,TIME,True,1,1,1,the right hour
DATE:roughly three Venusian days,roughly three Venusian days,DATE,True,1,1,1,roughly three Venusian days
DATE:same month,same month,DATE,True,1,1,1,the same month
DATE:same next April,same next April,DATE,True,1,1,1,the same next April
DATE:same year,same year,DATE,True,1,1,1,the same year
DATE:seasonal,seasonal,DATE,True,1,1,1,seasonal
DATE:seven and a half,seven and a half,DATE,True,1,1,1,seven and a half
DATE:seven days,seven days,DATE,True,1,1,1,seven days
TIME:seven hours,seven hours,TIME,True,1,1,1,seven hours
TIME:seven hours and 25 minutes later,seven hours and 25 minutes later,TIME,True,1,1,1,seven hours and 25 minutes later
TIME:seven minutes,seven minutes,TIME,True,1,1,1,seven minutes
DATE:seven months ago,seven months ago,DATE,True,1,1,1,seven months ago
DATE:seven years,seven years,DATE,True,1,1,1,seven years
DATE:seven years ago,seven years ago,DATE,True,1,1,1,seven years ago
DATE:seven years to the day,seven years to the day,DATE,True,1,1,1,seven years to the day
DATE:seven-month,seven-month,DATE,True,1,1,1,seven-month
DATE:seven-year,seven-year,DATE,True,1,1,1,seven-year
DATE:seven-year old,seven-year old,DATE,True,1,1,1,seven-year old
DATE:seven-year-old,seven-year-old,DATE,True,1,1,1,seven-year-old
DATE:seventeen year,seventeen year,DATE,True,1,1,1,seventeen year
DATE:several centuries,several centuries,DATE,True,1,1,1,several centuries
DATE:several days ago,several days ago,DATE,True,1,1,1,several days ago
DATE:several more years,several more years,DATE,True,1,1,1,several more years
DATE:several weeks earlier,several weeks earlier,DATE,True,1,1,1,several weeks earlier
ORG:shopping malls &amp;mdash,shopping malls &amp;mdash,ORG,False,1,1,1,shopping malls &amp;mdash
TIME:six hours,six hours,TIME,True,1,1,1,six hours
TIME:six hours and 45 minutes,six hours and 45 minutes,TIME,True,1,1,1,six hours and 45 minutes
TIME:some 9 hours and 23 minutes later,some 9 hours and 23 minutes later,TIME,True,1,1,1,some 9 hours and 23 minutes later
DATE:some days,some days,DATE,True,1,1,1,some days
DATE:some weeks,some weeks,DATE,True,1,1,1,some weeks
DATE:sometime last week,sometime last week,DATE,True,1,1,1,sometime last week
SPACECRAFT:spacecraft Juno,spacecraft Juno,SPACECRAFT,False,1,1,1,spacecraft Juno
DATE:spring 2016,spring 2016,DATE,True,1,1,1,spring 2016
DATE:spring of 2015,spring of 2015,DATE,True,1,1,1,the spring of 2015
DATE:start of,start of,DATE,True,1,1,1,the start of
ORG:submicron carbonyl,submicron carbonyl,ORG,False,1,1,1,submicron carbonyl
DATE:summer melt period,summer melt period,DATE,True,1,1,1,the summer melt period
DATE:summer melt season,summer melt season,DATE,True,1,1,1,the summer melt season
DATE:summer months,summer months,DATE,True,1,1,1,summer months
ORG:sun,sun,ORG,False,1,1,1,sun &
DATE:ten days,ten days,DATE,True,1,1,1,ten days
DATE:ten million year old,ten million year old,DATE,True,1,1,1,ten million year old
TIME:ten minute,ten minute,TIME,True,1,1,1,ten minute
TIME:ten seconds,ten seconds,TIME,True,1,1,1,ten seconds
DATE:ten to 15 years,ten to 15 years,DATE,True,1,1,1,ten to 15 years
DATE:ten-day,ten-day,DATE,True,1,1,1,ten-day
TIME:ten-minute,ten-minute,TIME,True,1,1,1,ten-minute
DATE:ten-month,ten-month,DATE,True,1,1,1,ten-month
DATE:than past decades,than past decades,DATE,True,1,1,1,than past decades
DATE:that day,that day,DATE,True,1,1,1,that day
DATE:their working day,their working day,DATE,True,1,1,1,their working day
DATE:thirteen day,thirteen day,DATE,True,1,1,1,thirteen day
DATE:thirteen years,thirteen years,DATE,True,1,1,1,thirteen years
DATE:thirteen-day,thirteen-day,DATE,True,1,1,1,thirteen-day
DATE:thirteen-year,thirteen-year,DATE,True,1,1,1,thirteen-year
DATE:thirty years,thirty years,DATE,True,1,1,1,thirty years
DATE:this Monday,this Monday,DATE,True,1,1,1,this Monday
DATE:this Thursday,this Thursday,DATE,True,1,1,1,this Thursday
DATE:this day,this day,DATE,True,1,1,1,this day
DATE:this launch day,this launch day,DATE,True,1,1,1,this launch day
DATE:this past August,this past August,DATE,True,1,1,1,this past August
DATE:this past Monday,this past Monday,DATE,True,1,1,1,this past Monday
DATE:this past week,this past week,DATE,True,1,1,1,this past week
DATE:this past weekend,this past weekend,DATE,True,1,1,1,this past weekend
DATE:this weekend,this weekend,DATE,True,1,1,1,this weekend
DATE:this years,this years,DATE,True,1,1,1,this years
DATE:three and a half years,three and a half years,DATE,True,1,1,1,three and a half years
TIME:three hours,three hours,TIME,True,1,1,1,three hours
DATE:three quarters,three quarters,DATE,True,1,1,1,three quarters
TIME:three to 30 minutes,three to 30 minutes,TIME,True,1,1,1,three to 30 minutes
DATE:three to five years,three to five years,DATE,True,1,1,1,three to five years
DATE:three year-old,three year-old,DATE,True,1,1,1,three year-old
DATE:three-year,three-year,DATE,True,1,1,1,three-year
ORG:timeanddate.com,timeanddate.com,ORG,False,1,1,1,timeanddate.com
DATE:today August 5,today August 5,DATE,True,1,1,1,today August 5
PRODUCT:trans,trans,PRODUCT,False,1,1,1,trans-
WORK_OF_ART:trans-Neptunian,trans-Neptunian,WORK_OF_ART,False,1,1,1,trans-Neptunian
ORG:tsunamis,tsunamis,ORG,False,1,1,1,tsunamis
DATE:twelve years,twelve years,DATE,True,1,1,1,twelve years
DATE:twelve-day,twelve-day,DATE,True,1,1,1,twelve-day
DATE:twelve-year-old,twelve-year-old,DATE,True,1,1,1,twelve-year-old
DATE:twenty years,twenty years,DATE,True,1,1,1,twenty years
DATE:twenty-first century,twenty-first century,DATE,True,1,1,1,the twenty-first century
DATE:two Venusian days,two Venusian days,DATE,True,1,1,1,two Venusian days
DATE:two and a half minute,two and a half minute,DATE,True,1,1,1,two and a half minute
DATE:two and a half years ago,two and a half years ago,DATE,True,1,1,1,two and a half years ago
DATE:two million years,two million years,DATE,True,1,1,1,two million years
DATE:two million years ago,two million years ago,DATE,True,1,1,1,two million years ago
TIME:two minutes ahead,two minutes ahead,TIME,True,1,1,1,two minutes ahead
TIME:two minutes and 44 seconds,two minutes and 44 seconds,TIME,True,1,1,1,two minutes and 44 seconds
TIME:two minutes and five seconds,two minutes and five seconds,TIME,True,1,1,1,two minutes and five seconds
TIME:two minutes later,two minutes later,TIME,True,1,1,1,two minutes later
DATE:two week,two week,DATE,True,1,1,1,two week's
DATE:two year old,two year old,DATE,True,1,1,1,two year old
DATE:two years ago,two years ago,DATE,True,1,1,1,two years ago
DATE:two years',two years',DATE,True,1,1,1,two years'
DATE:two-week,two-week,DATE,True,1,1,1,two-week
ORG:un,un,ORG,False,1,1,1,un
ORG:un-Earthlike,un-Earthlike,ORG,False,1,1,1,un-Earthlike
DATE:under one day,under one day,DATE,True,1,1,1,under one day
DATE:under one million years,under one million years,DATE,True,1,1,1,under one million years
DATE:up to 17 years,up to 17 years,DATE,True,1,1,1,up to 17 years
DATE:up to five days,up to five days,DATE,True,1,1,1,up to five days
DATE:up to five years,up to five years,DATE,True,1,1,1,up to five years
DATE:up to ten days,up to ten days,DATE,True,1,1,1,up to ten days
DATE:upcoming months,upcoming months,DATE,True,1,1,1,the upcoming months
PERSON:van der Waals,van der Waals,PERSON,False,1,1,1,van der Waals
ORG:van der Waals,van der Waals,ORG,False,1,1,1,van der Waals
PERSON:von Fres,von Fres,PERSON,False,1,1,1,von Fres
DATE:week ago,week ago,DATE,True,1,1,1,A week ago
DATE:week-long,week-long,DATE,True,1,1,1,week-long
LOC:west Arctic,west Arctic,LOC,False,1,1,1,the west Arctic
GPE:west bank,west bank,GPE,False,1,1,1,the west bank
GPE:west coast,west coast,GPE,False,1,1,1,the west coast
DATE:year 14,year 14,DATE,True,1,1,1,year 14
DATE:year after that,year after that,DATE,True,1,1,1,the year after that
DATE:year's end,year's end,DATE,True,1,1,1,year's end
DATE:year-long,year-long,DATE,True,1,1,1,year-long
DATE:year-to-year,year-to-year,DATE,True,1,1,1,year-to-year
