doc_id,sent_id,event_type,trigger_word,agent,patient,time_expr,sentence,event_id,trigger_lemma,trigger_token,agent_key,patient_key,time_key,time_prep,location,location_key,negated,confidence
wn-0000,7,discovery,discovered,Telescope,gigantic gas clouds,,"The COS would make possible the identification of the invisible portion of ""ordinary matter,"" potentially residing in gigantic gas clouds discovered by the Chandra X-ray Telescope.",wn-0000:7:315,discover,315,LOC:Telescope,,,,,,False,0.7
wn-0000,8,discovery,discovery,,,,"""The WFC3 has greatly enhanced power for discovery in the blue and the red region of the spectrum and will significantly enhance studies of galaxies and stars.",wn-0000:8:333,discovery,333,,,,,,,False,0.5
wn-0000,12,discovery,discovery,,,,"We must do this with intense determination and energy and thus continue to inspire new generations with the wonder and thrill of exploration and discovery,"" concluded Norman.",wn-0000:12:427,discovery,427,,,,,,,False,0.5
wn-0001,0,launch,launch,Boeing,,"December 21, 2004","A launch on December 21, 2004 by Boeing with a new ""Delta IV Heavy"" rocket from Cape Canaveral failed to place a 'dummy' satellite into its intended orbit, but the launch was considered successful by Air Force officials.",wn-0001:0:1,launch,1,ORG:Boeing,,"DATE:December 21, 2004",on,,,False,0.65
wn-0001,0,failure,failed,,A launch,"December 21, 2004","A launch on December 21, 2004 by Boeing with a new ""Delta IV Heavy"" rocket from Cape Canaveral failed to place a 'dummy' satellite into its intended orbit, but the launch was considered successful by Air Force officials.",wn-0001:0:21,fail,21,,,"DATE:December 21, 2004",,,,False,0.65
wn-0001,0,launch,launch,,,"December 21, 2004","A launch on December 21, 2004 by Boeing with a new ""Delta IV Heavy"" rocket from Cape Canaveral failed to place a 'dummy' satellite into its intended orbit, but the launch was considered successful by Air Force officials.",wn-0001:0:36,launch,36,,,"DATE:December 21, 2004",,,,False,0.55
wn-0001,1,launch,launch,,Delta IV,,"The dummy satellite, the purpose of which was to monitor the Delta IV launch, as well as two experimental nanosatellites, provided by the U.S. Air Force Research Laboratory to take digital photos of cloud formations and to test the effectiveness of materials in spacecraft, were lost.",wn-0001:1:60,launch,60,,SPACECRAFT:Delta IV,,,,,False,0.7
wn-0001,1,failure,lost,,The dummy satellite,,"The dummy satellite, the purpose of which was to monitor the Delta IV launch, as well as two experimental nanosatellites, provided by the U.S. Air Force Research Laboratory to take digital photos of cloud formations and to test the effectiveness of materials in spacecraft, were lost.",wn-0001:1:95,lose,95,,,,,,,False,0.6
wn-0001,2,failure,malfunction,,rocket,,"Boeing's Vice President for Expendable Launch Systems, Dan Collins, said that the rocket malfunction was caused by a shorter first stage burn then was expected.",wn-0001:2:114,malfunction,114,,,,,,,False,0.55
wn-0001,3,failure,lost,,the fuel,,"This was compensated for during flight, however the fuel lost in the process limited final stages of the burn and was responsible for the payload not achieving orbit",wn-0001:3:137,lose,137,,,,,,,False,0.6
wn-0001,4,launch,launch,,,,"A Boeing spokesman, Robert Villanueva, agreed that many flight objectives were achieved, but did not call the launch a success.",wn-0001:4:177,launch,177,,,,,,,False,0.5
wn-0001,5,launch,launch,,,next year,"""We do have an outstanding issue we need to work on before our first operational launch next year,"" Villanueva said.",wn-0001:5:197,launch,197,,,DATE:next year,,,,False,0.55
wn-0001,7,launch,launch,,,,The launch was a demonstration for the Air Force's Evolved Expendable Launch Vehicle (EELV) program.,wn-0001:7:241,launch,241,,,,,,,False,0.5
wn-0001,7,launch,Launch,,Expendable,,The launch was a demonstration for the Air Force's Evolved Expendable Launch Vehicle (EELV) program.,wn-0001:7:252,launch,252,,,,,,,False,0.55
wn-0001,8,launch,launch,,Defense Support Program,2005,"Collins also reported, ""We now have enough information and confidence in the Delta IV Heavy to move forward with preparations for the upcoming Defense Support Program launch in 2005.",wn-0001:8:288,launch,288,,ORG:Defense Support Program,DATE:2005,,,,False,0.75
wn-0001,12,launch,lifted off,,The 23-story rocket,Dec. 21,"The 23-story rocket, a heavy-lift variant of the Delta 4 family, lifted off from Cape Canaveral Air Force Station in Florida on Dec. 21 at 4:50 p.m. (2150 GMT).",wn-0001:12:331,lift,331,,,DATE:Dec. 21,on,Cape Canaveral Air Force Station,FAC:Cape Canaveral Air Force Station,False,0.65
wn-0001,13,launch,launch,,,December,The launch was delayed three times in December due to weather problems and technical glitches.,wn-0001:13:353,launch,353,,,DATE:December,,,,True,0.55
wn-0001,13,delay,delayed,,The launch,December,The launch was delayed three times in December due to weather problems and technical glitches.,wn-0001:13:355,delay,355,,,DATE:December,in,,,False,0.65
wn-0001,13,failure,glitches,,,December,The launch was delayed three times in December due to weather problems and technical glitches.,wn-0001:13:366,glitch,366,,,DATE:December,,,,False,0.55
wn-0001,14,launch,launch,,Defense Support Program missile,this August,The Delta IV Heavy is scheduled to carry the final Defense Support Program missile launch detection satellite to orbit this August.,wn-0001:14:383,launch,383,,,DATE:this August,,,,False,0.6
wn-0001,14,discovery,detection,,Defense Support Program missile launch,this August,The Delta IV Heavy is scheduled to carry the final Defense Support Program missile launch detection satellite to orbit this August.,wn-0001:14:384,detection,384,,,DATE:this August,,,,False,0.6
wn-0001,15,launch,launch,,,December 2005,A National Reconnaissance Office classified payload is set to be aboard the second operational launch scheduled for December 2005.,wn-0001:15:405,launch,405,,,DATE:December 2005,,,,False,0.55
wn-0002,0,launch,launch,Boeing,,"December 21, 2004","A launch on December 21, 2004 by Boeing with a new ""Delta IV Heavy"" rocket from Cape Canaveral failed to place a 'dummy' satellite into geosynchronous orbit, but the launch was considered successful by Air Force officials.",wn-0002:0:1,launch,1,ORG:Boeing,,"DATE:December 21, 2004",on,,,False,0.65
wn-0002,0,failure,failed,,A launch,"December 21, 2004","A launch on December 21, 2004 by Boeing with a new ""Delta IV Heavy"" rocket from Cape Canaveral failed to place a 'dummy' satellite into geosynchronous orbit, but the launch was considered successful by Air Force officials.",wn-0002:0:21,fail,21,,,"DATE:December 21, 2004",,,,False,0.65
wn-0002,0,launch,launch,,,"December 21, 2004","A launch on December 21, 2004 by Boeing with a new ""Delta IV Heavy"" rocket from Cape Canaveral failed to place a 'dummy' satellite into geosynchronous orbit, but the launch was considered successful by Air Force officials.",wn-0002:0:35,launch,35,,,"DATE:December 21, 2004",,,,False,0.55
wn-0002,1,launch,launch,,Delta IV,,"The dummy satellite, the purpose of which was to monitor the Delta IV launch, as well as two experimental nanosatellites, provided by the U.S. Air Force Research Laboratory to take digital photos of cloud formations and to test the effectiveness of materials in spacecraft, were lost.",wn-0002:1:59,launch,59,,SPACECRAFT:Delta IV,,,,,False,0.7
wn-0002,1,failure,lost,,The dummy satellite,,"The dummy satellite, the purpose of which was to monitor the Delta IV launch, as well as two experimental nanosatellites, provided by the U.S. Air Force Research Laboratory to take digital photos of cloud formations and to test the effectiveness of materials in spacecraft, were lost.",wn-0002:1:94,lose,94,,,,,,,False,0.6
wn-0002,2,failure,malfunction,,rocket,,"Boeing's Vice President for Expendable Launch Systems, Dan Collins, said that the rocket malfunction was caused by a shorter first stage burn than was expected.",wn-0002:2:113,malfunction,113,,,,,,,False,0.55
wn-0002,3,failure,lost,,the fuel,,"This was compensated for during flight, however the fuel lost in the process limited final stages of the burn and was responsible for the payload not achieving orbit.",wn-0002:3:136,lose,136,,,,,,,False,0.6
wn-0002,4,launch,launch,,,,"A Boeing spokesman, Robert Villanueva, agreed that many flight objectives were achieved, but did not call the launch a success.",wn-0002:4:177,launch,177,,,,,,,False,0.5
wn-0002,5,launch,launch,,,next year,"“We do have an outstanding issue we need to work on before our first operational launch next year,” Villanueva said.",wn-0002:5:197,launch,197,,,DATE:next year,,,,False,0.55
wn-0002,7,launch,launch,,,,The launch was a demonstration for the Air Force's Evolved Expendable Launch Vehicle (EELV) program.,wn-0002:7:241,launch,241,,,,,,,False,0.5
wn-0002,7,launch,Launch,,Expendable,,The launch was a demonstration for the Air Force's Evolved Expendable Launch Vehicle (EELV) program.,wn-0002:7:252,launch,252,,,,,,,False,0.55
wn-0002,8,launch,launch,,Defense Support Program,2005,"Collins also reported, ""We now have enough information and confidence in the Delta IV Heavy to move forward with preparations for the upcoming Defense Support Program launch in 2005.",wn-0002:8:288,launch,288,,ORG:Defense Support Program,DATE:2005,,,,False,0.75
wn-0002,12,launch,lifted off,,The 23-story rocket,Dec. 21,"The 23-story rocket, a heavy-lift variant of the Delta 4 family, lifted off from Cape Canaveral Air Force Station in Florida on Dec. 21 at 4:50 p.m. (2150 GMT).",wn-0002:12:331,lift,331,,,DATE:Dec. 21,on,Cape Canaveral Air Force Station,FAC:Cape Canaveral Air Force Station,False,0.65
wn-0002,13,launch,launch,,,December,The launch was delayed three times in December due to weather problems and technical glitches.,wn-0002:13:353,launch,353,,,DATE:December,,,,True,0.55
wn-0002,13,delay,delayed,,The launch,December,The launch was delayed three times in December due to weather problems and technical glitches.,wn-0002:13:355,delay,355,,,DATE:December,in,,,False,0.65
wn-0002,13,failure,glitches,,,December,The launch was delayed three times in December due to weather problems and technical glitches.,wn-0002:13:366,glitch,366,,,DATE:December,,,,False,0.55
wn-0002,14,launch,launch,,Defense Support Program missile,this August,The Delta IV Heavy is scheduled to carry the final Defense Support Program missile launch detection satellite to orbit this August.,wn-0002:14:383,launch,383,,,DATE:this August,,,,False,0.6
wn-0002,14,discovery,detection,,Defense Support Program missile launch,this August,The Delta IV Heavy is scheduled to carry the final Defense Support Program missile launch detection satellite to orbit this August.,wn-0002:14:384,detection,384,,,DATE:this August,,,,False,0.6
wn-0002,15,launch,launch,,,December 2005,A National Reconnaissance Office classified payload is set to be aboard the second operational launch scheduled for December 2005.,wn-0002:15:405,launch,405,,,DATE:December 2005,,,,False,0.55
wn-0003,2,discovery,found,,a narrow ridge,,"Now a narrow ridge of massive proportions, 20 km high and 1,300 km long, has been found around the equator of the moon.",wn-0003:2:65,find,65,,,,,,,False,0.6
wn-0003,5,flyby,fly,Cassini,Iapetus,September 2007,Cassini will next fly by Iapetus in September 2007.,wn-0003:5:102,fly,102,SPACECRAFT:Cassini,CELESTIAL:Iapetus,DATE:September 2007,in,,,False,0.9
wn-0003,8,discovery,discovered,Cassini,the moon,1672,Jean-Dominque Cassini discovered the moon in 1672; it was also Cassini who determined the color difference on Iapetus.,wn-0003:8:162,discover,162,SPACECRAFT:Cassini,,DATE:1672,in,,,False,0.75
wn-0004,0,failure,crash,,,"January 12, 2005","A spacecraft designed to chase a comet and crash onto its surface is scheduled for a launch on January 12, 2005 and 1:48 p.m. EST.",wn-0004:0:8,crash,8,,,"DATE:January 12, 2005",,,,False,0.55
wn-0004,0,launch,launch,,,"January 12, 2005","A spacecraft designed to chase a comet and crash onto its surface is scheduled for a launch on January 12, 2005 and 1:48 p.m. EST.",wn-0004:0:16,launch,16,,,"DATE:January 12, 2005",on,,,False,0.55
wn-0004,3,failure,crash,,the comet,Twenty-four hours,"Twenty-four hours after separation the comet will crash into the slower-moving impactor, creating a crater 100 meters wide.",wn-0004:3:93,crash,93,,,TIME:Twenty-four hours,,,,False,0.65
wn-0004,5,failure,destroyed,,that,,"The event will be watched by many instruments: there are two cameras on the part of the probe that is not getting destroyed, a camera on the impactor will broadcast almost until the crash, and telescopes around Earth will also be aimed at the point of the impact.",wn-0004:5:157,destroy,157,,,,,,,True,0.6
wn-0004,5,failure,crash,,,,"The event will be watched by many instruments: there are two cameras on the part of the probe that is not getting destroyed, a camera on the impactor will broadcast almost until the crash, and telescopes around Earth will also be aimed at the point of the impact.",wn-0004:5:169,crash,169,,,,,,,False,0.5
wn-0004,6,failure,crash,,,,Scientists hope that by studying the depth of the crater and the material ejected from the comet in the crash they will get a better idea of the core's composition.,wn-0004:6:205,crash,205,,,,,,,False,0.5
wn-0004,9,failure,destroy,the goal,the comet,,"Unlike the movie, however, the goal of this mission is not to destroy the comet.",wn-0004:9:269,destroy,269,,,,,,,False,0.6
wn-0004,11,launch,launched,,The probe,,The probe will be launched aboard a Delta II rocket from Cape Canaveral in Florida.,wn-0004:11:315,launch,315,,,,,Cape Canaveral,FAC:Cape Canaveral,False,0.6
wn-0005,0,landing,descent,,Huygens,,Huygens probe descent to Titan.,wn-0005:0:2,descent,2,,SPACECRAFT:Huygens,,,,,False,0.7
wn-0005,4,landing,descent,,its,the next 2.5 hours,"For the next 2.5 hours, Huygens will slow its descent and begin data transmission from on-board scientific packages to the Cassini Orbiter for relay to Earth.",wn-0005:4:61,descent,61,,,TIME:next 2.5 hours,,,,False,0.6
wn-0005,5,landing,touch down,,It,approximately 11:30 a.m.,It will touch down on the Titan surface at approximately 11:30 a.m.,wn-0005:5:83,touch,83,,,TIME:approximately 11:30 a.m.,at,,,False,0.65
wn-0005,7,landing,descent,,,three to 30 minutes,"The probe will continue data transmission for three to 30 minutes, providing it survives the descent and landing.",wn-0005:7:111,descent,111,,,TIME:three to 30 minutes,,,,False,0.55
wn-0005,7,landing,landing,,,three to 30 minutes,"The probe will continue data transmission for three to 30 minutes, providing it survives the descent and landing.",wn-0005:7:113,landing,113,,,TIME:three to 30 minutes,,,,False,0.55
wn-0005,8,launch,launched,NASA,Cassini-Huygens,"October 15, 1997","NASA launched Cassini-Huygens, the largest interplanetary space craft ever built, on October 15, 1997.",wn-0005:8:117,launch,117,ORG:NASA,SPACECRAFT:Cassini-Huygens,"DATE:October 15, 1997",on,,,False,0.9
wn-0005,15,discovery,discovered,who,Titan,1655,"The probe was named after Dutch astronomer Christiaan Huygens, who discovered Titan in 1655.",wn-0005:15:262,discover,262,,CELESTIAL:Titan,DATE:1655,in,,,False,0.8
wn-0005,16,discovery,discovered,who,other moons,,"The Cassini orbiter was named for Jean-Dominique Cassini, who discovered other moons of Saturn and the gap between Saturn's rings known as the Cassini Division.",wn-0005:16:280,discover,280,,,,,,,False,0.6
wn-0006,0,landing,landed,,it,11:38 a.m.,"Huygens, the European built Titan exploration probe, ended its seven-year voyage today when it landed on the surface of the second largest moon in the solar system at 11:38 a.m.",wn-0006:0:18,land,18,,,TIME:11:38 a.m.,at,,,False,0.65
wn-0006,2,failure,failures,,,17 years ago,"The probe, which the European Space Agency (ESA) began developing 17 years ago, has worked well with only minor system failures.",wn-0006:2:60,failure,60,,,DATE:17 years ago,,,,False,0.55
wn-0006,7,landing,descent,,its,,Huygens broadcast data to its Cassini mothership (the US probe which carried Huygens to Titan) throughout its descent and then from the surface.,wn-0006:7:172,descent,172,,,,,,,False,0.55
wn-0006,9,landing,descent,,the probe,,"So far, ESA has released least three pictures&amp;mdash;two from the probe's descent through the atmosphere under parachutes and then a picture near the surface.",wn-0006:9:232,descent,232,,,,,,,False,0.55
wn-0007,2,launch,launch,,,,"""The spaceship's re-entry module, orbital capsule and propulsion module are being equipped, and preparation work for the launch is in full swing"", said Sun Laiyan, Director of China's National Space Administration.",wn-0007:2:79,launch,79,,,,,,,False,0.5
wn-0007,3,landing,landed,,the Shenzhou V spaceship,October 2003,"China's first manned space mission happened in October 2003, in which the Shenzhou V spaceship circled the Earth fourteen times and landed safely by parachute on the northern plains of China.",wn-0007:3:122,land,122,,,DATE:October 2003,,,,False,0.65
wn-0007,5,landing,land,China,,the next few years,"Within the next few years, China also plans to land on the Moon.",wn-0007:5:177,land,177,GPE:China,,DATE:next few years,,Moon,CELESTIAL:Moon,False,0.7
wn-0008,0,discovery,found,Rover Opportunity,a basketball-sized iron meteorite,,"NASA's Mars Exploration Rover Opportunity has found a basketball-sized iron meteorite near heat shield debris at Meridiani Planum, Opportunity's landing location on Mars.",wn-0008:0:7,find,7,SPACECRAFT:Rover Opportunity,,,,Meridiani Planum,ORG:Meridiani Planum,False,0.7
wn-0008,0,landing,landing,,,,"NASA's Mars Exploration Rover Opportunity has found a basketball-sized iron meteorite near heat shield debris at Meridiani Planum, Opportunity's landing location on Mars.",wn-0008:0:24,landing,24,,,,,,,False,0.5
wn-0008,1,discovery,identified,,any type,,It is the first meteorite of any type ever identified on another planet.,wn-0008:1:39,identify,39,,,,,,,False,0.6
wn-0008,5,discovery,found,They,geological evidence,,They have found geological evidence of past wet environmental conditions that might have been hospitable to life.,wn-0008:5:130,find,130,,,,,,,False,0.6
wn-0009,0,discovery,detected,the NASA-led Swift satellite mission,,Jan. 17,"On Jan. 17, the NASA-led Swift satellite mission detected and imaged its first gamma-ray burst, one of the most powerful explosions to occur in the universe.",wn-0009:0:11,detect,11,,,DATE:Jan. 17,on,,,False,0.6
wn-0009,0,failure,explosions,,,Jan. 17,"On Jan. 17, the NASA-led Swift satellite mission detected and imaged its first gamma-ray burst, one of the most powerful explosions to occur in the universe.",wn-0009:0:26,explosion,26,,,DATE:Jan. 17,,,,False,0.55
wn-0009,1,failure,exploding,,,less than 200 seconds,"The burst was in the midst of exploding as Swift, designed to autonomously repoint itself, turned and focused in less than 200 seconds on the event.",wn-0009:1:41,explode,41,,,TIME:less than 200 seconds,,,,False,0.6
wn-0009,2,discovery,detected,,gamma rays,,"The satellite was fast enough to capture an image with its X-Ray Telescope (XRT), while gamma rays were still being detected with the Burst Alert Telescope (BAT).",wn-0009:2:88,detect,88,,,,,,,False,0.6
wn-0009,8,discovery,detect,this,these fleeting gamma-ray bursts,about a minute,"""And this is what Swift was built to do: to detect these fleeting gamma-ray bursts and focus its telescopes on them autonomously within about a minute.",wn-0009:8:225,detect,225,,,TIME:about a minute,,,,False,0.65
wn-0009,11,discovery,detects,BAT,bursts,,The BAT detects bursts and initiates the autonomous slewing to bring the XRT and the Ultraviolet/Optical Telescope (UVOT) within focus of the burst.,wn-0009:11:266,detect,266,ORG:BAT,,,,,,False,0.7
wn-0009,12,discovery,detecting,BAT,bursts,December,"In December, the BAT started detecting bursts, including a remarkable triple detection on Dec. 19.",wn-0009:12:298,detect,298,ORG:BAT,,DATE:December,,,,False,0.75
wn-0009,12,discovery,detection,,,Dec. 19,"In December, the BAT started detecting bursts, including a remarkable triple detection on Dec. 19.",wn-0009:12:305,detection,305,,,DATE:Dec. 19,on,,,False,0.55
wn-0009,13,discovery,detection,,BAT,Today,"Today's announcement marks the first BAT detection autonomously followed by XRT detection, demonstrating the satellite is swiftly slewing as planned.",wn-0009:13:317,detection,317,,ORG:BAT,DATE:Today,,,,False,0.75
wn-0009,13,discovery,detection,,XRT,Today,"Today's announcement marks the first BAT detection autonomously followed by XRT detection, demonstrating the satellite is swiftly slewing as planned.",wn-0009:13:322,detection,322,,ORG:XRT,DATE:Today,,,,False,0.75
wn-0009,14,discovery,detected,,the burst,,"The UVOT is still being tested, and it was not collecting data when the burst was detected.",wn-0009:14:350,detect,350,,,,,,,False,0.6
wn-0009,16,failure,explosion,,,,"""We are frantically analyzing the XRT data to understand the X-ray emission seen during the initial explosion and the very early afterglow,"" said Dr. David Burrows, the XRT lead at Penn State.",wn-0009:16:383,explosion,383,,,,,,,False,0.5
wn-0009,21,failure,explosions,,,,At least some appear to originate in massive star explosions.,wn-0009:21:459,explosion,459,,,,,,,False,0.5
wn-0009,26,failure,explosion,,,,*Determine how the explosion develops.,wn-0009:26:529,explosion,529,,,,,,,False,0.5
wn-0009,29,launch,launched,,an international collaboration,"Nov. 20, 2004","Swift, still in its checkout phase, is an international collaboration launched on Nov. 20, 2004.",wn-0009:29:571,launch,571,,,"DATE:Nov. 20, 2004",on,,,False,0.65
wn-0010,4,landing,landing,,its landing rockets,,"Also visible and labeled on this image are the spacecraft's lander, backshell, parachute and heat shield, plus effects of its landing rockets.",wn-0010:4:87,land,87,,,,,,,False,0.6
wn-0010,5,discovery,observation,,,,The camera captured this image with use of a technique called compensated pitch and roll targeted observation.,wn-0010:5:107,observation,107,,,,,,,False,0.5
wn-0013,10,failure,failure,,,,The anonymous U.S. official told Reuters the estimated cost of a robotic repair was $2 billion and one feasibility study gave it an 80 percent chance of failure .,wn-0013:10:326,failure,326,,,,,,,False,0.5
wn-0013,12,failure,fail,it,that,,"""Trying to send a robotic mission to extend that time period would be a $2 billion gamble with taxpayer dollars where the odds are 80-20 that it would fail.",wn-0013:12:380,fail,380,,,,,,,False,0.6
wn-0013,17,launch,launch,,its,1990,"Since its launch in 1990, the Hubble Telescope's state of the art technology has dramatically changed our understanding of the universe and produced thousands of extraordinary discoveries .""",wn-0013:17:465,launch,465,,,DATE:1990,in,,,False,0.6
wn-0013,17,discovery,discoveries,,,1990,"Since its launch in 1990, the Hubble Telescope's state of the art technology has dramatically changed our understanding of the universe and produced thousands of extraordinary discoveries .""",wn-0013:17:491,discovery,491,,,DATE:1990,,,,False,0.55
wn-0014,0,launch,launch,,its,last November,"NASA's Swift satellite has completed all tests since its launch last November and with the Ultravioliet/Optical Telescope (UVOT) now on line, is now fully functional for the mission's 2 year quest for gamma-ray bursts.",wn-0014:0:10,launch,10,,,DATE:last November,,,,False,0.6
wn-0014,4,discovery,observation,,first-light,,"But more than a pretty image, this first-light observation is a test of the UVOT's capabilities.",wn-0014:4:126,observation,126,,,,,,,False,0.55
wn-0014,6,discovery,observed,,the most powerful objects,,Gamma ray bursts are some of the most powerful objects observed in the Universe and are thought to signal the birth of black holes.,wn-0014:6:148,observe,148,,,,,Universe,ORG:Universe,False,0.6
wn-0014,7,discovery,detect,Swift,the bursts,,Swift is designed to detect the bursts and automatically re-orient itself to gather images and data of the phenomenon.,wn-0014:7:168,detect,168,SPACECRAFT:Swift,,,,,,False,0.7
wn-0014,8,discovery,detected,Swift,,"January 17, 2005","Swift detected and imaged its first official burst on January 17, 2005, before the UVOT was operational with the aid of the Burst Alert (BAT) and X-ray (XRT) telescopes activated several weeks earlier.",wn-0014:8:187,detect,187,SPACECRAFT:Swift,,"DATE:January 17, 2005",,,,False,0.7
wn-0014,9,discovery,detects,BAT,the gamma-ray bursts,,"The BAT detects the gamma-ray bursts, automatically and immediately turns the telescope, bringing the XRT and UVOT to bear on the location of the event which record detailed observations of the burst afterglow.",wn-0014:9:230,detect,230,ORG:BAT,,,,,,False,0.7
wn-0014,9,discovery,observations,,the burst afterglow,,"The BAT detects the gamma-ray bursts, automatically and immediately turns the telescope, bringing the XRT and UVOT to bear on the location of the event which record detailed observations of the burst afterglow.",wn-0014:9:260,observation,260,,,,,,,False,0.55
wn-0015,0,discovery,found,Scientists,strong evidence,,Scientists studying data from the Chandra X-ray telescope have found strong evidence for the missing half of ordinary matter in the universe.,wn-0015:0:11,find,11,,,,,,,False,0.6
wn-0015,3,discovery,found,we,the likely hiding place,,"""Now we have found the likely hiding place of the missing baryons.""",wn-0015:3:106,find,106,,,,,,,False,0.6
wn-0015,8,discovery,detected,,Evidence,,"Evidence of the clouds had been previously detected around our own galaxy and in the Local Group, but the temperature range (a few hundred thousand to a million degrees Celsius) and low density have prevented detection outside the immediate neighborhood of galaxies and the reliable estimation of baryon density for the entire universe.",wn-0015:8:245,detect,245,,,,,,,False,0.6
wn-0015,8,discovery,detection,,,,"Evidence of the clouds had been previously detected around our own galaxy and in the Local Group, but the temperature range (a few hundred thousand to a million degrees Celsius) and low density have prevented detection outside the immediate neighborhood of galaxies and the reliable estimation of baryon density for the entire universe.",wn-0015:8:276,detection,276,,,,,,,False,0.5
wn-0015,9,discovery,detected,,The clouds,,The clouds were detected using Chandra observations when the galaxy Mkn 421 brightened in X-ray emissions.,wn-0015:9:299,detect,299,,,,,,,False,0.6
wn-0015,9,discovery,observations,,Chandra,,The clouds were detected using Chandra observations when the galaxy Mkn 421 brightened in X-ray emissions.,wn-0015:9:302,observation,302,,GPE:Chandra,,,,,False,0.7
wn-0015,13,discovery,finding,Nicastro,,,"Assuming that the size and distribution of the clouds are representative, Nicastro and colleagues made the first reliable estimate of average density of baryons in such clouds throughout the Universe, finding it consistent with the mass density of the missing baryons.",wn-0015:13:413,find,413,GPE:Nicastro,,,,,,False,0.65
wn-0015,14,discovery,observed,,Mkn 421,May 2000,"Mkn 421 was observed three times with Chandra's Low-Energy Transmission Grating (LETG), twice in conjunction with the High Resolution Camera (May 2000 and July 2003) and once with the Advanced CCD Imaging Spectrometer (October 2002).",wn-0015:14:429,observe,429,,PERSON:Mkn 421,DATE:May 2000,,,,False,0.8
wn-0016,0,failure,lose out,,The revolutionary space telescope,2006,The revolutionary space telescope that brought great images of space back down to Earth will lose out in NASA's budget reorganisation for 2006.,wn-0016:0:15,lose,15,,,DATE:2006,for,,,False,0.65
wn-0016,3,failure,cancelled,,A planned fifth maintenance job,,"A planned fifth maintenance job on the space telescope was cancelled as a result of the Columbia disaster, and experts argue as to how long it can remain useful to scientists.",wn-0016:3:88,cancel,88,,,,,,,False,0.6
wn-0016,3,failure,disaster,,Columbia,,"A planned fifth maintenance job on the space telescope was cancelled as a result of the Columbia disaster, and experts argue as to how long it can remain useful to scientists.",wn-0016:3:95,disaster,95,,ORG:Columbia,,,,,False,0.7
wn-0016,4,failure,fail,,It,2007,It is expected to fail irreversibly by 2007 if vital work is not done.,wn-0016:4:115,fail,115,,,DATE:2007,by,,,False,0.65
wn-0017,0,discovery,discovery,,the smallest planet,,Alex Wolszczan of Penn State and Maciej Konacki of Caltech announced the discovery of the smallest planet detected outside our solar system.,wn-0017:0:12,discovery,12,,,,,,,False,0.55
wn-0017,0,discovery,detected,the smallest planet,,,Alex Wolszczan of Penn State and Maciej Konacki of Caltech announced the discovery of the smallest planet detected outside our solar system.,wn-0017:0:17,detect,17,,,,,,,False,0.55
wn-0017,1,discovery,found,Wolszczan,the very first extrasolar planets,1992,The new body is located in the same planetary system where Wolszczan found the very first extrasolar planets in 1992.,wn-0017:1:35,find,35,PERSON:Wolszczan,,DATE:1992,in,,,False,0.75
wn-0017,4,discovery,discovered,Three terrestrial planets,earlier occupy orbits,,"Three terrestrial planets discovered earlier occupy orbits similar in proportion to the orbits of Mercury, Venus, and Earth.",wn-0017:4:119,discover,119,,,,,,,False,0.6
wn-0017,6,discovery,discovered,,any extrasolar planetary system,,"""Surprisingly, the planetary system around this pulsar resembles our own solar system more than any extrasolar planetary system discovered around a Sun-like star,"" Konacki said.",wn-0017:6:183,discover,183,,,,,,,False,0.6
wn-0017,7,discovery,observations,,our,,"""Because our observations practically rule out a possible presence of an even more distant, massive planet or planets around the pulsar, it is quite possible that the tiny fourth planet is the largest member of a cloud of interplanetary debris at the outer edge of the pulsar's planetary system, a remnant of the original protoplanetary disk that created the three inner planets,"" Wolszczan explained.",wn-0017:7:199,observation,199,,,,,,,False,0.55
wn-0017,8,discovery,discovery,,planets,1992,"Since the original discovery of planets in 1992, Wolszczan and colleagues, using the Arecibo radio telescope in Puerto Rico, "". . .",wn-0017:8:272,discovery,272,,,DATE:1992,in,,,False,0.6
wn-0017,9,discovery,discovery,,,,"feel now, with this discovery, that the basic inventory of this planetary system has been completed.""",wn-0017:9:300,discovery,300,,,,,,,False,0.5
wn-0018,0,flyby,encounter,,,,A close encounter with the supermassive black hole at the center of the Milky Way has set a star on a one way trip into intergalactic space.,wn-0018:0:2,encounter,2,,,,,,,False,0.5
wn-0018,1,discovery,detected,The star,,,"The star, detected at the MMT Observatory in Tucson, Arizona, is zipping outward at a speed of 1.5 million miles per hour.",wn-0018:1:31,detect,31,,,,,the MMT Observatory,FAC:MMT Observatory,False,0.55
wn-0019,3,launch,Launched,,the new rocket design,,"Launched from the Guiana Space Centre at Kourou, French Guiana, the new rocket design carried three payloads: the X-TAR-EUR communications satellite, the Sloshsat FLEVO experimental satellite, and the Maqsat B2 which remained attached to the Ariane upper stage.",wn-0019:3:49,launch,49,,,,,Guiana Space Centre,FAC:Guiana Space Centre,False,0.6
wn-0019,4,launch,launch,,,,The Ariane ECA can carry up to ten tons of payload improving on the launch capacity of the Ariane 5 Generic by 4 tonnes.,wn-0019:4:112,launch,112,,,,,,,False,0.5
wn-0019,5,launch,launch,,,December 2002,This launch was the second test for the new design following a launch failure in December 2002.,wn-0019:5:125,launch,125,,,DATE:December 2002,,,,False,0.55
wn-0019,5,launch,launch,,,December 2002,This launch was the second test for the new design following a launch failure in December 2002.,wn-0019:5:136,launch,136,,,DATE:December 2002,,,,False,0.55
wn-0019,5,failure,failure,,launch,December 2002,This launch was the second test for the new design following a launch failure in December 2002.,wn-0019:5:137,failure,137,,,DATE:December 2002,,,,False,0.6
wn-0021,0,discovery,discovered,they,the first galaxy,,Astronomers claim they have discovered the first galaxy made entirely of dark matter.,wn-0021:0:4,discover,4,,,,,,,False,0.6
wn-0021,1,discovery,found,,The galaxy,years,The galaxy was found 50 million light years away using the University of Manchester's Lovell Telescope in Cheshire and confirmed with the Arecibo telescope in Puerto Rico.,wn-0021:1:18,find,18,,,DATE:years,,,,False,0.65
wn-0021,4,discovery,discovery,,,five-year,The discovery came from a five-year project to study the distribution of hydrogen atoms throughout the Universe.,wn-0021:4:91,discovery,91,,,DATE:five-year,,,,False,0.55
wn-0021,5,discovery,detected,radio telescopes,that,,Hydrogen gas releases radiation that can be detected by radio telescopes.,wn-0021:5:117,detect,117,,,,,,,False,0.6
wn-0021,6,discovery,found,,,,"In the cluster of galaxies known as Virgo, an international team from the UK, France, Italy and Australia led by researchers at Cardiff University found hydrogen atoms amounting to 100 million times the mass of the Sun.",wn-0021:6:150,find,150,,,,,,,False,0.55
wn-0021,10,discovery,discovery,,,,"""It's a really exciting discovery.""",wn-0021:10:261,discovery,261,,,,,,,False,0.5
wn-0022,0,launch,launch,,,4:42 p.m. EST,"A Lockheed-Martin built Atlas V launch vehicle, successfully launched from Cape Canaveral, Florida at 21:42 UTC (4:42 p.m. EST).",wn-0022:0:7,launch,7,,,TIME:4:42 p.m. EST,,,,False,0.55
wn-0022,0,launch,launched,,A Lockheed-Martin,4:42 p.m. EST,"A Lockheed-Martin built Atlas V launch vehicle, successfully launched from Cape Canaveral, Florida at 21:42 UTC (4:42 p.m. EST).",wn-0022:0:11,launch,11,,,TIME:4:42 p.m. EST,,Cape Canaveral,FAC:Cape Canaveral,False,0.65
wn-0022,2,launch,launch,,the satellite,,This was Lockheed-Martin's second try to launch the satellite.,wn-0022:2:46,launch,46,,,,,,,False,0.6
wn-0022,3,delay,scrub,,,Yesterday,Yesterday's attempt ended in a scrub when the flight control computer passed a red-line with less than three minutes remaining in the countdown.,wn-0022:3:56,scrub,56,,,DATE:Yesterday,,,,False,0.55
wn-0022,4,launch,launch,,the Atlas V vehicle,,"This was the fifth launch of the Atlas V vehicle, and the first launch where the rocket used three of the first stage, Aerojet built, solid rocket motors.",wn-0022:4:82,launch,82,,,,,,,False,0.55
wn-0022,4,launch,launch,,,,"This was the fifth launch of the Atlas V vehicle, and the first launch where the rocket used three of the first stage, Aerojet built, solid rocket motors.",wn-0022:4:92,launch,92,,,,,,,False,0.5
wn-0022,19,launch,launch,,,early yesterday morning,The Atlas vehicle was rolled out of its vertical integration facility 1800 feet from the launch pad early yesterday morning (before the first launch attempt).,wn-0022:19:448,launch,448,,,TIME:early yesterday morning,,,,False,0.55
wn-0022,19,launch,launch,,,early yesterday morning,The Atlas vehicle was rolled out of its vertical integration facility 1800 feet from the launch pad early yesterday morning (before the first launch attempt).,wn-0022:19:457,launch,457,,,TIME:early yesterday morning,,,,False,0.55
wn-0022,21,launch,launch,,,,Past American rockets (with the exception of the Saturns and Space Shuttles) have always been assembled on the launch pad.,wn-0022:21:497,launch,497,,,,,,,False,0.5
wn-0022,22,delay,delay,,,,"In the case of a delay in launching, this would cause delays in all the rockets that needed to be launched after the one that experienced the delay.",wn-0022:22:505,delay,505,,,,,,,False,0.5
wn-0022,22,launch,launching,,,,"In the case of a delay in launching, this would cause delays in all the rockets that needed to be launched after the one that experienced the delay.",wn-0022:22:507,launch,507,,,,,,,False,0.55
wn-0022,22,delay,delays,,,,"In the case of a delay in launching, this would cause delays in all the rockets that needed to be launched after the one that experienced the delay.",wn-0022:22:512,delay,512,,,,,,,False,0.5
wn-0022,22,launch,launched,,that,,"In the case of a delay in launching, this would cause delays in all the rockets that needed to be launched after the one that experienced the delay.",wn-0022:22:521,launch,521,,,,,,,False,0.6
wn-0022,22,delay,delay,,,,"In the case of a delay in launching, this would cause delays in all the rockets that needed to be launched after the one that experienced the delay.",wn-0022:22:528,delay,528,,,,,,,False,0.5
wn-0022,23,delay,delays,,,,"With the new clean pad concept, rockets can be assembled and checked out before being moved to the pad, saving delays in the schedule.",wn-0022:23:552,delay,552,,,,,,,False,0.5
wn-0022,24,launch,launch,,,approximately half an hour,"The launch tower and rocket move out to the pad along a set of railroad tracks, making the 1800 foot journey in approximately half an hour, topping out around two miles per hour.",wn-0022:24:559,launch,559,,,TIME:approximately half an hour,,,,False,0.55
wn-0022,25,launch,launch,,,,"Because of the clean pad concept, none of the launch control electronics or spacecraft environmental systems are on the pad.",wn-0022:25:605,launch,605,,,,,,,False,0.5
wn-0022,26,launch,launch,,,,"Instead, they are run along the railroad tracks with the rocket as it moves to the pad on launch day.",wn-0022:26:636,launch,636,,,,,,,False,0.5
wn-0022,27,failure,destroyed,,they,,"When they get there, they slide into concrete enclosures so that they are not destroyed during the rocket launch.",wn-0022:27:654,destroy,654,,,,,,,True,0.6
wn-0022,27,launch,launch,,rocket,,"When they get there, they slide into concrete enclosures so that they are not destroyed during the rocket launch.",wn-0022:27:658,launch,658,,,,,,,False,0.55
wn-0024,9,discovery,discovered,Scientists,bacteria,,Scientists recently discovered bacteria near the mouths of undersea volcanic vents on Earth where bacteria live off sulfur instead of oxygen and discharge methane as a by-product of their life cycle.,wn-0024:9:256,discover,256,,,,,,,False,0.6
wn-0024,10,discovery,discovery,,signs,,"Though controversial, the discovery of signs of methane gas in Mars' atmosphere also interests researchers who believe it indicates the possibility of subsurface life.",wn-0024:10:292,discovery,292,,,,,,,False,0.55
wn-0024,12,discovery,found,They,evidence,,"They found evidence that glaciers moved from the poles to the equator between 3.5 and 4 million years ago, suggesting that Mars is currently in an interglacial period.",wn-0024:12:343,find,343,,,,,,,False,0.6
wn-0024,16,discovery,findings,,,1991,"A 1991 hypothesis, then considered outrageous by suggesting Mars was no stranger to floods, is now supported by recent findings.",wn-0024:16:462,finding,462,,,DATE:1991,,,,False,0.55
wn-0024,18,discovery,detect,,water,early May,Mars Express will deploy a special radar instrument in early May which should be able to detect water and ice even several miles beneath the surface.,wn-0024:18:495,detect,495,,,DATE:early May,,,,False,0.65
wn-0024,19,discovery,found,,water,,"Should water be found on Mars, the chances of finding life are great.",wn-0024:19:510,find,510,,,,,Mars,CELESTIAL:Mars,False,0.6
wn-0024,19,discovery,finding,,life,,"Should water be found on Mars, the chances of finding life are great.",wn-0024:19:517,find,517,,,,,,,False,0.6
wn-0024,20,discovery,discovered,,Many extremophiles,,"Many extremophiles, bacteria living under extreme conditions such as extreme salinity or heat, have already been discovered on Earth.",wn-0024:20:540,discover,540,,,,,Earth,CELESTIAL:Earth,False,0.6
wn-0024,21,discovery,discovery,,bacteria,February 2005,"In February 2005, scientists announced the discovery of bacteria that survived in a state of frozen suspension for 32,000 years.",wn-0024:21:551,discovery,551,,,DATE:February 2005,,,,False,0.6
wn-0024,23,discovery,discoveries,,,,These discoveries may offer a great chance to get objective evidence for Mars research.,wn-0024:23:590,discovery,590,,,,,,,False,0.5
wn-0025,0,discovery,discovered,NASA's Saturn exploration spacecraft,an atmosphere,,"NASA's Saturn exploration spacecraft, Cassini, has discovered an atmosphere about the moon Enceladus.",wn-0025:0:9,discover,9,,,,,,,False,0.6
wn-0025,1,discovery,discovery,Cassini,the presence,,"This is the first such discovery by Cassini, other than Titan, of the presence of an atmosphere around a Saturn moon.",wn-0025:1:22,discovery,22,SPACECRAFT:Cassini,,,,,,False,0.65
wn-0025,3,discovery,detected,,The atmosphere,February 17 and March 9,The atmosphere was detected using a magnetometer during two close flybys of Enceladus on February 17 and March 9.,wn-0025:3:86,detect,86,,,DATE:February 17 and March 9,,,,False,0.65
wn-0025,3,flyby,flybys,,Enceladus,February 17 and March 9,The atmosphere was detected using a magnetometer during two close flybys of Enceladus on February 17 and March 9.,wn-0025:3:93,flyby,93,,CELESTIAL:Enceladus,DATE:February 17 and March 9,,,,False,0.75
wn-0025,5,discovery,detected,The magnetometer,a bending,,"The magnetometer detected a bending of Saturn's magnetic field around the moon, indicating the Saturnian plasma is being diverted away from an extended atmosphere.",wn-0025:5:124,detect,124,,,,,,,False,0.6
wn-0025,6,discovery,observations,,,,The observations from the Enceladus flybys are believed to be due to ionized water vapor.,wn-0025:6:150,observation,150,,,,,,,False,0.5
wn-0025,6,flyby,flybys,,Enceladus,,The observations from the Enceladus flybys are believed to be due to ionized water vapor.,wn-0025:6:154,flyby,154,,CELESTIAL:Enceladus,,,,,False,0.7
wn-0025,10,landing,landed,,which,"January 14, 2005","Cassini first arrived in Saturn orbit July 1, 2004, releasing the Huygens Titan probe on December 25, 2004 which landed on Titan January 14, 2005.",wn-0025:10:276,land,276,,,"DATE:January 14, 2005",on,,,False,0.65
wn-0026,6,launch,launch,ISRO,the half-ton Chandrayan,2008,ISRO plans to launch the half-ton Chandrayan sometime before 2008 for a two year mission to study the solar system and the Moon.,wn-0026:6:147,launch,147,ORG:ISRO,,DATE:2008,before,,,False,0.75
wn-0026,8,launch,launch,,,1975,The ISRO has been placing satellites in Earth orbit since 1975 and has developed its own launch vehicles and satellites for telecommunications and weather forecasting.,wn-0026:8:200,launch,200,,,DATE:1975,,,,False,0.55
wn-0028,0,discovery,discovery,,planets,,"For the first time since the discovery of planets outside the solar system, light from two of the 145 confirmed extrasolar planets has been directly captured by NASA's Spitzer Space Telescope.",wn-0028:0:6,discovery,6,,,,,,,False,0.55
wn-0028,11,discovery,observations,,,,More observations from Spitzer could provide information about the planets winds and atmospheric compositions.,wn-0028:11:261,observation,261,,,,,,,False,0.5
wn-0028,14,discovery,discovered,,extrasolar planets,almost 10 years,"""We've been hunting for this light for almost 10 years, ever since extrasolar planets were first discovered.",wn-0028:14:340,discover,340,,,DATE:almost 10 years,,,,False,0.65
wn-0028,16,discovery,findings,,his,today,Dr. Deming's paper on his findings appears today in Nature's online publication; Dr. Charbonneau's paper will be published in an upcoming issue of the Astrophysical Journal.,wn-0028:16:350,finding,350,,,DATE:today,,,,False,0.6
wn-0028,17,launch,launched,,The Spitzer telescope,"August 25, 2003","The Spitzer telescope was launched August 25, 2003 and is scheduled to be de-orbited sometime in 2008.",wn-0028:17:380,launch,380,,,"DATE:August 25, 2003",,,,False,0.65
wn-0029,0,docking,rendezvous,,,"July 4, 2005","NASA's comet busting spacecraft Deep Impact has moved into its cruising phase towards a rendezvous and collision with Comet Tempel 1 on July 4, 2005.",wn-0029:0:15,rendezvous,15,,,"DATE:July 4, 2005",,,,False,0.55
wn-0029,2,launch,launch,,,,The first commissioning phase was begun soon after launch and was designed to test and calibrate the instruments on board the two-part spacecraft.,wn-0029:2:54,launch,54,,,,,,,False,0.5
wn-0029,4,launch,launch,,,,"Mission controllers performed a ""bake-out"" or heating of the HRI to remove moisture that accumulated during the craft's final hours on the launch pad and its travel through the atmosphere.",wn-0029:4:115,launch,115,,,,,,,False,0.5
wn-0029,8,flyby,encounter,,,,"""Everyone on the science and engineering teams is getting very excited and looking forward to the encounter.",wn-0029:8:206,encounter,206,,,,,,,False,0.5
wn-0029,10,discovery,observe,Deep Impact,the effects,,Deep Impact has four data collectors to observe the effects of the cometary collision: the High Resolution Instrument consisting of a camera and infrared spectrometer; the Medium Resolution Instrument; and a duplicate camera on the Impactor Targeting Sensor.,wn-0029:10:217,observe,217,SPACECRAFT:Deep Impact,,,,,,False,0.7
wn-0029,16,flyby,flyby,,,,Deep Impact is a two part vehicle: the flyby spacecraft and a smaller impactor.,wn-0029:16:377,flyby,377,,,,,,,False,0.5
wn-0029,17,flyby,flyby,,,24 hours,"24 hours prior to impact, the flyby craft will aim tracking telescopes at the comet and release the impactor.",wn-0029:17:391,flyby,391,,,TIME:24 hours,,,,False,0.55
wn-0029,18,flyby,flyby,,,just one day,The impactor is a battery-powered spacecraft that operates independently of the flyby spacecraft for just one day.,wn-0029:18:419,flyby,419,,,DATE:just one day,,,,False,0.55
wn-0029,22,discovery,observe,Chandra,the effects,,"NASA's Hubble, Spitzer and Chandra space telescopes, along with the largest telescopes on Earth, will observe the effects of the material flying from the comet's newly formed crater along with the imagers aboard Deep Impact.",wn-0029:22:523,observe,523,PERSON:Chandra,,,,,,False,0.7
wn-0029,23,launch,launched,,Deep Impact,"January 12, 2005","Deep Impact was launched on January 12, 2005 on board a Delta 2 rocket.",wn-0029:23:549,launch,549,,SPACECRAFT:Deep Impact,"DATE:January 12, 2005",on,,,False,0.8
wn-0030,0,discovery,discovered,European astronomers,a very young and huge star cluster,,European astronomers discovered a very young and huge star cluster within our Milky Way galaxy using European Southern Observatory telescopes.,wn-0030:0:2,discover,2,,,,,,,False,0.6
wn-0030,1,discovery,discovery,,,,The discovery was made at the La Silla Observatory in Chile.,wn-0030:1:22,discovery,22,,,,,,,False,0.5
wn-0030,6,discovery,observations,,,,"Initial observations have led scientists to conclude the group contains at least 100,000 times the mass of the Sun, with some single stars shining with a power of 1,000,000 suns and 2000 times larger than our own.",wn-0030:6:124,observation,124,,,,,,,False,0.5
wn-0030,9,discovery,Discovered,,,,"Discovered by Swedish astronomer Bengt Westerlund while in Australia, the cluster is located in the Southern constellation Ara (the Altar).",wn-0030:9:189,discover,189,,,,,,,False,0.55
wn-0030,11,discovery,identified,,200 cluster member stars,,"Using a variety of instruments, including the Wide Field Imager (WFI) attached to a 2.2 meter scope and the Superb-Seeing Imager 2 (SuSI2) camera on the ESO 3.5 meter New Technology Telescope (NTT), 200 cluster member stars were identified.",wn-0030:11:296,identify,296,,,,,,,False,0.6
wn-0030,12,discovery,observations,,,,These and other observations have revealed the cluster contains young stars on the order of 30-40 times more massive than our own Sun.,wn-0030:12:301,observation,301,,,,,,,False,0.5
wn-0031,0,launch,launched,Leroy Chiao,the Nanosatellite mini,a 4.5 hour,"Commander Leroy Chiao (U.S.A.) and Flight Engineer Salizhan Sharipov (Russia), suited in Russian Orlan spacesuits, left the International Space Station on a 4.5 hour long spacewalk to install antennas for the European Automated Transfer Vehicle (ATV), inspect and photograph other exterior equipment and launched the Nanosatellite mini-satellite.",wn-0031:0:52,launch,52,PERSON:Leroy Chiao,,TIME:4.5 hour,,,,False,0.75
wn-0031,2,docking,docking,the Pirs DC1,compartment/airlock,the last three,"At 06:25 UTC, the two astronauts left the station from the Pirs DC1 docking compartment/airlock and proceeded to install the last three of six space-to-space communication antennas for the ATV's rendezvous and docking with the ISS next year.",wn-0031:2:86,dock,86,,,DATE:last three,,,,False,0.65
wn-0031,2,docking,rendezvous,ATV,,next year,"At 06:25 UTC, the two astronauts left the station from the Pirs DC1 docking compartment/airlock and proceeded to install the last three of six space-to-space communication antennas for the ATV's rendezvous and docking with the ISS next year.",wn-0031:2:110,rendezvous,110,ORG:ATV,,DATE:next year,,,,False,0.65
wn-0031,2,docking,docking,the two astronauts,ISS,next year,"At 06:25 UTC, the two astronauts left the station from the Pirs DC1 docking compartment/airlock and proceeded to install the last three of six space-to-space communication antennas for the ATV's rendezvous and docking with the ISS next year.",wn-0031:2:112,dock,112,,SPACECRAFT:ISS,DATE:next year,,,,False,0.8
wn-0031,8,failure,loss,,,a gyroscope earlier,"The station maintained its attitude, despite the loss of a gyroscope earlier in the space station mission, until the end of the spacewalk.",wn-0031:8:230,loss,230,,,DATE:gyroscope earlier,,,,False,0.55
wn-0032,1,discovery,discovery,,a planet,,"The European Southern Observatory's telescope, which was used to capture the picture, has made the first confirmed discovery of a planet orbiting another star.",wn-0032:1:39,discovery,39,,,,,,,False,0.55
wn-0032,3,discovery,observed,,Inferences,,Inferences of nearly 150 planets in other solar systems have been observed so far by using instruments and measurements that only suggest the existence of another planet.,wn-0032:3:76,observe,76,,,,,,,False,0.6
wn-0032,7,discovery,detection,,the faint object,Friday,"""The detection of the faint object near the bright star is certain,"" he told Space.com on Friday.",wn-0032:7:179,detection,179,,,DATE:Friday,,,,False,0.6
wn-0032,14,discovery,detection,,water,,"The planet, much like the star it orbits, is very hot &amp;mdash; about 2,000 degrees Kelvin &amp;mdash; so despite the detection of water in the planet's atmosphere, which at that temperature would make it gaseous, there is no expectation it might support life.",wn-0032:14:356,detection,356,,,,,,,False,0.55
wn-0032,15,discovery,discovery,,,,The discovery will be detailed in an upcoming issue of the journal Astronomy &amp; Astrophysics.,wn-0032:15:385,discovery,385,,,,,,,False,0.5
wn-0033,6,discovery,detected,Voyager 2,information,April of 2004,"Most recently, information about massive solar flares that occurred in 2003 and the resulting shock waves that traveled through the solar system were detected by Voyager 2 in April of 2004.",wn-0033:6:232,detect,232,SPACECRAFT:Voyager 2,,DATE:April of 2004,in,,,False,0.75
wn-0033,7,launch,launch,,,1977,"""There are no other plans to reach the edge of the solar system,"" said Stamatios Krimigis, on board the Voyager mission since before the launch in 1977.",wn-0033:7:270,launch,270,,,DATE:1977,in,,,False,0.55
wn-0034,18,launch,launch,,The mission,this year,"The mission was scheduled to launch this year, but has been delayed for unknown reasons.",wn-0034:18:374,launch,374,,,DATE:this year,,,,False,0.65
wn-0034,18,delay,delayed,,The mission,this year,"The mission was scheduled to launch this year, but has been delayed for unknown reasons.",wn-0034:18:381,delay,381,,,DATE:this year,,,,False,0.65
wn-0035,1,discovery,discoveries,,,,"""The rovers have proven their value with major discoveries about ancient watery environments on Mars that might have harbored life,"" said Dr. Ghassem Asrar, deputy associate administrator for NASA's Science Mission Directorate.",wn-0035:1:47,discovery,47,,,,,,,False,0.5
wn-0036,0,launch,launch,,,,NASA reports that the Return to Flight mission has started to roll toward the launch pad once again.,wn-0036:0:14,launch,14,,,,,,,False,0.5
wn-0036,1,discovery,discovered,,a small crack,April 5,"The rollout of the shuttle Discovery, scheduled for April 5 around midnight local time, was moved forward as a precaution when a small crack was discovered in the foam insulation on an external fuel tank.",wn-0036:1:47,discover,47,,,DATE:April 5,,,,False,0.65
wn-0036,3,launch,launch,,,8 p.m. EDT,As of 2:04 p.m. EDT (18:04 UTC) today the orbiter began inching out of the Vehicle Assembly Building's hanger at Kennedy Space Center in Florida and onto the access road for the launch pad 39B. It is expected to reach the launch pad around 8 p.m. EDT.,wn-0036:3:103,launch,103,,,TIME:8 p.m. EDT,,,,False,0.55
wn-0036,3,launch,launch,,,8 p.m. EDT,As of 2:04 p.m. EDT (18:04 UTC) today the orbiter began inching out of the Vehicle Assembly Building's hanger at Kennedy Space Center in Florida and onto the access road for the launch pad 39B. It is expected to reach the launch pad around 8 p.m. EDT.,wn-0036:3:112,launch,112,,,TIME:8 p.m. EDT,,,,False,0.55
wn-0036,4,launch,launch,,,"May 15 to June 3, 2005","The actual launch window for the 114th Space Shuttle flight, and the 31st flight of the orbiter Discovery, will be no earlier than May 15 to June 3, 2005.",wn-0036:4:122,launch,122,,,"DATE:May 15 to June 3, 2005",,,,False,0.55
wn-0036,7,launch,launch,,,just over eight minutes,"The Space Shuttle goes from standing still on the launch pad to more than 17,000 miles per hour in just over eight minutes.",wn-0036:7:226,launch,226,,,TIME:just over eight minutes,,,,False,0.55
wn-0037,3,discovery,detect,Swift,more gamma-ray bursts,,"""Swift will detect more gamma-ray bursts than any satellite that has come before it, and now will be able to pin down distances to many of these bursts too,"" said Peter Roming, UVOT Lead Scientist at Penn State.",wn-0037:3:77,detect,77,SPACECRAFT:Swift,,,,,,False,0.7
wn-0037,8,failure,explosions,,,,"Gamma-ray bursts, the most powerful explosions known in the Universe, are thought to signal the birth of black holes; either from a massive star explosion or a merger of smaller black holes or neutron stars.",wn-0037:8:207,explosion,207,,,,,,,False,0.5
wn-0037,8,failure,explosion,,,,"Gamma-ray bursts, the most powerful explosions known in the Universe, are thought to signal the birth of black holes; either from a massive star explosion or a merger of smaller black holes or neutron stars.",wn-0037:8:228,explosion,228,,,,,,,False,0.5
wn-0037,10,discovery,detect,,,about a minute,They are difficult to detect and study because they occur randomly from any point in the sky and last only a few milliseconds to about a minute.,wn-0037:10:254,detect,254,,,TIME:about a minute,,,,False,0.6
wn-0037,11,discovery,detect,Swift,bursts,seconds,"Swift, with three telescopes, is designed to detect bursts and turn on its own to focus its telescopes, within seconds, on the burst afterglow, which can linger for hours to weeks.",wn-0037:11:288,detect,288,SPACECRAFT:Swift,,TIME:seconds,,,,False,0.75
wn-0037,13,discovery,detected,Swift,the bursts,March 18 and 19,"Swift detected the bursts on March 18 and 19, as indicted in their names: GRB 050318 and GRB 050319.",wn-0037:13:337,detect,337,SPACECRAFT:Swift,,DATE:March 18 and 19,on,,,False,0.75
wn-0037,17,discovery,detected,Swift,24 bursts,,Swift detected 24 bursts so far.,wn-0037:17:419,detect,419,SPACECRAFT:Swift,,,,,,False,0.7
wn-0037,18,discovery,detected,UVOT,an afterglow,050318,GRB 050318 was the first burst where the UVOT detected an afterglow.,wn-0037:18:434,detect,434,ORG:UVOT,,DATE:050318,,,,False,0.75
wn-0037,19,discovery,detection,,,,"The lack of afterglow detection is interesting in its own right, Roming said, because it helps scientists understand why some bursts create certain kinds of afterglows, if any.",wn-0037:19:442,detection,442,,,,,,,False,0.5
wn-0037,20,discovery,detected,Swift's X-Ray Telescope,,,"For example, Swift's X-Ray Telescope (XRT) has detected afterglows from several bursts.",wn-0037:20:483,detect,483,,,,,,,False,0.55
wn-0037,21,discovery,detected,UVOT,,050318,"The UVOT detected afterglows in GRB 050318 and GRB 050319 in optical light, but not significantly in ultraviolet.",wn-0037:21:491,detect,491,ORG:UVOT,,DATE:050318,,,,False,0.7
wn-0038,2,launch,launch,,Discovery,1 to 3 p.m. EDT,"The coverage, which began earlier on Monday on the program, ""The STS-114 Return to Flight Gallery,"" will air daily at 1 to 3 p.m. EDT featuring video related to the launch of the Discovery.",wn-0038:2:56,launch,56,,PRODUCT:Discovery,TIME:1 to 3 p.m. EDT,,,,False,0.75
wn-0038,6,launch,launch,John Phillips,,8:46 p.m. EDT,"Science Officer John Phillips, the crew of Expedition 11, are scheduled to launch from the Baikonur Cosmodrome, Kazakhstan, at 8:46 p.m. EDT, April 14.",wn-0038:6:108,launch,108,PERSON:John Phillips,,TIME:8:46 p.m. EDT,at,Baikonur Cosmodrome,FAC:Baikonur Cosmodrome,False,0.7
wn-0038,11,failure,accident,,Colombia,February 2003,This will be the first mission flown since the Colombia accident in February 2003.,wn-0038:11:238,accident,238,,GPE:Colombia,DATE:February 2003,,,,False,0.75
wn-0038,15,launch,launch,,,May 15 to June 3,"Shuttle Discovery has a possible launch window from May 15 to June 3, this year.",wn-0038:15:313,launch,313,,,DATE:May 15 to June 3,,,,False,0.55
wn-0039,0,failure,accident,,Columbia,,"In the aftermath of the Columbia space shuttle accident, which cost the lives of seven astronauts, the current chief of NASA Sean O'Keefe had decided further maintenance to the space telescope of Hubble was too dangerous, and that maintenance of the telescope would be dropped, essentially decommissioning the satellite.",wn-0039:0:8,accident,8,,ORG:Columbia,,,,,False,0.7
wn-0039,6,discovery,discoveries,,,,"The Hubble telescope has some major discoveries on its record, providing the first visual proof for black holes, the big bang theory and establishing for the first time the age of the universe.",wn-0039:6:177,discovery,177,,,,,,,False,0.5
wn-0039,9,launch,launched,,Its replacement,2010,"Its replacement the James Webb telescope, which will be equipped with infra-red, will not be launched until 2010.",wn-0039:9:261,launch,261,,,DATE:2010,until,,,True,0.65
wn-0040,2,launch,launch,,,,"They were given a heartfelt send-off by Russian Mission Control chief Vladimir Solovyov: ""The people who are doing the job are real romantics who are involved in fascinating work for a miserable salary,"" he told reporters after the launch, which he called a ""remarkable event.",wn-0040:2:92,launch,92,,,,,,,False,0.5
wn-0040,5,launch,launch,,,,"The launch from the Baikonur Cosmodrome in Kazakhstan, came as ISS was on a north east heading approximately 230 miles above the southern Atlantic Ocean.",wn-0040:5:117,launch,117,,,,,Baikonur Cosmodrome,FAC:Baikonur Cosmodrome,False,0.5
wn-0040,8,docking,dock,Soyuz,ISS,10:19 p.m. EDT,Soyuz will dock with ISS at 10:19 p.m. EDT on Saturday.,wn-0040:8:199,dock,199,SPACECRAFT:Soyuz,SPACECRAFT:ISS,TIME:10:19 p.m. EDT,at,,,False,0.9
wn-0040,9,docking,docking,,,9 p.m. Saturday,Live NASA coverage of the docking and hatch opening will be shown on NASA TV beginning at 9 p.m. Saturday and can be viewed on Internet TV at http://www.nasa.gov/ntv (Free Real Player or Windows Media Player required).,wn-0040:9:214,docking,214,,,TIME:9 p.m. Saturday,,,,False,0.55
wn-0041,1,launch,launch,,,"May 15 through June 3, 2005","He takes office at a time when NASA is busy with preparations for the return to flight of the space shuttle Discovery, expected sometime during the launch window of May 15 through June 3, 2005.",wn-0041:1:65,launch,65,,,"DATE:May 15 through June 3, 2005",,,,False,0.55
wn-0041,7,discovery,discovery,,,the twenty-first century,"In a statement during his April 12, 2005, confirmation hearing before the Senate Commerce Committee, Griffin said, ""In the twenty-first century and beyond, for America to continue to be preeminent among nations, it is necessary for us also to be the preeminent spacefaring nation,"" with a spirit of discovery similar to the exploration of the New World by Columbus with the support of the Spanish crown.",wn-0041:7:263,discovery,263,,,DATE:twenty-first century,,,,False,0.55
wn-0041,17,failure,Disaster,,Space Shuttle Columbia,"February 1, 2003","President Bush's Vision for Space Exploration, referred to by Griffin above, is currently United States policy on various aspects of space exploration, announced on January 14, 2004 after the Space Shuttle Columbia Disaster of February 1, 2003.",wn-0041:17:561,disaster,561,,SPACECRAFT:Space Shuttle Columbia,"DATE:February 1, 2003",,,,False,0.75
wn-0042,3,docking,docked,Sergei Krikalev,the orbiting laboratory,10:20 p.m. EDT,Cosmonaut Sergei Krikalev and Astronaut John Phillips docked with the orbiting laboratory at 10:20 p.m. EDT Saturday.,wn-0042:3:41,dock,41,PERSON:Sergei Krikalev,,TIME:10:20 p.m. EDT,at,,,False,0.75
wn-0042,8,landing,landing,,Their,6:08 p.m. EDT,Their landing is scheduled for 6:08 p.m. EDT that day in Kazakhstan.,wn-0042:8:156,landing,156,,,TIME:6:08 p.m. EDT,,,,False,0.6
wn-0042,9,failure,accident,,Columbia,,"Highlights of the new Expedition 11 International Space Station crew's mission include welcoming the crew of the Space Shuttle Discovery on its STS-114 mission, the first Shuttle flight since the Columbia accident.",wn-0042:9:202,accident,202,,ORG:Columbia,,,,,False,0.7
wn-0042,11,docking,docked,Weight,Height,,"*Weight: 404,069 pounds *Habitable Volume: 15,000 cubic feet *Dimensions: *Width Across Solar Arrays: 240 feet *Length: 146 feet from Destiny Lab to Zvezda; **171 feet with a Progress docked *Height: 90 feet",wn-0042:11:278,dock,278,,,,,,,False,0.6
wn-0043,0,discovery,discovered,Earth science experts,,,Earth science experts studying ocean currents and their relationship to snow melts have discovered that an unusual heating of the ground in one place on our planet can choke off sea life over a thousand miles away.,wn-0043:0:13,discover,13,,,,,,,False,0.55
wn-0043,1,discovery,found,they,,winter,"In a new NASA funded study, they have found that a decline in winter and spring snow cover over Southwest Asia and the Himalayan mountain range is creating conditions for more widespread blooms of ocean plants in the Arabian Sea.",wn-0043:1:48,find,48,,,DATE:winter,,,,False,0.6
wn-0043,6,discovery,observations,,,,"Goes and his colleagues used observations from satellite imagery of the ocean’s colors to show unusual blooms, or growth, of phytoplankton concentrations in the Western Arabian Sea.",wn-0043:6:175,observation,175,,,,,,,False,0.5
wn-0044,0,landing,landed,Leroy Chiao,two space walks,6:08 p.m. EDT,"With two space walks, 78 million miles and six months on board the International Space Station under their belts, Commander-Science Officer Leroy Chiao and Flight Engineer Salizhan Sharipov, the station's 10th crew, landed in Kazakhstan in a Soyuz spacecraft at 6:08 p.m. EDT Sunday.",wn-0044:0:39,land,39,PERSON:Leroy Chiao,,TIME:6:08 p.m. EDT,at,Kazakhstan,GPE:Kazakhstan,False,0.75
wn-0044,1,launch,launched,who,the Expedition 11 crew,eight days,"Also returning was European Space Agency Astronaut Roberto Vittori of Italy, who launched to the Station with the Expedition 11 crew and spent eight days doing experiments.",wn-0044:1:66,launch,66,,,DATE:eight days,,,,False,0.65
wn-0044,5,launch,launched,,They,last Oct. 13,They launched from the Baikonur Cosmodrome in Kazakhstan last Oct. 13 at 11:06 p.m. EDT.,wn-0044:5:152,launch,152,,,DATE:last Oct. 13,,Baikonur Cosmodrome,FAC:Baikonur Cosmodrome,False,0.65
wn-0044,14,launch,launched,The two latest occupants,Vittori,April 14,The two latest occupants of the station launched with Vittori from Baikonur April 14.,wn-0044:14:325,launch,325,,NORP:Vittori,DATE:April 14,,Baikonur,FAC:Baikonur,False,0.8
wn-0045,2,discovery,detected,direct observation,Extra-solar planets,,"Extra-solar planets such as this have been detected before, but never by direct observation &amp;mdash; their presence has always been inferred from aberrant behaviour of the star they circulate around.",wn-0045:2:83,detect,83,,,,,,,False,0.6
wn-0045,2,discovery,observation,,,,"Extra-solar planets such as this have been detected before, but never by direct observation &amp;mdash; their presence has always been inferred from aberrant behaviour of the star they circulate around.",wn-0045:2:90,observation,90,,,,,,,False,0.5
wn-0045,5,discovery,Detection,,Earth-like planets,years,"Detection of Earth-like planets is still years away, according to the ESO, because they are too faint for current equipment to detect.",wn-0045:5:208,detection,208,,,DATE:years,,,,False,0.6
wn-0045,5,discovery,detect,current equipment,,years,"Detection of Earth-like planets is still years away, according to the ESO, because they are too faint for current equipment to detect.",wn-0045:5:233,detect,233,,,DATE:years,,,,False,0.6
wn-0046,1,launch,Launching,,,"August 10, 2005","Launching is scheduled for August 10, 2005.",wn-0046:1:47,launching,47,,,"DATE:August 10, 2005",,,,False,0.55
wn-0046,3,landing,landing,,,,Possible landing sites for future Mars landings will be evaluated and the orbiter will also act as a high-data-rate communications relay for surface missions.,wn-0046:3:87,landing,87,,,,,,,False,0.5
wn-0046,3,landing,landings,,Mars,,Possible landing sites for future Mars landings will be evaluated and the orbiter will also act as a high-data-rate communications relay for surface missions.,wn-0046:3:92,landing,92,,CELESTIAL:Mars,,,,,False,0.7
wn-0046,5,launch,launch,,,,Multiple mechanical assembly operations and electrical tests are scheduled to verify the craft's readiness for launch.,wn-0046:5:175,launch,175,,,,,,,False,0.5
wn-0046,10,launch,launch,,,seven months,"After the scheduled launch, the MRO will spend seven months cruising to Mars and another six months aerobraking after orbital insertion.",wn-0046:10:285,launch,285,,,DATE:seven months,,,,False,0.55
wn-0046,12,launch,launch,,,,The craft was built near Denver by Lockheed Martin Space Systems which also supplies the Atlas V launch vehicle.,wn-0046:12:344,launch,344,,,,,,,False,0.5
wn-0046,15,launch,launch,,,,"International Launch Services, a Lockheed Martin joint venture, and Lockheed Martin Space Systems are providing launch services for the mission.",wn-0046:15:407,launch,407,,,,,,,False,0.5
wn-0048,0,discovery,discovery,,twelve further moons,today,"Astronomers at the University of Hawaii Institute for Astronomy today announced their discovery of twelve further moons of Saturn, bringing the total number of moons discovered so far to 46.",wn-0048:0:12,discovery,12,,,DATE:today,,,,False,0.6
wn-0048,0,discovery,discovered,,moons,today,"Astronomers at the University of Hawaii Institute for Astronomy today announced their discovery of twelve further moons of Saturn, bringing the total number of moons discovered so far to 46.",wn-0048:0:26,discover,26,,,DATE:today,,,,False,0.65
wn-0048,1,discovery,discovery,,the satellites,"December 12, 2004","The initial discovery of the satellites was on December 12, 2004, and was made using the 8.2 metre Subaru telescope at the Mauna Kea Observatory.",wn-0048:1:34,discovery,34,,,"DATE:December 12, 2004",,,,False,0.6
wn-0048,2,discovery,observations,,,"January, February","Confirmational observations were then conducted throughout January, February, and March from the Subaru telescope and from the Gemini North telescope.",wn-0048:2:61,observation,61,,,"DATE:January, February",,,,False,0.55
wn-0048,3,discovery,discovered,Similar teams,11 moons,2001,"Similar teams at the university led by David Jewitt discovered 11 moons of Jupiter in 2001, and a further 11 in 2002, before turning their attentions to Saturn.",wn-0048:3:93,discover,93,,,DATE:2001,in,,,False,0.65
wn-0048,4,discovery,discovered,,the newly discovered moons,,"11 of the newly discovered moons are in retrograde orbits, leading astronomers to hypothesize that they were originally asteroids, attracted out of the asteroid belt by Jupiter's gravity and then captured by Saturn.",wn-0048:4:120,discover,120,,,,,,,False,0.6
wn-0049,1,discovery,discovered,Rover,a pair,,The Rover had just discovered a pair of tiny craters when its six wheels got stuck in the dune and the Rover stopped dead.,wn-0049:1:29,discover,29,ORG:Rover,,,,,,False,0.7
wn-0049,3,discovery,discover,They,,,They also want to discover what is so different about this soil so that this kind of event may be avoided in the future.,wn-0049:3:67,discover,67,,,,,,,False,0.55
wn-0049,8,landing,landed,,which,3 January 2004,"Opportunity is one of two rovers (along with its twin Spirit, which landed on Mars on 3 January 2004) designed to explore the surface of Mars and radio back data to Earth.",wn-0049:8:208,land,208,,,DATE:3 January 2004,on,Mars,CELESTIAL:Mars,False,0.65
wn-0050,0,launch,launched,,India's recently launched satellites,1560,"India's recently launched satellites, the 1560 kg Indian Remote Sensing satellite, CARTOSAT-1 for stereoscopic cartographic applications and 42.5 kg HAMSAT will have a longer life as per the Project Director, PSLV, N Narayana Murthy.",wn-0050:0:3,launch,3,,,DATE:1560,,,,False,0.65
wn-0050,3,launch,launched,Indian Space Research Organization,PSLV-C6,"May 5, 2005 10:15","PSLV-C6 was launched by Indian Space Research Organization (ISRO) on May 5, 2005 10:15 IST (May 05, 04:45 UT).",wn-0050:3:89,launch,89,ORG:ISRO,,"DATE:May 5, 2005 10:15",on,,,False,0.75
wn-0051,13,discovery,found,We,,,"Based on images of wheels and wheel tracks from Mars, Dr. Robert Sullivan of Cornell University, a rover science team member, working with engineers in the JPL test bed, helped match the properties of the test sand as closely as possible with those of the sand beneath Opportunity, ""We found that when the wheels dig in, the material we're using does stick to the wheels and fills the gaps between the cleats, but it doesn't stick when you're just driving over it.",wn-0051:13:465,find,465,,,,,,,False,0.55
wn-0051,16,discovery,find,The team,enough bags,,"The team went to several home supply and hardware stores to find enough bags and boxes of the ingredients to make more than 2 tons of the simulated Mars sand for the more realistic mobility tests, according to JPL rover mobility engineer Jeff Biesiadeckia.",wn-0051:16:561,find,561,,,,,,,False,0.6
wn-0052,1,launch,launched,,The Voyager 1 spacecraft,1977,"The Voyager 1 spacecraft, launched in 1977 to explore the planets, is now agreed by scientists to have entered the heliosheath at the edge of the solar system 8.7 billion miles (14 billion kilometers) from the Sun.",wn-0052:1:15,launch,15,,,DATE:1977,in,,,False,0.65
wn-0052,14,launch,launched,,its companion probe,the same year,"Voyager 2, its companion probe launched the same year, has visited more planets than any other spacecraft.",wn-0052:14:335,launch,335,,,DATE:same year,,,,False,0.65
wn-0052,19,discovery,discovery,alien races,,,"The collection of samples was supervised by astronomer Carl Sagan, and is intended to convey the hopefulness of life on Earth for possible discovery by alien races or retrieval by some advanced human civilization.",wn-0052:19:478,discovery,478,,,,,,,False,0.5
wn-0053,2,launch,launching,,a solar sail,June 21,The Planetary Society is planning on launching a solar sail possibly by June 21.,wn-0053:2:53,launch,53,,,DATE:June 21,by,,,False,0.65
wn-0053,3,launch,launched,,the Cosmos,,"Shot into orbit by a converted intercontinental ballistic missile (ICBM), the Cosmos 1 would be launched from a submerged Russian submarine from within the Barents Sea.",wn-0053:3:81,launch,81,,,,,the Barents Sea,LOC:Barents Sea,False,0.6
wn-0053,10,launch,launched,,any,,"Such high speed will be impossible for the current test vehicles and any launched in the foreseeable future, as they rely on the light from the Sun, which rapidly becomes weaker with increasing distance.",wn-0053:10:234,launch,234,,,,,,,False,0.6
wn-0054,20,landing,landing,,,January 2004,"Shortly after landing in January 2004, Opportunity found layered bedrock that bore geological evidence for a shallow ancient sea.",wn-0054:20:426,land,426,,,DATE:January 2004,in,,,False,0.6
wn-0054,20,discovery,found,Opportunity,layered bedrock,January 2004,"Shortly after landing in January 2004, Opportunity found layered bedrock that bore geological evidence for a shallow ancient sea.",wn-0054:20:432,find,432,,,DATE:January 2004,,,,False,0.65
wn-0054,21,discovery,find,Spirit,extensive layered bedrock,more than a year later,"Spirit did not find extensive layered bedrock until more than a year later, after driving more than two miles and climbing into a range of hills known as ""Columbia Hills.""",wn-0054:21:448,find,448,ORG:Spirit,,DATE:more than a year later,,,,True,0.75
wn-0055,0,discovery,discovered,,A new Earth-like planet,,"A new Earth-like planet, called Gliese 876 d, has been discovered orbiting a star called Gliese 876 about 15 light years from Earth.",wn-0055:0:14,discover,14,,,,,,,False,0.6
wn-0055,1,discovery,discovered,,the first rocky planet,,"It is the first rocky planet to be discovered orbiting a star, although three other rocky planets have in the past been discovered in orbit around a pulsar.",wn-0055:1:36,discover,36,,,,,,,False,0.6
wn-0055,1,discovery,discovered,,three other rocky planets,,"It is the first rocky planet to be discovered orbiting a star, although three other rocky planets have in the past been discovered in orbit around a pulsar.",wn-0055:1:51,discover,51,,,,,,,False,0.6
wn-0055,3,discovery,detected,the smallest extrasolar planet,,,"""This is the smallest extrasolar planet yet detected and the first of a new class of rocky terrestrial planets,"" said Paul Butler of the Carnegie Institution, one of the teams that discovered the new planet.",wn-0055:3:84,detect,84,,,,,,,False,0.55
wn-0055,3,discovery,discovered,that,the new planet,,"""This is the smallest extrasolar planet yet detected and the first of a new class of rocky terrestrial planets,"" said Paul Butler of the Carnegie Institution, one of the teams that discovered the new planet.",wn-0055:3:111,discover,111,,,,,,,False,0.6
wn-0055,5,discovery,discovered,,The newly discovered world,,The newly discovered world has about 7½ times the mass of Earth.,wn-0055:5:129,discover,129,,,,,,,False,0.6
wn-0055,7,discovery,found,,those,,"The temperature on the surface is estimated between 400 to 750 degrees Fahrenheit (200 to 400 degrees Celsius), and is too hot for life forms that are similar to those found on Earth.",wn-0055:7:209,find,209,,,,,Earth,CELESTIAL:Earth,False,0.6
wn-0055,12,discovery,detecting,,extrasolar worlds,,Astronomers are continuing to advance the science of detecting extrasolar worlds.,wn-0055:12:325,detect,325,,,,,,,False,0.6
wn-0055,14,discovery,Found,Astronomers,,,* NSF Press Release: Astronomers Announce the Most Earth-Like Planet Yet Found Outside the Solar System,wn-0055:14:396,find,396,,,,,,,False,0.55
wn-0056,0,failure,lost,,,,"The Planetary Society have stated that their experimental solar sail craft Cosmos 1 is probably lost, but intermittent signals have given them some hope the mission has made orbit.",wn-0056:0:15,lose,15,,,,,,,False,0.55
wn-0056,1,launch,launched,,The 100kg vehicle,83 seconds,"The 100kg vehicle was launched atop a converted ICBM from a Russian nuclear submarine, however it is believed the first stage of the Volna booster rocket failed 83 seconds into the flight.",wn-0056:1:37,launch,37,,,TIME:83 seconds,,,,False,0.65
wn-0056,1,failure,failed,,the first stage,83 seconds,"The 100kg vehicle was launched atop a converted ICBM from a Russian nuclear submarine, however it is believed the first stage of the Volna booster rocket failed 83 seconds into the flight.",wn-0056:1:60,fail,60,,,TIME:83 seconds,,,,False,0.65
wn-0056,4,discovery,find,an effort,the spacecraft,,"The Planetary Society are being assisted by the US Strategic Command in an effort to find the spacecraft, if it did make orbit.",wn-0056:4:141,find,141,,,,,,,False,0.6
wn-0057,3,discovery,observe,order,,,"The experiment, intending to provide more information about the make up of comets, consisted of a 370&amp;nbsp;kg projectile being fired at the comet in order to observe and analyse the resultant impact.",wn-0057:3:112,observe,112,,,,,,,False,0.55
wn-0057,6,flyby,fly by,,merely fly-by missions,,"Previous space missions to comets, such as Giotto and Stardust, were merely fly-by missions, only able to photograph and examine the surfaces of cometary nuclei.",wn-0057:6:186,fly,186,,,,,,,False,0.6
wn-0057,8,launch,launch,,its,"January 12, 2005","Following its launch on January 12, 2005, the Deep Impact spacecraft took 174 days to reach Comet Tempel 1 at a cruising speed of 103,000 kilometers per hour (64,000 miles per hour).",wn-0057:8:235,launch,235,,,"DATE:January 12, 2005",on,,,False,0.6
wn-0057,9,flyby,flyby,,,"July 3, 2005","Once the spacecraft reached the vicinity of the comet on July 3, 2005, it separated into two portions, an impactor and a flyby probe.",wn-0057:9:295,flyby,295,,,"DATE:July 3, 2005",,,,False,0.55
wn-0057,12,discovery,spotted,,the crater,,"Scientists believe that the energy of this high-velocity collision will be sufficient to excavate a crater up to 100 meters wide (larger than the bowl of the Roman Colosseum), although the crater has not yet been spotted in post-impact images because the cloud of debris is obscuring the view.",wn-0057:12:415,spot,415,,,,,,,True,0.6
wn-0057,13,flyby,flyby,,,,"Just minutes after the impact, the flyby probe passed by the nucleus at a close distance of 500 km, taking pictures of the crater position, the ejecta plume, and the entire cometary nucleus.",wn-0057:13:439,flyby,439,,,,,,,False,0.5
wn-0057,15,discovery,observed,cameras,the impact,,"In addition, the impact was observed by cameras and spectroscopes on board Europe's Rosetta spacecraft, which was about 80 million km from the comet at the time of impact.",wn-0057:15:503,observe,503,,,,,,,False,0.6
wn-0058,1,failure,explosion,,,daily,"""It is obvious that elements of the comet's orbit, and correspondingly the ephemeris, will change after the explosion, which interferes with my astrology work and distorts my horoscope,"" Bai was quoted in the daily newspaper, Izvestia.",wn-0058:1:86,explosion,86,,,DATE:daily,,,,False,0.55
wn-0058,3,failure,crashed,NASA,a probe,July 4,"On July 4, NASA successfully crashed a probe into the Tempel 1 comet in hopes the debris kicked up in the resulting explosion could shed light in the building blocks of the early solar system.",wn-0058:3:143,crash,143,ORG:NASA,,DATE:July 4,on,,,False,0.75
wn-0058,3,failure,explosion,,,July 4,"On July 4, NASA successfully crashed a probe into the Tempel 1 comet in hopes the debris kicked up in the resulting explosion could shed light in the building blocks of the early solar system.",wn-0058:3:160,explosion,160,,,DATE:July 4,,,,False,0.55
wn-0059,0,launch,launch,,shuttle Discovery,,The U.S. space agency NASA called off the launch of Space shuttle Discovery today after a problem with a fuel sensor in the external tank used to detect fuel exhaustion.,wn-0059:0:8,launch,8,,SPACECRAFT:shuttle Discovery,,,,,False,0.7
wn-0059,0,discovery,detect,,fuel exhaustion,,The U.S. space agency NASA called off the launch of Space shuttle Discovery today after a problem with a fuel sensor in the external tank used to detect fuel exhaustion.,wn-0059:0:27,detect,27,,,,,,,False,0.6
wn-0059,2,launch,launch,,,,The launch was already facing the threat of a scrub due to thunderstorms in the area.,wn-0059:2:52,launch,52,,,,,,,False,0.5
wn-0059,2,delay,scrub,,,,The launch was already facing the threat of a scrub due to thunderstorms in the area.,wn-0059:2:60,scrub,60,,,,,,,False,0.5
wn-0059,3,launch,launch,,,,The sensor is one of four used to trigger the engine cutout after launch.,wn-0059:3:82,launch,82,,,,,,,False,0.5
wn-0059,5,failure,fail,,,,"Should more of the sensors fail, the engine might burn out due to lack of fuel, a situation that has not been tested.",wn-0059:5:114,fail,114,,,,,,,False,0.55
wn-0059,6,discovery,detected,,The problem,,The problem was detected during a simulation of an empty tank.,wn-0059:6:139,detect,139,,,,,,,False,0.6
wn-0059,7,failure,faulty,,the faulty sensor,,"When placed in a mode simulating an empty tank, three of the sensors correctly registered that the tank was empty, while the faulty sensor stayed in the ""full"" state.",wn-0059:7:172,faulty,172,,,,,,,False,0.55
wn-0059,12,launch,launch,,,February 2003,"The launch, which was scheduled for 3:51 ET (20:51 UTC), would have been the first launch of a shuttle since Columbia's February 2003 crash which killed all crew members aboard.",wn-0059:12:258,launch,258,,,DATE:February 2003,,,,False,0.55
wn-0059,12,launch,launch,,a shuttle,February 2003,"The launch, which was scheduled for 3:51 ET (20:51 UTC), would have been the first launch of a shuttle since Columbia's February 2003 crash which killed all crew members aboard.",wn-0059:12:276,launch,276,,,DATE:February 2003,,,,False,0.6
wn-0059,12,failure,crash,Columbia,,February 2003,"The launch, which was scheduled for 3:51 ET (20:51 UTC), would have been the first launch of a shuttle since Columbia's February 2003 crash which killed all crew members aboard.",wn-0059:12:285,crash,285,ORG:Columbia,,DATE:February 2003,,,,False,0.65
wn-0059,14,launch,launch,,,,"It is also unknown at the moment whether the issue will be fixed on the launch pad, or in the Vehicle Assembly Building - in which it takes close to a full day's time to transport a shuttle between the two areas.",wn-0059:14:324,launch,324,,,,,,,False,0.5
wn-0059,15,delay,delays,,,,"In the interim, the crew of the shuttle will stay at KSC unless there are further delays, in which case the crew might be transported back to JSC in Houston for refresher training.",wn-0059:15:372,delay,372,,,,,,,False,0.5
wn-0060,0,failure,accident,,,later today,The 'Return to Flight' mission for the Space Shuttle Discovery is to go ahead later today despite an accident on the launch pad yesterday.,wn-0060:0:20,accident,20,,,TIME:later today,,,,False,0.55
wn-0060,0,launch,launch,,,yesterday,The 'Return to Flight' mission for the Space Shuttle Discovery is to go ahead later today despite an accident on the launch pad yesterday.,wn-0060:0:23,launch,23,,,DATE:yesterday,,,,False,0.55
wn-0060,4,delay,delay,,,less than an hour,"A replacement panel was fitted in less than an hour, with the only effect being a delay in rolling back the pad's Rotating Service Structure.",wn-0060:4:114,delay,114,,,TIME:less than an hour,,,,False,0.55
wn-0060,5,launch,launch,,,today,"This has been the only issue in the build up to today's launch, the first Shuttle flight since the Columbia Orbiter broke up during re-entry in February 2003.",wn-0060:5:139,launch,139,,,DATE:today,,,,False,0.55
wn-0060,5,failure,broke up,,Columbia Orbiter,February 2003,"This has been the only issue in the build up to today's launch, the first Shuttle flight since the Columbia Orbiter broke up during re-entry in February 2003.",wn-0060:5:149,break,149,,SPACECRAFT:Columbia Orbiter,DATE:February 2003,in,,,False,0.8
wn-0060,6,failure,lost,,All crew,,"All crew were lost in that incident, which has been blamed on damage to a wing thermal protection system panel, caused by a block of fuel tank insulation that became detached and hit the Orbiter during the first moments of flight.",wn-0060:6:162,lose,162,,,,,,,False,0.6
wn-0060,7,launch,take off,,,3.51pm EDT,Discovery is due to take off at 3.51pm EDT today.,wn-0060:7:208,take,208,,,TIME:3.51pm EDT,at,,,False,0.6
wn-0060,8,delay,delay,,,,The chance of a weather-related delay to the launch has increased to 40% - due to the possibility of thunderstorms in the area.,wn-0060:8:222,delay,222,,,,,,,False,0.5
wn-0060,8,launch,launch,,,,The chance of a weather-related delay to the launch has increased to 40% - due to the possibility of thunderstorms in the area.,wn-0060:8:225,launch,225,,,,,,,False,0.5
wn-0061,0,launch,launch,,Discovery,Friday,NASA engineers announced on Friday that the Discovery's launch is being put on hold indefinitely.,wn-0061:0:9,launch,9,,PRODUCT:Discovery,DATE:Friday,,,,False,0.75
wn-0061,2,launch,launch,,,four days,"""As soon as we fix the problem, we will be four days from launch.",wn-0061:2:61,launch,61,,,DATE:four days,,,,False,0.55
wn-0061,6,launch,Launch,,,the end of the month,"Launch controllers are still optimistic about a launch in the current window of opportunity, which lasts until the end of the month.",wn-0061:6:78,launch,78,,,DATE:end of the month,,,,False,0.55
wn-0061,6,launch,launch,,,the end of the month,"Launch controllers are still optimistic about a launch in the current window of opportunity, which lasts until the end of the month.",wn-0061:6:85,launch,85,,,DATE:end of the month,,,,False,0.55
wn-0062,0,launch,launch,,Space Shuttle Discovery,,With the problem with the fuel gauge still unexplained NASA has announced that in may bend some of its long-standing safety rules to launch the Space Shuttle Discovery on time.,wn-0062:0:25,launch,25,,SPACECRAFT:Space Shuttle Discovery,,,,,False,0.75
wn-0062,1,launch,launch,NASA managers,,Tuesday,"NASA managers have decided to launch with just three of the four fuel gauges working if the problem reappears Tuesday, however this would mean disregarding the rule created in 1986 after the Challenger explosion.",wn-0062:1:38,launch,38,,,DATE:Tuesday,,,,False,0.6
wn-0062,1,failure,explosion,,Challenger,1986,"NASA managers have decided to launch with just three of the four fuel gauges working if the problem reappears Tuesday, however this would mean disregarding the rule created in 1986 after the Challenger explosion.",wn-0062:1:67,explosion,67,,ORG:Challenger,DATE:1986,,,,False,0.75
wn-0062,7,launch,launch,,,two and a half years ago,This will be the first launch since the Space Shuttle Columbia disaster two and a half years ago.,wn-0062:7:177,launch,177,,,DATE:two and a half years ago,,,,False,0.55
wn-0062,7,failure,disaster,,Space Shuttle Columbia,two and a half years ago,This will be the first launch since the Space Shuttle Columbia disaster two and a half years ago.,wn-0062:7:183,disaster,183,,SPACECRAFT:Space Shuttle Columbia,DATE:two and a half years ago,,,,False,0.75
wn-0063,0,launch,launch,,,2 weeks,"The NASA Space Shuttle Discovery roared into the Florida sky at 10:39AM ET (14:39 UTC), 2 weeks after the launch was scrubbed due to a faulty sensor.",wn-0063:0:22,launch,22,,,DATE:2 weeks,,,,True,0.55
wn-0063,0,delay,scrubbed,,the launch,2 weeks,"The NASA Space Shuttle Discovery roared into the Florida sky at 10:39AM ET (14:39 UTC), 2 weeks after the launch was scrubbed due to a faulty sensor.",wn-0063:0:24,scrub,24,,,DATE:2 weeks,,,,False,0.65
wn-0063,0,failure,faulty,,a faulty sensor,2 weeks,"The NASA Space Shuttle Discovery roared into the Florida sky at 10:39AM ET (14:39 UTC), 2 weeks after the launch was scrubbed due to a faulty sensor.",wn-0063:0:28,faulty,28,,,DATE:2 weeks,,,,False,0.6
wn-0063,1,launch,launch,,,"August 7, 2005","The launch was the start of the STS-114 mission, which is planned to be completed on August 7, 2005.",wn-0063:1:32,launch,32,,,"DATE:August 7, 2005",,,,False,0.55
wn-0064,0,launch,launched,,which,,The crew of the Space shuttle Discovery&amp;nbsp;&amp;ndash; which launched successfully yesterday&amp;nbsp;&amp;ndash; have begun to make inspections of the exterior of the Orbiter.,wn-0064:0:9,launch,9,,,,,,,False,0.6
wn-0064,1,failure,destroyed,,Columbia,,"They are checking for any damage that may have occurred during take-off&amp;nbsp;&amp;ndash; the Columbia was destroyed after a piece of foam falling from the external fuel tank split open a wing, allowing super-heated gas to enter the craft upon reentry, leading to its break-up.",wn-0064:1:44,destroy,44,,ORG:Columbia,,,,,False,0.75
wn-0064,1,landing,reentry,,,,"They are checking for any damage that may have occurred during take-off&amp;nbsp;&amp;ndash; the Columbia was destroyed after a piece of foam falling from the external fuel tank split open a wing, allowing super-heated gas to enter the craft upon reentry, leading to its break-up.",wn-0064:1:71,reentry,71,,,,,,,False,0.5
wn-0064,4,landing,landing,,,,"NASA engineers are studying footage taken from a camera mounted on the external fuel tank, which appears to show a 1.5"" (3.8&amp;nbsp;cm) piece of tile falling away from on or near the nose landing-gear doors.",wn-0064:4:180,landing,180,,,,,,,False,0.5
wn-0065,1,discovery,findings,,,several days,"Final findings will not be available for several days as a team of 200 experts study all video and stills footage taken of the shuttle during launch, and on approach to the International Space Station (ISS), with which Discovery docked earlier today.",wn-0065:1:17,finding,17,,,DATE:several days,,,,False,0.55
wn-0065,1,launch,launch,,,several days,"Final findings will not be available for several days as a team of 200 experts study all video and stills footage taken of the shuttle during launch, and on approach to the International Space Station (ISS), with which Discovery docked earlier today.",wn-0065:1:42,launch,42,,,DATE:several days,,,,False,0.55
wn-0065,1,docking,docked,Discovery,which,earlier today,"Final findings will not be available for several days as a team of 200 experts study all video and stills footage taken of the shuttle during launch, and on approach to the International Space Station (ISS), with which Discovery docked earlier today.",wn-0065:1:59,dock,59,PRODUCT:Discovery,,TIME:earlier today,,,,False,0.75
wn-0065,2,launch,launch,,,,"Images from new cameras have revealed that a section of foam weighing some 250&amp;nbsp;g fell away from the external fuel tank during launch, but did not strike the Orbiter.",wn-0065:2:86,launch,86,,,,,,,False,0.5
wn-0065,3,launch,launches,,,,"However, NASA has announced the grounding of all further planned Shuttle launches until they have a firm understanding of why the foam comes away, and what to do about it.",wn-0065:3:107,launch,107,,,,,,,False,0.55
wn-0065,4,failure,loss,,the craft,January 2003,A piece of foam striking the Columbia's wing during take-off in January 2003 was responsible for the loss of the craft as it made its reentry to Earth's atmosphere.,wn-0065:4:149,loss,149,,,DATE:January 2003,,,,False,0.6
wn-0065,4,landing,reentry,,its,January 2003,A piece of foam striking the Columbia's wing during take-off in January 2003 was responsible for the loss of the craft as it made its reentry to Earth's atmosphere.,wn-0065:4:157,reentry,157,,,DATE:January 2003,,,,False,0.6
wn-0066,1,discovery,found,they,a chunk,,"Astronomers from the Palomar Observatory near San Diego, California said they found a chunk of ice and rock in the solar system larger than Pluto.",wn-0066:1:33,find,33,,,,,,,False,0.6
wn-0066,5,discovery,found,,Solar system bodies,,"Solar system bodies found beyond the orbit of Neptune are called ""trans-Neptunian objects"".",wn-0066:5:121,find,121,,,,,,,False,0.6
wn-0066,7,discovery,discoveries,,,2004,"Up until now all other planet-like discoveries beyond Neptune, including Sedna, found by the same Palomar team in 2004, are called Kuiper Belt objects, or minor planets.",wn-0066:7:157,discovery,157,,,DATE:2004,,,,False,0.55
wn-0066,7,discovery,found,the same Palomar team,all other planet-like discoveries,2004,"Up until now all other planet-like discoveries beyond Neptune, including Sedna, found by the same Palomar team in 2004, are called Kuiper Belt objects, or minor planets.",wn-0066:7:164,find,164,,,DATE:2004,,,,False,0.65
wn-0066,9,discovery,found,they,a range,2003,"Using mathematical formulas, they found a range of sizes for 2003 UB313, with an estimated average showing the approximate diameter of the new body to be about 2,600 kilometers.",wn-0066:9:219,find,219,,,DATE:2003,,,,False,0.65
wn-0066,16,discovery,found,Pluto,,,"""We are 100 percent confident that this is the first object bigger than Pluto ever found in the outer solar system,"" Brown added.",wn-0066:16:442,find,442,CELESTIAL:Pluto,,,,,,False,0.65
wn-0066,18,discovery,discovery,,,,"That's why it eluded discovery: nobody was looking there until now, Brown said.",wn-0066:18:485,discovery,485,,,,,,,False,0.5
wn-0066,22,discovery,identify,,,,"The brightness of this object is just barely fainter than the telescopes from earlier sky surveys were able to identify, so new advances in the making of telescopes has also played a part in this discovery.",wn-0066:22:590,identify,590,,,,,,,False,0.55
wn-0066,22,discovery,discovery,,,,"The brightness of this object is just barely fainter than the telescopes from earlier sky surveys were able to identify, so new advances in the making of telescopes has also played a part in this discovery.",wn-0066:22:607,discovery,607,,,,,,,False,0.5
wn-0066,23,discovery,discovery,,,2003,"Now that the discovery data has been released, the scientists will turn over their work to the International Astronomical Union (IAU), which will review it, classify the object and approve a new name to replace the temporary 2003 UB313.",wn-0066:23:613,discovery,613,,,DATE:2003,,,,False,0.55
wn-0066,27,discovery,found,,objects,2004,"In the 2004 naming of Sedna, Brown noted objects found in the Kuiper Belt are usually named after deities of the Underworld.",wn-0066:27:727,find,727,,,DATE:2004,,Kuiper Belt,CELESTIAL:Kuiper Belt,False,0.65
wn-0066,28,discovery,discovery,,,,The astronomers have been using a code name of sorts for the discovery.,wn-0066:28:754,discovery,754,,,,,,,False,0.5
wn-0066,35,discovery,discovery,,2003 UB313,2003,"But with the discovery of 2003 UB313 the ""planet or not"" debate may rekindle.",wn-0066:35:898,discovery,898,,,DATE:2003,,,,False,0.6
wn-0066,41,discovery,discovery,,,this past week,"The new ""10th planet"" was not the only new discovery in the Kuiper Belt this past week.",wn-0066:41:1022,discovery,1022,,,DATE:this past week,,Kuiper Belt,CELESTIAL:Kuiper Belt,False,0.55
wn-0066,42,discovery,discovery,,an object,2003,José-Luis Ortiz at the Sierra Nevada Observatory in Spain announced the discovery of an object called 2003 EL61.,wn-0066:42:1044,discovery,1044,,,DATE:2003,,,,False,0.6
wn-0066,44,discovery,discovery,,2003 EL61,2003,"Although some news media confused the discovery of 2003 EL61 with 2003 UB313, they are different objects.",wn-0066:44:1080,discovery,1080,,,DATE:2003,,,,False,0.6
wn-0066,46,discovery,discovery,,,2003,"Although this second discovery may not be as large as 2003 UB313, scientists have confirmed that 2003 EL61 has its own moon.",wn-0066:46:1120,discovery,1120,,,DATE:2003,,,,False,0.55
wn-0067,0,delay,postponed,NASA,the landing,2005-07-30,"2005-07-30 NASA has postponed the landing of the Space Shuttle Discovery mission STS-114, planned for today.",wn-0067:0:7,postpone,7,ORG:NASA,,DATE:2005-07-30,,,,False,0.75
wn-0067,0,landing,landing,,the Space Shuttle Discovery mission STS-114,2005-07-30,"2005-07-30 NASA has postponed the landing of the Space Shuttle Discovery mission STS-114, planned for today.",wn-0067:0:9,landing,9,,,DATE:2005-07-30,,,,True,0.6
wn-0067,1,delay,delayed,Officials,the landing,today,"Officials initially delayed the landing, but finally cancelled any attempts for today citing the reason as ""unstable, unacceptable cloud cover with the potential for showers in vicinity of landing site.",wn-0067:1:25,delay,25,,,DATE:today,,,,False,0.65
wn-0067,1,landing,landing,,,today,"Officials initially delayed the landing, but finally cancelled any attempts for today citing the reason as ""unstable, unacceptable cloud cover with the potential for showers in vicinity of landing site.",wn-0067:1:27,landing,27,,,DATE:today,,,,True,0.55
wn-0067,1,failure,cancelled,Officials,any attempts,today,"Officials initially delayed the landing, but finally cancelled any attempts for today citing the reason as ""unstable, unacceptable cloud cover with the potential for showers in vicinity of landing site.",wn-0067:1:31,cancel,31,,,DATE:today,,,,False,0.65
wn-0067,1,landing,landing,,,today,"Officials initially delayed the landing, but finally cancelled any attempts for today citing the reason as ""unstable, unacceptable cloud cover with the potential for showers in vicinity of landing site.",wn-0067:1:54,landing,54,,,DATE:today,,,,False,0.55
wn-0067,3,landing,Landing,,the space shuttle craft,,"Landing the space shuttle craft has been likened to landing a ""brick"".",wn-0067:3:59,land,59,,,,,,,False,0.6
wn-0067,3,landing,landing,,"a ""brick",,"Landing the space shuttle craft has been likened to landing a ""brick"".",wn-0067:3:68,land,68,,,,,,,False,0.6
wn-0067,4,landing,landing,,,,The approach to the landing field is at a steep pitch (nose up) and a high rate of descent.,wn-0067:4:78,landing,78,,,,,,,False,0.5
wn-0067,4,landing,descent,,,,The approach to the landing field is at a steep pitch (nose up) and a high rate of descent.,wn-0067:4:94,descent,94,,,,,,,False,0.5
wn-0067,5,landing,landing,,,,The shuttle is not very maneuverable and has one shot at the correct landing approach.,wn-0067:5:109,landing,109,,,,,,,False,0.5
wn-0067,8,landing,landing,,,Tuesday,"On Tuesday, there will be six landing opportunities: two each at Kennedy Space Center in Florida, Edwards Air Force Base in California, and White Sands Space Harbor in New Mexico.",wn-0067:8:154,landing,154,,,DATE:Tuesday,,,,False,0.55
wn-0067,9,landing,landing,,,,"Shuttle managers prefer a landing at Kennedy, but will consider the alternate sites if bad weather in Florida rules out landing there.",wn-0067:9:186,landing,186,,,,,,,False,0.5
wn-0067,9,landing,landing,,bad weather,,"Shuttle managers prefer a landing at Kennedy, but will consider the alternate sites if bad weather in Florida rules out landing there.",wn-0067:9:203,land,203,,,,,,,False,0.6
wn-0067,10,landing,land,,the shuttle,tomorrow,"NASA administrators insist that the shuttle will land tomorrow at one of the three sites, rather than spending yet another day in orbit.",wn-0067:10:213,land,213,,,DATE:tomorrow,,,,False,0.65
wn-0068,0,landing,landing,,Orbiter Discovery,8:11:22 am EDT,"The US Space Shuttle Orbiter Discovery has returned to Earth safely, landing at Edwards Air Force Base, California, touching down on runway 22 at 8:11:22 am EDT (1211 GMT), and rolling to a stop.",wn-0068:0:12,land,12,,SPACECRAFT:Orbiter Discovery,TIME:8:11:22 am EDT,,Edwards Air Force Base,FAC:Edwards Air Force Base,False,0.8
wn-0068,0,landing,touching down,,Orbiter Discovery,8:11:22 am EDT,"The US Space Shuttle Orbiter Discovery has returned to Earth safely, landing at Edwards Air Force Base, California, touching down on runway 22 at 8:11:22 am EDT (1211 GMT), and rolling to a stop.",wn-0068:0:21,touch,21,,SPACECRAFT:Orbiter Discovery,TIME:8:11:22 am EDT,at,,,False,0.8
wn-0069,2,failure,loss,,bone,,"Being in space presents many health concerns &amp;ndash; both psychological and physiological difficulties, such as bone loss and radiation exposure.",wn-0069:2:74,loss,74,,,,,,,False,0.55
wn-0069,6,failure,loss,,,,"He also considers Krikalev's experience important for understanding ways to counter the physical side effects of space-travel, stating that ""I imagine he's gotten pretty good over time in adhering to a countermeasure programme to minimise bone mass loss"".",wn-0069:6:209,loss,209,,,,,,,False,0.5
wn-0070,0,failure,exploded,,the star,,"Recent images from the Chandra X-Ray Observatory reveal details of the nature of the star that became Supernova 1987A. In the time just before the star exploded, solar winds created a cavity in a cloud of cool gas that surrounded it.",wn-0070:0:28,explode,28,,,,,,,False,0.6
wn-0070,1,failure,explosion,,,,"The explosion first lit up the cooler gas with a burst of ultraviolet light, then created a shock wave that started travelling through this cavity.",wn-0070:1:46,explosion,46,,,,,,,False,0.5
wn-0071,5,delay,delayed,NASA,the next Shuttle flight,next year,NASA delayed the next Shuttle flight until next year so their engineers have time to address the foam problem that occurred during the most recent flight.,wn-0071:5:125,delay,125,ORG:NASA,,DATE:next year,until,,,False,0.75
wn-0071,6,launch,launch,,,,"A rushed timetable for the previous launch has been criticised as a major contributing factor to the ""same behavioral problems that contributed to the Columbia tragedy,"" an AP story stated.",wn-0071:6:157,launch,157,,,,,,,False,0.5
wn-0073,0,discovery,discovered,Astronomers,,the past 25 years,"Astronomers have discovered that Saturn's D ring, the innermost of Saturn's 15 rings, has grown dimmer in the past 25 years and sections have moved up to 125 miles inward toward the planet.",wn-0073:0:2,discover,2,,,DATE:past 25 years,,,,False,0.6
wn-0073,1,discovery,discovery,,,1981,"This discovery was made after astronomers compiled results predominantly from the Voyager 2 spacecraft, which passed Saturn in 1981, and the Cassini-Huygens probe which entered Saturn's orbit last year.",wn-0073:1:39,discovery,39,,,DATE:1981,,,,False,0.55
wn-0073,2,discovery,found,,Other rings,,Other rings were found to be rotating slower than had previously been estimated with computer models.,wn-0073:2:77,find,77,,,,,,,False,0.6
wn-0073,3,discovery,discovered,,It,,It was also discovered that the matter composing the rings is of far more widely varying temperatures than had been expected.,wn-0073:3:94,discover,94,,,,,,,False,0.6
wn-0073,5,discovery,observed,Galileo,The rings,1610,"The rings, which are now iconic to Saturn, and known to be common to all Jovian planets in general, were first observed in 1610 by Galileo.",wn-0073:5:164,observe,164,PRODUCT:Galileo,,DATE:1610,in,,,False,0.75
wn-0073,7,discovery,discoveries,,,Monday,"This, and other Cassini-related discoveries, were discussed at a meeting of the American Astronomical Society's division of planetary sciences on Monday.",wn-0073:7:221,discovery,221,,,DATE:Monday,,,,False,0.55
wn-0074,0,delay,delay,,,at least the fall of 2006,"There will be a delay in future Shuttle flights until at least the fall of 2006, due to damaged NASA facilities that house and manufacture parts for the Shuttle program.",wn-0074:0:4,delay,4,,,DATE:at least the fall of 2006,until,,,False,0.55
wn-0074,2,launch,launches,,Shuttle,,The Michoud New Orleans facility is the primary manufacturing facility for the external fuel tanks that are used on Shuttle launches.,wn-0074:2:109,launch,109,,ORG:Shuttle,,,,,False,0.7
wn-0074,4,failure,disaster,,,,NASA is still trying to contact employees who have been evacuated from the New Orleans and Gulf Coast areas who have not reported to work due to the disaster and current situation in New Orleans.,wn-0074:4:156,disaster,156,,,,,New Orleans,GPE:New Orleans,False,0.5
wn-0074,11,failure,losses,,,,"Among other problems facing NASA, employees at these damaged facilities have faced very personal losses.",wn-0074:11:310,loss,310,,,,,,,False,0.5
wn-0074,12,failure,lost,Some,family members,,"Some have lost family members, their homes, and more.",wn-0074:12:314,lose,314,,,,,,,False,0.6
wn-0075,3,discovery,discovery,,,,The intial discovery was made by using information from the European Space Agency's (ESA) Interferometric Satellite Aperture Radar satellite.,wn-0075:3:92,discovery,92,,,,,,,False,0.5
wn-0076,1,discovery,observations,,Hubble,mid-2008,"The two-gyro mode is expected to preserve the operating life of the third gyro and extend Hubble's science observations through mid-2008, an eight-month extension.",wn-0076:1:51,observation,51,,SPACECRAFT:Hubble Space Telescope,DATE:mid-2008,,,,False,0.75
wn-0076,4,discovery,observations,,science,,The system maintains precise pointing of the telescope during science observations.,wn-0076:4:106,observation,106,,,,,,,False,0.55
wn-0076,11,discovery,observation,,,,Hubble also needs to know its location as it completes one observation and slews across the sky to acquire its next target.,wn-0076:11:239,observation,239,,,,,,,False,0.5
wn-0076,14,discovery,observations,,,several more years,"The servicing mission would include installing new gyros, batteries, and science instruments to provide several more years of observations.",wn-0076:14:318,observation,318,,,DATE:several more years,,,,False,0.55
wn-0077,5,launch,launched,,Astronauts,,"Astronauts will be launched in a capsule, similar in concept to that used for the Project Apollo but three times larger.",wn-0077:5:84,launch,84,,,,,,,False,0.6
wn-0077,10,landing,landing,,,,"The LSAM will have design concepts related to the Apollo Lunar Module, with a four-legged landing unit carrying an ascent stage.",wn-0077:10:195,landing,195,,,,,,,False,0.5
wn-0077,16,launch,launch,,,,"The launch rockets, Shuttle Derived Launch Vehicles, will use engines developed for the Shuttle program.",wn-0077:16:253,launch,253,,,,,,,False,0.5
wn-0077,17,launch,launched,,CEV,,"** CEV will be launched atop a Crew Launch Vehicle (CLV), a single solid fuel booster with a second stage using a shuttle main engine.",wn-0077:17:275,launch,275,,,,,,,False,0.6
wn-0077,17,launch,Launch,,Crew,,"** CEV will be launched atop a Crew Launch Vehicle (CLV), a single solid fuel booster with a second stage using a shuttle main engine.",wn-0077:17:279,launch,279,,,,,,,False,0.55
wn-0077,22,launch,Launch,,,,The use of a Launch Escape System (LES) will improve safety.,wn-0077:22:363,launch,363,,,,,,,False,0.5
wn-0077,23,failure,exploding,,an exploding or otherwise dangerous rocket,,A LES is a top-mounted rocket that can quickly remove the crew capsule away from an exploding or otherwise dangerous rocket.,wn-0077:23:391,explode,391,,,,,,,False,0.6
wn-0077,24,docking,dock,CEV,the assembly,,"For a lunar mission, the LSAM and EDS would be placed in orbit by a cargo launcher, then a CEV would dock with the assembly before leaving Earth orbit.",wn-0077:24:421,dock,421,ORG:CEV,,,,,,False,0.7
wn-0077,33,landing,set down,,Crew capsule,,"* Crew capsule, upon return to Earth, will set down on dry land.",wn-0077:33:516,set,516,,,,,,,False,0.6
wn-0077,34,landing,land,,It,,It can also land on water.,wn-0077:34:525,land,525,,,,,,,False,0.6
wn-0078,0,launch,launched,the People's Republic of China,its second manned space flight,,"BBC News is reporting that the People's Republic of China has successfully launched its second manned space flight, Shenzhou VI.",wn-0078:0:13,launch,13,GPE:People's Republic of China,,,,,,False,0.7
wn-0078,1,launch,launch,the third nation,a manned space mission,,"The mission is more ambitious than the previous Shenzhou V, which made China only the third nation to launch a manned space mission.",wn-0078:1:43,launch,43,,,,,,,False,0.6
wn-0079,0,landing,touched down,,China's Shenzhou VI,2032,China's Shenzhou VI touched down safely in Inner Mongolia at 4.32 am (2032 GMT) after being in space for five days.,wn-0079:0:4,touch,4,,,DATE:2032,,Inner Mongolia,LOC:Inner Mongolia,False,0.65
wn-0080,0,launch,launched,,European Space Agency's probe,"Wednesday, November 9","European Space Agency's probe to Venus was successfully launched on Wednesday, November 9, at 0333 GMT from the Baikonur Cosmodrome in Kazakhstan.",wn-0080:0:9,launch,9,,,"DATE:Wednesday, November 9",on,,,False,0.65
wn-0080,1,launch,launch,,,90 minutes,"The probe, entitled Venus Express, separated from its Soyuz Fregat carrier 90 minutes after the launch, after which it emitted a signal marking the start of its journey to Earth's closest planetary neighbour.",wn-0080:1:43,launch,43,,,TIME:90 minutes,,,,False,0.55
wn-0081,4,landing,land,,it,August,"The idea for the show originally came from a report McCartney received about ""Good Day Sunshine"" being used to wake astronauts aboard the space shuttle Discovery as it prepared to land in August.",wn-0081:4:113,land,113,,,DATE:August,in,,,False,0.65
wn-0081,6,discovery,find out,,,,"""I was extremely proud to find out that one of my songs was played for Discovery this summer.",wn-0081:6:126,find,126,,,,,,,False,0.55
wn-0082,0,launch,launch,,the Ariane 5 ECA rocket,,The launch of the Ariane 5 ECA rocket has been postponed due to a technical hitch.,wn-0082:0:1,launch,1,,,,,,,True,0.55
wn-0082,0,delay,postponed,,The launch,,The launch of the Ariane 5 ECA rocket has been postponed due to a technical hitch.,wn-0082:0:10,postpone,10,,,,,,,False,0.6
wn-0082,1,launch,launch,,,"November 12th, 2005","The rocket, which has a record payload of 10,000 kg, was due to launch in the 45 minute window opening at 4.35PM (23:45 GMT) on November 12th, 2005 from a base at Kourou, French Guiana.",wn-0082:1:32,launch,32,,,"DATE:November 12th, 2005",on,,,False,0.6
wn-0082,2,launch,launch,,,,Officials have not yet given a new date for launch.,wn-0082:2:68,launch,68,,,,,,,False,0.5
wn-0082,5,failure,disaster,,,2002,"The maiden flight of the Ariane 5 ECA ended in disaster in 2002 when the rocket veered off course over the Atlantic Ocean and self-destructed, dumping two satellites worth 600 million euros into the sea.",wn-0082:5:137,disaster,137,,,DATE:2002,,,,False,0.55
wn-0082,6,launch,launched,,A second flight,"February, 2005","A second flight successfully launched in February, 2005, releasing two satellites into orbit.",wn-0082:6:170,launch,170,,,"DATE:February, 2005",in,,,False,0.65
wn-0083,0,landing,touching down,,,,The Japan Aerospace Exploration Agency has achieved the primary goal of the Hayabusa probe's mission by touching down on the surface of an asteroid in an attempt to collect a sample of what is thought to be the oldest material in the solar system.,wn-0083:0:17,touch,17,,,,,,,False,0.55
wn-0083,1,failure,aborted,,an earlier aborted attempt,,"Despite an earlier aborted attempt, and the apparent loss of an exploratory ""micro rover"", Hayabusa's achievement is significant.",wn-0083:1:50,aborted,50,,,,,,,False,0.55
wn-0083,1,failure,loss,,"an exploratory ""micro rover",,"Despite an earlier aborted attempt, and the apparent loss of an exploratory ""micro rover"", Hayabusa's achievement is significant.",wn-0083:1:56,loss,56,,,,,,,False,0.55
wn-0084,0,delay,delayed,,the much-delayed inaugural launch,Saturday,SpaceX called off the much-delayed inaugural launch of their new Falcon 1 rocket on Saturday from Kwajalein’s Omelek Island launch site.,wn-0084:0:6,delay,6,,,DATE:Saturday,,,,False,0.65
wn-0084,0,launch,launch,,their new Falcon 1 rocket,Saturday,SpaceX called off the much-delayed inaugural launch of their new Falcon 1 rocket on Saturday from Kwajalein’s Omelek Island launch site.,wn-0084:0:8,launch,8,,,DATE:Saturday,,,,False,0.6
wn-0084,0,launch,launch,,,Saturday,SpaceX called off the much-delayed inaugural launch of their new Falcon 1 rocket on Saturday from Kwajalein’s Omelek Island launch site.,wn-0084:0:22,launch,22,,,DATE:Saturday,,,,False,0.55
wn-0084,1,launch,launch,The intent,the U.S. Air Force Academy's FalconSat 2 satellite,,"The intent was to launch the U.S. Air Force Academy's FalconSat 2 satellite, which will monitor plasma interactions with the Earth's upper atmosphere and magnetosphere.",wn-0084:1:29,launch,29,,,,,,,False,0.6
wn-0084,2,launch,launch,,,,"The launch was delayed, then finally cancelled after an oxygen boil-off vent had accidentally been left open.",wn-0084:2:56,launch,56,,,,,,,True,0.5
wn-0084,2,delay,delayed,,The launch,,"The launch was delayed, then finally cancelled after an oxygen boil-off vent had accidentally been left open.",wn-0084:2:58,delay,58,,,,,,,True,0.6
wn-0084,2,failure,cancelled,,,,"The launch was delayed, then finally cancelled after an oxygen boil-off vent had accidentally been left open.",wn-0084:2:62,cancel,62,,,,,,,False,0.55
wn-0084,4,delay,scrub,,,,"A main computer issue, probably serious enough to cause a scrub on its own, was also discovered.",wn-0084:4:109,scrub,109,,,,,,,False,0.5
wn-0084,4,discovery,discovered,,A main computer issue,,"A main computer issue, probably serious enough to cause a scrub on its own, was also discovered.",wn-0084:4:116,discover,116,,,,,,,False,0.6
wn-0084,5,launch,launched,,This long-anticipated flight,January 2005,"This long-anticipated flight was originally expected to be launched in January 2005, however a series of setbacks forced a series of delays, with the flight most recently scheduled to be in early 2006.",wn-0084:5:129,launch,129,,,DATE:January 2005,in,,,False,0.65
wn-0084,5,delay,delays,,,January 2005,"This long-anticipated flight was originally expected to be launched in January 2005, however a series of setbacks forced a series of delays, with the flight most recently scheduled to be in early 2006.",wn-0084:5:143,delay,143,,,DATE:January 2005,,,,False,0.55
wn-0084,6,launch,launched,,It,,It was intended to be launched from the Kwajalein atoll in the middle of the Pacific Ocean.,wn-0084:6:162,launch,162,,,,,,,False,0.6
wn-0084,7,launch,launch,The maiden voyage,a Naval Research Laboratory satellite,,The maiden voyage was originally intended to launch from Vandenberg Air Force Base in California with a Naval Research Laboratory satellite and a Space Services Incorporated space burial payload.,wn-0084:7:183,launch,183,,,,,Vandenberg Air Force Base,FAC:Vandenberg Air Force Base,False,0.6
wn-0084,9,launch,launch,,,,The launch price per pound for the Falcon I is substantially cheaper than that of other US launch vehicles.,wn-0084:9:232,launch,232,,,,,,,False,0.5
wn-0084,9,launch,launch,,,,The launch price per pound for the Falcon I is substantially cheaper than that of other US launch vehicles.,wn-0084:9:248,launch,248,,,,,,,False,0.5
wn-0085,3,launch,launch,,,,The Chinese hope to develop its own pollution free fuels that may be used in high capacity rockets that may be able to launch upwards of 25 tons into space.,wn-0085:3:71,launch,71,,,,,,,False,0.55
wn-0085,8,launch,launch,The Shenzhou 7 mission,three astronauts,2007,The Shenzhou 7 mission expects to launch three astronauts into space in 2007.,wn-0085:8:156,launch,156,,,DATE:2007,in,,,False,0.65
wn-0085,9,launch,launching,,parts,,Subsequent missions include plans for launching parts of their space station and eventually.,wn-0085:9:169,launch,169,,,,,,,False,0.6
wn-0085,11,launch,launch,Chinese,the Chang’e 1 lunar orbiter,2006,By 2006 the Chinese hope to launch the Chang’e 1 lunar orbiter which is designed around a Chinese commercial satellite.,wn-0085:11:197,launch,197,NORP:Chinese,,DATE:2006,,,,False,0.75
wn-0087,0,discovery,discovered,MySpace members,,December 2005,"In December 2005, MySpace members discovered that mentions and links to content hosted by rival video-swapping site YouTube were disabled.",wn-0087:0:6,discover,6,,,DATE:December 2005,in,,,False,0.6
wn-0088,1,discovery,discover,Scientists,new meaning,,Scientists hope to discover new meaning to the beginning of our solar system.,wn-0088:1:29,discover,29,,,,,,,False,0.6
wn-0088,3,landing,lands,,it,just over seven years,Its journey will have lasted a total of just over seven years when it lands in the Utah desert.,wn-0088:3:80,land,80,,,DATE:just over seven years,,,,False,0.65
wn-0088,10,landing,descent,,its,,"During its descent over the desert, the capsule is scheduled to deploy two parachutes, though NASA officials said they have prepared for the possibility of a hard landing.",wn-0088:10:290,descent,290,,,,,,,False,0.55
wn-0088,10,landing,landing,,,,"During its descent over the desert, the capsule is scheduled to deploy two parachutes, though NASA officials said they have prepared for the possibility of a hard landing.",wn-0088:10:317,landing,317,,,,,,,False,0.5
wn-0088,11,failure,crashed,,A NASA probe,2004,A NASA probe called Genesis crashed to Earth in 2004 when its parachute failed to open.,wn-0088:11:324,crash,324,,,DATE:2004,in,,,False,0.65
wn-0088,11,failure,failed,,its parachute,2004,A NASA probe called Genesis crashed to Earth in 2004 when its parachute failed to open.,wn-0088:11:332,fail,332,,,DATE:2004,,,,False,0.65
wn-0088,12,failure,destroyed,,the spacecraft,three-year,"That craft had been on a three-year mission to collect solar wind ions, which were recovered by scientists even though the spacecraft was destroyed.",wn-0088:12:362,destroy,362,,,DATE:three-year,,,,False,0.65
wn-0088,13,failure,disaster,,Columbia shuttle,six months,"Stardust's project manager, Tom Duxbury, said that ""after the Genesis incident and the Columbia shuttle disaster, the mission's team spent six months testing and reviewing the spacecraft's design to make sure there were no errors"".",wn-0088:13:384,disaster,384,,SPACECRAFT:Columbia shuttle,DATE:six months,,,,False,0.75
wn-0089,1,landing,land,,The Stardust Spacecraft,"Sunday January 15, 2006","The Stardust Spacecraft is scheduled to land at around 5:12am (eastern time) on Sunday January 15, 2006.",wn-0089:1:19,land,19,,,"DATE:Sunday January 15, 2006",,,,False,0.65
wn-0089,21,discovery,identify,you,those,,"""We think a significant fraction of comets will be stardust particles actually older than Earth and older than the Sun, and for drama the stars, and the way you identify those is by their isotopic ratios,"" Stardust Principal Investigator Don Brownlee said.",wn-0089:21:620,identify,620,,,,,,,False,0.6
wn-0089,24,failure,explosions,,supernova,,"Stardust's main mission was to capture dust particles from comet Wild 2, but it is also believed to have captured dust from distant stars, perhaps created in supernova explosions less than 10 million years ago.",wn-0089:24:690,explosion,690,,,,,,,False,0.55
wn-0089,25,discovery,found,,The dust,,The dust can only be found using using a high-magnification microscope with a field of view smaller than a grain of salt.,wn-0089:25:704,find,704,,,,,,,False,0.6
wn-0089,26,discovery,find,,these millions,,"But now they have the difficult task of trying to find all these millions of particles, which takes more time and man power that NASA has.",wn-0089:26:735,find,735,,,,,,,False,0.6
wn-0089,32,discovery,find,we,these grains,,"""Like SETI@home, which is the world's largest computer, we hope Stardust@home will also be a large computer, though more of a neural network, using brains together to find these grains,"" said Bryan Mendez of the Center for Science Education at the Space Sciences Laboratory.",wn-0089:32:889,find,889,,,,,,,False,0.6
wn-0089,35,discovery,find,the volunteer,the track,,"In the test, the volunteer is asked to find the track in a few test samples.",wn-0089:35:954,find,954,,,,,,,False,0.6
wn-0089,38,discovery,spotting,,dust grain tracks,,"If at least 20 of these report a track, UC Berkeley undergraduates who are expert at spotting dust grain tracks will confirm the identification.",wn-0089:38:1029,spot,1029,,,,,,,False,0.6
wn-0089,43,discovery,finding,,an interstellar dust grain,,"The other neat thing is that there are no limitations and the more images you examine, the better chance you have at finding an interstellar dust grain.",wn-0089:43:1159,find,1159,,,,,,,False,0.6
wn-0089,44,discovery,find,you,that,,"Any interstellar dust particles that you find, then you will appear as a co-author on any scientific paper by the Stardust@home collaboration announcing the discovery of the particle.",wn-0089:44:1172,find,1172,,,,,,,False,0.6
wn-0089,44,discovery,discovery,,the particle,,"Any interstellar dust particles that you find, then you will appear as a co-author on any scientific paper by the Stardust@home collaboration announcing the discovery of the particle.",wn-0089:44:1193,discovery,1193,,,,,,,False,0.55
wn-0089,49,launch,launched,,The Stardust spacecraft,"February 7, 1999","The Stardust spacecraft was launched on February 7, 1999, from Cape Canaveral Air Station, Florida, aboard a Delta II rocket.",wn-0089:49:1326,launch,1326,,,"DATE:February 7, 1999",on,,,False,0.65
wn-0090,0,flyby,encounter,,its,,"Following the return of the Stardust space capsule from its encounter with the Comet Wild 2, NASA scientists have come up with a novel approach to dealing with the samples of ""interstellar dust"" that have been collected; they want help from the public.",wn-0090:0:10,encounter,10,,,,,,,False,0.55
wn-0090,2,flyby,encounter,,,2004,"Stardust@homeOnly one side of the collector was exposed towards the stream of particles coming off the Comet Wild 2 during the encounter in 2004, while the other side was used to collect interstellar dust at an earlier point in the spacecraft's journey.",wn-0090:2:96,encounter,96,,,DATE:2004,,,,False,0.55
wn-0090,4,discovery,found,,they,,They will be examined after they are found with the help of Stardust@home.,wn-0090:4:166,find,166,,,,,,,False,0.6
wn-0091,9,failure,exploded,,that,,"""There were two particularly large comet particles that had 'exploded' inside,"" said the memo.",wn-0091:9:146,explode,146,,,,,,,False,0.6
wn-0091,10,landing,landed,,they,,A lot of the largest particles shattered into little bits of black debris when they landed on the collecter.,wn-0091:10:171,land,171,,,,,,,False,0.6
wn-0091,11,landing,landed,,they,,"But many other visible particles left tracks as they landed at 13,000 MPH and stopped fully intact.",wn-0091:11:185,land,185,,,,,MPH,ORG:MPH,False,0.6
wn-0091,17,landing,landed,,it,,"""The capsule tumbled several times when it landed by parachute in the Utah desert, but the impact didn't crack the aerogel,"" said Brownlee.",wn-0091:17:279,land,279,,,,,,,False,0.6
wn-0092,0,landing,touchdown,,,,"""All stations, we have touchdown,"" an announcer declared.",wn-0092:0:6,touchdown,6,,,,,,,False,0.5
wn-0092,1,landing,landed,,Stardust,,"Stardust, a capsule carrying dust from Comet Wild 2, has landed safely in the Utah desert.",wn-0092:1:26,land,26,,SPACECRAFT:Stardust,,,,,False,0.75
wn-0092,4,landing,landing,,,,"When the landing was complete, it drew cheers from excited scientists.",wn-0092:4:101,landing,101,,,,,,,False,0.5
wn-0092,12,failure,crashed,Genesis,,2004,"In 2004, another collector capsule from another spacecraft, Genesis, which collected solar wind particles crashed into the Utah desert, however, the samples did not survive.",wn-0092:12:232,crash,232,ORG:Genesis,,DATE:2004,,,,False,0.7
wn-0092,13,landing,landed,,the capsule,,"After the capsule landed, it activated its locator beacon and helicopter recovery crews successfully located the capsule in the dark.",wn-0092:13:250,land,250,,,,,,,False,0.6
wn-0092,14,discovery,observations,,helicopter,5:10 a.m. EST,"The capsule is reportedly intact from the helicopter observations, and the unofficial touch down time was 5:10 a.m. EST.",wn-0092:14:277,observation,277,,,TIME:5:10 a.m. EST,,,,False,0.6
wn-0092,15,landing,landed,,it,early next week,"It will be transferred to a ""cleanroom"" and is expected to be flown to Johnson Space Center early next week where the capsule will be unlocked for the first time since it landed.",wn-0092:15:324,land,324,,,DATE:early next week,,,,False,0.65
wn-0092,16,discovery,find,scientists,the microscopic dust particles,,"When opened, scientists will find the microscopic dust particles trapped in a porous, pale-blue smokelike material known as aerogel made up of 99.8 percent air that was used to snag the dust in space.",wn-0092:16:332,find,332,,,,,,,False,0.6
wn-0092,19,landing,landing,,10-MPH,,"Its first parachute opened at nearly 100,000 feet from the ground where it was then guided to a 10-MPH landing in the desert.",wn-0092:19:462,landing,462,,,,,,,False,0.55
wn-0092,20,launch,launched,,Stardust,,"The capsule also brought back with it 72 black-and-white pictures showing broad mesas, craters, pinnacles and canyons with flat floors on the surface of Wild 2, which was a staggering 500 million miles from Earth at the time Stardust was launched.",wn-0092:20:515,launch,515,,SPACECRAFT:Stardust,,,,,False,0.75
wn-0092,21,launch,launched,,Stardust,1999,Stardust was launched in 1999 and its trip lasted over 7 years.,wn-0092:21:520,launch,520,,SPACECRAFT:Stardust,DATE:1999,in,,,False,0.8
wn-0093,7,discovery,discovery,,a huge star cluster,"32,600 light years","Astronomers at Sloan Digital Sky Survey have announced the discovery of a huge star cluster, the Virgo super star cluster 10 kiloparsecs (32,600 light years) away from the solar system (roughly the same distance as the galactic centre), in the constellation of Virgo.",wn-0093:7:200,discovery,200,,,"DATE:32,600 light years",,,,False,0.6
wn-0093,9,discovery,findings,,,centuries,"In a presentation to the American Astronomical Society, Princeton University graduate student Mario Juric, the principal author of the findings, explained: ""Some of the stars in this Milky Way companion have been seen with telescopes for centuries, but because the galaxy is so close, its stars are spread over a huge swath of the sky, and they always used to be lost in the sea of more numerous Milky Way stars.",wn-0093:9:287,finding,287,,,DATE:centuries,,,,False,0.55
wn-0093,9,failure,lost,,they,centuries,"In a presentation to the American Astronomical Society, Princeton University graduate student Mario Juric, the principal author of the findings, explained: ""Some of the stars in this Milky Way companion have been seen with telescopes for centuries, but because the galaxy is so close, its stars are spread over a huge swath of the sky, and they always used to be lost in the sea of more numerous Milky Way stars.",wn-0093:9:335,lose,335,,,DATE:centuries,,,,False,0.65
wn-0093,12,discovery,discovered,researchers,The large overpopulation,,The large overpopulation of stars was discovered by researchers analyzing SDSS-I and SDSS-II data.,wn-0093:12:367,discover,367,,,,,,,False,0.6
wn-0093,16,discovery,discovery,,,the last decade,This discovery is one in a series of such discoveries made within the last decade by a new generation of sky surveys.,wn-0093:16:450,discovery,450,,,DATE:last decade,,,,False,0.55
wn-0093,16,discovery,discoveries,,,the last decade,This discovery is one in a series of such discoveries made within the last decade by a new generation of sky surveys.,wn-0093:16:458,discovery,458,,,DATE:last decade,,,,False,0.55
wn-0093,17,discovery,discovered,,The Saggitarius dwarf galaxy,1994,The Saggitarius dwarf galaxy was discovered in 1994 using photographic sky images.,wn-0093:17:477,discover,477,,,DATE:1994,in,,,False,0.65
wn-0093,18,discovery,identified,analysis,several streams,,"Since then, analysis of photographs by large digital cameras has identified several streams and clumps of stars, some of which (astronomers believe) are Milky Way companions and others of which are shreds of the Saggitarius dwarf or other dwarf galaxies that are also dissolving into the Milky Way.",wn-0093:18:496,identify,496,,,,,,,False,0.6
wn-0093,19,discovery,discovery,,,,An earlier SDSS discovery was the Canis Major Dwarf Galaxy.,wn-0093:19:541,discovery,541,,,,,,,False,0.5
wn-0093,21,discovery,found,the Quasar Equatorial Survey Team (QUEST) survey,a clump,2001,"The first indication that the Virgo super star cluster existed was in 2001, when the Quasar Equatorial Survey Team (QUEST) survey, using a 1-metre telescope in Llano del Hato National Astronomical Observatory in Venezuela, found a clump of five RR Lyrae variable stars, which astronomers speculated might belong to a small galaxy being canibalized by the Milky Way.",wn-0093:21:626,find,626,,,DATE:2001,,,,False,0.65
wn-0093,22,discovery,discovery,,,,"Kathy Vivas of the Centro de Investigaciones de Astronomia in Venezuela, the author of the QUEST paper on the discovery, commented that ""In light of the new SDSS results, it appears that the stellar stream we detected is itself part of the larger structure identified by Juric and collaborators.",wn-0093:22:672,discovery,672,,,,,,,False,0.5
wn-0093,22,discovery,detected,we,,,"Kathy Vivas of the Centro de Investigaciones de Astronomia in Venezuela, the author of the QUEST paper on the discovery, commented that ""In light of the new SDSS results, it appears that the stellar stream we detected is itself part of the larger structure identified by Juric and collaborators.",wn-0093:22:692,detect,692,,,,,,,False,0.55
wn-0093,22,discovery,identified,Juric,the larger structure,,"Kathy Vivas of the Centro de Investigaciones de Astronomia in Venezuela, the author of the QUEST paper on the discovery, commented that ""In light of the new SDSS results, it appears that the stellar stream we detected is itself part of the larger structure identified by Juric and collaborators.",wn-0093:22:700,identify,700,PERSON:Juric,,,,,,False,0.7
wn-0094,0,launch,lifted off,,an Atlas V rocket,Earlier today,"Earlier today, an Atlas V rocket carrying the New Horizons unmanned spacecraft probe lifted off from Pad 41 at the Cape Canaveral Air Force Station bound for the last unexplored planet in the solar system, Pluto, at 11 am EST, after two scrubbed liftoffs the past two days because of bad weather.",wn-0094:0:14,lift,14,,,TIME:Earlier today,,Cape Canaveral Air Force Station,FAC:Cape Canaveral Air Force Station,False,0.65
wn-0094,0,delay,scrubbed,,two scrubbed liftoffs,11 am EST,"Earlier today, an Atlas V rocket carrying the New Horizons unmanned spacecraft probe lifted off from Pad 41 at the Cape Canaveral Air Force Station bound for the last unexplored planet in the solar system, Pluto, at 11 am EST, after two scrubbed liftoffs the past two days because of bad weather.",wn-0094:0:46,scrub,46,,,TIME:11 am EST,,,,False,0.65
wn-0094,0,launch,liftoffs,,,the past two days,"Earlier today, an Atlas V rocket carrying the New Horizons unmanned spacecraft probe lifted off from Pad 41 at the Cape Canaveral Air Force Station bound for the last unexplored planet in the solar system, Pluto, at 11 am EST, after two scrubbed liftoffs the past two days because of bad weather.",wn-0094:0:47,liftoff,47,,,DATE:past two days,,,,False,0.55
wn-0094,6,flyby,fly,the probe,Pluto,"Around July 14, 2015","Around July 14, 2015, the probe is expected to fly by Pluto and its moon Charon, after which the probe could possibly make a flyby of one or more Kuiper Belt objects.",wn-0094:6:205,fly,205,,CELESTIAL:Pluto,"DATE:Around July 14, 2015",,,,False,0.8
wn-0094,6,flyby,flyby,,one or more Kuiper Belt objects,"Around July 14, 2015","Around July 14, 2015, the probe is expected to fly by Pluto and its moon Charon, after which the probe could possibly make a flyby of one or more Kuiper Belt objects.",wn-0094:6:221,flyby,221,,,"DATE:Around July 14, 2015",,,,False,0.6
wn-0094,9,launch,launch,,,,Some anti-nuclear activists feared that the launch could end in an accident with radioactive material being spread over a wide area.,wn-0094:9:278,launch,278,,,,,,,False,0.5
wn-0094,9,failure,accident,,,,Some anti-nuclear activists feared that the launch could end in an accident with radioactive material being spread over a wide area.,wn-0094:9:283,accident,283,,,,,,,False,0.5
wn-0094,10,failure,disaster,,,,The chances of such a disaster were calculated by the United States Department of Energy at 1 in 350.,wn-0094:10:299,disaster,299,,,,,,,False,0.5
wn-0094,11,launch,liftoff,,,Tuesday,The Tuesday liftoff was postponed because of high winds at the launch site.,wn-0094:11:317,liftoff,317,,,DATE:Tuesday,,,,True,0.55
wn-0094,11,delay,postponed,,The Tuesday liftoff,Tuesday,The Tuesday liftoff was postponed because of high winds at the launch site.,wn-0094:11:319,postpone,319,,,DATE:Tuesday,,,,False,0.65
wn-0094,11,launch,launch,,,Tuesday,The Tuesday liftoff was postponed because of high winds at the launch site.,wn-0094:11:326,launch,326,,,DATE:Tuesday,,,,False,0.55
wn-0094,12,launch,launch,,,Wednesday,"The Wednesday launch was stopped after a severe storm near Laurel, Maryland knocked out power at the Johns Hopkins University's Applied Physics Laboratory, which hosts the flight control center for the mission.",wn-0094:12:331,launch,331,,,DATE:Wednesday,,,,False,0.55
wn-0095,11,discovery,found,Smith,,,"Smith also found that Facebook also received $13 million in funding from ""Accel Partners"", a firm whose manager James Breyer formerly served as the chairman of In-Q-Tel, a venture capital firm operated by the United States Central Intelligence Agency.",wn-0095:11:295,find,295,PERSON:Smith,,,,,,False,0.65
wn-0095,15,discovery,discovered,Smith,clauses,,"More importantly, Smith discovered clauses in Facebook's current Privacy Policy which state that they ""may share your information with third parties, including responsible companies with which we have a relationship"".",wn-0095:15:405,discover,405,ORG:Smith,,,,Privacy Policy,ORG:Privacy Policy,False,0.7
wn-0095,36,launch,launched,,the general MySpace site,September 2003,"According to Chris DeWolfe, ""the general MySpace site"" was launched in September 2003.",wn-0095:36:919,launch,919,,,DATE:September 2003,in,,,False,0.65
wn-0097,0,launch,launched,Japan Aerospace Exploration Agency,another,,The Japan Aerospace Exploration Agency has successfully launched another of their H-IIA space rockets.,wn-0097:0:7,launch,7,ORG:JAXA,,,,,,False,0.7
wn-0097,4,launch,launched,,The rocket,15:55,"The rocket was launched from the Tanegashima space centre in the southern region of Kagoshima, at 15:55 (06:55 GMT).",wn-0097:4:87,launch,87,,,TIME:15:55,at,,,False,0.65
wn-0097,6,launch,launched,,A previous H-IIA rocket,less than a month ago,A previous H-IIA rocket was launched less than a month ago.,wn-0097:6:138,launch,138,,,DATE:less than a month ago,,,,False,0.65
wn-0098,0,delay,postponed,SpaceX Corporation,the launch,,SpaceX Corporation has postponed the launch of the maiden flight of their Falcon 1 rocket again at their Kwajalein launch facility.,wn-0098:0:3,postpone,3,,,,,,,False,0.6
wn-0098,0,launch,launch,,the maiden flight,,SpaceX Corporation has postponed the launch of the maiden flight of their Falcon 1 rocket again at their Kwajalein launch facility.,wn-0098:0:5,launch,5,,,,,,,True,0.55
wn-0098,0,launch,launch,,,,SpaceX Corporation has postponed the launch of the maiden flight of their Falcon 1 rocket again at their Kwajalein launch facility.,wn-0098:0:19,launch,19,,,,,,,False,0.5
wn-0098,1,delay,delay,,,November 11,"Although not as damaging as the previous delay on November 11, this is certainly a significant set back for Elon Musk, the founder and CEO of SpaceX.",wn-0098:1:29,delay,29,,,DATE:November 11,on,,,False,0.55
wn-0098,2,launch,launch,,,,"A full engine test was conducted on the rocket, and the launch pad equipment which holds the rocket on the launch pad after engine firing seemed to work as planned.",wn-0098:2:64,launch,64,,,,,,,False,0.5
wn-0098,2,launch,launch,,,,"A full engine test was conducted on the rocket, and the launch pad equipment which holds the rocket on the launch pad after engine firing seemed to work as planned.",wn-0098:2:73,launch,73,,,,,,,False,0.5
wn-0098,3,failure,destroyed,,,,This safety equipment is designed to keep the rocket from causing damage or being destroyed in the event that some equipment malfunction occurs immediately after the rocket engines start.,wn-0098:3:98,destroy,98,,,,,,,False,0.55
wn-0098,3,failure,malfunction,,equipment,,This safety equipment is designed to keep the rocket from causing damage or being destroyed in the event that some equipment malfunction occurs immediately after the rocket engines start.,wn-0098:3:105,malfunction,105,,,,,,,False,0.55
wn-0098,4,failure,destroyed,,,,Under similar circumstances with other rockets the entire rocket together with its payload would have been destroyed due to a computer report of malfunction.,wn-0098:4:130,destroy,130,,,,,,,False,0.55
wn-0098,4,failure,malfunction,,,,Under similar circumstances with other rockets the entire rocket together with its payload would have been destroyed due to a computer report of malfunction.,wn-0098:4:137,malfunction,137,,,,,,,False,0.5
wn-0098,5,failure,failure,,,next week,"The exact reasons for failure were not disclosed by SpaceX, but Elon Musk said on his web site, ""I will post a longer update next week, after we have enough time to finish forensics of recent events and formulate next steps.""",wn-0098:5:144,failure,144,,,DATE:next week,,,,False,0.55
wn-0100,6,launch,launched,,Mars Reconnaissance Orbiter,seven months ago,"The Mars Reconnaissance Orbiter was launched seven months ago on August 12, 2005.",wn-0100:6:138,launch,138,,SPACECRAFT:Mars Reconnaissance Orbiter,DATE:seven months ago,,,,False,0.8
wn-0101,2,landing,landing,,,,"The MRO's tasks will include scouting for possible future landing sites, analyzing the planet's atmosphere, monitoring its weather, and searching for locations where there may have been water in the distant past.",wn-0101:2:58,landing,58,,,,,,,False,0.5
wn-0101,6,failure,failed,,Several previous probes,,Several previous probes have failed due to the difficulty of the precise timing needed to keep the spacecraft from being pulled in by the planet's gravity.,wn-0101:6:156,fail,156,,,,,,,False,0.6
wn-0101,7,failure,failed,,,,Twenty-one of the thirty-three previous probes have failed for some reason to complete their missions.,wn-0101:7:191,fail,191,,,,,,,False,0.55
wn-0101,10,launch,launch,,,,"The total cost of the mission, including the spacecraft, launch, and support team, is US$720 million.",wn-0101:10:273,launch,273,,,,,,,False,0.5
wn-0102,1,launch,launched,Google,Mars,yesterday,Google officially launched the new Google Mars yesterday as another add-on to Google Maps.,wn-0102:1:22,launch,22,ORG:Google,CELESTIAL:Mars,DATE:yesterday,,,,False,0.9
wn-0102,7,landing,landings,,spacecraft,,"Google has added various bookmarks showing points of interest such as landings of spacecraft, locations of mountains, and craters.",wn-0102:7:223,landing,223,,,,,,,False,0.55
wn-0103,0,discovery,found,the Cassini spacecraft,,,NASA has announced that the Cassini spacecraft has found what seem to be geysers spewing water on the moon Enceladus.,wn-0103:0:8,find,8,,,,,,,False,0.55
wn-0103,3,discovery,found,,life,,"Although life may be found on the moon, most scientists concede that if Enceladus does harbor life, it probably consists of microbes or other robust organisms capable of living in extreme conditions.",wn-0103:3:82,find,82,,,,,,,False,0.6
wn-0103,4,discovery,discovery,,,,This latest discovery shows that life in other parts of the universe may be more probable than previously thought.,wn-0103:4:115,discovery,115,,,,,,,False,0.5
wn-0104,0,failure,crashing,,two craft,,"NASA, the United States' space agency, has announced that its next mission to the Moon will not only orbit the Moon, but also send two craft crashing into its surface.",wn-0104:0:30,crash,30,,,,,,,False,0.6
wn-0104,3,landing,land,,astronauts,,"The mission is part of the run-up to trying to land astronauts back on the Moon, and perhaps keep them there for a longer period of time than the Apollo missions did.",wn-0104:3:95,land,95,,,,,Moon,CELESTIAL:Moon,False,0.6
wn-0104,11,launch,launch,It,LRO,October 2008,It will launch with the LRO in October 2008 and use its onboard cameras and spectrometers to watch the impact of its upper stage into the surface.,wn-0104:11:276,launch,276,,ORG:LRO,DATE:October 2008,in,,,False,0.8
wn-0104,14,failure,crash,,,,"After the first crash, LCROSS will attempt to fly through the plume of debris, taking readings and sending them back to Earth.",wn-0104:14:352,crash,352,,,,,,,False,0.5
wn-0104,15,failure,crash,,it,,"Once done, it will itself crash into a different region of the crater, allowing both the LRO and stations on Earth to observe the plume that it creates.",wn-0104:15:380,crash,380,,,,,,,False,0.6
wn-0104,15,discovery,observe,LRO,the plume,,"Once done, it will itself crash into a different region of the crater, allowing both the LRO and stations on Earth to observe the plume that it creates.",wn-0104:15:398,observe,398,ORG:LRO,,,,,,False,0.7
wn-0105,3,launch,launched,NASA,Voyager 1,"September 5, 1977","Voyager 1 had been launched on September 5, 1977 by NASA and was the first spacecraft to transmit close-up pictures of Jupiter and Saturn.",wn-0105:3:72,launch,72,ORG:NASA,SPACECRAFT:Voyager 1,"DATE:September 5, 1977",on,,,False,0.9
wn-0106,0,launch,launch,,Space Shuttle Discovery,July,NASA says that the Space Shuttle Discovery will launch in July as planned and that no more safety changes will take place until after July's launch.,wn-0106:0:8,launch,8,,SPACECRAFT:Space Shuttle Discovery,DATE:July,in,,,False,0.8
wn-0106,0,launch,launch,,,July,NASA says that the Space Shuttle Discovery will launch in July as planned and that no more safety changes will take place until after July's launch.,wn-0106:0:26,launch,26,,,DATE:July,,,,False,0.55
wn-0106,1,discovery,found,Tests,,,"Tests that NASA performed on the shuttle have found that there is no way to stop the ""ice frost ramps"" that fall off the shuttles when they launch.",wn-0106:1:37,find,37,,,,,,,False,0.55
wn-0106,1,launch,launch,,they,,"Tests that NASA performed on the shuttle have found that there is no way to stop the ""ice frost ramps"" that fall off the shuttles when they launch.",wn-0106:1:58,launch,58,,,,,,,False,0.6
wn-0106,2,failure,loss,,,,"""The decision was to fly these ice frost ramps as is, knowing that we can expect to have some small foam loss that could pose a risk,"" said the shuttle's project director, Wayne Hale in a press conference.",wn-0106:2:84,loss,84,,,,,,,False,0.5
wn-0106,7,failure,broke up,,shuttle Columbia,February 2003,"In February 2003, shuttle Columbia broke up during its return to Earth because 2 foam pieces that fell off the shuttle's fuel tank hit the wing of the shuttle.",wn-0106:7:206,break,206,,SPACECRAFT:shuttle Columbia,DATE:February 2003,in,,,False,0.8
wn-0106,10,launch,taking off,,the shuttle,,The redesign removed two pieces of foam from cables that were insulated from wind when the shuttle was taking off.,wn-0106:10:292,take,292,,,,,,,False,0.6
wn-0107,10,failure,destroyed,,that,1958,The London Planetarium opened in 1958 on the site of an old cinema that was destroyed in the second world war.,wn-0107:10:316,destroy,316,,,DATE:1958,,,,False,0.65
wn-0108,0,launch,launched,,recently launched photo/spy satellite,,"ImageSat International, the Israeli company that operates the recently launched photo/spy satellite Eros B, published its first photographs of potential targets in the Middle East.",wn-0108:0:10,launch,10,,,,,,,False,0.6
wn-0108,2,discovery,observe,The dual-use satellite,small details,,"The dual-use satellite, second in the EROS series, can observe small details on the ground at very high resolution.",wn-0108:2:69,observe,69,,,,,,,False,0.6
wn-0109,1,launch,launch,,,7 hour,"On Friday in Cape Canaveral, Florida, Space Shuttle Discovery began its 4.2 mile, 7 hour long journey to the launch pad, completing successfully.",wn-0109:1:53,launch,53,,,TIME:7 hour,,,,False,0.55
wn-0109,3,launch,launch,,,May,"The launch was supposed to occur in May, but NASA pushed back the date because of a faulty fuel sensor.",wn-0109:3:68,launch,68,,,DATE:May,,,,False,0.55
wn-0109,3,failure,faulty,,a faulty fuel sensor,May,"The launch was supposed to occur in May, but NASA pushed back the date because of a faulty fuel sensor.",wn-0109:3:85,faulty,85,,,DATE:May,,,,False,0.6
wn-0109,5,failure,disaster,,,,Engineers believed that foam falling from the shuttle and smashing into the wing caused the disaster.,wn-0109:5:126,disaster,126,,,,,,,False,0.5
wn-0109,6,failure,accident,,,,"After the accident, NASA grounded the shuttle fleet to determine the cause.",wn-0109:6:130,accident,130,,,,,,,False,0.5
wn-0109,7,launch,launch,,,2005,"In 2005 cameras had shown during launch that a piece of foam being shed from the external tank, as well as smaller tile and foam dings.",wn-0109:7:149,launch,149,,,DATE:2005,,,,False,0.55
wn-0109,9,discovery,detected,Cameras,a small piece,,"Cameras also detected a small piece of thermal blanket near the cockpit that fell off, but later tests in wind tunnels had shown the piece to be of little concern and Discover landed safely.",wn-0109:9:193,detect,193,,,,,,,False,0.6
wn-0109,9,landing,landed,,tests,,"Cameras also detected a small piece of thermal blanket near the cockpit that fell off, but later tests in wind tunnels had shown the piece to be of little concern and Discover landed safely.",wn-0109:9:224,land,224,,,,,,,False,0.6
wn-0109,10,launch,launch,,,"between July 1 and July 19, 2006","NASA is scheduling the launch for Discovery to be between July 1 and July 19, 2006 and Steve Lindsey will Commander of the mission, flying with pilot Mark Kelly, two spacewalkers, Mike Fossum and Piers Sellers and mission specialists Stephanie Wilson and Lisa Nowak.",wn-0109:10:232,launch,232,,,"DATE:between July 1 and July 19, 2006",,,,False,0.55
wn-0110,3,launch,launched,,that,1999,Stardust is a NASA Discovery mission that was launched in 1999.,wn-0110:3:38,launch,38,,,DATE:1999,in,,,False,0.65
wn-0110,11,launch,launch,,,,"I should mention parenthetically that there is a fantastic launch video &amp;mdash; taken from the POV of the rocket on the JPL Stardust website &amp;mdash; highly recommended &amp;mdash; best I've ever seen &amp;mdash; all the way from the launch pad, too.",wn-0110:11:220,launch,220,,,,,,,False,0.5
wn-0110,11,launch,launch,,,,"I should mention parenthetically that there is a fantastic launch video &amp;mdash; taken from the POV of the rocket on the JPL Stardust website &amp;mdash; highly recommended &amp;mdash; best I've ever seen &amp;mdash; all the way from the launch pad, too.",wn-0110:11:258,launch,258,,,,,,,False,0.5
wn-0110,17,discovery,find,,them,,The first challenge that we have before can do any kind of analysis of these interstellar dust particles is simply to find them.,wn-0110:17:309,find,309,,,,,,,False,0.6
wn-0110,26,discovery,found,,you,,How many samples do you anticipate being found during the course of the project?,wn-0110:26:529,find,529,,,,,,,False,0.6
wn-0110,31,discovery,detect,Eberhard Gruen,,,The Galileo and Ulysses spacecraft carried dust detectors onboard that Eberhard Gruen and his colleagues used to first detect and them measure the flux of interstellar dust particles streaming into the solar system.,wn-0110:31:584,detect,584,PERSON:Eberhard Gruen,,,,,,False,0.65
wn-0110,51,discovery,discoveries,,,,"These particles will be quite diverse, so we're hoping that we'll continue to have lots of volunteers collaborating with us on this after the initial discoveries.",wn-0110:51:1020,discovery,1020,,,,,,,False,0.5
wn-0110,52,discovery,find,we,that,,It may be that the 50th particle that we find will be the real Rosetta stone that turns out to be critical to our understanding of interstellar dust.,wn-0110:52:1031,find,1031,,,,,,,False,0.6
wn-0110,53,discovery,find,we,them,,So we really want to find them all!,wn-0110:53:1056,find,1056,,,,,,,False,0.6
wn-0110,58,launch,launch,,,several years,you have to build an instrument to make a measurement and that instrument design gets locked in several years before launch practically guaranteeing that it will be obsolete by the time you launch.,wn-0110:58:1141,launch,1141,,,DATE:several years,,,,False,0.55
wn-0110,58,launch,launch,,you,several years,you have to build an instrument to make a measurement and that instrument design gets locked in several years before launch practically guaranteeing that it will be obsolete by the time you launch.,wn-0110:58:1153,launch,1153,,,DATE:several years,,,,False,0.65
wn-0110,60,launch,launched,,the mission,,Several of the instruments that are now being used to analyze the cometary dust did not exist when the mission was launched.,wn-0110:60:1183,launch,1183,,,,,,,False,0.6
wn-0110,65,delay,delays,,,,We're really frustrated with the delays that we've been having.,wn-0110:65:1273,delay,1273,,,,,,,False,0.5
wn-0110,68,discovery,uncovered,we,a couple,,"In learning how to do the scanning of the actual flight aerogel, we uncovered a couple of bugs in our scanning software &amp;mdash; which forced us to go back and rescan.",wn-0110:68:1376,uncover,1376,,,,,,,False,0.6
wn-0110,69,delay,delay,,,,"Part of the other reason for the delay was that we had to learn how to handle the collector &amp;mdash; it would cost $200M to replace it if something happened to it, so we had to develop procedures to deal with it, and add several new safety features to the Cosmic Dust Lab.",wn-0110:69:1404,delay,1404,,,,,,,False,0.5
wn-0110,72,delay,delay,we,the IS,,"The IS project has no such deadline, so at times we had to delay the IS (interstellar, sorry) in order to focus on the cometary work.",wn-0110:72:1503,delay,1503,,,,,,,False,0.6
wn-0110,114,discovery,finding,,new information,,Is that our best chance of finding new information on comets and asteroids?,wn-0110:114:2249,find,2249,,,,,,,False,0.6
wn-0110,121,failure,lost,,they,,"Also, she talked about how some of the agencies that they gave samples to had lost or destroyed 2-3 samples while trying to analyze them.",wn-0110:121:2388,lose,2388,,,,,,,False,0.6
wn-0110,121,failure,destroyed,they,that they gave samples to had lost or destroyed 2-3 samples,,"Also, she talked about how some of the agencies that they gave samples to had lost or destroyed 2-3 samples while trying to analyze them.",wn-0110:121:2390,destroy,2390,,,,,,,False,0.6
wn-0110,125,failure,loss,,,,"These will be the first measurements, probably, that we'll make on the interstellar dust There is always a risk of loss.",wn-0110:125:2481,loss,2481,,,,,,,False,0.5
wn-0110,126,failure,disaster,,,,"Fortunately for the cometary samples there is quite a lot there, so it's not a disaster.",wn-0110:126:2500,disaster,2500,,,,,,,False,0.5
wn-0110,147,discovery,found,,samples,,"When samples are found, How will they be analyzed?",wn-0110:147:2956,find,2956,,,,,,,False,0.6
wn-0110,148,discovery,finding,,the samples,,Who gets the credit for finding the samples?,wn-0110:148:2969,find,2969,,,,,,,False,0.6
wn-0110,149,discovery,identifies,who,an interstellar dust particle,,"The first person who identifies an interstellar dust particle will be acknowledged on the website (and probably will be much in demand for interviews from the media!), will have the privilege of naming the particle, and will be a co-author on any papers that WE (at UCB) publish on the analysis of the particle.",wn-0110:149:2978,identify,2978,,,,,,,False,0.6
wn-0110,150,discovery,discover,who,particles,,"Also, although we are precluded from paying for travel expenses, we will invite those who discover particles AND the top performers to our lab for a hands-on tour.",wn-0110:150:3055,discover,3055,,,,,,,False,0.6
wn-0111,0,discovery,found,Researchers,a giant asteroid impact crater,,"Researchers have found a giant asteroid impact crater under the Wilkes Land ice sheet of Antarctica and it may have been responsible for creating the conditions in which dinosaurs evolved, but may also have been the cause of a mass extinction.",wn-0111:0:2,find,2,,,,,,,False,0.6
wn-0112,11,landing,landed,,that,1904,"""The record was the Alta meteorite that landed in 1904.",wn-0112:11:204,land,204,,,DATE:1904,in,,,False,0.65
wn-0112,12,landing,landed,,that,Wednesday,"That one was 90 kilos (198 lbs) but we think the meteorite that landed Wednesday was considerably larger,"" said Ødegaard.",wn-0112:12:223,land,223,,,DATE:Wednesday,,,,False,0.65
wn-0112,13,discovery,find,area residents,remnants,,He also said that area residents could find remnants of the meteor.,wn-0112:13:240,find,240,,,,,,,False,0.6
wn-0113,0,launch,launched,A Russian Soyuz rocket,a civilian Earth observation satellite,today,A Russian Soyuz rocket successfully launched a civilian Earth observation satellite into orbit today at the Baikonur Cosmodrome in central Kazakhstan.,wn-0113:0:5,launch,5,,,DATE:today,,Baikonur Cosmodrome,FAC:Baikonur Cosmodrome,False,0.65
wn-0113,0,discovery,observation,,Earth,today,A Russian Soyuz rocket successfully launched a civilian Earth observation satellite into orbit today at the Baikonur Cosmodrome in central Kazakhstan.,wn-0113:0:9,observation,9,,CELESTIAL:Earth,DATE:today,,,,False,0.75
wn-0113,1,failure,disasters,,,,"The satellite's mission is mainly to assist exploration of natural resources, monitor pollution and natural or man-made disasters.",wn-0113:1:43,disaster,43,,,,,,,False,0.5
wn-0113,2,launch,lifted off,The three-stage Soyuz rocket,an apogee,little under nine minutes later,"The three-stage Soyuz rocket lifted off at 0800 UTC (4:00 a.m. EDT), little under nine minutes later in an orbit with an apogee of approximately 230 miles, a perigee of around 125 miles, and an inclination of about 70 degrees.",wn-0113:2:52,lift,52,,,TIME:little under nine minutes later,,UTC,ORG:UTC,False,0.65
wn-0113,10,discovery,identifying,,earthquake precursors,,The other is a Russian particle detector for designed for identifying earthquake precursors in Earth's magnetic field.,wn-0113:10:308,identify,308,,,,,,,False,0.6
wn-0113,11,launch,launches,,these updated satellites,the next few years,Further launches of these updated satellites are expected in the next few years.,wn-0113:11:319,launch,319,,,DATE:next few years,,,,False,0.6
wn-0113,12,launch,launch,,,,"The Soyuz rocket's next scheduled launch is a cargo delivery flight to the International Space Station, to be followed by the launch of the Eurosat MetOp-A weather satellite.",wn-0113:12:338,launch,338,,,,,,,False,0.5
wn-0113,12,launch,launch,,the Eurosat MetOp-A weather satellite,,"The Soyuz rocket's next scheduled launch is a cargo delivery flight to the International Space Station, to be followed by the launch of the Eurosat MetOp-A weather satellite.",wn-0113:12:355,launch,355,,,,,,,False,0.55
wn-0114,0,discovery,discovered,,The two recently discovered moons,,"The two recently discovered moons of the planet Pluto were officially named Hydra and Nix by the International Astronomical Union, the internationally recognized authority for assigning designations to celestial bodies.",wn-0114:0:3,discover,3,,,,,,,False,0.6
wn-0114,1,discovery,discovered,the Pluto Companion Search Team,The moons,May last year,"The moons were discovered in May last year by the Pluto Companion Search Team, a team of scientists from the Southwest Research Institute (SwRI), the Johns Hopkins University's Applied Physics Laboratory (APL), the Space Telescope Science Institute and Lowell Observatory, using images taken from the Hubble space telescope.",wn-0114:1:36,discover,36,,,DATE:May last year,in,,,False,0.65
wn-0114,2,discovery,discovery,,,,The moons were designated as S/2005 P1 (Hydra) and P2 (Nix) upon discovery.,wn-0114:2:107,discovery,107,,,,,,,False,0.5
wn-0114,3,discovery,discovery,,Their,27 years,Their discovery comes 27 years after the discovery of Pluto's largest moon Charon.,wn-0114:3:111,discovery,111,,,DATE:27 years,,,,False,0.6
wn-0114,3,discovery,discovery,,Charon,27 years,Their discovery comes 27 years after the discovery of Pluto's largest moon Charon.,wn-0114:3:117,discovery,117,,CELESTIAL:Charon,DATE:27 years,,,,False,0.75
wn-0115,4,discovery,identified,Engineers,the source,,"Engineers are still working to rectify the situation, but have not yet identified the source of the problem.",wn-0115:4:82,identify,82,,,,,,,True,0.6
wn-0115,7,failure,malfunction,,the main camera,,The cause of the main camera's malfunction may be a faulty transistor or a disruption to the camera's memory.,wn-0115:7:139,malfunction,139,,,,,,,False,0.55
wn-0115,7,failure,faulty,,a faulty transistor,,The cause of the main camera's malfunction may be a faulty transistor or a disruption to the camera's memory.,wn-0115:7:143,faulty,143,,,,,,,False,0.55
wn-0115,13,launch,launched,,Hubble,April 1990,"Hubble, launched in April 1990, is beginning to show its age.",wn-0115:13:250,launch,250,,SPACECRAFT:Hubble Space Telescope,DATE:April 1990,in,,,False,0.8
wn-0116,0,launch,launch,,,3:48 EDT,"With a planned launch time of 3:48 EDT (19:48 UTC), NASA's shuttle Discovery embarks on the second mission since the loss of shuttle Columbia in 2003.",wn-0116:0:3,launch,3,,,TIME:3:48 EDT,,,,False,0.55
wn-0116,0,failure,loss,,shuttle Columbia,2003,"With a planned launch time of 3:48 EDT (19:48 UTC), NASA's shuttle Discovery embarks on the second mission since the loss of shuttle Columbia in 2003.",wn-0116:0:24,loss,24,,SPACECRAFT:shuttle Columbia,DATE:2003,,,,False,0.75
wn-0116,4,delay,delayed,the weather,the launch,July 2,"As of 3:50 PM EDT (19:50 UTC), the weather has delayed the launch until July 2, with a planned launch time of 3:26 PM EDT (19:26 GMT).",wn-0116:4:116,delay,116,,,DATE:July 2,until,,,False,0.65
wn-0116,4,launch,launch,,,July 2,"As of 3:50 PM EDT (19:50 UTC), the weather has delayed the launch until July 2, with a planned launch time of 3:26 PM EDT (19:26 GMT).",wn-0116:4:118,launch,118,,,DATE:July 2,,,,True,0.55
wn-0116,4,launch,launch,,,3:26 PM EDT,"As of 3:50 PM EDT (19:50 UTC), the weather has delayed the launch until July 2, with a planned launch time of 3:26 PM EDT (19:26 GMT).",wn-0116:4:126,launch,126,,,TIME:3:26 PM EDT,,,,False,0.55
wn-0117,1,discovery,discovered,,the rock,2004,"Dr David Asher from the Armagh Observatory in Northern Ireland said if the rock, discovered in 2004, were to hit the Earth the result would be devastating.",wn-0117:1:50,discover,50,,,DATE:2004,in,,,False,0.65
wn-0117,6,discovery,found,,,,Zipping about in the solar system no PHAs have yet been found on direct collision course with the Earth.,wn-0117:6:191,find,191,,,,,,,False,0.55
wn-0118,0,launch,launch,,,2:38 p.m. EDT,NASA officials decided late Monday to go ahead with the planned launch at 2:38 p.m. EDT on July 4 of the space shuttle Discovery.,wn-0118:0:11,launch,11,,,TIME:2:38 p.m. EDT,at,,,False,0.55
wn-0118,1,launch,launch,,,,"The launch, from Cape Canaveral in Florida, had previously been delayed twice due to poor weather conditions.",wn-0118:1:26,launch,26,,,,,,,True,0.5
wn-0118,1,delay,delayed,,The launch,,"The launch, from Cape Canaveral in Florida, had previously been delayed twice due to poor weather conditions.",wn-0118:1:37,delay,37,,,,,Cape Canaveral,FAC:Cape Canaveral,False,0.6
wn-0118,3,discovery,found,,that,late last night,"There were concerns over a 5"" by 1/2"" crack in the insulation foam that was found late last night.",wn-0118:3:96,find,96,,,TIME:late last night,,,,False,0.65
wn-0118,4,launch,launch,,,,NASA officials dismissed the crack saying it was less than the size required to cause damage at launch.,wn-0118:4:118,launch,118,,,,,,,False,0.5
wn-0118,9,launch,launch,,,,Officials have said that they expect foam to fall during the launch though.,wn-0118:9:228,launch,228,,,,,,,False,0.5
wn-0118,10,launch,launch,,,,"A few senior NASA safety and technical officers have their voiced opposition to the launch, claiming that they need more time to work on the foam-shedding problem.",wn-0118:10:245,launch,245,,,,,,,False,0.5
wn-0118,11,failure,disaster,,Columbia,2003,Foam debris coming loose was the cause of the Columbia disaster in 2003.,wn-0118:11:272,disaster,272,,ORG:Columbia,DATE:2003,,,,False,0.75
wn-0118,12,launch,launch,,,,It is widely expected that another major problem with the launch would lead to the entire NASA fleet being grounded.,wn-0118:12:287,launch,287,,,,,,,False,0.5
wn-0119,0,launch,launched,,Space Shuttle Discovery,,"The Space Shuttle Discovery has been launched from Kennedy Space Center, on mission STS-121.",wn-0119:0:6,launch,6,,SPACECRAFT:Space Shuttle Discovery,,,Kennedy Space Center,FAC:Kennedy Space Center,False,0.75
wn-0119,1,failure,loss,,Space Shuttle Columbia,"February 1, 2003","This is 115th Space Shuttle Flight and the second since the loss of Space Shuttle Columbia on February 1, 2003.",wn-0119:1:27,loss,27,,SPACECRAFT:Space Shuttle Columbia,"DATE:February 1, 2003",on,,,False,0.75
wn-0119,3,launch,Launch,,,2:38 p.m. EDT,"Launch occurred on schedule at 2:38 p.m. EDT (18:38 UTC), with the spacecraft reaching orbit 8 minutes later.",wn-0119:3:77,launch,77,,,TIME:2:38 p.m. EDT,,,,False,0.55
wn-0119,4,launch,launch,,,Around 3 minutes,"Around 3 minutes into the launch, an on-board camera showed numerous pieces of insulation foam break away from the fuel tank.",wn-0119:4:105,launch,105,,,TIME:Around 3 minutes,,,,False,0.55
wn-0119,8,launch,launch,,,Fourth of July,This is the first time an American manned spacecraft has added its own launch fireworks to Fourth of July celebrations in the United States.,wn-0119:8:178,launch,178,,,DATE:Fourth of July,,,,False,0.55
wn-0120,0,landing,landed,,shuttle Discovery,9:14 a.m.,Space shuttle Discovery landed at Cape Canaveral at 9:14 a.m. (1314 UTC) yesterday.,wn-0120:0:3,land,3,,SPACECRAFT:shuttle Discovery,TIME:9:14 a.m.,at,Cape Canaveral,FAC:Cape Canaveral,False,0.8
wn-0120,3,landing,descent,,,,"The shuttle, which was orbiting the Earth with the engine facing forward, fired the engines briefly to slow down and begin the descent, flipping its nose forward to prepare for the landing.",wn-0120:3:86,descent,86,,,,,,,False,0.5
wn-0120,3,landing,landing,,,,"The shuttle, which was orbiting the Earth with the engine facing forward, fired the engines briefly to slow down and begin the descent, flipping its nose forward to prepare for the landing.",wn-0120:3:96,landing,96,,,,,,,False,0.5
wn-0120,5,landing,landing,,,,The shuttle executed a series of computer controlled S curves to slow down to the landing speed.,wn-0120:5:143,landing,143,,,,,,,False,0.5
wn-0120,6,landing,landing,,,,The shuttle neared the landing strip at an angle 7 times steeper and a speed 20 times faster than a commercial aircraft.,wn-0120:6:151,landing,151,,,,,,,False,0.5
wn-0120,7,landing,landed,,it,,The space shuttle was welcomed by hoots and whistles from the few hundred astronauts' relatives and space center workers as it landed on the 3 mile (4.8 kilometre) long runway,wn-0120:7:193,land,193,,,,,,,False,0.6
wn-0120,12,failure,disaster,,Columbia,,This is the second space shuttle flight since the Columbia disaster.,wn-0120:12:302,disaster,302,,ORG:Columbia,,,,,False,0.7
wn-0121,2,failure,loss,,Space Shuttle Columbia,four years,"This will be the third mission since the loss of the Space Shuttle Columbia on mission STS-107, and the first ISS assembly mission in four years.",wn-0121:2:61,loss,61,,SPACECRAFT:Space Shuttle Columbia,DATE:four years,,,,False,0.75
wn-0121,5,launch,launch,,,August 28th,"Rollout to the pad is scheduled for August 1st, ahead of an August 28th launch date.",wn-0121:5:127,launch,127,,,DATE:August 28th,,,,False,0.55
wn-0121,6,launch,launch,,,August 27th,"It is possible that these may be brought forward for an August 27th launch, which would make it the first time in NASA history a manned spaceflight has occurred earlier than originally scheduled.",wn-0121:6:143,launch,143,,,DATE:August 27th,,,,False,0.55
wn-0122,0,failure,exploding,,an exploding meteorite,,"A jewel that once belonged to King Tutankhamen of ancient Egypt is believed to have been created by an exploding meteorite entering Earth's atmosphere ""hugely bigger in energy than the atomic bomb tests,"" said geophysicist John Wasson.",wn-0122:0:19,explode,19,,,,,,,False,0.6
wn-0122,1,failure,explosion,,,,"The explosion was ""Ten thousand times more powerful,"" added Wasson.",wn-0122:1:43,explosion,43,,,,,,,False,0.5
wn-0122,2,discovery,found,,the jewel,,"The Egyptian Mineral Resources Authority says the jewel is composed of 98% silica or glass, making it the purest jewel of its kind on the planet and can only be found in a certain area of the Sahara Desert.",wn-0122:2:89,find,89,,,,,,,False,0.6
wn-0123,1,discovery,findings,,,,"If the findings are confirmed, then Titan will be the only other planetary mass, other than Earth, to have liquid lakes on their surfaces.",wn-0123:1:31,finding,31,,,,,,,False,0.5
wn-0123,7,discovery,found,scientists,at least 12 lakes,,So far scientists have found at least 12 lakes which range between 6 and 62 miles wide.,wn-0123:7:206,find,206,,,,,,,False,0.6
wn-0124,0,landing,landing,,,,The magnetic tapes of the first moon landing that was beamed to the world via three tracking stations and those of other 5 Apollo missions have gone missing.,wn-0124:0:7,landing,7,,,,,,,False,0.5
wn-0124,1,discovery,found,,they,,There will be a search for these tapes in the hope that they may be found before they deteriorate.,wn-0124:1:44,find,44,,,,,,,False,0.6
wn-0124,4,landing,landings,,Moon,,"These were digitized and can be seen in the Apollo Lunar Surface Journal website, where all the graphic documentation of the Apollo Moon landings is maintained.",wn-0124:4:126,landing,126,,CELESTIAL:Moon,,,,,False,0.7
wn-0124,14,discovery,found,,the tapes,,Mr Sarkissian proposes that if the tapes are found that they be digitised and stored.,wn-0124:14:344,find,344,,,,,,,False,0.6
wn-0124,15,discovery,found,,they,October,"The Goddard centre, home to the only known piece of equipment that decodes the analogue tapes, is set to be closed in October raising fears that, even if they are found, it might not be possible to decode and copy them.",wn-0124:15:386,find,386,,,DATE:October,,,,False,0.65
wn-0125,0,landing,landings,,,August 5,"On August 5, Wikinews published an article, Apollo Moon landings tapes reported missing, based on a report in The Sydney Morning Herald.",wn-0125:0:11,landing,11,,,DATE:August 5,,,,False,0.55
wn-0125,9,discovery,found,,the tapes,,"While John Sarkissian's report points out that everyone thinks we have footage of the first moonwalk, modern techiques would, if the tapes are found before they deteriorate, allow these raw data tapes to be turned into far higher quality pictures than before seen by the public.",wn-0125:9:318,find,318,,,,,,,False,0.6
wn-0125,14,discovery,found,,they,,"This is the one place where all the equipment and expertise exists to process these tapes, if they are found before they deteriorate.",wn-0125:14:489,find,489,,,,,,,False,0.6
wn-0126,2,discovery,observation,,their shape,,"Roughly speaking, the former includes objects over 5 x 1020 kilograms (1/12,000th of Earth's mass) and 800 kilometers in diameter, but all borderline cases would require confirmation by observation of their shape.",wn-0126:2:134,observation,134,,,,,,,False,0.55
wn-0126,10,discovery,discovery,,the trans-Neptunian object,2005,"The issue came to a head in 2005 with the discovery of the trans-Neptunian object 2003UB313 (unofficially termed Xena by its discoverer, Michael E. Brown).",wn-0126:10:391,discovery,391,,,DATE:2005,,,,False,0.6
wn-0126,18,discovery,discovered,The ninth planet,,1930,"The ninth planet (as it is termed, but maybe not for long), discovered in 1930, is a curiosity among planets for more than one reason: because Charon is so big in comparison, both are considered twin planets by some.",wn-0126:18:604,discover,604,,,DATE:1930,in,,,False,0.6
wn-0127,1,launch,launch,,,Wednesday,"The province of Nova Scotia has agreed to set aside 300 acres in Cape Breton for the country's first orbital launch facility, the Toronto Star reported Wednesday.",wn-0127:1:24,launch,24,,,DATE:Wednesday,,,,False,0.55
wn-0127,2,launch,launch,,,several months,"According to the Star, the Canadian Space Agency has been aware of a proposed orbital launch facility for Cape Breton, Nova Scotia for several months and is ""pleased.",wn-0127:2:49,launch,49,,,DATE:several months,,,,False,0.55
wn-0127,10,launch,launch,,,,PlanetSpace picked Cape Breton as a launch site because of its location in relation to the International Space Station.,wn-0127:10:174,launch,174,,,,,,,False,0.5
wn-0127,14,launch,launch,,,,"PlanetSpace says NASA is so intrigued with its proposed ""Silver Dart"" vehicle and launch location it's willing to provide unfunded technical support.",wn-0127:14:266,launch,266,,,,,,,False,0.5
wn-0127,17,launch,launch,The spacecraft,,,"The spacecraft is expected to launch vertical atop a stack of about 10 Canadian Arrow rocket engines and land horizontally on an aircraft runway, they added.",wn-0127:17:346,launch,346,,,,,,,False,0.55
wn-0128,0,launch,launched,,rockets,2008,NASA has announced that rockets will be launched from Woomera in outback South Australia to service the International Space Station (ISS) &amp;mdash; starting in 2008.,wn-0128:0:7,launch,7,,,DATE:2008,,Woomera,GPE:Woomera,False,0.65
wn-0128,1,launch,launch,NASA,rockets,,NASA has selected two American companies to launch rockets from the Woomera base.,wn-0128:1:37,launch,37,ORG:NASA,,,,,,False,0.7
wn-0128,3,launch,launch,The Woomera site,cargo,every two weeks,The Woomera site would also be used to launch cargo such as fuel and food to the ISS as often as every two weeks.,wn-0128:3:68,launch,68,,,DATE:every two weeks,,,,False,0.65
wn-0128,6,launch,launch,,,,"SpaceX based in California, and Rocketplane-Kistler of Oklahoma City, will share up to $US500 million in NASA seed money to develop their launch vehicles.",wn-0128:6:161,launch,161,,,,,,,False,0.5
wn-0128,8,launch,launch,,,March,"SpaceX, owned by Internet entrepreneur and PayPal founder Elon Musk, made its launch debut in March with the Falcon 1 rocket but the vehicle failed shortly after lift-off.",wn-0128:8:202,launch,202,,,DATE:March,,,,False,0.55
wn-0128,8,failure,failed,,the vehicle,March,"SpaceX, owned by Internet entrepreneur and PayPal founder Elon Musk, made its launch debut in March with the Falcon 1 rocket but the vehicle failed shortly after lift-off.",wn-0128:8:214,fail,214,,,DATE:March,,,,False,0.65
wn-0128,10,launch,launch,,its K-1 rocket,late 2008,Kistler has scheduled the first launch of its K-1 rocket from Woomera in late 2008.,wn-0128:10:243,launch,243,,,DATE:late 2008,in,Woomera,GPE:Woomera,False,0.6
wn-0128,11,launch,launch,,,October,Kistler said work on a $100 million launch site at Woomera was expected to start in October.,wn-0128:11:263,launch,263,,,DATE:October,,,,False,0.55
wn-0128,17,launch,launch,,,,The K-1 launch vehicle is designed to be re-used 100 times.,wn-0128:17:381,launch,381,,,,,,,False,0.5
wn-0128,19,launch,launches,,,,"""Woomera was chosen because it can be used for polar and equatorial launches and because of its clean land areas,"" Mr Evans said.",wn-0128:19:428,launch,428,,,,,,,False,0.5
wn-0128,22,launch,launch,,K-1,,Rocketplane Kistler say their K-1 launch system will also provide low cost space access for satellites and research payloads.,wn-0128:22:461,launch,461,,,,,,,False,0.55
wn-0129,0,discovery,observations,,the distribution,,"New observations of the distribution of mass show clear evidence of the separation of dark matter and normal matter, according to NASA scientists.",wn-0129:0:1,observation,1,,,,,,,False,0.55
wn-0129,2,discovery,observation,,,,"The observation supports the theory that the bulk of the universe is made up of invisible dark matter, which was detected by observing the gravitational force it exerted on visible matter.",wn-0129:2:96,observation,96,,,,,,,False,0.5
wn-0129,2,discovery,detected,,which,,"The observation supports the theory that the bulk of the universe is made up of invisible dark matter, which was detected by observing the gravitational force it exerted on visible matter.",wn-0129:2:116,detect,116,,,,,,,False,0.6
wn-0129,2,discovery,observing,,the gravitational force,,"The observation supports the theory that the bulk of the universe is made up of invisible dark matter, which was detected by observing the gravitational force it exerted on visible matter.",wn-0129:2:118,observe,118,,,,,,,False,0.6
wn-0129,6,discovery,detect,,the presence,,"Because the force of gravity can bend light, the team was able to detect the presence of dark matter through gravitational lensing.",wn-0129:6:197,detect,197,,,,,,,False,0.6
wn-0129,8,discovery,discovery,,their,1E0657-56,"To make their discovery, the scientists trained their telescopes on a cluster of galaxies officially designated 1E0657-56, informally known as the bullet cluster because of its shape.",wn-0129:8:245,discovery,245,,,DATE:1E0657-56,,,,False,0.6
wn-0130,0,discovery,discovered,An international group,the smallest Earth-like planet,,"An international group of 73 scientists using 4 projects (PLANET led by Jean-Philippe Beaulieu and Martin Dominik, RoboNet led by Michael Bode and Keith Horne, OGLE led by Andrzej Udalski, and MOA led by Phil Yock) from 32 institutions in 12 countries have discovered the smallest Earth-like planet yet.",wn-0130:0:50,discover,50,,,,,,,False,0.6
wn-0130,2,discovery,discovery,,,,The discovery was announced in the journal Nature.,wn-0130:2:82,discovery,82,,,,,,,False,0.5
wn-0130,3,discovery,found,,the planet,,"The journal also states the planet was found using a method called gravitational microlensing, which detects small planets with a mass like that of Earth.",wn-0130:3:97,find,97,,,,,,,False,0.6
wn-0130,3,discovery,detects,which,small planets,,"The journal also states the planet was found using a method called gravitational microlensing, which detects small planets with a mass like that of Earth.",wn-0130:3:106,detect,106,,,,,,,False,0.6
wn-0130,6,discovery,finding,,any life,,"However, scientists say that the cold temperatures on the planet make the chance of finding any life on it ""unlikely.",wn-0130:6:177,find,177,,,,,,,False,0.6
wn-0130,8,discovery,discover,,planets,,"""We may predict with reasonable probability that microlensing will discover planets with masses like that of Earth at a similar distance from their stars and with comparable surface temperature,"" said study co-author Bohdan Paczynski from Princeton University.",wn-0130:8:197,discover,197,,,,,,,False,0.6
wn-0130,15,discovery,discovered,we,,,"""This is the most Earth-like planet we have discovered to date, in terms of its mass and the distance from its parent star.",wn-0130:15:448,discover,448,,,,,,,False,0.55
wn-0130,16,discovery,discovered,,that,,"Most of the other planets that have been discovered are either much more massive, much hotter or both.",wn-0130:16:473,discover,473,,,,,,,False,0.6
wn-0130,18,discovery,found,scientists,,two years,This is the third planet in two years that scientists have found using gravitational microlensing.,wn-0130:18:498,find,498,,,DATE:two years,,,,False,0.6
wn-0130,19,discovery,found,,more than 150 planets,,"In the past, more than 150 planets outside our solar system were found using a technique known as the radial velocity method.",wn-0130:19:517,find,517,,,,,,,False,0.6
wn-0130,20,discovery,observes,This method,a wobble,,This method observes a wobble in stars caused by the planet's gravitational effects.,wn-0130:20:530,observe,530,,,,,,,False,0.6
wn-0131,4,failure,loses,Pluto,its planet status,,"Pluto no longer meets the criteria and loses its planet status, but becomes the prototype of a distinct class of dwarf planets.",wn-0131:4:67,lose,67,CELESTIAL:Pluto,,,,,,False,0.7
wn-0131,8,discovery,discovery,,new objects,,"Previously, there was no definition and with the discovery of new objects beyond Pluto there was much need for a clear criterion.",wn-0131:8:165,discovery,165,,,,,,,False,0.55
wn-0131,9,discovery,findings,,,,The scientists also discussed new research findings in their field.,wn-0131:9:186,finding,186,,,,,,,False,0.5
wn-0131,21,discovery,discovery,American Clyde Tombaugh,its,1930,"Ever since its discovery by American Clyde Tombaugh in 1930, Pluto has been considered a planet, though its status has been questioned many times after it was discovered to be far less massive than earlier calculations suggested, and because of its many other eccentricities.",wn-0131:21:437,discovery,437,ORG:American Clyde Tombaugh,,DATE:1930,in,,,False,0.7
wn-0131,21,discovery,discovered,,it,1930,"Ever since its discovery by American Clyde Tombaugh in 1930, Pluto has been considered a planet, though its status has been questioned many times after it was discovered to be far less massive than earlier calculations suggested, and because of its many other eccentricities.",wn-0131:21:463,discover,463,,,DATE:1930,,,,False,0.65
wn-0132,2,discovery,found,,the tapes,today,NASA engineers are hopeful that when the tapes are found they can use today's digital technology to provide a version of the moonwalk that is much better quality than what we have today.,wn-0132:2:43,find,43,,,DATE:today,,,,False,0.65
wn-0132,4,failure,lost,NASA,moon pictures,"August 5, 2006","The news that the tapes were missing broke to the public on August 5, 2006 when the printed and online versions of The Sydney Morning Herald published the story with the title One giant blunder for mankind: how NASA lost moon pictures.",wn-0132:4:112,lose,112,ORG:NASA,,"DATE:August 5, 2006",,,,False,0.75
wn-0132,10,discovery,found,,the tapes,,Scientists believe that if the tapes are found modern techniques would allow these tapes to be turned into higher quality pictures than the ones seen by the public.,wn-0132:10:235,find,235,,,,,,,False,0.6
wn-0133,0,discovery,observed,Scientists,a supernova,,Scientists using NASA's Swift Satellite and other telescopes have observed a supernova in near real time occurring in the constellation of Aries.,wn-0133:0:10,observe,10,,,,,,,False,0.6
wn-0133,1,failure,explosion,,,,"The explosion is said to be the most powerful explosion known to scientists, which consists of a gamma-ray burst or an x-ray blast.",wn-0133:1:25,explosion,25,,,,,,,False,0.5
wn-0133,1,failure,explosion,,,,"The explosion is said to be the most powerful explosion known to scientists, which consists of a gamma-ray burst or an x-ray blast.",wn-0133:1:33,explosion,33,,,,,,,False,0.5
wn-0133,3,discovery,detected,Swift,the explosion,February 18,"Swift first detected the explosion on February 18 (it was given a designation GRB 060218), which allowed telescopes and satellites to watch the event as it happened.",wn-0133:3:69,detect,69,SPACECRAFT:Swift,,DATE:February 18,on,,,False,0.75
wn-0133,3,failure,explosion,,,February 18,"Swift first detected the explosion on February 18 (it was given a designation GRB 060218), which allowed telescopes and satellites to watch the event as it happened.",wn-0133:3:71,explosion,71,,,DATE:February 18,,,,False,0.55
wn-0133,7,discovery,observations,,,,"""Those observations capture the time when the star collapsed, ejected its outer envelope and most of its mass and left a compact remnant behind.",wn-0133:7:161,observation,161,,,,,,,False,0.5
wn-0133,12,launch,launched,,Swift,November of 2004,Swift was launched in November of 2004.,wn-0133:12:290,launch,290,,SPACECRAFT:Swift,DATE:November of 2004,in,,,False,0.8
wn-0134,0,launch,launch,it,shuttle Atlantis,"Wednesday, September 6","NASA says it will launch the space shuttle Atlantis on Wednesday, September 6, at 12:29 p.m.",wn-0134:0:4,launch,4,,SPACECRAFT:shuttle Atlantis,"DATE:Wednesday, September 6",on,,,False,0.8
wn-0134,1,launch,launch,,,Sunday,Countdown until launch will begin on Sunday.,wn-0134:1:20,launch,20,,,DATE:Sunday,,,,False,0.55
wn-0134,2,launch,launch,the shuttle,pad,,"NASA officials also say that the shuttle, launch pad and facilities at the space center suffered no damage from tropical depression Ernesto.",wn-0134:2:35,launch,35,,,,,,,False,0.6
wn-0134,8,delay,delay,,,Wednesday,"If any delay causes the shuttle not to launch on Wednesday, NASA will attempt another launch two days from Wednesday.",wn-0134:8:124,delay,124,,,DATE:Wednesday,,,,False,0.55
wn-0134,8,launch,launch,,the shuttle,Wednesday,"If any delay causes the shuttle not to launch on Wednesday, NASA will attempt another launch two days from Wednesday.",wn-0134:8:130,launch,130,,,DATE:Wednesday,on,,,True,0.65
wn-0134,8,launch,launch,,,two days,"If any delay causes the shuttle not to launch on Wednesday, NASA will attempt another launch two days from Wednesday.",wn-0134:8:138,launch,138,,,DATE:two days,,,,False,0.55
wn-0134,9,launch,launch,,,,A bolt of lightning struck the launch pad which caused NASA to delay the shuttle launch.,wn-0134:9:151,launch,151,,,,,,,False,0.5
wn-0134,9,delay,delay,NASA,the shuttle launch,,A bolt of lightning struck the launch pad which caused NASA to delay the shuttle launch.,wn-0134:9:157,delay,157,ORG:NASA,,,,,,False,0.7
wn-0134,9,launch,launch,,shuttle,,A bolt of lightning struck the launch pad which caused NASA to delay the shuttle launch.,wn-0134:9:160,launch,160,,,,,,,True,0.55
wn-0135,9,failure,crash,,,,"Astronomers and scientists in ground observatories tracked the crash landing as it unfolded, controlled by the ESA staff from the Darmstadt centre, Germany.",wn-0135:9:181,crash,181,,,,,,,False,0.5
wn-0135,9,landing,landing,,crash,,"Astronomers and scientists in ground observatories tracked the crash landing as it unfolded, controlled by the ESA staff from the Darmstadt centre, Germany.",wn-0135:9:182,landing,182,,,,,,,False,0.55
wn-0137,1,delay,delayed,NASA,the launch,,"NASA has delayed the launch of space shuttle Atlantis due to a ""fuel cell anomaly.",wn-0137:1:4,delay,4,ORG:NASA,,,,,,False,0.7
wn-0137,1,launch,launch,,shuttle Atlantis,,"NASA has delayed the launch of space shuttle Atlantis due to a ""fuel cell anomaly.",wn-0137:1:6,launch,6,,SPACECRAFT:shuttle Atlantis,,,,,True,0.7
wn-0137,1,failure,anomaly,,fuel cell,,"NASA has delayed the launch of space shuttle Atlantis due to a ""fuel cell anomaly.",wn-0137:1:17,anomaly,17,,,,,,,False,0.55
wn-0137,8,discovery,discovered,officials,The issue,,The issue with the fuel cell was discovered by officials when NASA was preparing to fill up Atlantis's fuel tank.,wn-0137:8:140,discover,140,,,,,,,False,0.6
wn-0137,10,launch,lift off,,order,,All three of the fuel cells must be working properly in order for Atlantis to lift-off successfully.,wn-0137:10:189,lift,189,,,,,,,False,0.6
wn-0137,11,launch,launch,,Atlantis,24-hours,"More tests will be done on Atlantis in the next 24-hours, but so far officials have not yet decided when Atlantis will launch.",wn-0137:11:220,launch,220,,PRODUCT:Atlantis,TIME:24-hours,,,,False,0.8
wn-0137,12,launch,launching,,,"Friday September 8, 2006","The next window for launching is on Friday September 8, 2006 at 11:41 a.m..",wn-0137:12:226,launch,226,,,"DATE:Friday September 8, 2006",,,,False,0.6
wn-0137,13,launch,launch,,Atlantis,Friday,"If Atlantis does not launch on Friday, officials will try for a launch date in October.",wn-0137:13:242,launch,242,,PRODUCT:Atlantis,DATE:Friday,on,,,True,0.8
wn-0137,13,launch,launch,,,October,"If Atlantis does not launch on Friday, officials will try for a launch date in October.",wn-0137:13:251,launch,251,,,DATE:October,,,,False,0.55
wn-0138,0,launch,launch,,Space Shuttle Atlantis,at least 24 hours,"The launch of the Space Shuttle Atlantis, on mission STS-115 has been delayed by at least 24 hours due to a short in number one of the Orbiter's three Fuel cells.",wn-0138:0:1,launch,1,,SPACECRAFT:Space Shuttle Atlantis,TIME:at least 24 hours,,,,True,0.75
wn-0138,0,delay,delayed,,STS-115,at least 24 hours,"The launch of the Space Shuttle Atlantis, on mission STS-115 has been delayed by at least 24 hours due to a short in number one of the Orbiter's three Fuel cells.",wn-0138:0:13,delay,13,,GPE:STS-115,TIME:at least 24 hours,,,,False,0.8
wn-0138,2,delay,delay,,,,"The delay could result in a rollback, as the problem cannot be resolved on the pad.",wn-0138:2:59,delay,59,,,,,,,False,0.5
wn-0138,3,delay,delayed,,The flight,August 27th,The flight has been delayed multiple times since August 27th.,wn-0138:3:81,delay,81,,,DATE:August 27th,since,,,False,0.65
wn-0138,4,launch,launch,,Space Shuttle Atlantis,at least Friday,"NASA managers have extended their hold on the Space Shuttle Atlantis launch until at least Friday, due to a problem in the shuttle's electrical power system.",wn-0138:4:100,launch,100,,SPACECRAFT:Space Shuttle Atlantis,DATE:at least Friday,,,,False,0.75
wn-0138,5,failure,anomaly,,,another 24 hours,"At a 6 p.m. briefing on Wednesday, NASA's STS-115 Mission Management Team announced that because of the fuel cell anomaly it would be prudent to spend another 24 hours to research the issue.",wn-0138:5:139,anomaly,139,,,TIME:another 24 hours,,,,False,0.55
wn-0138,6,launch,launch,,,Friday,The management team will meet again at 1 p.m. on Thursday to assess the data gathered about the fuel cell issue and decide whether the launch will take place on Friday.,wn-0138:6:179,launch,179,,,DATE:Friday,,,,False,0.55
wn-0138,7,launch,launch,the STS-115 crew,Space Shuttle Atlantis,morning,Space Shuttle Atlantis and the STS-115 crew is set to launch Friday morning on an assembly mission to the International Space Station.,wn-0138:7:197,launch,197,,SPACECRAFT:Space Shuttle Atlantis,TIME:morning,,,,False,0.8
wn-0138,8,launch,launch,,,11:41 a.m. EDT,The launch time for Atlantis is targeted for 11:41 a.m. EDT,wn-0138:8:211,launch,211,,,TIME:11:41 a.m. EDT,,,,False,0.55
wn-0139,0,launch,launched,,Space Shuttle Atlantis,this morning,Space Shuttle Atlantis successfully launched this morning after 4 years of inactivity.,wn-0139:0:4,launch,4,,SPACECRAFT:Space Shuttle Atlantis,TIME:this morning,,,,False,0.8
wn-0139,1,launch,Liftoff,,,,"Liftoff, from Launch Complex 39B at the Kennedy Space Center occurred at 15:14:55 GMT, with the spacecraft reaching orbit about 8 1/2 minutes later.",wn-0139:1:13,liftoff,13,,,,,Kennedy Space Center,FAC:Kennedy Space Center,False,0.5
wn-0139,3,failure,loss,,Space Shuttle Columbia,February 2003,"Early indications suggest that there was no serious damage caused by foam debris, which was responsible for the loss of the Space Shuttle Columbia in February 2003.",wn-0139:3:77,loss,77,,SPACECRAFT:Space Shuttle Columbia,DATE:February 2003,,,,False,0.75
wn-0139,4,failure,disaster,,Columbia,1998,"The mission marks the resumption of the International Space Station assembly program, which began in 1998, but was halted after the Columbia disaster.",wn-0139:4:112,disaster,112,,ORG:Columbia,DATE:1998,,,,False,0.75
wn-0140,1,failure,lost,the Arctic icecap,at least 14%,between 2004 and 2005,"According to images captured by NASA's QuikSCAT satellite, the Arctic icecap has lost at least 14% of its 'perennial' ice between 2004 and 2005.",wn-0140:1:33,lose,33,,,DATE:between 2004 and 2005,,,,False,0.65
wn-0140,2,failure,lost,,"at least 280,000 square miles",,"Data shows that at least 280,000 square miles of ice, at least the size of Texas has been lost.",wn-0140:2:68,lose,68,,,,,,,False,0.6
wn-0140,3,failure,lost,Arctic,at least 50%,,"The eastern Arctic has lost at least 50% of its ice, but scientists say that ice was shifted by wind and other weather factors from the east to the west Arctic, causing the western areas of ice to actually grow.",wn-0140:3:74,lose,74,LOC:Arctic,,,,,,False,0.7
wn-0140,4,failure,lost,the icecap,an additional 70%,April of 2006,"Between October 2005 and April of 2006; however, the icecap lost an additional 70% of frozen water.",wn-0140:4:127,lose,127,,,DATE:April of 2006,,,,False,0.65
wn-0140,10,failure,loss,,ice,the past years,"For several decades, the icecap has melted about 0.7% a year during the Summer months and has increased at least ""18 times"" faster than past decades, but Nghiem also said that the icecap has melted with ""some variability"" over the past years and was at times a ""much smaller"" of a loss of ice.",wn-0140:10:347,loss,347,,,DATE:past years,,,,False,0.6
wn-0140,11,discovery,find,we,a reduction,,"""If we average that over the long term we find a reduction of between 6.4% and 7.8% per decade.",wn-0140:11:362,find,362,,,,,,,False,0.6
wn-0141,6,docking,rendezvous,,,,"The astronauts' sleep pattern ""is driven by the rendezvous that we do with the station.",wn-0141:6:118,rendezvous,118,,,,,,,False,0.5
wn-0142,6,discovery,find,it,sufficient advertising inventory,,"However, in reality, as the number of pages served becomes very large, it becomes more difficult to find sufficient advertising inventory to send with those pages.",wn-0142:6:209,find,209,,,,,,,False,0.6
wn-0143,0,discovery,discovered,Cassini-Huygens,ethane clouds,,"The spacecraft Cassini-Huygens has discovered ethane clouds using the Visual and Infrared Mapping Spectrometer VIMS on Saturn's moon, Titan.",wn-0143:0:6,discover,6,SPACECRAFT:Cassini-Huygens,,,,,,False,0.7
wn-0143,2,discovery,observations,,Our,,"""Our observations imply that surface deposits of ethane should be found specifically at the poles, rather than globally distributed across Titan's disk as previously assumed.",wn-0143:2:51,observation,51,,,,,,,False,0.55
wn-0143,2,discovery,found,,surface deposits,,"""Our observations imply that surface deposits of ethane should be found specifically at the poles, rather than globally distributed across Titan's disk as previously assumed.",wn-0143:2:60,find,60,,,,,,,False,0.6
wn-0143,10,discovery,detected,VIMS,the clouds,December 2004,VIMS first detected the clouds during flybys in December 2004 and September and August 2005.,wn-0143:10:252,detect,252,GPE:VIMS,,DATE:December 2004,in,,,False,0.75
wn-0143,10,flyby,flybys,,,December 2004,VIMS first detected the clouds during flybys in December 2004 and September and August 2005.,wn-0143:10:256,flyby,256,,,DATE:December 2004,,,,False,0.55
wn-0144,2,discovery,observed,U.S.A,an unidentified object,today,"controllers in Houston, Texas, U.S.A observed an unidentified object at approximately 7:45 UTC today moving at an undetermined distance from the Space Shuttle Atlantis as it orbited the Earth at an altitude of over 190 nautical miles.",wn-0144:2:10,observe,10,GPE:United States,,DATE:today,,UTC,ORG:UTC,False,0.75
wn-0144,5,discovery,observed,flight controllers,An object,,"NASA released the following statement on its official website: ""An object was observed by flight controllers using a TV camera on the shuttle in close proximity to the spacecraft.",wn-0144:5:97,observe,97,,,,,,,False,0.6
wn-0144,6,discovery,observed,,It,about 2:45 a.m.,It was observed following standard tests of Atlantis' reaction control system about 2:45 a.m. today.,wn-0144:6:117,observe,117,,,TIME:about 2:45 a.m.,,,,False,0.65
wn-0144,8,landing,land,,The shuttle,Wednesday,"The shuttle had been scheduled to land at 15:45 UTC on Wednesday, but concerns raised by the object, in addition to an unfavorable weather forecast, prompted Mission Control Center to ""wave off"" the landing until 11:32 UTC Thursday at the earliest.",wn-0144:8:161,land,161,,,DATE:Wednesday,on,UTC,ORG:UTC,False,0.65
wn-0144,8,landing,landing,,,11:32 UTC,"The shuttle had been scheduled to land at 15:45 UTC on Wednesday, but concerns raised by the object, in addition to an unfavorable weather forecast, prompted Mission Control Center to ""wave off"" the landing until 11:32 UTC Thursday at the earliest.",wn-0144:8:193,landing,193,,,TIME:11:32 UTC,,,,False,0.55
wn-0144,11,landing,landing,,,the night,"Cameras will be focused on the object throughout the night and a detailed inventory of cargo bay items will be taken in an effort to learn whether a safe landing can be made without the object, if it in fact belonged to the shuttle.",wn-0144:11:311,landing,311,,,TIME:night,,,,False,0.55
wn-0145,1,landing,land,NASA,,Thursday,NASA has given the 'ok' for the Space Shuttle Atlantis to land on Thursday September 21.,wn-0145:1:15,land,15,ORG:NASA,,DATE:Thursday,on,,,False,0.7
wn-0145,2,discovery,spotted,astronauts,a piece,,"NASA also says that there was ""no damage"" to the shuttle when astronauts spotted a piece of debris floating next to the shuttle.",wn-0145:2:36,spot,36,,,,,,,False,0.6
wn-0145,4,discovery,found,,Nothing,,"Nothing was found to be missing or damaged from the thermal protection system, the heat shield of the space shuttle Atlantis, or, in fact, any other part of the shuttle Atlantis,"" said N. Wayne Hale Jr., the shuttle's program director.",wn-0145:4:57,find,57,,,,,,,False,0.6
wn-0145,6,discovery,found,,nothing,,"A similar piece was seen by cameras falling from inbetween the heat shield tiles, but when the camera took another look, there was nothing to be found.",wn-0145:6:151,find,151,,,,,,,False,0.6
wn-0146,0,discovery,discovery,,the blackbody form,,"John C. Mather of NASA and George F. Smoot of Lawrence Berkeley National Laboratory shared the 2006 Nobel Prize for Physics for ""their discovery of the blackbody form and anisotropy of the cosmic microwave background radiation.",wn-0146:0:24,discovery,24,,,,,,,False,0.55
wn-0146,9,discovery,discovery,Arno Penzias,the Cosmic Microwave Background,1978,The initial discovery of the Cosmic Microwave Background by Arno Penzias and Robert Wilson led to their award of the 1978 Nobel Prize in physics.,wn-0146:9:211,discovery,211,ORG:Arno Penzias,ORG:Cosmic Microwave Background,DATE:1978,,,,False,0.85
wn-0147,2,discovery,discoveries,,,,"Five of the possible discoveries whip around their stars in less than an Earth day — causing the astronomers to group them into a new class of ""ultra-short-period planets.",wn-0147:2:74,discovery,74,,,,,,,False,0.5
wn-0147,5,discovery,identified,,Over 180 planet candidates,,"Over 180 planet candidates were identified, making the task of arriving at only 16 quite difficult.",wn-0147:5:169,identify,169,,,,,,,False,0.6
wn-0147,9,discovery,discovery,,,,This discovery now allows scientists to be relatively certain planets need elements heavier than hydrogen and helium to form.,wn-0147:9:224,discovery,224,,,,,,,False,0.5
wn-0147,10,discovery,found,,These,,"These are typically found in stars that formed after others died, creating a dependence on location and formation.",wn-0147:10:246,find,246,,,,,,,False,0.6
wn-0147,11,discovery,find,they,,2000,"A previous search in 2000 by Dr. Ron Gilliland turned up no planets, even though he assumed they would find as many as 17.",wn-0147:11:283,find,283,,,DATE:2000,,,,False,0.6
wn-0147,13,discovery,findings,,his,,"Sahu knew some scientists would be skeptical of his findings and so he confirmed two of the planets by using the Very Large Telescope (VLT) in Chile to measure the movements of the stars caused by their orbiting partner, a technique known as measuring the radial velocity of the star.",wn-0147:13:338,finding,338,,,,,,,False,0.55
wn-0147,18,launch,launched,,James Webb Space Telescope,2013,"More rigorous confirmation will have to wait for new technology, specifically NASA's James Webb Space Telescope, to be launched in 2013.",wn-0147:18:481,launch,481,,SPACECRAFT:James Webb Space Telescope,DATE:2013,in,,,False,0.8
wn-0147,20,discovery,found,the amount,,,"It doubles the amount of transiting planets found!""",wn-0147:20:504,find,504,,,,,,,False,0.55
wn-0147,21,discovery,finds,the confirmed SWEEPS,two other transiting extrasolar planets,September,"With two other transiting extrasolar planets announced in September, the confirmed SWEEPS finds brings the number of known — and confirmed — transiting planets to 14.",wn-0147:21:520,find,520,,,DATE:September,,,,False,0.65
wn-0148,0,discovery,found,,A small hole,,"A small hole has been found on the Space Shuttle Atlantis on the right hand payload bay door radiator, NASA officials have stated and it is not known what exactly caused the hole.",wn-0148:0:5,find,5,,,,,,,False,0.6
wn-0149,1,discovery,found,theorists,,,"Like the dark matter version of Galileo's experiment of dropping items to the ground from the tower of Pisa, theorists from the California Institute of Technology and the Canadian Institute for Theoretical Astrophysics in Toronto found that there is no more attractive force associated with dark matter than with normal matter.",wn-0149:1:57,find,57,,,,,,,False,0.55
wn-0149,2,discovery,finding,,,,This finding helps to eliminate other theoretical models created to explain phenomena that required an extra force within dark matter.,wn-0149:2:75,finding,75,,,,,,,False,0.5
wn-0149,4,discovery,detected,,its effects,the 1970s,Dark matter has long fascinated scientists ever since its effects were detected in the 1970s.,wn-0149:4:125,detect,125,,,DATE:1970s,in,,,False,0.65
wn-0149,5,discovery,detected,,that,,"It is matter that does not emit or reflect light and so cannot be detected directly, but it is understood to exist from its gravitational effects on visible matter, namely its effect on the speed of stars around galaxies.",wn-0149:5:145,detect,145,,,,,,,True,0.6
wn-0149,7,discovery,observations,,,,"The work done was mostly theoretical, but the program was written to simulate observations made of the Sagittarius galaxy.",wn-0149:7:199,observation,199,,,,,,,False,0.5
wn-0149,11,discovery,found,Kesden,,,"Kesden and Kamionkowski, the co-author from the California Institute of Technology, tried more than one distribution of the dark matter but found the current theory fits best with the data.",wn-0149:11:307,find,307,GPE:Kesden,,,,,,False,0.65
wn-0150,3,discovery,observing,,natural disasters,,"The US has announced officially that it is using space for surveillance and monitoring activities, including observing natural disasters on Earth, and it intends to develop the commercial potential of space.",wn-0150:3:101,observe,101,,,,,,,False,0.6
wn-0150,3,failure,disasters,,,,"The US has announced officially that it is using space for surveillance and monitoring activities, including observing natural disasters on Earth, and it intends to develop the commercial potential of space.",wn-0150:3:103,disaster,103,,,,,Earth,CELESTIAL:Earth,False,0.5
wn-0150,5,launch,launched,,a target missile,September,"In September, the BBC reported that the US Missile Defense Agency had announced the successful test firing of an interceptor missile from California which hit a target missile launched from Alaska.",wn-0150:5:165,launch,165,,,DATE:September,,Alaska,GPE:Alaska,False,0.65
wn-0150,7,launch,launch,,US,,The success of this US interceptor missile launch is the fifth out of eight attempts and the first to use the facilities at the Vandenberg base.,wn-0150:7:191,launch,191,,GPE:United States,,,,,False,0.7
wn-0150,8,failure,failed,,the interceptor missiles,December 2004,"In the last two attempts, in December 2004 and February 2005, the interceptor missiles failed to take off.",wn-0150:8:227,fail,227,,,DATE:December 2004,in,,,False,0.65
wn-0150,8,launch,take off,,the interceptor missiles,February 2005,"In the last two attempts, in December 2004 and February 2005, the interceptor missiles failed to take off.",wn-0150:8:229,take,229,,,DATE:February 2005,,,,True,0.65
wn-0150,17,failure,fails,The United States,,,"The United States in this policy seeks to establish its rights but fails to acknowledge the rights of other countries in space, where the Clinton policy was very careful to acknowledge the rights of all nations in space.""",wn-0150:17:407,fail,407,GPE:United States,,,,,,False,0.65
wn-0150,19,failure,destroying,,American satellites,18 October,"Marine Corps General Cartwright, interviewed by Inside Pentagon, 18 October, was asked about allegations that China had tested the means of destroying American satellites, said ""...we really haven't seen that"".",wn-0150:19:463,destroy,463,,,DATE:18 October,,,,False,0.65
wn-0152,0,discovery,detected,,a leak,,Two hangars at the Kennedy Space Center in which space shuttles are processed were evacuated when a leak of hydrazine was detected coming from Atlantis's Orbital Maneuvering System.,wn-0152:0:21,detect,21,,,,,,,False,0.6
wn-0152,1,discovery,discovered,,The leak,,"The leak was first discovered in Bay No 1, where Atlantis is being post-flight serviced.",wn-0152:1:34,discover,34,,,,,Bay No 1,LOC:Bay No 1,False,0.6
wn-0152,3,discovery,detected,,the leak,,Both the space shuttle Atlantis and Endeavour were inside the hangar when the leak was detected.,wn-0152:3:80,detect,80,,,,,,,False,0.6
wn-0152,5,discovery,detected,,A concentration,,"A concentration of 60 parts per million was detected near Atlantis's engines, which is not a dangerous level.",wn-0152:5:118,detect,118,,,,,,,False,0.6
wn-0153,9,discovery,found,Cook,east coast,1769,"Captain Cook, for example, found Australia's east coast while on a voyage to track the transit of Venus in 1769.",wn-0153:9:214,find,214,PERSON:Cook,LOC:east coast,DATE:1769,,,,False,0.9
wn-0153,13,discovery,detect,,"a small, temporary drop",,"Being able to detect such a small, temporary drop in brightness may indicate the presence of such a planet.",wn-0153:13:319,detect,319,,,,,,,False,0.6
wn-0154,2,discovery,observed,,This type,,This type of event has never been observed on another planet except for Earth.,wn-0154:2:33,observe,33,,,,,,,True,0.6
wn-0154,4,discovery,find out,we,,,"Whatever it is, we're going to focus on the eye of this storm and find out why it's there,"" said Doctor Andrew Ingersoll, a member of Cassini's imaging team at the California Institute of Technology located in Pasadena.",wn-0154:4:74,find,74,,,,,,,False,0.55
wn-0154,7,discovery,found,,any clouds,,Scientists say that the storm's clouds are anywhere between three to five times taller and larger than any clouds found on Earth.,wn-0154:7:177,find,177,,,,,Earth,CELESTIAL:Earth,False,0.6
wn-0156,2,failure,disasters,,,,"""Sooner or later, disasters such as an asteroid collision or nuclear war could wipe us all out.",wn-0156:2:73,disaster,73,,,,,,,False,0.5
wn-0158,3,discovery,observations,,,,"""These observations give the strongest evidence to date that water still flows occasionally on the surface of Mars,"" said the head scientist for the Mars Exploration Program in Washington D.C., Michael Meyer.",wn-0158:3:84,observation,84,,,,,,,False,0.5
wn-0158,8,discovery,discovery,,,,"Malin is the head investigator for the Mars Orbital Camera, the instrument which made these photographs, and is the author of the report about the discovery, published in the journal Science.",wn-0158:8:318,discovery,318,,,,,,,False,0.5
wn-0158,18,failure,lost,,Contact,November,"Contact was lost with Mars Global Surveyor in November, and has not yet been recovered.",wn-0158:18:569,lose,569,,,DATE:November,in,,,False,0.65
wn-0159,0,delay,scrubbed,NASA,the launch,,"NASA has scrubbed the launch of Space Shuttle Discovery on mission STS-116 to the International Space Station during the final stages of the countdown, after the weather conditions were considered unfavourable for launch, due to a low cloud ceiling and strong winds caused by a low front.",wn-0159:0:2,scrub,2,ORG:NASA,,,,,,False,0.7
wn-0159,0,launch,launch,,Space Shuttle Discovery,,"NASA has scrubbed the launch of Space Shuttle Discovery on mission STS-116 to the International Space Station during the final stages of the countdown, after the weather conditions were considered unfavourable for launch, due to a low cloud ceiling and strong winds caused by a low front.",wn-0159:0:4,launch,4,,SPACECRAFT:Space Shuttle Discovery,,,,,True,0.7
wn-0159,0,launch,launch,,,,"NASA has scrubbed the launch of Space Shuttle Discovery on mission STS-116 to the International Space Station during the final stages of the countdown, after the weather conditions were considered unfavourable for launch, due to a low cloud ceiling and strong winds caused by a low front.",wn-0159:0:33,launch,33,,,,,,,False,0.5
wn-0159,1,launch,launch,,,this year,"The launch, which was scheduled to be the third Shuttle launch this year, was to have occurred at 02:35 GMT at the Kennedy Space Center, Florida, however it has now been rescheduled.",wn-0159:1:52,launch,52,,,DATE:this year,,,,False,0.55
wn-0159,1,launch,launch,,Shuttle,this year,"The launch, which was scheduled to be the third Shuttle launch this year, was to have occurred at 02:35 GMT at the Kennedy Space Center, Florida, however it has now been rescheduled.",wn-0159:1:62,launch,62,,GPE:Shuttle,DATE:this year,,,,False,0.75
wn-0159,1,delay,rescheduled,,it,02:35 GMT,"The launch, which was scheduled to be the third Shuttle launch this year, was to have occurred at 02:35 GMT at the Kennedy Space Center, Florida, however it has now been rescheduled.",wn-0159:1:86,reschedule,86,,,TIME:02:35 GMT,,,,False,0.65
wn-0159,2,launch,launch,,,December 9,The next possible launch can occur at the same time on December 9.,wn-0159:2:91,launch,91,,,DATE:December 9,,,,False,0.55
wn-0159,3,delay,scrub,,,5 minutes,"The scrub occurred during an unscheduled hold in the countdown, 5 minutes before the launch was to have occurred.",wn-0159:3:104,scrub,104,,,TIME:5 minutes,,,,False,0.55
wn-0159,3,launch,launch,,,5 minutes,"The scrub occurred during an unscheduled hold in the countdown, 5 minutes before the launch was to have occurred.",wn-0159:3:118,launch,118,,,TIME:5 minutes,,,,False,0.55
wn-0160,4,discovery,observe,that,it,,"We are observers, but the wonderful part of that is that we are the only species on this planet that can observe it and understand it,"" said television show host of Star Gazer, Jack Horkheimer.",wn-0160:4:140,observe,140,,,,,,,False,0.6
wn-0161,0,docking,docked,Space Shuttle Discovery,International Space Station,today,The United States Space Shuttle Discovery docked with the International Space Station today at 5:12 p.m. ET.,wn-0161:0:6,dock,6,SPACECRAFT:Space Shuttle Discovery,SPACECRAFT:ISS,DATE:today,,,,False,0.9
wn-0161,4,launch,liftoff,,,,This has been a routine procedure since the Columbia tragedy in which the space shuttle Columbia sustained damage on liftoff leading to its disintegration in the atmosphere.,wn-0161:4:132,liftoff,132,,,,,,,False,0.5
wn-0161,5,docking,docking,,,,There appeared to be no problems with the heat shield so commander Mark Polansky continued the docking process.,wn-0161:5:157,docking,157,,,,,,,False,0.5
wn-0163,0,discovery,find,,earth-like planets,,A telescope designed to find earth-like planets outside our solar system was launched on a Soyuz rocket from Baikonur Cosmodrome inside the country of Kazakhstan.,wn-0163:0:4,find,4,,,,,,,False,0.6
wn-0163,0,launch,launched,,A telescope,,A telescope designed to find earth-like planets outside our solar system was launched on a Soyuz rocket from Baikonur Cosmodrome inside the country of Kazakhstan.,wn-0163:0:14,launch,14,,,,,,,False,0.6
wn-0163,3,discovery,find,The telescope,other planets,at least 2 years,The telescope will remain in space for at least 2 years to hunt down and find other planets.,wn-0163:3:95,find,95,,,DATE:at least 2 years,,,,False,0.65
wn-0163,7,delay,puts off,a star,that,,"The telescope will take images of light that a star puts off and then watch for the brightness of that star to dim, which usually means a planet has crossed in front of the star.",wn-0163:7:154,put,154,,,,,,,False,0.6
wn-0163,8,discovery,find,Scientists,at least 10-40 planets,,"Scientists hope to find at least 10-40 planets, and additional gas giants.",wn-0163:8:184,find,184,,,,,,,False,0.6
wn-0163,12,discovery,find,astronomers,tens,,"With Corot, astronomers expect to find between 10-40 of them, together with tens of new gas giants,"" said a spokesman for the E.S.A..",wn-0163:12:274,find,274,,,,,,,False,0.6
wn-0163,13,discovery,detection,,temperature,,"The telescope contains a camera, equipment to communicate with the scientists, direction controls and temperature detection.",wn-0163:13:316,detection,316,,,,,,,False,0.55
wn-0163,14,discovery,find,,extra-solar planets,,"""Corot will be able to find extra-solar planets of all sizes and natures, contrary to what we can do from the ground at the moment.",wn-0163:14:325,find,325,,,,,,,False,0.6
wn-0164,14,flyby,flybys,,Titan,,Cassini will be performing at least 22 more flybys of Titan.,wn-0164:14:352,flyby,352,,CELESTIAL:Titan,,,,,False,0.7
wn-0164,15,flyby,flyby,,,this month,The next flyby is expected to take place this month.,wn-0164:15:358,flyby,358,,,DATE:this month,,,,False,0.55
wn-0165,2,landing,landed,,it,,"The meteorite is named ""Freehold Township"" after the township it landed in.",wn-0165:2:79,land,79,,,,,,,False,0.6
wn-0166,0,failure,crashed,,a radiant UFO,morning,Eyewitnesses told the Fars News Agency (FNA) that a radiant UFO had crashed in the Barez Mounts of Kerman on Wednesday morning.,wn-0166:0:14,crash,14,,,TIME:morning,on,the Barez Mounts,FAC:Barez Mounts,False,0.65
wn-0167,4,failure,destroy,"a ""kinetic impact",the satellite,,"The missile used a ""kinetic impact"" to destroy the satellite, said Johndroe.",wn-0167:4:119,destroy,119,,,,,,,False,0.6
wn-0167,5,launch,launched,,the satellite,1999,"Both the satellite and the missile were launched from the Xichang Space Center in Sichuan Province; the satellite in 1999, and the missile on January 11 this year.",wn-0167:5:133,launch,133,,,DATE:1999,,the Xichang Space Center,ORG:Xichang Space Center,False,0.65
wn-0167,9,failure,lost,,communication,,"When the test happened, the U.S. stated that communication with one of its spy satellites was lost, but thus far no evidence has turned up to suggest the loss of communication was directly related to China's test.",wn-0167:9:246,lose,246,,,,,,,False,0.6
wn-0167,9,failure,loss,,communication,,"When the test happened, the U.S. stated that communication with one of its spy satellites was lost, but thus far no evidence has turned up to suggest the loss of communication was directly related to China's test.",wn-0167:9:259,loss,259,,,,,,,False,0.55
wn-0168,2,landing,landing,they,lights,,At first I thought they were landing lights from an aircraft.,wn-0168:2:61,land,61,,,,,,,False,0.6
wn-0168,3,discovery,observe,I,them,,"As I continued to observe them they began to slowly disappear, then suddenly one reappeared, followed by two, then three.",wn-0168:3:71,observe,71,,,,,,,False,0.6
wn-0168,12,discovery,identified,the US Air Force,them,1997,"In 1997, lights seen over Arizona and Nevada were also claimed to have been UFOs before the US Air Force identified them as flares dropped by an airplane on a training mission.",wn-0168:12:246,identify,246,ORG:US Air Force,,DATE:1997,,,,False,0.75
wn-0170,1,discovery,find,,missing children,,Internet social gathering website MySpace will start sending online alerts to Internet users in certain regions of the United States in order to help find missing children.,wn-0170:1:32,find,32,,,,,,,False,0.6
wn-0170,8,discovery,find,order,the possible ways,,"In a phone interview, the CEO of MySpace, Hemanshu Nigam, stated that the company has been working with partners and law enforcement in order to find all the possible ways to protect children and keep sex offenders away from the website.",wn-0170:8:216,find,216,,,,,,,False,0.6
wn-0171,3,failure,crash,,a small plane,,"We thought a small plane or helicopter was going to crash.""",wn-0171:3:68,crash,68,,,,,,,False,0.6
wn-0171,22,landing,descent,,,,It was a very shallow descent and a glowing flare as it went down.,wn-0171:22:272,descent,272,,,,,,,False,0.5
wn-0172,7,discovery,identifying,,,,"The database has been used for identifying, blocking or deleting the accounts of convicted sex offenders on the MySpace service.",wn-0172:7:171,identify,171,,,,,,,False,0.55
wn-0172,9,failure,fails,,the network,,"MySpace's provision of its database, however, has not proven sufficient for some critics of MySpace who allege that the network fails to protect minors from adult predators.",wn-0172:9:237,fail,237,,,,,,,False,0.6
wn-0173,3,failure,failure,,its backup power supply,the weekend,"The camera shut down over the weekend, probably due to a failure of its backup power supply.",wn-0173:3:95,failure,95,,,DATE:weekend,,,,False,0.6
wn-0173,5,failure,malfunction,,,"June 30, 2006","The camera had been operating on its backup power since June 30, 2006, when engineers switched from the primary power supply (""Side A"") to the backup (""Side B"") due to a malfunction.",wn-0173:5:158,malfunction,158,,,"DATE:June 30, 2006",,,,False,0.55
wn-0173,7,discovery,findings,,Their,"March 2, 2007","Their findings will be reported to NASA on March 2, 2007.",wn-0173:7:182,finding,182,,,"DATE:March 2, 2007",,,,False,0.6
wn-0173,9,discovery,detect,which,wavelengths,,"It is a system of three cameras, filters, and dispersers which act to detect wavelengths of light ranging from near-infrared to ultraviolet.",wn-0173:9:227,detect,227,,,,,,,False,0.6
wn-0173,14,failure,failure,,ACS,,It is not known what the effect of the ACS failure will have on the scheduled mission.,wn-0173:14:329,failure,329,,ORG:ACS,,,,,False,0.7
wn-0174,0,failure,exploded,,A unmanned Sea Launch Zenit 3SL rocket,just seconds,"A unmanned Sea Launch Zenit 3SL rocket which was supposed to carry a satellite to an orbit around Earth, has exploded on its Ocean Odyssey launch pad, just seconds before it was scheduled to launch.",wn-0174:0:21,explode,21,,,TIME:just seconds,,,,False,0.65
wn-0174,0,launch,launch,,,just seconds,"A unmanned Sea Launch Zenit 3SL rocket which was supposed to carry a satellite to an orbit around Earth, has exploded on its Ocean Odyssey launch pad, just seconds before it was scheduled to launch.",wn-0174:0:26,launch,26,,,TIME:just seconds,,,,False,0.55
wn-0174,0,launch,launch,,it,just seconds,"A unmanned Sea Launch Zenit 3SL rocket which was supposed to carry a satellite to an orbit around Earth, has exploded on its Ocean Odyssey launch pad, just seconds before it was scheduled to launch.",wn-0174:0:36,launch,36,,,TIME:just seconds,,,,False,0.65
wn-0174,2,failure,destroyed,,The rocket's payload,,"The rocket's payload, the NSS-8 communications satellite, for SES New Skies, is believed to have been destroyed in the incident.",wn-0174:2:79,destroy,79,,,,,,,False,0.6
wn-0174,3,launch,Launch,,Sea,,Sea Launch has confirmed that all launch personnel are safe.,wn-0174:3:86,launch,86,,,,,,,False,0.55
wn-0174,3,launch,launch,,,,Sea Launch has confirmed that all launch personnel are safe.,wn-0174:3:91,launch,91,,,,,,,False,0.5
wn-0174,4,launch,launch,,,,"During launch operations, they routinely are aboard another ship, the Sea Launch Commander, located approximately three miles away.",wn-0174:4:97,launch,97,,,,,,,False,0.5
wn-0174,4,launch,Launch,,,,"During launch operations, they routinely are aboard another ship, the Sea Launch Commander, located approximately three miles away.",wn-0174:4:109,launch,109,,,,,,,False,0.5
wn-0174,6,launch,launch,,,,"This is the ninth launch failure of the Zenit rocket, and the third for a 3SL variant, operated by Sea Launch.",wn-0174:6:137,launch,137,,,,,,,False,0.5
wn-0174,6,failure,failure,,the Zenit rocket,,"This is the ninth launch failure of the Zenit rocket, and the third for a 3SL variant, operated by Sea Launch.",wn-0174:6:138,failure,138,,,,,,,False,0.55
wn-0175,0,discovery,spotted,,10-15 UFOs,5:30 p.m.,"At 5:30 p.m. on Thursday, 10-15 UFOs were spotted over north London in the inner-city district of Islington.",wn-0175:0:11,spot,11,,,TIME:5:30 p.m.,at,,,False,0.65
wn-0176,1,discovery,discovered,scientists,New stars,,"New stars have been recently discovered in the Southern Cross, or Crux, by scientists in the United States.",wn-0176:1:8,discover,8,,,,,the Southern Cross,ORG:Southern Cross,False,0.6
wn-0176,2,discovery,discovery,,,,"This discovery could affect the flags of New Zealand, Australia, Papua New Guinea, Samoa and Brazil, although the new star is located very close to the westernmost star and invisible to the naked eye.",wn-0176:2:25,discovery,25,,,,,,,False,0.5
wn-0176,3,discovery,found,The American scientists,the new stars,,"The American scientists found the new stars in the Southern Cross by using the Chandra X-ray Observatory, a space satellite run by NASA (National Aeronautics and Space Administration) which uses x-rays.",wn-0176:3:67,find,67,,,,,,,False,0.6
wn-0176,6,discovery,found,,the star,,"Doctor Nick Lomb, an astronomer at the Powerhouse Museum, Sydney, Australia, said that the reason the star had not been found before was because the glare from Beta Crucis is too great and ""It would be like looking for a glow worm next to a floodlight.""",wn-0176:6:196,find,196,,,,,,,True,0.6
wn-0176,7,discovery,discovery,,,,"Before the recent discovery, it was already known that Beta Crucis had a partner, which is invisible to the human-eye.",wn-0176:7:228,discovery,228,,,,,,,False,0.5
wn-0176,8,discovery,found,they,it,,"Australian news Mr Cohen said that they found it by accident, as they were really trying to get information about the x-rays emitted by Beta Crucis.",wn-0176:8:257,find,257,,,,,,,False,0.6
wn-0176,8,failure,accident,,,,"Australian news Mr Cohen said that they found it by accident, as they were really trying to get information about the x-rays emitted by Beta Crucis.",wn-0176:8:260,accident,260,,,,,,,False,0.5
wn-0176,11,discovery,found,The star,,,"The star found at the bottom of the Southern Cross, Alpha Crucis ""Acrux"", also has a partner star, which is also invisible to the human-eye.",wn-0176:11:305,find,305,,,,,,,False,0.55
wn-0176,22,discovery,findings,,,,"These findings were presented to the American Astronomical Society, Seattle, Washington, by an undergraduate of Mr Cohen's team, Michael Kuhn.",wn-0176:22:592,finding,592,,,,,,,False,0.5
wn-0177,0,launch,blasted off,,A Delta II rocket,today,"A Delta II rocket blasted off from NASA's Cape Canaveral launch pad today, carrying five satellites designed to investigate the northern lights and the electromagnetic storms that cause them.",wn-0177:0:4,blast,4,,,DATE:today,,,,False,0.65
wn-0177,0,launch,launch,,,today,"A Delta II rocket blasted off from NASA's Cape Canaveral launch pad today, carrying five satellites designed to investigate the northern lights and the electromagnetic storms that cause them.",wn-0177:0:11,launch,11,,,DATE:today,,,,False,0.55
wn-0177,1,launch,launch,,,,"The launch had been twice delayed due to bad weather, but was eventually performed at 23:00 UTC.",wn-0177:1:33,launch,33,,,,,,,True,0.5
wn-0177,1,delay,delayed,,The launch,,"The launch had been twice delayed due to bad weather, but was eventually performed at 23:00 UTC.",wn-0177:1:37,delay,37,,,,,,,False,0.6
wn-0177,8,discovery,find out,Scientists,,,Scientists want to find out what snaps in the overloaded magnetosphere to trigger a substorm.,wn-0177:8:192,find,192,,,,,,,False,0.55
wn-0178,0,discovery,discovered,Mars Reconnaissance Orbiter,more evidence,,"NASA's Mars Reconnaissance Orbiter has discovered more evidence on the Planet Mars that water may have flowed beneath the surface and that ""cracks"" that lead below the surface may have, at one time, been ""habitable"" for ""microbial life,"" according to the head investigater for the orbiter's camera, Dr. Alfred McEwen.",wn-0178:0:6,discover,6,SPACECRAFT:Mars Reconnaissance Orbiter,,,,,,False,0.7
wn-0178,2,discovery,observations,,,,"""This result shows how orbital observations can identify features of particular interest for future exploration on the surface or in the subsurface or by sample return.",wn-0178:2:93,observation,93,,,,,,,False,0.5
wn-0178,2,discovery,identify,orbital observations,features,,"""This result shows how orbital observations can identify features of particular interest for future exploration on the surface or in the subsurface or by sample return.",wn-0178:2:95,identify,95,,,,,,,False,0.6
wn-0178,3,discovery,find,we,key information,,"The alteration along fractures, concentrated by the underground fluids, marks locations where we can expect to find key information about chemical and perhaps biologic processes in a subsurface environment that may have been habitable,"" said McEwen.",wn-0178:3:133,find,133,,,,,,,False,0.6
wn-0178,4,discovery,found,,mineralization,,"According to NASA scientists, ""mineralization"" was found on the surface of the cracks and the crack's fractures.",wn-0178:4:166,find,166,,,,,,,False,0.6
wn-0178,19,discovery,observations,,test,,The analysis is based on test observations taken even before the start of our main science phase.,wn-0178:19:531,observation,531,,,,,,,False,0.55
wn-0179,0,discovery,detect,enough light,molecules,this week,"NASA's Spitzer Space Telescope made news this week when it was announced that the space observatory had, for the first time, captured enough light to detect molecules in the atmospheres of planets outside the solar system.",wn-0179:0:28,detect,28,,,DATE:this week,,,,False,0.65
wn-0179,1,discovery,observed,,The planets,,"The planets are too far away to be observed directly with current technology, but by measuring the spectra of each planet when visible with its star, and again when the planet was hidden behind its star, the teams were able to determine the measurements of the planets spectra.",wn-0179:1:49,observe,49,,,,,,,False,0.6
wn-0179,3,discovery,found,Richardson's team,a peak,,Richardson's team found a peak in the infrared spectra and was able to determine that the atmosphere of HD 209458 b likely consisted of clouds of silicate dust.,wn-0179:3:146,find,146,,,,,,,False,0.6
wn-0179,4,discovery,found,Mark Swain,similar results,,"Dr. Mark Swain of the Jet Propulsion Laboratory led another study of HD 209458 b, and found similar results.",wn-0179:4:190,find,190,PERSON:Mark Swain,,,,,,False,0.7
wn-0179,8,discovery,found,we,what,,"And what we found instead and what the other group found for this completely different planet around another star, is that the spectrum is essentially flat.",wn-0179:8:298,find,298,,,,,,,False,0.6
wn-0179,8,discovery,found,the other group,what,,"And what we found instead and what the other group found for this completely different planet around another star, is that the spectrum is essentially flat.",wn-0179:8:305,find,305,,,,,,,False,0.6
wn-0179,11,discovery,detected,we,,,"""It is virtually impossible for water, in the form of vapor, to be absent from the planet, so it must be hidden, probably by the dusty cloud layer we detected in our spectrum.",wn-0179:11:393,detect,393,,,,,,,False,0.55
wn-0179,13,discovery,observations,,,,"Dr. Grillmair: ""The observations are showing us that things are not the way we expected them.",wn-0179:13:405,observation,405,,,,,,,False,0.5
wn-0179,15,launch,launch,,,,"I think this will ultimately be one of the most important legacies of the Spitzer Space Telescope, unanticipated as it was before launch.",wn-0179:15:462,launch,462,,,,,,,False,0.5
wn-0179,17,launch,launched,,The telescope,August of 2003,The telescope was launched in August of 2003 with a maximum expected life cycle of 5 years.,wn-0179:17:479,launch,479,,,DATE:August of 2003,in,,,False,0.65
wn-0179,18,discovery,observations,,,one day,"""With these new observations, we are refining the tools that we will one day need to find life elsewhere if it exists,"" said Swain.",wn-0179:18:499,observation,499,,,DATE:one day,,,,False,0.55
wn-0179,18,discovery,find,we,life,one day,"""With these new observations, we are refining the tools that we will one day need to find life elsewhere if it exists,"" said Swain.",wn-0179:18:513,find,513,,,DATE:one day,,,,False,0.65
wn-0180,1,launch,launched,,The first space rocket,,"""The first space rocket has been successfully launched into space,"" the station's website reported.",wn-0180:1:38,launch,38,,,,,,,False,0.6
wn-0180,4,launch,launch,,,,"No images have been released, and no other reports have confirmed the launch.",wn-0180:4:89,launch,89,,,,,,,False,0.5
wn-0180,14,launch,launched,,which,2005,"Since 2005, Iran already has one satellite in space, Sinah-1, which was launched in Russia with a Russian rocket.",wn-0180:14:319,launch,319,,,DATE:2005,,Russia,GPE:Russia,False,0.65
wn-0180,16,launch,launch,,,2005,"Soon after the 2005 launch, Iran announced they would develop their own launcher.",wn-0180:16:342,launch,342,,,DATE:2005,,,,False,0.55
wn-0182,3,launch,launch,,space rocket,,"During several trips to the Black Rock Desert, mostly while supporting the Stratofox Aerospace Tracking Team for suborbital space rocket launch efforts, Ian Kluft KO6YQ noticed some oddities in rock formations.",wn-0182:3:67,launch,67,,,,,,,False,0.55
wn-0182,6,discovery,observed,He,,,He observed that even a large caldera should have mostly volcanic rocks.,wn-0182:6:114,observe,114,,,,,,,False,0.55
wn-0182,12,discovery,found,,More circular features,,More circular features in satellite photographs were found.,wn-0182:12:223,find,223,,,,,,,False,0.6
wn-0182,18,discovery,observed,,more possible shatter cones,late January,"Following an expedition to the area in late January, more possible shatter cones were observed in one of the rock samples collected.",wn-0182:18:352,observe,352,,,DATE:late January,,,,False,0.65
wn-0182,19,failure,explosion,,,,These are only formed by the shock wave of an impact event or nuclear explosion.,wn-0182:19:375,explosion,375,,,,,,,False,0.5
wn-0182,26,discovery,found,,that,,"If found, that would be another way to prove the impact origin of the rocks.",wn-0182:26:479,find,479,,,,,,,False,0.6
wn-0182,29,discovery,found,They,local geological studies,,They also found local geological studies which described oddities which could be explained by an impact event.,wn-0182:29:548,find,548,,,,,,,False,0.6
wn-0182,33,discovery,identified,A separate 1980 study,an immense air-fall tuff layer,1980,"A separate 1980 study 40 miles away identified an immense air-fall tuff layer in the Soldier Meadows area as having been deposited in a single unit, yet couldn't locate the volcano which produced this enormous volume.",wn-0182:33:653,identify,653,,,DATE:1980,,,,False,0.65
wn-0182,41,discovery,discovery,,,,"If so, such a large volcanic caldera would still be a significant discovery for the region.",wn-0182:41:838,discovery,838,,,,,,,False,0.5
wn-0183,0,discovery,found,,life,2005,"Scientists at NASA say that new satellite images of Saturn's moon Enceladus taken in 2005, has shown that the moon has begun to spew geysers which contain liquid water, and that the internal heat produced by the moon's core may be able to host life below the icy surface, but scientists also stress that life has not yet been found on the moon.",wn-0183:0:64,find,64,,,DATE:2005,,,,True,0.65
wn-0183,3,discovery,found,we,life,,"And while no one is claiming that we have found life by any means, we probably have evidence for a place that might be hospitable to life,"" said Dennis Matson, a scientist for the Cassini project.",wn-0183:3:142,find,142,,,,,,,False,0.6
wn-0183,13,discovery,findings,,,today,"""The team concludes that so far, all the findings and the hot start model indicate that a warm, organic-rich mixture was produced below the surface of Enceladus and might still be present today, making the moon a promising kitchen for the cooking of primordial soup,"" added the statement.",wn-0183:13:471,finding,471,,,DATE:today,,,,False,0.55
wn-0183,14,flyby,flyby,,,2008,Cassini will make a flyby on Enceladus in march of 2008.,wn-0183:14:523,flyby,523,,,DATE:2008,,,,False,0.55
wn-0184,0,discovery,discovered,The European Space Agency's Mars Express spacecraft,ice deposits,,The European Space Agency's Mars Express spacecraft has discovered ice deposits in the south pole of Mars that are larger than the state of Texas.,wn-0184:0:9,discover,9,,,,,,,False,0.6
wn-0185,11,launch,launched,who,an investigation,1997,"Frances Barwood, who was the former Phoenix city councilwoman in 1997 and who launched an investigation into the event, said that out of the more than 700 witnesses she interviewed, ""The government never interviewed even one.""",wn-0185:11:179,launch,179,,,DATE:1997,,,,False,0.65
wn-0186,1,launch,launched,SpaceX Corporation,its Falcon I rocket,today,SpaceX Corporation launched its Falcon I rocket today from Kwajalein Atoll.,wn-0186:1:4,launch,4,,,DATE:today,,,,False,0.65
wn-0186,2,launch,Liftoff,,,6:00 PM PDT,"Liftoff occurred at 6:00 PM PDT, following two previous launch aborts this week.",wn-0186:2:14,liftoff,14,,,TIME:6:00 PM PDT,,,,False,0.55
wn-0186,2,launch,launch,,,this week,"Liftoff occurred at 6:00 PM PDT, following two previous launch aborts this week.",wn-0186:2:24,launch,24,,,DATE:this week,,,,False,0.55
wn-0186,2,failure,aborts,,,this week,"Liftoff occurred at 6:00 PM PDT, following two previous launch aborts this week.",wn-0186:2:25,abort,25,,,DATE:this week,,,,False,0.55
wn-0186,5,failure,lost,,contact,,"It was intended to go into orbit, but contact was lost before this could be accomplished",wn-0186:5:82,lose,82,,,,,,,False,0.6
wn-0186,6,launch,launch,,,,"This is the second launch for the low-cost SpaceX rocket, and the first successful launch for the company.",wn-0186:6:93,launch,93,,,,,,,False,0.5
wn-0186,6,launch,launch,,,,"This is the second launch for the low-cost SpaceX rocket, and the first successful launch for the company.",wn-0186:6:106,launch,106,,,,,,,False,0.5
wn-0186,7,launch,launch,,,35 seconds,"The previous launch had a successful lift-off, but failed 35 seconds into the flight and crashed near to the launch pad due to a fuel leak in the engine.",wn-0186:7:113,launch,113,,,TIME:35 seconds,,,,False,0.55
wn-0186,7,failure,failed,,The previous launch,35 seconds,"The previous launch had a successful lift-off, but failed 35 seconds into the flight and crashed near to the launch pad due to a fuel leak in the engine.",wn-0186:7:122,fail,122,,,TIME:35 seconds,,,,False,0.65
wn-0186,7,failure,crashed,,The previous launch,35 seconds,"The previous launch had a successful lift-off, but failed 35 seconds into the flight and crashed near to the launch pad due to a fuel leak in the engine.",wn-0186:7:129,crash,129,,,TIME:35 seconds,,,,False,0.65
wn-0186,7,launch,launch,,,35 seconds,"The previous launch had a successful lift-off, but failed 35 seconds into the flight and crashed near to the launch pad due to a fuel leak in the engine.",wn-0186:7:133,launch,133,,,TIME:35 seconds,,,,False,0.55
wn-0187,0,failure,failed,,The SpaceX Falcon 1 rocket,,"The SpaceX Falcon 1 rocket has failed to place a DARPA demonstration payload into orbit, on its first flight into space.",wn-0187:0:6,fail,6,,,,,,,False,0.6
wn-0187,1,launch,launched,,The rocket,01:10 GMT,"The rocket launched from Omelek Island, at 01:10 GMT on 21 March, just less than a year after its maiden flight which failed just seconds after launch.",wn-0187:1:25,launch,25,,,TIME:01:10 GMT,at,Omelek Island,GPE:Omelek Island,False,0.65
wn-0187,1,failure,failed,,which,just seconds,"The rocket launched from Omelek Island, at 01:10 GMT on 21 March, just less than a year after its maiden flight which failed just seconds after launch.",wn-0187:1:47,fail,47,,,TIME:just seconds,,,,False,0.65
wn-0187,1,launch,launch,,,just seconds,"The rocket launched from Omelek Island, at 01:10 GMT on 21 March, just less than a year after its maiden flight which failed just seconds after launch.",wn-0187:1:51,launch,51,,,TIME:just seconds,,,,False,0.55
wn-0187,2,launch,launch,,,five minutes,"The rocket, which is the first privately-funded liquid-fueled launch vehicle, was intended to place the payload into a low-Earth orbit, but all contact with the rocket was lost just over five minutes into the flight.",wn-0187:2:67,launch,67,,,TIME:five minutes,,,,False,0.55
wn-0187,2,failure,lost,,all contact,five minutes,"The rocket, which is the first privately-funded liquid-fueled launch vehicle, was intended to place the payload into a low-Earth orbit, but all contact with the rocket was lost just over five minutes into the flight.",wn-0187:2:90,lose,90,,,TIME:five minutes,,,,False,0.65
wn-0187,4,discovery,observed,,it,,"As the first stage fell away from the second, it was observed to have impacted on the engine bell of the second stage.",wn-0187:4:125,observe,125,,,,,,,False,0.6
wn-0187,6,failure,lost,,All data,,"All data was lost at T+5 minutes, 5 seconds.",wn-0187:6:158,lose,158,,,,,,,False,0.6
wn-0188,0,discovery,discovered,California,,,"Researchers in San Joaquin County, California have discovered what appears to be a massive impact crater made by an asteroid nearly 50 million years ago, while exploring the area for possible oil deposits.",wn-0188:0:8,discover,8,GPE:California,,,,,,False,0.65
wn-0188,4,failure,anomaly,,a subsurface,,"""Analyses of a 3-D seismic survey and well logs in the southwestern Sacramento basin, San Joaquin County, California, have revealed a subsurface, circular, 3 mile (~5.5-km-) diameter anomaly that may represent a previously unrecognized complex impact crater.",wn-0188:4:160,anomaly,160,,,,,,,False,0.55
wn-0188,5,failure,anomaly,,,,"This unique anomaly, buried 4,500-5,000 ft (1,490–1,600 m) below sea level under the southwestern part of the Sacramento-San Joaquin Delta, is provisionally named the Victoria Island structure for an overlying surface geographic feature,"" J. R. Morrow of San Diego State University during the 38th Lunar and Planetary Science Conference, held in Houston, Texas.",wn-0188:5:173,anomaly,173,,,,,,,False,0.5
wn-0188,6,discovery,found,researchers,,,"In the images, researchers found that the crater contained a ""central uplift,"" or the peak near the center, which researchers say is a good sign that the discovery is a crater created by an asteroid.",wn-0188:6:243,find,243,,,,,,,False,0.55
wn-0188,6,discovery,discovery,,,,"In the images, researchers found that the crater contained a ""central uplift,"" or the peak near the center, which researchers say is a good sign that the discovery is a crater created by an asteroid.",wn-0188:6:270,discovery,270,,,,,,,False,0.5
wn-0188,8,discovery,find,They,shocked quartz,,"They hope to find shocked quartz, melted rock and glass.",wn-0188:8:303,find,303,,,,,,,False,0.6
wn-0188,9,discovery,found,,The element,,The element known as iridium is also expected to be found in elevated levels.,wn-0188:9:322,find,322,,,,,,,False,0.6
wn-0188,10,discovery,found,,the second such crater,,This is the second such crater to be found in the central valley of California.,wn-0188:10:336,find,336,,,,,,,False,0.6
wn-0189,2,discovery,sightings,,,1954,"The 100,000 pages of witness testimony, photographs, film footage and audiotapes are an accumulation of more than 1,600 sightings since 1954 and will include all future UFO reports obtained by the agency.",wn-0189:2:39,sighting,39,,,DATE:1954,,,,False,0.55
wn-0189,3,discovery,identified,,"the ""non-identified aerospatial phenomena",,"Jacques Patenet, an aeronautical engineer who is leading the study of the ""non-identified aerospatial phenomena,"" noted that the release of the UFO files to the public was ""a world first,"" and that ""the data that we are releasing doesn't demonstrate the presence of extraterrestrial beings.",wn-0189:3:71,identify,71,,,,,,,False,0.6
wn-0189,11,failure,crashed,The CNES website,,three hours,The CNES website containing the UFO files crashed all its host servers three hours after it was brought online due to heavy traffic.,wn-0189:11:226,crash,226,,,TIME:three hours,,,,False,0.6
wn-0190,5,discovery,detected,,life,,"Carl Pilcher, director of the NASA Astrobiology Institute, said, ""This work broadens our understanding of how life may be detected on Earth-like planets around other stars, while simultaneously improving our understanding of life on Earth.",wn-0190:5:178,detect,178,,,,,,,False,0.6
wn-0191,2,launch,launch,,The Phoenix Lander,August 2007,"The Phoenix Lander, with several on-board instruments, is to launch in August 2007 and touch down on Mars in May 2008.",wn-0191:2:74,launch,74,,,DATE:August 2007,in,,,False,0.65
wn-0191,2,landing,touch down,,The Phoenix Lander,May 2008,"The Phoenix Lander, with several on-board instruments, is to launch in August 2007 and touch down on Mars in May 2008.",wn-0191:2:79,touch,79,,,DATE:May 2008,in,Mars,CELESTIAL:Mars,False,0.65
wn-0192,0,failure,failure,,battery,five month-old,"A complex series of events, including a five month-old computer error, was responsible for the battery failure that led to the loss of NASA's Mars Global Surveyor last year, an internal review board says.",wn-0192:0:20,failure,20,,,DATE:five month-old,,,,False,0.6
wn-0192,0,failure,loss,,Mars Global Surveyor,last year,"A complex series of events, including a five month-old computer error, was responsible for the battery failure that led to the loss of NASA's Mars Global Surveyor last year, an internal review board says.",wn-0192:0:25,loss,25,,SPACECRAFT:Mars Global Surveyor,DATE:last year,,,,False,0.75
wn-0192,1,discovery,Findings,,,Friday,"Findings from a preliminary report released on Friday say that while NASA controllers followed procedures while operating the craft, the procedures did not cover the types of errors that occurred.",wn-0192:1:41,finding,41,,,DATE:Friday,,,,False,0.55
wn-0192,8,landing,landing,,,ten years,"The Global Surveyor was the first US mission to Mars in twenty years, For ten years, the craft returned detailed information to NASA scientists providing new insights, including evidence that appeared to show the presence of water on Mars and identification of deposits of water-related minerals, which led to selection of a Mars rover landing site.",wn-0192:8:241,landing,241,,,DATE:ten years,,,,False,0.55
wn-0192,9,failure,loss,,the spacecraft,five months,"""The loss of the spacecraft was the result of a series of events linked to a computer error made five months before the likely battery failure,"" said Dolly Perkins, board chairperson and deputy director-technical of NASA's Goddard Space Flight Center.",wn-0192:9:247,loss,247,,,DATE:five months,,,,False,0.6
wn-0192,9,failure,failure,,,five months,"""The loss of the spacecraft was the result of a series of events linked to a computer error made five months before the likely battery failure,"" said Dolly Perkins, board chairperson and deputy director-technical of NASA's Goddard Space Flight Center.",wn-0192:9:271,failure,271,,,DATE:five months,,,,False,0.55
wn-0193,20,failure,lost,He,his father,2003,"He had lost his father in 2003, but had decided not to return to his hometown in Tennessee.",wn-0193:20:531,lose,531,,,DATE:2003,in,,,False,0.65
wn-0194,1,landing,landing,,,14 days,"The original mission, planned to last 13 days, was extended to 14 days when landing was made impossible due to ""boggy ground"".",wn-0194:1:47,landing,47,,,DATE:14 days,,,,False,0.55
wn-0194,2,landing,landing,,,Saturday,"Mr. Simonyi, Russian cosmonaut Mikhail Tyurin, and American astronaut Michael Lopez-Alegria made a successful landing in the Soyuz TMA-9 spacecraft on the Kazakh steppe in Central Asia on Saturday.",wn-0194:2:76,landing,76,,,DATE:Saturday,,,,False,0.55
wn-0194,4,landing,landing,,space crews,,His first piece of food back on Earth was an offering to returning space crews landing in Kazakstan - a green apple.,wn-0194:4:132,land,132,,,,,Kazakstan,GPE:Kazakstan,False,0.6
wn-0194,5,landing,landing,,,,"The controllers supervising the landing burst into applause along with the families of the space crew as a giant screen displayed ""It has landed!""",wn-0194:5:144,landing,144,,,,,,,False,0.5
wn-0194,5,landing,landed,,It,,"The controllers supervising the landing burst into applause along with the families of the space crew as a giant screen displayed ""It has landed!""",wn-0194:5:164,land,164,,,,,,,False,0.6
wn-0194,9,discovery,find,those,,,"""It is natural that those who spend a quite long period of time in space find it harder now,"" said Anatoly Grigoryev, head of a Russian biomedical institute responsible for the health of the cosmonauts.",wn-0194:9:239,find,239,,,,,,,False,0.55
wn-0195,0,launch,launch,India,the Polar Satellite Launch Vehicle,,India The Indian Space Research Organisation (ISRO) announced India’s first commercial launch of the Polar Satellite Launch Vehicle (PSLV).,wn-0195:0:14,launch,14,GPE:India,ORG:Polar Satellite Launch Vehicle,,,,,False,0.8
wn-0195,4,launch,launch,,satellite,,These nations dominate the commercial satellite launch services segment which is estimated to be worth $2.5 billion a year.,wn-0195:4:120,launch,120,,,,,,,False,0.55
wn-0196,1,discovery,discovered,,Gliese,,A planet 50% greater in radius and with about 5 times earth mass orbiting the red dwarf Gliese 581 has been discovered inside the constellation of Libra.,wn-0196:1:30,discover,30,,NORP:Gliese,,,,,False,0.75
wn-0196,5,discovery,discovered,,A second planet,,"A second planet, about 8 times the mass of earth, was also discovered not too far from Gliese 581 c.",wn-0196:5:121,discover,121,,,,,,,False,0.6
wn-0196,6,discovery,discovered,A team,the planets,,"A team of scientists from France, Switzerland and Portugal discovered the planets using the ESO 3.6-m telescope from the High Accuracy Radial Velocity Planet Searcher or HARPS, located at the European Southern Observatory (ESO) in La Silla, Chile.",wn-0196:6:140,discover,140,,,,,,,False,0.6
wn-0196,11,discovery,discovered,,The newly discovered planet,,The newly discovered planet is 20.5 light-years away from the Earth.,wn-0196:11:303,discover,303,,,,,,,False,0.6
wn-0198,0,discovery,discovered,,the brightest and largest supernova,,"SN 2006gy was the brightest and largest supernova ever discovered, scientists announced.",wn-0198:0:9,discover,9,,,,,,,False,0.6
wn-0198,1,discovery,observed,,,1260,"The star was in the NGC 1260 galaxy, in the same direction as the constellation Perseus and may be a type of supernova previously predicted by theory but not observed.",wn-0198:1:44,observe,44,,,DATE:1260,,,,True,0.6
wn-0198,2,discovery,observations,both optical telescopes,the supernova,,The conclusion was reached after extended observations of the supernova by both optical telescopes and X-ray telescopy.,wn-0198:2:52,observation,52,,,,,,,False,0.55
wn-0198,7,failure,exploded,Eta Carinae,,,"Dave Pooley, one of the discoverers of SN 2006gy said that if Eta Carinae exploded in a similar fashion, it would be bright enough that one could read by its light.",wn-0198:7:187,explode,187,ORG:Eta Carinae,,,,,,False,0.65
wn-0198,8,failure,exploding,,the star,,"However, Pooley estimates the likelihood of the star exploding soon is small and estimates that, even if it did explode, the risk to life on earth would be minimal.",wn-0198:8:215,explode,215,,,,,,,False,0.6
wn-0198,8,failure,explode,,it,,"However, Pooley estimates the likelihood of the star exploding soon is small and estimates that, even if it did explode, the risk to life on earth would be minimal.",wn-0198:8:227,explode,227,,,,,,,False,0.6
wn-0199,0,discovery,found,,a newly found planet,149026b,"Comparison of the inner core of the extrasolar planet HD 149026b and Jupiter HD 149026b, a newly found planet in the constellation Hercules is dense, gassy and the hottest planet found to date.",wn-0199:0:18,find,18,,,DATE:149026b,,,,False,0.65
wn-0199,0,discovery,found,,the hottest planet,149026b,"Comparison of the inner core of the extrasolar planet HD 149026b and Jupiter HD 149026b, a newly found planet in the constellation Hercules is dense, gassy and the hottest planet found to date.",wn-0199:0:32,find,32,,,DATE:149026b,,,,False,0.65
wn-0200,3,discovery,find,It,the first galaxies,,"""It will find the first galaxies and will peer through dusty clouds to see stars forming planetary systems, connecting the Milky Way to our own Solar System,"" said a statement posted on NASA's website.",wn-0200:3:81,find,81,,,,,,,False,0.6
wn-0200,7,launch,launch,,It,2013,"It is scheduled to launch in 2013 from Arianespace's ELA-3 launch complex at European Spaceport located near Kourou, French Guiana.",wn-0200:7:191,launch,191,,,DATE:2013,in,,,False,0.65
wn-0200,7,launch,launch,,,2013,"It is scheduled to launch in 2013 from Arianespace's ELA-3 launch complex at European Spaceport located near Kourou, French Guiana.",wn-0200:7:198,launch,198,,,DATE:2013,,,,False,0.55
wn-0201,11,discovery,found,that,the object,,"We have to move forward,"" said Srinivasan Nageswaran, a member of the family that found the object.",wn-0201:11:235,find,235,,,,,,,False,0.6
wn-0203,0,discovery,discovered,,a recently discovered extrasolar planet,,"A team of European and American astronomers say that a recently discovered extrasolar planet, located not far from Earth, contains oceans and rivers of hot solid water.",wn-0203:0:11,discover,11,,,,,,,False,0.6
wn-0203,1,discovery,discovered,The team,the planet,,"The team discovered the planet, Gliese 436 b, which is roughly the size of Neptune, using the Geneva Observatory and it is roughly 33 light-years away from Earth.",wn-0203:1:33,discover,33,,,,,,,False,0.6
wn-0203,4,discovery,discovered,who,the planet,,"It's not a very welcoming planet,"" said one of the astronomers who discovered the planet, Frederic Pont.",wn-0203:4:122,discover,122,,,,,,,False,0.6
wn-0203,13,discovery,discovered,American astronomers,436b,2004,"American astronomers first discovered GJ 436b back in 2004, but no clear indication was found on what it might contain on its surface.",wn-0203:13:330,discover,330,,PRODUCT:436b,DATE:2004,,,,False,0.8
wn-0203,13,discovery,found,,no clear indication,2004,"American astronomers first discovered GJ 436b back in 2004, but no clear indication was found on what it might contain on its surface.",wn-0203:13:342,find,342,,,DATE:2004,,,,False,0.65
wn-0203,14,discovery,discovered,they,"the first ""earth-like planet",April,"The same team of astronomers were made famous when they discovered the first ""earth-like planet"" Gliese 581 c in April.",wn-0203:14:363,discover,363,,,DATE:April,,,,False,0.65
wn-0204,0,discovery,found,Spirit Rover,silica-rich soil,,"NASA's Spirit Rover on Mars has found ""silica-rich soil"" in Gusev Crater that scientists say is so rich that it would require that water have been present at some point, in order for the deposits to be there.",wn-0204:0:7,find,7,SPACECRAFT:Spirit Rover,,,,,,False,0.7
wn-0204,2,discovery,discovery,,,,This is a remarkable discovery.,wn-0204:2:59,discovery,59,,,,,,,False,0.5
wn-0204,3,discovery,found,we,something,"nearly 1,200 days","And the fact that we found something this new and different after nearly 1,200 days on Mars makes it even more remarkable.",wn-0204:3:66,find,66,,,"DATE:nearly 1,200 days",after,,,False,0.65
wn-0204,5,discovery,found,,the soil,,"The Martian soil was analyzed by Spirit's alpha particle X-ray spectrometer, and the soil was found to contain at least 90% pure silica.",wn-0204:5:139,find,139,,,,,,,False,0.6
wn-0204,6,discovery,findings,,,,The findings were announced during a teleconference between Squyres and the other rovers' team members.,wn-0204:6:150,finding,150,,,,,,,False,0.5
wn-0204,7,discovery,discovery,,,,But Spirit did not make this discovery on purpose.,wn-0204:7:173,discovery,173,,,,,,,False,0.5
wn-0204,9,discovery,discovery,,,,That is what caused the soil to be exposed and this discovery to be made.,wn-0204:9:219,discovery,219,,,,,,,False,0.5
wn-0204,10,discovery,discoveries,,,,Spirit has made other discoveries using this 'method'.,wn-0204:10:228,discovery,228,,,,,,,False,0.5
wn-0204,11,discovery,found,Spirit,other indicators,long-ago,"Spirit had previously found other indicators of long-ago water at the site, such as patches of water-bearing, sulfur-rich soil and alteration of minerals.",wn-0204:11:238,find,238,ORG:Spirit,,DATE:long-ago,,,,False,0.75
wn-0204,12,discovery,discovery,,,more than three years,"""This unexpected new discovery is a reminder that Spirit and Opportunity are still doing cutting-edge exploration more than three years into their extended missions.",wn-0204:12:272,discovery,272,,,DATE:more than three years,,,,False,0.55
wn-0204,15,discovery,discovery,,,,The discovery is being called the best one yet to support the theory that Mars once had an abundance of water on it.,wn-0204:15:336,discovery,336,,,,,,,False,0.5
wn-0204,16,discovery,found,Spirit,,,"""This is some of the best evidence Spirit has found for water at Gusev,"" said a geochemist at NASA's Jet Propulsion Laboratory in Pasadena, California, Albert Yen who also added that this is the best indication so far that there could have been ""favorable conditions"" for there to have been life on Mars in the past.",wn-0204:16:370,find,370,ORG:Spirit,,,,,,False,0.65
wn-0204,21,discovery,discoveries,,,2004,"Both of the rovers finished their initial mission back in 2004, but both have been operating since and making new discoveries.",wn-0204:21:522,discovery,522,,,DATE:2004,,,,False,0.55
wn-0205,0,launch,launch,,its,three months,"After having its launch delayed three months due to damage caused by hail stones during a storm, Space Shuttle Atlantis has been given the green light by NASA to launch on June 8.",wn-0205:0:3,launch,3,,,DATE:three months,,,,False,0.6
wn-0205,0,delay,delayed,its launch,,three months,"After having its launch delayed three months due to damage caused by hail stones during a storm, Space Shuttle Atlantis has been given the green light by NASA to launch on June 8.",wn-0205:0:4,delay,4,,,DATE:three months,,,,False,0.6
wn-0205,0,launch,launch,,Space Shuttle Atlantis,June 8,"After having its launch delayed three months due to damage caused by hail stones during a storm, Space Shuttle Atlantis has been given the green light by NASA to launch on June 8.",wn-0205:0:30,launch,30,,SPACECRAFT:Space Shuttle Atlantis,DATE:June 8,on,,,False,0.8
wn-0205,3,launch,launch,NASA,Atlantis,,"NASA plans to launch Atlantis despite a vote reached by the International Association of Machinist and Aerospace Workers, IAMAW, a union that is representing 570 workers that work with the shuttle program, but according to a union spokeswoman, the strike is not going to affect the launching of Atlantis.",wn-0205:3:108,launch,108,ORG:NASA,PRODUCT:Atlantis,,,,,False,0.85
wn-0205,3,launch,launching,,Atlantis,,"NASA plans to launch Atlantis despite a vote reached by the International Association of Machinist and Aerospace Workers, IAMAW, a union that is representing 570 workers that work with the shuttle program, but according to a union spokeswoman, the strike is not going to affect the launching of Atlantis.",wn-0205:3:155,launching,155,,PRODUCT:Atlantis,,,,,False,0.7
wn-0205,4,launch,launch,,,,"""The bottom line is, a strike would not affect the next launch or the next one after that,"" said IAMAW spokeswoman, Tracy Yates.",wn-0205:4:173,launch,173,,,,,,,False,0.5
wn-0206,1,launch,blasted off,,Space Shuttle Atlantis,yesterday,"In the first space flight of 2007, Space Shuttle Atlantis blasted off on schedule yesterday, starting on an 11-day mission to the International Space Station.",wn-0206:1:13,blast,13,,SPACECRAFT:Space Shuttle Atlantis,DATE:yesterday,,,,False,0.8
wn-0206,2,launch,lifted off,,Atlantis,7:38 p.m. EDT,"Atlantis and its seven astronauts lifted off at 7:38 p.m. EDT (2338 GMT) from the launch pad at Kennedy Space Center, Florida.",wn-0206:2:38,lift,38,,PRODUCT:Atlantis,TIME:7:38 p.m. EDT,at,,,False,0.8
wn-0206,2,launch,launch,,,2338,"Atlantis and its seven astronauts lifted off at 7:38 p.m. EDT (2338 GMT) from the launch pad at Kennedy Space Center, Florida.",wn-0206:2:50,launch,50,,,DATE:2338,,,,False,0.55
wn-0206,3,launch,launch,,,"Feb. 1, 2003","The launch pad, newly refurbished by NASA, had not been used since the launch of Space Shuttle Columbia, which ended in disaster on Feb. 1, 2003.",wn-0206:3:60,launch,60,,,"DATE:Feb. 1, 2003",,,,False,0.55
wn-0206,3,launch,launch,,Space Shuttle Columbia,"Feb. 1, 2003","The launch pad, newly refurbished by NASA, had not been used since the launch of Space Shuttle Columbia, which ended in disaster on Feb. 1, 2003.",wn-0206:3:74,launch,74,,SPACECRAFT:Space Shuttle Columbia,"DATE:Feb. 1, 2003",,,,False,0.75
wn-0206,3,failure,disaster,,,"Feb. 1, 2003","The launch pad, newly refurbished by NASA, had not been used since the launch of Space Shuttle Columbia, which ended in disaster on Feb. 1, 2003.",wn-0206:3:83,disaster,83,,,"DATE:Feb. 1, 2003",,,,False,0.55
wn-0206,4,docking,dock,Atlantis,the space station,tomorrow,Atlantis is scheduled to dock with the space station at around 1930 GMT tomorrow.,wn-0206:4:94,dock,94,PRODUCT:Atlantis,,DATE:tomorrow,,,,False,0.75
wn-0206,9,launch,launch,,It,March,"It was scheduled to launch in March, but a hailstorm in February damaged the orange external fuel tank, so the shuttle had to be rolled back into the Vehicle Assembly Building for repairs.",wn-0206:9:221,launch,221,,,DATE:March,in,,,False,0.65
wn-0206,11,failure,crash,,Columbia,,"Falling foam insulation was blamed for the Columbia crash, in which all seven astronauts aboard were killed.",wn-0206:11:287,crash,287,,ORG:Columbia,,,,,False,0.7
wn-0206,12,launch,launch,,,yesterday,But yesterday's launch appeared to be flawless.,wn-0206:12:302,launch,302,,,DATE:yesterday,,,,False,0.55
wn-0206,14,delay,delay,,,,The delay in the launch of Atlantis also pushed back other missions.,wn-0206:14:333,delay,333,,,,,,,False,0.5
wn-0206,14,launch,launch,,Atlantis,,The delay in the launch of Atlantis also pushed back other missions.,wn-0206:14:336,launch,336,,PRODUCT:Atlantis,,,,,False,0.7
wn-0207,1,launch,took off,,it,June 8,"The Space Shuttle Atlantis has received at least a 4 inch tear on its Thermal Protection System (TPS) on one of the Orbital Maneuvering System (OMS) pods near the thrusters after it took off on June 8, but officials say the damage is not concerning yet, and the OMS was not damaged.",wn-0207:1:38,take,38,,,DATE:June 8,on,,,False,0.65
wn-0207,7,launch,launch,,,,"""Analysis by launch team looking at other camera views show that the tyvek cover did not strike the OMS pod,"" said NASA.",wn-0207:7:177,launch,177,,,,,,,False,0.5
wn-0207,8,discovery,found,Astronauts,,approximately 2:00 p.m.,"Astronauts inspected the shuttle for more damage at approximately 2:00 p.m. (eastern time) using Atlantis's robotic arm with digital cameras placed on the end, but found none and Atlantis is still planned to dock with the International Space Station.",wn-0207:8:230,find,230,,,TIME:approximately 2:00 p.m.,,,,False,0.6
wn-0207,8,docking,dock,Atlantis,International Space Station,approximately 2:00 p.m.,"Astronauts inspected the shuttle for more damage at approximately 2:00 p.m. (eastern time) using Atlantis's robotic arm with digital cameras placed on the end, but found none and Atlantis is still planned to dock with the International Space Station.",wn-0207:8:238,dock,238,PRODUCT:Atlantis,SPACECRAFT:ISS,TIME:approximately 2:00 p.m.,,,,False,0.9
wn-0208,2,docking,docked,Shuttle Atlantis,International Space Station,yesterday,"Shuttle Atlantis docked with the International Space Station yesterday, and astronauts James Reilly and Danny Olivas were planning their first spacewalk today.",wn-0208:2:5,dock,5,,SPACECRAFT:ISS,DATE:yesterday,,,,False,0.8
wn-0208,3,docking,docked,The shuttle,,3:36 p.m. EDT,"The shuttle docked at 3:36 p.m. EDT (1736 UTC) yesterday, doing an end-over-end flip over South America to let the International Space Station crew photograph the shuttle's heat shield.",wn-0208:3:30,dock,30,,,TIME:3:36 p.m. EDT,at,,,False,0.6
wn-0209,2,failure,glitch,,sensor,,"This could have been a small impact caused by a meteorite or space junk, or a sensor glitch.",wn-0209:2:44,glitch,44,,,,,,,False,0.55
wn-0209,3,failure,anomaly,,,Tuesday,The anomaly was recorded on reinforced carbon panels 7 and 8 and reported during a mission briefing on Tuesday afternoon by NASA.,wn-0209:3:47,anomaly,47,,,DATE:Tuesday,,,,False,0.55
wn-0209,5,launch,liftoff,,,"February 1, 2003","Damage resulting from impact to a wing during liftoff caused Space Shuttle Columbia to disintegrate when it was re-entering Earth's atmosphere on February 1, 2003.",wn-0209:5:122,liftoff,122,,,"DATE:February 1, 2003",,,,False,0.55
wn-0209,5,failure,disintegrate,,Space Shuttle Columbia,"February 1, 2003","Damage resulting from impact to a wing during liftoff caused Space Shuttle Columbia to disintegrate when it was re-entering Earth's atmosphere on February 1, 2003.",wn-0209:5:128,disintegrate,128,,SPACECRAFT:Space Shuttle Columbia,"DATE:February 1, 2003",,,,False,0.8
wn-0209,6,failure,accident,,,,"As required by new routines put in place after the accident, astronauts will now have to use a camera or laser to determine if there is any damage to Atlantis's left wing or not.",wn-0209:6:154,accident,154,,,,,,,False,0.5
wn-0209,8,failure,anomaly,,,,"NASA says they do not believe that there is any damage, because the other sensors around the one that reported the anomaly did not register anything out of the ordinary, as they would be expected to do in case of an actual impact.",wn-0209:8:231,anomaly,231,,,,,,,False,0.5
wn-0210,0,launch,liftoff,,,June 8,"NASA has extended the Space Shuttle Atlantis mission from 11 days to 13 days to attempt to fix a tear of at least four inches in the shuttle's Thermal Protection System (TPS), which occurred during liftoff on June 8.",wn-0210:0:39,liftoff,39,,,DATE:June 8,,,,False,0.55
wn-0210,2,discovery,discovered,,The tear,,The tear was discovered when astronauts used the shuttle's robotic arm with digital cameras placed on the end.,wn-0210:2:58,discover,58,,,,,,,False,0.6
wn-0210,5,failure,disaster,,,2003,Shannon said that it was unlikely that the tear would result in a disaster similar to that which occurred with the Space Shuttle Columbia which was lost in 2003 during re-entry.,wn-0210:5:155,disaster,155,,,DATE:2003,,,,False,0.55
wn-0210,5,failure,lost,,which,2003,Shannon said that it was unlikely that the tear would result in a disaster similar to that which occurred with the Space Shuttle Columbia which was lost in 2003 during re-entry.,wn-0210:5:168,lose,168,,,DATE:2003,in,,,False,0.65
wn-0211,0,discovery,found,,that,,"German and American scientists have announced that the recent planet, Gliese 581c is too hot to host any life that would be found on Earth.",wn-0211:0:23,find,23,,,,,Earth,CELESTIAL:Earth,False,0.6
wn-0211,11,discovery,discovery,,its,April,"Scientists began to monitor Gliese 581c right after the announcement of its discovery in April for six weeks using the Microvariability and Oscillations of STars (MOST), operated by the Canadian Space Agency.",wn-0211:11:278,discovery,278,,,DATE:April,in,,,False,0.6
wn-0213,1,failure,failed,,which,another two days,"NASA has stated that they may extend the STS-117 Space Shuttle Atlantis mission by another two days to assist in the repair of 4 of the 6 computers that control the position, oxygen and water levels of the International Space Station (ISS) which failed, and have not come back on.",wn-0213:1:48,fail,48,,,DATE:another two days,,,,False,0.65
wn-0213,2,failure,failure,,the computer,,"As a result of the computer's failure, the thrusters on the station and the shuttle have been stabilizing the station's orbit.",wn-0213:2:64,failure,64,,,,,,,False,0.55
wn-0213,9,failure,fail,,the computers,,"It is not known what caused the computers to fail, but Russian engineers say that it could be a problem with power supply.",wn-0213:9:225,fail,225,,,,,,,False,0.6
wn-0213,10,failure,failure,,,today,"This type of failure has not been observed before on the space station as re-booting the computers have fixed any problems that occurred in the past, but today, that did not work.",wn-0213:10:244,failure,244,,,DATE:today,,,,False,0.55
wn-0213,10,discovery,observed,,This type,today,"This type of failure has not been observed before on the space station as re-booting the computers have fixed any problems that occurred in the past, but today, that did not work.",wn-0213:10:248,observe,248,,,DATE:today,,,,True,0.65
wn-0213,14,launch,liftoff,,,June 8,"NASA had already extended the shuttle's mission by two days on June 11 to repair a tear of at least four inches in the shuttle's Thermal Protection System (TPS), which occurred during liftoff on June 8.",wn-0213:14:416,liftoff,416,,,DATE:June 8,,,,False,0.55
wn-0215,1,failure,crashed,,that,the week,NASA said yesterday that four lanes (processing channels) out of six on the two navigational and support computers that had crashed earlier in the week on the International Space Station (ISS) were now operational and may be put back online today.,wn-0215:1:24,crash,24,,,DATE:week,in,,,False,0.65
wn-0215,3,failure,failed,,All three lanes,,"All three lanes on each computer had failed, but the ISS crew were able to restore two lanes on each computer.",wn-0215:3:85,fail,85,,,,,,,False,0.6
wn-0215,16,failure,fail,,the computers,,"It is not known what initially caused the computers to fail, but Russian engineers say that it could have been a problem with power supply.",wn-0215:16:312,fail,312,,,,,,,False,0.6
wn-0216,0,landing,landing,,Space Shuttle Atlantis,earlier today,The planned landing of Space Shuttle Atlantis earlier today has been postponed due to poor weather conditions in the vicinity of the landing strip at the Kennedy Space Center.,wn-0216:0:2,landing,2,,SPACECRAFT:Space Shuttle Atlantis,TIME:earlier today,,,,True,0.75
wn-0216,0,delay,postponed,,The planned landing,earlier today,The planned landing of Space Shuttle Atlantis earlier today has been postponed due to poor weather conditions in the vicinity of the landing strip at the Kennedy Space Center.,wn-0216:0:11,postpone,11,,,TIME:earlier today,,,,False,0.65
wn-0216,0,landing,landing,,,earlier today,The planned landing of Space Shuttle Atlantis earlier today has been postponed due to poor weather conditions in the vicinity of the landing strip at the Kennedy Space Center.,wn-0216:0:22,landing,22,,,TIME:earlier today,,,,False,0.55
wn-0216,2,landing,landing,,,,"According to NASA, there were showers within a 34-mile radius of the landing strip and clouds within 8,000 feet.",wn-0216:2:61,landing,61,,,,,,,False,0.5
wn-0216,3,landing,landing,,,,Both of these represent conditions in which flight rules prohibit a landing.,wn-0216:3:80,landing,80,,,,,,,False,0.5
wn-0216,4,landing,land,,five more opportunities,the next three days,The shuttle has five more opportunities to land over the course of the next three days.,wn-0216:4:89,land,89,,,DATE:next three days,,,,False,0.65
wn-0216,5,landing,land,,Atlantis,tomorrow,Atlantis could land tomorrow at 2:16 p.m. or 3:51 p.m. ET.,wn-0216:5:101,land,101,,PRODUCT:Atlantis,DATE:tomorrow,,,,False,0.8
wn-0216,9,delay,postpone,they,landing,Sunday,"Atlantis can potentially remain in orbit until Sunday, but officials have stated they will only postpone landing until Sunday if there are technical problems that require attention prior to landing.",wn-0216:9:166,postpone,166,,,DATE:Sunday,until,,,False,0.65
wn-0216,9,landing,landing,,,Sunday,"Atlantis can potentially remain in orbit until Sunday, but officials have stated they will only postpone landing until Sunday if there are technical problems that require attention prior to landing.",wn-0216:9:167,landing,167,,,DATE:Sunday,,,,True,0.55
wn-0216,9,landing,landing,,,Sunday,"Atlantis can potentially remain in orbit until Sunday, but officials have stated they will only postpone landing until Sunday if there are technical problems that require attention prior to landing.",wn-0216:9:180,landing,180,,,DATE:Sunday,,,,False,0.55
wn-0216,12,landing,landing,,,late Wednesday,The mission managers held a last-minute meeting late Wednesday to discuss potential problems which could affect the landing – damage to the thermal blanket on takeoff - which required repairs.,wn-0216:12:256,landing,256,,,TIME:late Wednesday,,,,False,0.55
wn-0216,13,discovery,found,,Material,Tuesday,"Material known as gap filler was found to be sticking out of a wing, and debris was found floating nearby after the shuttle docked with the space station on Tuesday.",wn-0216:13:276,find,276,,,DATE:Tuesday,,,,False,0.65
wn-0216,13,discovery,found,,debris,Tuesday,"Material known as gap filler was found to be sticking out of a wing, and debris was found floating nearby after the shuttle docked with the space station on Tuesday.",wn-0216:13:288,find,288,,,DATE:Tuesday,,,,False,0.65
wn-0216,13,docking,docked,the shuttle,the space station,Tuesday,"Material known as gap filler was found to be sticking out of a wing, and debris was found floating nearby after the shuttle docked with the space station on Tuesday.",wn-0216:13:294,dock,294,,,DATE:Tuesday,on,,,False,0.65
wn-0216,14,discovery,found,The only problem,,,The only problem found to be of significant concern was the gap filler.,wn-0216:14:305,find,305,,,,,,,False,0.55
wn-0217,0,landing,landing,,,,"The Space Shuttle Atlantis has performed a successful landing at Edwards Air Force Base in California, completing STS-117, a troubled but successful mission to upgrade the International Space Station (ISS).",wn-0217:0:8,landing,8,,,,,,,False,0.5
wn-0217,1,landing,landing,,,20 hours and 11 minutes,"The mission had a total duration of 13 days, 20 hours and 11 minutes, much longer than originally intended due to a mission extension and a missed landing opportunity.",wn-0217:1:64,landing,64,,,TIME:20 hours and 11 minutes,,,,False,0.55
wn-0217,2,landing,landing,,,,"The landing in California is the result of the latest in a string of difficulties for the mission, as poor weather forced Atlantis first to postpone its landing at the Kennedy Space Center in Florida, then to cancel it altogether, opting instead to land in California.",wn-0217:2:69,landing,69,,,,,California,GPE:California,False,0.5
wn-0217,2,delay,postpone,poor weather,its landing,,"The landing in California is the result of the latest in a string of difficulties for the mission, as poor weather forced Atlantis first to postpone its landing at the Kennedy Space Center in Florida, then to cancel it altogether, opting instead to land in California.",wn-0217:2:94,postpone,94,,,,,,,False,0.6
wn-0217,2,landing,landing,,its,,"The landing in California is the result of the latest in a string of difficulties for the mission, as poor weather forced Atlantis first to postpone its landing at the Kennedy Space Center in Florida, then to cancel it altogether, opting instead to land in California.",wn-0217:2:96,landing,96,,,,,Kennedy Space Center,FAC:Kennedy Space Center,True,0.55
wn-0217,2,failure,cancel,poor weather,it,,"The landing in California is the result of the latest in a string of difficulties for the mission, as poor weather forced Atlantis first to postpone its landing at the Kennedy Space Center in Florida, then to cancel it altogether, opting instead to land in California.",wn-0217:2:107,cancel,107,,,,,,,False,0.6
wn-0217,2,landing,land,,poor weather,,"The landing in California is the result of the latest in a string of difficulties for the mission, as poor weather forced Atlantis first to postpone its landing at the Kennedy Space Center in Florida, then to cancel it altogether, opting instead to land in California.",wn-0217:2:114,land,114,,,,,California,GPE:California,False,0.6
wn-0217,3,landing,landing,,,,NASA had previously expressed their desire to avoid a landing in California if possible due to logistical difficulties that would be caused by the diversion.,wn-0217:3:127,landing,127,,,,,California,GPE:California,False,0.5
wn-0217,6,delay,delay,,,October 20,"According to officials at the Kennedy Space Center, the delay is already accounted for as a previously identified possibility as part of plans for the next Atlantis mission, scheduled for departure on October 20, again for ISS construction work.",wn-0217:6:200,delay,200,,,DATE:October 20,,,,False,0.55
wn-0217,6,discovery,identified,,a previously identified possibility,October 20,"According to officials at the Kennedy Space Center, the delay is already accounted for as a previously identified possibility as part of plans for the next Atlantis mission, scheduled for departure on October 20, again for ISS construction work.",wn-0217:6:208,identify,208,,,DATE:October 20,,,,False,0.65
wn-0217,12,failure,failure,,computer,,"A computer failure in the Russian segments of the ISS almost forced the shuttle's mission to be extended and left the ISS struggling to maintain thrusters, oxygen generation, carbon dioxide scrubber, and other environmental control systems, and relying on Atlantis to help.",wn-0217:12:384,failure,384,,,,,,,False,0.55
wn-0217,14,delay,delayed,which,the mission's launch,,"Other concerns included hail damage, which delayed the mission's launch; damage to the thermal blanket, which required a spacewalk to repair; and discovery of unidentified debris shortly after Atlantis docked with the ISS.",wn-0217:14:463,delay,463,,,,,,,False,0.6
wn-0217,14,launch,launch,,the mission,,"Other concerns included hail damage, which delayed the mission's launch; damage to the thermal blanket, which required a spacewalk to repair; and discovery of unidentified debris shortly after Atlantis docked with the ISS.",wn-0217:14:467,launch,467,,,,,,,True,0.55
wn-0217,14,discovery,discovery,,unidentified debris,,"Other concerns included hail damage, which delayed the mission's launch; damage to the thermal blanket, which required a spacewalk to repair; and discovery of unidentified debris shortly after Atlantis docked with the ISS.",wn-0217:14:483,discovery,483,,,,,,,False,0.55
wn-0217,14,docking,docked,Atlantis,ISS,,"Other concerns included hail damage, which delayed the mission's launch; damage to the thermal blanket, which required a spacewalk to repair; and discovery of unidentified debris shortly after Atlantis docked with the ISS.",wn-0217:14:490,dock,490,PRODUCT:Atlantis,SPACECRAFT:ISS,,,,,False,0.85
wn-0218,6,delay,delay,,time,40 minutes,"To make the experience as realistic as possible, the contact with the external world shall exist only via the radio with a time-delay of 40 minutes (simulating the time required for signals to travel between the Earth and Mars).",wn-0218:6:146,delay,146,,,TIME:40 minutes,,,,False,0.6
wn-0219,0,launch,launch,,,,NASA technicians are beginning final launch preparations on the Phoenix Mars Lander spacecraft destined for the planet Mars.,wn-0219:0:5,launch,5,,,,,,,False,0.5
wn-0219,1,launch,launch,,The unmanned spacecraft,August 3,"The unmanned spacecraft is scheduled to launch from Cape Canaveral Air Force Station on Florida's east coast on August 3, at around 5:35 a.m. EST (9.35 UTC).",wn-0219:1:25,launch,25,,,DATE:August 3,on,Cape Canaveral Air Force Station,FAC:Cape Canaveral Air Force Station,False,0.65
wn-0219,2,landing,land,,Phoenix,,"Phoenix will land in the Red Planet's northern polar region to search for signs of life, and analyze the Martian climate from a polar perspective.",wn-0219:2:53,land,53,,SPACECRAFT:Phoenix,,,,,False,0.75
wn-0219,3,launch,launch,,,"August 3, 2007","The launch period for Phoenix extends from August 3, 2007 until August 24, 2007 and consists of two launch windows per day.",wn-0219:3:81,launch,81,,,"DATE:August 3, 2007",,,,False,0.55
wn-0219,3,launch,launch,,,"August 24, 2007","The launch period for Phoenix extends from August 3, 2007 until August 24, 2007 and consists of two launch windows per day.",wn-0219:3:100,launch,100,,,"DATE:August 24, 2007",,,,False,0.55
wn-0219,5,landing,landing,,,around May 28,"The journey is expected to last about 9 months, ending around May 28 at a landing site called Vastitas Borealis in the northern Arctic plains region of Mars.",wn-0219:5:144,landing,144,,,DATE:around May 28,,,,False,0.55
wn-0219,6,discovery,identified,,The site,2002,The site was identified in 2002 by the Mars Odyssey orbiter as having large amounts of water ice just below the surface.,wn-0219:6:161,identify,161,,,DATE:2002,in,,,False,0.65
wn-0219,7,discovery,find,Phoenix,water ice,,The high concentration is necessary to ensure that Phoenix will find water ice within reach of its instruments after landing.,wn-0219:7:191,find,191,SPACECRAFT:Phoenix,,,,,,False,0.7
wn-0219,7,landing,landing,,,,The high concentration is necessary to ensure that Phoenix will find water ice within reach of its instruments after landing.,wn-0219:7:200,land,200,,,,,,,False,0.55
wn-0220,2,launch,taken off,,which,,"In the video which was taken off YouTube, the toddler was not in a child seat, appeared unresponsive and was rolling her eyes so only her whites showed.",wn-0220:2:55,take,55,,,,,,,False,0.6
wn-0221,0,discovery,detected,Spitzer Space Telescope,water vapour,189733,"ESA - C.Carreau NASA says that the Spitzer Space Telescope has detected water vapour on HD 189733b, a massive exoplanet orbiting the dwarf star HD 189733, ""trillions of miles"" outside our solar system.",wn-0221:0:11,detect,11,SPACECRAFT:Spitzer Space Telescope,,DATE:189733,,,,False,0.75
wn-0221,1,discovery,found,,The water vapours,,The water vapours were found in the planet's atmosphere.,wn-0221:1:42,find,42,,,,,,,False,0.6
wn-0221,2,discovery,identified,,clear signs,,"""We're thrilled to have identified clear signs of water on a planet that is trillions of miles away,"" said Giovanna Tinetti, a European Space Agency researcher and main author of NASA's study, at the Institute d’Astrophysique de Paris France.",wn-0221:2:56,identify,56,,,,,,,False,0.6
wn-0221,4,discovery,observed,,The presence,,The presence of water was observed by using the telescope to examine the absorption spectra as the planet transited across its star.,wn-0221:4:153,observe,153,,,,,,,False,0.6
wn-0221,5,discovery,Finding,,water,,"""Finding water on this planet implies that other planets in the universe, possibly even rocky ones, could also have water,"" said co-author Sean Carey of NASA's Spitzer Science Center at the California Institute of Technology in Pasadena.",wn-0221:5:173,find,173,,,,,,,False,0.6
wn-0222,1,discovery,identified,,The employee,,"The employee has yet to be identified, but works for a subcontractor for NASA.",wn-0222:1:41,identify,41,,,,,,,False,0.6
wn-0222,6,discovery,detect,,,,It's easy to detect.,wn-0222:6:110,detect,110,,,,,,,False,0.55
wn-0223,4,discovery,found,they,What,,"What they found was six victims of an apparent explosion with various traumatic and burn injuries,"" Diffenbaugh said.",wn-0223:4:104,find,104,,,,,,,False,0.6
wn-0223,4,failure,explosion,,,,"What they found was six victims of an apparent explosion with various traumatic and burn injuries,"" Diffenbaugh said.",wn-0223:4:111,explosion,111,,,,,,,False,0.5
wn-0223,5,failure,explosion,,,,"Burt Rutan, founder of Scaled Composites, said a press conference: ""We just don't know"" why the explosion occurred, nitrous oxide usually is ""not considered a hazardous material.",wn-0223:5:146,explosion,146,,,,,,,False,0.5
wn-0223,8,failure,accident,,,just days,The accident comes just days after Northrop Grumman announced it would increase its stake in Scaled Composites to 100%.,wn-0223:8:194,accident,194,,,DATE:just days,,,,False,0.55
wn-0224,3,failure,failure,,the computing industry,,"The city council was criticised for naming an uninspiring piece of by-pass Alan Turing Way, and a statue erected by public subscription bears a plaque pointing out the failure of the computing industry to contribute.",wn-0224:3:104,failure,104,,,,,,,False,0.55
wn-0224,4,flyby,encounter,,chance,,The new building deliberately attempts to provide a conducive atmosphere for mathematical collaboration with a design that aims to promote chance encounter in public spaces.,wn-0224:4:134,encounter,134,,,,,,,False,0.55
wn-0225,0,discovery,discovered,,The largest extrasolar planet,"around 1,435 light years","The largest extrasolar planet or exoplanet has been discovered orbiting the star GSC 02620-00648, around 1,435 light years away.",wn-0225:0:8,discover,8,,,"TIME:around 1,435 light years",,,,False,0.65
wn-0225,7,discovery,find,current theories,,,"Due to the planet's size, current theories about superheated giant planets find it hard to explain why it is so large.",wn-0225:7:188,find,188,,,,,,,False,0.55
wn-0226,0,discovery,found,,a three inch gouge,,NASA has stated that a three inch gouge has been found in the heat shield on one of Space Shuttle Endeavour's wings.,wn-0226:0:10,find,10,,,,,,,False,0.6
wn-0226,1,discovery,spotted,,The gouge,,The gouge was spotted as the shuttle approached the International Space Station (ISS) and captured on camera by ISS astronauts.,wn-0226:1:27,spot,27,,,,,,,False,0.6
wn-0226,2,discovery,found,,the gouge,,"According to NASA, the gouge was found on a six-inch thick tile on the starboard wing of the heat shield and that it may have been caused by ice and not foam.",wn-0226:2:55,find,55,,,,,,,False,0.6
wn-0226,9,discovery,found,,the damage,,"If the damage is found to be irreversible and cannot be fixed, the crew of Endeavour would stay on the ISS.",wn-0226:9:198,find,198,,,,,,,False,0.6
wn-0226,10,launch,launched,,a rescue mission,October 8,NASA says that supplies would last until a rescue mission could be launched October 8 by sending up Discovery.,wn-0226:10:230,launch,230,,,DATE:October 8,,,,False,0.65
wn-0226,12,launch,took off,,the shuttle,,"At least nine pieces of debris were reported to have been filmed while the shuttle took off, but NASA says that only three of those pieces of debris had a possibility of hitting the shuttle.",wn-0226:12:292,take,292,,,,,,,False,0.6
wn-0228,4,discovery,Sightings,,,,Sightings grew more frequent until the peak just before sunrise when as many as 80 meteors per minute could be seen in clear skies.,wn-0228:4:77,sighting,77,,,,,,,False,0.5
wn-0229,2,landing,landing,,,,"Weather conditions at the Kennedy Space Center are not forecast to be a problem, and the landing will take place as planned given a favorable crosswind.",wn-0229:2:56,landing,56,,,,,,,False,0.5
wn-0229,3,landing,landing,,,2:06 p.m.,A second landing in Florida is possible at the Kennedy Space Center at 2:06 p.m.,wn-0229:3:70,landing,70,,,TIME:2:06 p.m.,,Florida,GPE:Florida,False,0.55
wn-0229,4,landing,landing,,,,"Also, NASA says that usual back-up landing sites at Edwards Air Force Base in California and White Sands in New Mexico are not expected to be used.",wn-0229:4:92,landing,92,,,,,,,False,0.5
wn-0230,0,launch,launch,which,the JCSAT-11 satellite,,"A Proton rocket which was intended to launch the JCSAT-11 satellite into a geostationary transfer orbit lifted off and successfully completed its first stage burn, but the second stage failed leading to loss of the rocket and satellite.",wn-0230:0:7,launch,7,,,,,,,False,0.6
wn-0230,0,launch,lifted off,,a geostationary transfer orbit,,"A Proton rocket which was intended to launch the JCSAT-11 satellite into a geostationary transfer orbit lifted off and successfully completed its first stage burn, but the second stage failed leading to loss of the rocket and satellite.",wn-0230:0:16,lift,16,,,,,,,False,0.6
wn-0230,0,failure,failed,,A Proton rocket,,"A Proton rocket which was intended to launch the JCSAT-11 satellite into a geostationary transfer orbit lifted off and successfully completed its first stage burn, but the second stage failed leading to loss of the rocket and satellite.",wn-0230:0:30,fail,30,,,,,,,False,0.6
wn-0230,0,failure,loss,,the rocket,,"A Proton rocket which was intended to launch the JCSAT-11 satellite into a geostationary transfer orbit lifted off and successfully completed its first stage burn, but the second stage failed leading to loss of the rocket and satellite.",wn-0230:0:33,loss,33,,,,,,,False,0.55
wn-0230,1,launch,launch,,,,The launch vehicle was a Proton M booster with a Breeze M upper stage.,wn-0230:1:42,launch,42,,,,,,,False,0.5
wn-0230,2,launch,launched,,More than 300 Proton rockets,,"More than 300 Proton rockets have been launched, all from the Baikonur Cosmodrome in Kazakhstan.",wn-0230:2:63,launch,63,,,,,Baikonur Cosmodrome,FAC:Baikonur Cosmodrome,False,0.6
wn-0230,3,launch,launch,,,,"Following the launch failure, Kazakhstan suspended the launch of Proton rockets from Baikonur, Interfax news agency reported.",wn-0230:3:75,launch,75,,,,,,,False,0.5
wn-0230,3,failure,failure,,launch,,"Following the launch failure, Kazakhstan suspended the launch of Proton rockets from Baikonur, Interfax news agency reported.",wn-0230:3:76,failure,76,,,,,,,False,0.55
wn-0230,3,launch,launch,,Proton rockets,,"Following the launch failure, Kazakhstan suspended the launch of Proton rockets from Baikonur, Interfax news agency reported.",wn-0230:3:81,launch,81,,,,,Baikonur,FAC:Baikonur,False,0.55
wn-0230,5,failure,failure,,,,A Russian State Commission will be responsible for determining the cause of the failure.,wn-0230:5:133,failure,133,,,,,,,False,0.5
wn-0230,6,launch,launch,,,,"In addition, a Failure Review Oversight Board will review the commission's final report and corrective action plan in accord with U.S. and Russian government export control regulations, International Launch Services, the launch service provider, said.",wn-0230:6:170,launch,170,,,,,,,False,0.5
wn-0230,8,failure,crash,,,,"Possible environmental contamination at the crash site is a particular concern, an insurance company spokesman said.",wn-0230:8:192,crash,192,,,,,,,False,0.5
wn-0231,0,flyby,flyby,,,today,NASA The Cassini space probe will make a close flyby today of Saturn's third largest moon Iapetus.,wn-0231:0:9,flyby,9,,,DATE:today,,,,False,0.55
wn-0231,3,discovery,discovered,the Cassini probe,an equatorial ridge,2004,"Also, the Cassini probe had previously discovered an equatorial ridge on Iapetus during a flyby in 2004 which compounds Iapetus' already non-spherical shape.",wn-0231:3:67,discover,67,,,DATE:2004,,,,False,0.65
wn-0231,3,flyby,flyby,,,2004,"Also, the Cassini probe had previously discovered an equatorial ridge on Iapetus during a flyby in 2004 which compounds Iapetus' already non-spherical shape.",wn-0231:3:75,flyby,75,,,DATE:2004,in,,,False,0.55
wn-0231,5,flyby,flyby,,,,"This second flyby will be approximately 1,600 km from the surface and will be about 100 times closer than the previous flyby.",wn-0231:5:112,flyby,112,,,,,,,False,0.5
wn-0231,5,flyby,flyby,,,,"This second flyby will be approximately 1,600 km from the surface and will be about 100 times closer than the previous flyby.",wn-0231:5:131,flyby,131,,,,,,,False,0.5
wn-0231,6,discovery,observation,,,,Scientists hope that the detailed observation using radar and photography will provide insight into Iapetus's odd shape and coloring.,wn-0231:6:138,observation,138,,,,,,,False,0.5
wn-0231,7,discovery,discovered,Cassini,Iapetus,1671,"Iapetus was first discovered by Giovanni Cassini, for whom the probe is named, in 1671.",wn-0231:7:158,discover,158,SPACECRAFT:Cassini,CELESTIAL:Iapetus,DATE:1671,in,,,False,0.9
wn-0231,8,discovery,discovering,,,,He was also responsible for discovering that one side of Iapetus was substantially darker than the other.,wn-0231:8:178,discover,178,,,,,,,False,0.55
wn-0231,9,flyby,flyby,,,,This flyby will likely be the last close flyby of one of Saturn's moons by the Cassini probe.,wn-0231:9:193,flyby,193,,,,,,,False,0.5
wn-0231,9,flyby,flyby,,,,This flyby will likely be the last close flyby of one of Saturn's moons by the Cassini probe.,wn-0231:9:200,flyby,200,,,,,,,False,0.5
wn-0232,0,landing,lands,that,a rover,,"The X Prize Foundation announced it is offering a US$20 million prize to the first team that lands a rover on the Moon, roves more than 500 meters and transmits back to Earth high definition images and video.",wn-0232:0:18,land,18,,,,,,,False,0.6
wn-0233,0,launch,launched,,Artist's impression,"Friday, September 14","Artist's impression of SELENE spacecraft An H-IIA rocket, carrying the SELENE lunar orbiter and several smaller satellites, was launched on Friday, September 14 from the Tanegashima Space Center in Japan.",wn-0233:0:23,launch,23,,,"DATE:Friday, September 14",on,Tanegashima Space Center,FAC:Tanegashima Space Center,False,0.65
wn-0233,1,launch,launch,,,01:31 GMT,"The launch, conducted at 01:31 GMT by Mitsubishi Heavy Industries for the Japan Aerospace Exploration Agency (JAXA), begins the voyage of SELENE to the Moon, and Japanese space officials say that the mission has been going smoothly.",wn-0233:1:39,launch,39,,,TIME:01:31 GMT,,,,False,0.55
wn-0233,7,delay,delay,JAXA,the launch,one day,"JAXA was forced to delay the launch by one day, with the launch originally scheduled to occur on September 13.",wn-0233:7:225,delay,225,ORG:JAXA,,DATE:one day,by,,,False,0.75
wn-0233,7,launch,launch,,,one day,"JAXA was forced to delay the launch by one day, with the launch originally scheduled to occur on September 13.",wn-0233:7:227,launch,227,,,DATE:one day,,,,True,0.55
wn-0233,7,launch,launch,,,one day,"JAXA was forced to delay the launch by one day, with the launch originally scheduled to occur on September 13.",wn-0233:7:234,launch,234,,,DATE:one day,,,,False,0.55
wn-0234,0,launch,launch,,Dawn probe,next Wednesday's,"NASA is beginning the final preparations for next Wednesday's launch of the Dawn probe, aboard a Delta II rocket.",wn-0234:0:10,launch,10,,SPACECRAFT:Dawn probe,DATE:next Wednesday,,,,False,0.75
wn-0234,2,launch,launch,,,mid-June,"The launch was originally planned for mid-June, however due to a damaged crate, shipping delays, and a damaged solar panel, NASA chose to delay it until now.",wn-0234:2:44,launch,44,,,DATE:mid-June,,,,False,0.55
wn-0234,2,delay,delays,,shipping,mid-June,"The launch was originally planned for mid-June, however due to a damaged crate, shipping delays, and a damaged solar panel, NASA chose to delay it until now.",wn-0234:2:61,delay,61,,,DATE:mid-June,,,,False,0.6
wn-0234,2,delay,delay,NASA,it,mid-June,"The launch was originally planned for mid-June, however due to a damaged crate, shipping delays, and a damaged solar panel, NASA chose to delay it until now.",wn-0234:2:72,delay,72,ORG:NASA,,DATE:mid-June,,,,False,0.75
wn-0234,3,launch,launch,,,Last week,"Last week the spacecraft was delivered to the launch pad, and engineers performed tests to ensure that it is ready for launch.",wn-0234:3:85,launch,85,,,DATE:Last week,,,,False,0.55
wn-0234,3,launch,launch,,,Last week,"Last week the spacecraft was delivered to the launch pad, and engineers performed tests to ensure that it is ready for launch.",wn-0234:3:99,launch,99,,,DATE:Last week,,,,False,0.55
wn-0234,4,launch,launch,,its,next week,"Today, the payload fairings were installed, and the probe is ready for its launch next week onto its 5 billion kilometer (3.2 billion mile) mission.",wn-0234:4:116,launch,116,,,DATE:next week,,,,False,0.6
wn-0234,5,launch,launches,,Delta II,,"As the Delta II launches, three stages of rockets will propel the probe towards its first target.",wn-0234:5:136,launch,136,,SPACECRAFT:Delta II,,,,,False,0.7
wn-0234,18,discovery,observations,,these asteroids,,"The probe will make several observations of these asteroids: it will compare the makeup, shape, size, and densities, analyze craters, and determine mass, gravity, rotation.",wn-0234:18:435,observation,435,,,,,,,False,0.55
wn-0234,22,launch,launch,,,next week's,"After next week's launch, the spacecraft will deploy its solar panels and undergo two months of testing before it begins the cruise to Mars.",wn-0234:22:571,launch,571,,,DATE:next week,,,,False,0.55
wn-0235,3,discovery,found,,Boiling water,,"""Boiling water started coming out of the crater and particles of rock and cinders were found nearby.",wn-0235:3:91,find,91,,,,,,,False,0.6
wn-0235,7,failure,crashed,,a plane,,"Originally, the villagers thought a plane had crashed.",wn-0235:7:162,crash,162,,,,,,,False,0.6
wn-0235,9,discovery,found,scientists,no indication,,"Peruvian Nuclear Energy Institute engineer Renan Ramirez said scientists who went to investigate the crater found no indication of radiation, although, the fumes from the crater were so pungent that one scientist said his throat and nose were irritated despite his use of a mask.",wn-0235:9:191,find,191,,,,,,,False,0.6
wn-0235,14,failure,explosion,,,,"Don Yeomans, head of the Near Earth Object Program at NASA's Jet Propulsion Laboratory, said ""Statistically, it's far more likely to have come from below than from above,"" noting that meteorites do not give off smells and it is likely the result of hydrothermal activity, such as a local gas explosion.",wn-0235:14:372,explosion,372,,,,,,,False,0.5
wn-0235,15,discovery,find,Caroline Smith,a 'crater,,"Dr Caroline Smith, a meteorite expert with the Natural History Museum in London, thought more likely the villagers saw a common fireball and in the process of investigating it, did not find a 'crater' but ""a lake of sedimentary deposit, which may be full of smelly, methane rich organic matter.""",wn-0235:15:408,find,408,PERSON:Caroline Smith,,,,,,True,0.7
wn-0236,0,discovery,found,the crater,,Saturday,"Peruvian scientists confirmed on September 20 that the crater found Saturday in the Puno region, of Peru by local villagers and blamed for a mass illness affecting 200 people was likely caused by a meteorite.",wn-0236:0:9,find,9,,,DATE:Saturday,,,,False,0.6
wn-0236,1,discovery,found,Jose Ishitsuka,a three-inch magnetic fragment,,"Jose Ishitsuka, of Peru's Geophysics Institute, found a three-inch magnetic fragment that contained iron, which is common in all rocks from space.",wn-0236:1:47,find,47,PERSON:Jose Ishitsuka,,,,,,False,0.7
wn-0236,2,failure,exploding,,,,"The impact also registered a magnitude 1.5 earthquake, equivalent to 4.9 tons of dynamite exploding.",wn-0236:2:82,explode,82,,,,,,,False,0.55
wn-0237,10,discovery,find,NASA,more possible caves,,NASA plans to use the Odyssey to find more possible caves at lower altitudes in the future.,wn-0237:10:348,find,348,ORG:NASA,,,,,,False,0.7
wn-0238,1,discovery,discovery,,,,The new discovery was made by NASA's Spitzer Space telescope.,wn-0238:1:35,discovery,35,,,,,,,False,0.5
wn-0238,10,discovery,found,,the stuff,,"""The material mix in this belt is most reminiscent of the stuff found in lava flows on Earth.",wn-0238:10:330,find,330,,,,,,,False,0.6
wn-0238,13,discovery,observe,the chance,a planet,,Scientists remain excited knowing that they have the chance to observe a planet forming right before their eyes.,wn-0238:13:399,observe,399,,,,,,,False,0.6
wn-0238,14,discovery,detect,,the process,,"""It is fantastic to think we are able to detect the process of terrestrial planet formation.",wn-0238:14:418,detect,418,,,,,,,False,0.6
wn-0239,0,discovery,detecting,,the first galaxies,,"Scientists have announced that the largest radio telescope array in the world, the Square Kilometer Array (SKA) is to be built in either Africa or Australia and will be composed of thousands of antenna arrays that will be capable of detecting the first galaxies and stars formed in our universe.",wn-0239:0:43,detect,43,,,,,,,False,0.6
wn-0239,7,launch,launch,,Sputnik,,SKA decided to release the details of the array plans on the 50th anniversary of the launch of Sputnik.,wn-0239:7:232,launch,232,,PERSON:Sputnik,,,,,False,0.7
wn-0240,0,launch,launched,The People's Republic of China,its first moon orbiter,today,The People's Republic of China today launched its first moon orbiter as part of the country's lunar exploration program.,wn-0240:0:7,launch,7,GPE:People's Republic of China,,DATE:today,,,,False,0.75
wn-0240,1,launch,lifted off,,the rocket,18:05 hours,At 18:05 hours local time (10:05 UTC) the rocket Chang'e 1 lifted off from Xichang Satellite Launch Center in southwestern China.,wn-0240:1:36,lift,36,,,TIME:18:05 hours,at,Xichang Satellite Launch Center,FAC:Xichang Satellite Launch Center,False,0.65
wn-0240,3,launch,launch,,,,"The state television network broadcast live footage of the countdown and launch, which took place in the presence of Chinese officials and some 2,000 Chinese who paid around US$100 to attend the event, but without any international press.",wn-0240:3:73,launch,73,,,,,,,False,0.5
wn-0240,10,launch,launched,Japan,a lunar probe,Last month,"Last month, Japan launched a lunar probe while India hopes to achieve the same next April.",wn-0240:10:231,launch,231,GPE:Japan,,DATE:Last month,,,,False,0.75
wn-0240,13,failure,explosion,,,Last January,"Last January, China used a rocket to blow up one of its own satellites, sparking fears from the United States and other countries that China might have a military agenda in space, besides the problems of space pollution and danger to other satellites the explosion caused.",wn-0240:13:346,explosion,346,,,DATE:Last January,,,,False,0.55
wn-0241,1,discovery,found,The scientists,,2004,"The scientists from the University of Colorado at Boulder looked at the images which were captured in 2004, and found what they call ""moonlets"" or large pieces ranging from the size of a stadium to a semi truck, of what they say are the remains of a large moon which was likely destroyed when a comet or asteroid slammed into it.",wn-0241:1:55,find,55,,,DATE:2004,,,,False,0.6
wn-0241,1,failure,destroyed,,which,2004,"The scientists from the University of Colorado at Boulder looked at the images which were captured in 2004, and found what they call ""moonlets"" or large pieces ranging from the size of a stadium to a semi truck, of what they say are the remains of a large moon which was likely destroyed when a comet or asteroid slammed into it.",wn-0241:1:91,destroy,91,,,DATE:2004,,,,False,0.65
wn-0241,7,discovery,discovered,,the moonlets,,"The length of the belt in which the moonlets were discovered is almost 2,000 miles long.",wn-0241:7:267,discover,267,,,,,,,False,0.6
wn-0242,11,discovery,discovered,Edwin Holmes,The comet,"November 6, 1892","The comet was discovered on November 6, 1892 by Edwin Holmes while he was looking at the Andromeda Galaxy through his telescope.",wn-0242:11:321,discover,321,PERSON:Edwin Holmes,,"DATE:November 6, 1892",on,,,False,0.75
wn-0242,12,discovery,discovered,,it,,Researchers say that the comet may also have had an outburst at the time it was discovered.,wn-0242:12:358,discover,358,,,,,,,False,0.6
wn-0243,1,failure,disaster,,Space Shuttle Columbia,,The a scan of the Shuttle's heat shield (now routine since the Space Shuttle Columbia disaster) showed no cause for concern and Discovery was cleared for the voyage home.,wn-0243:1:32,disaster,32,,SPACECRAFT:Space Shuttle Columbia,,,,,False,0.7
wn-0243,2,launch,launched,,STS-120,October 23,"The current mission, STS-120 was launched on October 23.",wn-0243:2:55,launch,55,,,DATE:October 23,on,,,False,0.65
wn-0243,5,discovery,detected,,the damage,,The space walk had not been planned until the mission was already underway when the damage was then detected.,wn-0243:5:124,detect,124,,,,,,,False,0.6
wn-0243,8,landing,land,,Discovery,1:02 PM EST,Discovery is scheduled to land at Kennedy Space Center at 1:02 PM EST (UTC-5) on November 7.,wn-0243:8:178,land,178,,PRODUCT:Discovery,TIME:1:02 PM EST,at,Kennedy Space Center,FAC:Kennedy Space Center,False,0.8
wn-0244,12,launch,lift off,The next shuttle mission,a new laboratory,6 December 2007,"The next shuttle mission is scheduled to lift off on 6 December 2007 with a new laboratory that will dock to Harmony, but the shuttle cannot commence its mission until Harmony is completely attached.",wn-0244:12:339,lift,339,,,DATE:6 December 2007,on,,,False,0.65
wn-0244,12,docking,dock,that,Harmony,6 December 2007,"The next shuttle mission is scheduled to lift off on 6 December 2007 with a new laboratory that will dock to Harmony, but the shuttle cannot commence its mission until Harmony is completely attached.",wn-0244:12:351,dock,351,,ORG:Harmony,DATE:6 December 2007,,,,False,0.8
wn-0245,18,launch,launch,NASA,the Landsat Data Continuity Mission,,"Subsequently, NASA will launch the Landsat Data Continuity Mission.",wn-0245:18:350,launch,350,ORG:NASA,ORG:Landsat Data Continuity Mission,,,,,False,0.85
wn-0246,1,discovery,findings,,,Thursday,"The findings, published in the journal Nature on Thursday, also confirm that there is lightning on Venus.",wn-0246:1:28,finding,28,,,DATE:Thursday,,,,False,0.55
wn-0246,10,discovery,findings,,,,"In fact, the findings suggest that lightning is more common on Venus than on Earth.",wn-0246:10:298,finding,298,,,,,,,False,0.5
wn-0247,5,discovery,identified,,problems,,"The satellite is in its ""safe"" mode, which is used to protect it until problems can be identified and repaired.",wn-0247:5:116,identify,116,,,,,,,False,0.6
wn-0247,8,failure,failed,,a failed satellite,,GOES-13 is in orbital storage in case it is needed for replacing a failed satellite.,wn-0247:8:175,fail,175,,,,,,,False,0.6
wn-0248,0,launch,launch,,Space Shuttle Atlantis,today,"NASA have today announced that the launch of Space Shuttle Atlantis, mission STS-122, which is a module delivery mission to the International Space Station (ISS), will be delayed until January 2nd, 2008 at the earliest, after scrubbing today's launch attempt, and an earlier attempt on December 6th.",wn-0248:0:6,launch,6,,SPACECRAFT:Space Shuttle Atlantis,DATE:today,,,,True,0.75
wn-0248,0,delay,delayed,,the launch,"January 2nd, 2008","NASA have today announced that the launch of Space Shuttle Atlantis, mission STS-122, which is a module delivery mission to the International Space Station (ISS), will be delayed until January 2nd, 2008 at the earliest, after scrubbing today's launch attempt, and an earlier attempt on December 6th.",wn-0248:0:32,delay,32,,,"DATE:January 2nd, 2008",until,,,False,0.65
wn-0248,0,delay,scrubbing,,today's launch attempt,today,"NASA have today announced that the launch of Space Shuttle Atlantis, mission STS-122, which is a module delivery mission to the International Space Station (ISS), will be delayed until January 2nd, 2008 at the earliest, after scrubbing today's launch attempt, and an earlier attempt on December 6th.",wn-0248:0:43,scrub,43,,,DATE:today,,,,False,0.65
wn-0248,0,launch,launch,,,today,"NASA have today announced that the launch of Space Shuttle Atlantis, mission STS-122, which is a module delivery mission to the International Space Station (ISS), will be delayed until January 2nd, 2008 at the earliest, after scrubbing today's launch attempt, and an earlier attempt on December 6th.",wn-0248:0:46,launch,46,,,DATE:today,,,,False,0.55
wn-0248,1,delay,scrub,The decision,the launch attempt,7:24 a.m. EST,The decision to scrub the launch attempt was made at 7:24 a.m. EST by shuttle program managers.,wn-0248:1:61,scrub,61,,,TIME:7:24 a.m. EST,,,,False,0.65
wn-0248,1,launch,launch,,,7:24 a.m. EST,The decision to scrub the launch attempt was made at 7:24 a.m. EST by shuttle program managers.,wn-0248:1:63,launch,63,,,TIME:7:24 a.m. EST,,,,False,0.55
wn-0248,3,failure,malfunctioning,,,,"While only one of the four sensors was malfunctioning, the current launch criteria for the mission state that all four ECOs must be functioning correctly in order to launch.",wn-0248:3:124,malfunction,124,,,,,,,False,0.55
wn-0248,3,launch,launch,,,,"While only one of the four sensors was malfunctioning, the current launch criteria for the mission state that all four ECOs must be functioning correctly in order to launch.",wn-0248:3:128,launch,128,,,,,,,False,0.5
wn-0248,3,launch,launch,,order,,"While only one of the four sensors was malfunctioning, the current launch criteria for the mission state that all four ECOs must be functioning correctly in order to launch.",wn-0248:3:145,launch,145,,,,,,,False,0.6
wn-0248,4,delay,postponement,,,January 2nd,"At a meeting held at 9 a.m., NASA's Mission Management Team for STS-122 decided on a postponement until January 2nd at the very earliest.",wn-0248:4:166,postponement,166,,,DATE:January 2nd,,,,False,0.55
wn-0248,6,delay,delay,,,,"Alan Thirkettle, ESA's Space Station Program Manager, said, regarding the delay in launch: ""In the big picture, it's not a setback.",wn-0248:6:209,delay,209,,,,,,,False,0.5
wn-0248,6,launch,launch,,,,"Alan Thirkettle, ESA's Space Station Program Manager, said, regarding the delay in launch: ""In the big picture, it's not a setback.",wn-0248:6:211,launch,211,,,,,,,False,0.5
wn-0249,7,discovery,found,,what,,The data had shown that there was a lot more clumpy material and as much as three times more mass than what was previously found in the Voyager missions.,wn-0249:7:219,find,219,,,,,,,False,0.6
wn-0249,8,failure,exploding,,an exploding comet,,"Scientists assumed that particles from an exploding comet may have caused the rings to form, but the new data says that it is unlikely to be the case, because the particles are all of different ages.",wn-0249:8:232,explode,232,,,,,,,False,0.6
wn-0249,9,discovery,observations,,Voyager,,"""Although the Voyager observations indicated Saturn's rings were youthful, Cassini shows even younger ages; and because we see such transient, dynamic phenomena in the rings we are able to reach the paradoxical conclusion - because the rings appear so young, they may actually be as old as the Solar System,"" added Esposito.",wn-0249:9:270,observation,270,,PRODUCT:Voyager,,,,,False,0.7
wn-0250,0,delay,postponed,,its start,Sunday,"Brazil After its start had been postponed four times due to bad weather conditions, a research rocket of type ""VS-30"" took off successfully on Sunday, 16 December from Brazil.",wn-0250:0:6,postpone,6,,,DATE:Sunday,,,,False,0.65
wn-0250,0,launch,took off,,a research rocket,Sunday,"Brazil After its start had been postponed four times due to bad weather conditions, a research rocket of type ""VS-30"" took off successfully on Sunday, 16 December from Brazil.",wn-0250:0:23,take,23,,,DATE:Sunday,on,,,False,0.65
wn-0250,3,launch,launched,,The rocket,9:15 am CET,The rocket was launched at 9:15 am CET from the spaceport located in Boca,wn-0250:3:103,launch,103,,,TIME:9:15 am CET,at,,,False,0.65
wn-0250,5,launch,launch,,,,"122 kilometers from the launch site, the workload landed in the Atlantic Ocean.",wn-0250:5:130,launch,130,,,,,,,False,0.5
wn-0250,5,landing,landed,,the workload,,"122 kilometers from the launch site, the workload landed in the Atlantic Ocean.",wn-0250:5:135,land,135,,,,,the Atlantic Ocean,LOC:Atlantic Ocean,False,0.6
wn-0251,0,discovery,discovered,Astronomers,an asteroid,early 2008,"Astronomers have discovered an asteroid that is approximately 160 feet long, that may be on a collision course for Mars and may hit the planet sometime in early 2008.",wn-0251:0:2,discover,2,,,DATE:early 2008,,,,False,0.65
wn-0251,1,discovery,discovery,,asteroid,2007,"Since the discovery of asteroid 2007 WD5 on November 20, 2007, scientists at NASA's Near-Earth object Office have been tracking it, and say that the asteroid could come within 48,000 kilometers of the planet around January 30, 2008.",wn-0251:1:34,discovery,34,,,DATE:2007,,,,False,0.6
wn-0251,8,flyby,fly,it,Mars,,"We know that it's going to fly by Mars and most likely going to miss, but there's a possibility of an impact,"" said Steve Chesley, an astronomer with the Near Earth Object Office.",wn-0251:8:239,fly,239,,CELESTIAL:Mars,,,,,False,0.75
wn-0252,0,launch,launch,,Space Shuttle Atlantis,late January or,"NASA has announced that the launch of Space Shuttle Atlantis, mission STS-122, will once again be postponed, this time until late January or early February.",wn-0252:0:5,launch,5,,SPACECRAFT:Space Shuttle Atlantis,DATE:late January or,,,,True,0.75
wn-0252,0,delay,postponed,,the launch,late January or,"NASA has announced that the launch of Space Shuttle Atlantis, mission STS-122, will once again be postponed, this time until late January or early February.",wn-0252:0:18,postpone,18,,,DATE:late January or,,,,False,0.65
wn-0252,1,delay,delay,,,December,The reason behind the delay is believed to be a faulty connector that caused erratic fuel sensor readings during the previous two launch attempts in December.,wn-0252:1:33,delay,33,,,DATE:December,,,,False,0.55
wn-0252,1,failure,faulty,,a faulty connector,December,The reason behind the delay is believed to be a faulty connector that caused erratic fuel sensor readings during the previous two launch attempts in December.,wn-0252:1:39,faulty,39,,,DATE:December,,,,False,0.6
wn-0252,1,launch,launch,,,December,The reason behind the delay is believed to be a faulty connector that caused erratic fuel sensor readings during the previous two launch attempts in December.,wn-0252:1:51,launch,51,,,DATE:December,,,,False,0.55
wn-0252,2,launch,launch,,,January 24,"Space shuttle program manager Wayne Hale gave January 24 as the earliest possible launch date, but stated that February would be a more realistic expectation.",wn-0252:2:70,launch,70,,,DATE:January 24,,,,False,0.55
wn-0252,3,discovery,findings,,,,"""I think it's much more likely that we'll be going to be ready somewhere in the February 2 to 7 time frame, given that we don't have any more findings as we go through our testing,"" Hale stated.",wn-0252:3:118,finding,118,,,,,,,False,0.5
wn-0252,4,launch,launch,,,December 6,"The initial launch date for the shuttle was December 6, but failed fuel gauges in the external tank forced the launch to be moved to December 9.",wn-0252:4:133,launch,133,,,DATE:December 6,,,,False,0.55
wn-0252,4,failure,failed,,failed fuel gauges,December 6,"The initial launch date for the shuttle was December 6, but failed fuel gauges in the external tank forced the launch to be moved to December 9.",wn-0252:4:143,fail,143,,,DATE:December 6,,,,False,0.65
wn-0252,4,launch,launch,,,December 9,"The initial launch date for the shuttle was December 6, but failed fuel gauges in the external tank forced the launch to be moved to December 9.",wn-0252:4:152,launch,152,,,DATE:December 9,,,,False,0.55
wn-0252,5,failure,explosion,,,,"The fuel sensors are part of a system to prevent the shuttle from running on an empty tank, which could cause pumps in the engine of break and possibly trigger a disastrous explosion.",wn-0252:5:193,explosion,193,,,,,,,False,0.5
wn-0252,6,failure,faulty,,the faulty connector,,"When the problem reoccurred, NASA ran a fuel test, which led them to believe the problem lied in the faulty connector.",wn-0252:6:217,faulty,217,,,,,,,False,0.55
wn-0253,0,discovery,identified,,The first sunspot,January 4,"The first sunspot marking a new solar cycle has been identified, physicists at the NOAA announced on January 4.",wn-0253:0:10,identify,10,,,DATE:January 4,,,,False,0.65
wn-0253,4,discovery,identified,,The new sunspot,"January 5, 1972","The new sunspot, identified as #10,981, is the latest visible spot to appear since NOAA began numbering them on January 5, 1972.",wn-0253:4:103,identify,103,,,"DATE:January 5, 1972",,,,False,0.65
wn-0254,5,failure,exploding,,,,"Many of those stars will be very massive, rushing through their lives quickly and exploding as supernovae.",wn-0254:5:138,explode,138,,,,,,,False,0.55
wn-0254,8,discovery,discovered,an astronomer,which,1963,"Astronomers used the Robert C. Byrd Green Bank Telescope (GBT) to study the cloud, which was first discovered by an astronomer in 1963.",wn-0254:8:232,discover,232,,,DATE:1963,,,,False,0.65
wn-0254,9,discovery,found,The study,,,"The study found that as many as a million new stars, much like our own Sun, could form from the gas when it does collide with our galaxy.",wn-0254:9:241,find,241,,,,,,,False,0.55
wn-0254,18,discovery,found,no one,a single star,,"But as far as we know it is made entirely of gas -- no one has found a single star in it,"" added Lockman.",wn-0254:18:481,find,481,,,,,,,False,0.6
wn-0255,5,flyby,encounter,,,March 2011,"This encounter will provide a critical gravity assist needed to keep the spacecraft on track for its March 2011 orbit insertion, beginning an unprecedented yearlong study of Mercury.",wn-0255:5:118,encounter,118,,,DATE:March 2011,,,,False,0.55
wn-0255,6,flyby,flyby,,,,The flyby also will gather essential data for mission planning.,wn-0255:6:148,flyby,148,,,,,,,False,0.5
wn-0255,7,flyby,flyby,It,an impact crater,,"It will flyby an impact crater called the Caloris basin which is almost 800 miles (1,287 kilometers) in diameter.",wn-0255:7:160,flyby,160,,,,,,,False,0.6
wn-0255,11,flyby,flyby,,,,"During this first flyby, we will image the other side,"" said Louise Prockter, the instrument scientist for the Mercury Dual Imaging System at the Johns Hopkins University Applied Physics Laboratory in Laurel, Maryland.",wn-0255:11:238,flyby,238,,,,,,,False,0.5
wn-0255,12,flyby,flyby,,Mariner,,It also will study the global magnetic field and improve our knowledge of the gravity field from the Mariner 10 flyby.,wn-0255:12:295,flyby,295,,ORG:Mariner,,,,,False,0.7
wn-0255,14,flyby,flyby,,,,The flyby also will map Mercury's tenuous atmosphere with ultraviolet observations and document the energetic particle and plasma of Mercury's magnetosphere.,wn-0255:14:325,flyby,325,,,,,,,False,0.5
wn-0255,14,discovery,observations,,,,The flyby also will map Mercury's tenuous atmosphere with ultraviolet observations and document the energetic particle and plasma of Mercury's magnetosphere.,wn-0255:14:335,observation,335,,,,,,,False,0.5
wn-0255,15,flyby,flyby,,,,"In addition, the flyby trajectory will enable unique particle and plasma measurements of the magnetic tail that sweeps behind Mercury.",wn-0255:15:352,flyby,352,,,,,,,False,0.5
wn-0255,16,launch,launched,,MESSENGER,"August 3, 2004","MESSENGER was launched on August 3, 2004 and will travel just under five billion miles in total.",wn-0255:16:373,launch,373,,SPACECRAFT:MESSENGER,"DATE:August 3, 2004",on,,,False,0.8
wn-0255,17,flyby,flown,It,Earth,,It already has flown past Earth once and Venus twice.,wn-0255:17:393,fly,393,,CELESTIAL:Earth,,,,,False,0.75
wn-0255,19,flyby,encounter,,Mercury,2011,Insertion will be accomplished with a fourth Mercury encounter in 2011.,wn-0255:19:443,encounter,443,,CELESTIAL:Mercury,DATE:2011,,,,False,0.75
wn-0256,0,launch,Launch,,,,A PSLV (Polar Satellite Launch Vehicle) on the launch pad at the Satish Dhawan Space Centre.,wn-0256:0:5,launch,5,,,,,,,False,0.5
wn-0256,0,launch,launch,,,,A PSLV (Polar Satellite Launch Vehicle) on the launch pad at the Satish Dhawan Space Centre.,wn-0256:0:10,launch,10,,,,,,,False,0.5
wn-0256,1,launch,launch,,,,This rocket was used in an earlier launch.,wn-0256:1:26,launch,26,,,,,,,False,0.5
wn-0256,2,launch,launched,Israel,an advanced spy satellite,today,"Israel has today launched an advanced spy satellite, named TecSAR, into orbit on board India's Polar Satellite Launch Vehicle.",wn-0256:2:31,launch,31,GPE:Israel,,DATE:today,,,,False,0.75
wn-0256,3,launch,launched,,PSLV,3:45 a.m.,The PSLV successfully launched from Satish Dhawan Space Centre at 3:45 a.m.,wn-0256:3:54,launch,54,,SPACECRAFT:PSLV,TIME:3:45 a.m.,at,Satish Dhawan Space Centre,FAC:Satish Dhawan Space Centre,False,0.8
wn-0256,4,launch,launch,,,around 4:05 a.m.,"GMT today, with a successful cast off from the launch rocket at around 4:05 a.m. GMT.",wn-0256:4:73,launch,73,,,TIME:around 4:05 a.m.,,,,False,0.55
wn-0256,5,launch,launch,,,80 minutes,"Israel Aerospace Industries report that the first signals were received 80 minutes after the launch, present at which were both Israeli and Indian space engineers.",wn-0256:5:95,launch,95,,,TIME:80 minutes,,,,False,0.55
wn-0256,6,launch,launch,,,,The launch was delayed several times for unclear reasons.,wn-0256:6:110,launch,110,,,,,,,True,0.5
wn-0256,6,delay,delayed,,The launch,,The launch was delayed several times for unclear reasons.,wn-0256:6:112,delay,112,,,,,,,False,0.6
wn-0256,7,launch,launch,,,,"At one point, it was rumoured that the launch had been cancelled completely due to pressure from the US Government.",wn-0256:7:128,launch,128,,,,,,,True,0.5
wn-0256,7,failure,cancelled,,the launch,,"At one point, it was rumoured that the launch had been cancelled completely due to pressure from the US Government.",wn-0256:7:131,cancel,131,,,,,,,False,0.6
wn-0256,14,launch,launch,,satellite,45-year-old,"Development of the satellite has been quoted as ""tens of millions of dollars"" - and India is benefiting from a major boost in the commercialisation of the countries' 45-year-old space program - which hopes to compete with the US, Russia, China, the Ukraine and the European Space Agency in the satellite launch service field.",wn-0256:14:359,launch,359,,,DATE:45-year-old,,,,False,0.6
wn-0257,2,discovery,discovered,the Catalina Sky Survey,Asteroid 2007 TU24,"October 11, 2007","Asteroid 2007 TU24, discovered by the Catalina Sky Survey on October 11, 2007 is expected to reach a brightness magnitude of 10.3 on Jan. 29-30 before quickly becoming fainter as it moves further from Earth.",wn-0257:2:79,discover,79,ORG:Catalina Sky Survey,,"DATE:October 11, 2007",on,,,False,0.75
wn-0257,4,discovery,discovered,"nearly 7,000 asteroids",,,"It is estimated that nearly 7,000 asteroids of this size, both discovered and undiscovered are flying around space within a reasonable distance of Earth.",wn-0257:4:148,discover,148,,,,,,,False,0.55
wn-0257,10,discovery,observe,Plans,this object,Jan 23-24,Plans have been made for the Goldstone planetary radar to observe this object Jan 23-24 and for the Arecibo Observatory to observe it Jan 27-28 and then Feb 1-4.,wn-0257:10:298,observe,298,,,DATE:Jan 23-24,,,,False,0.65
wn-0257,10,discovery,observe,Plans,it,Jan 23-24,Plans have been made for the Goldstone planetary radar to observe this object Jan 23-24 and for the Arecibo Observatory to observe it Jan 27-28 and then Feb 1-4.,wn-0257:10:311,observe,311,,,DATE:Jan 23-24,,,,False,0.65
wn-0258,4,failure,loss,,property,,"On the one hand, since most of the earth's surface is water or unpopulated, death or property loss due to any falling fragments, which may result from the satellite entering the atmosphere, is statistically unlikely.",wn-0258:4:103,loss,103,,,,,,,False,0.55
wn-0258,14,discovery,identified,NRO,The satellite,,The satellite is publicly identified by the codenames USA-193 and NRO L-21.,wn-0258:14:311,identify,311,ORG:NRO,,,,,,False,0.7
wn-0258,15,launch,launched,a Delta II rocket,It,December 2006,"It was launched in December 2006, by a Delta II rocket from Vandenberg Air Force Base.",wn-0258:15:322,launch,322,,,DATE:December 2006,in,,,False,0.65
wn-0258,16,failure,lost,Ground controllers,contact,,Ground controllers lost contact with the satellite shortly after it reached orbit.,wn-0258:16:340,lose,340,,,,,,,False,0.6
wn-0259,0,launch,launched,,A Russian Proton-M/Briz-M carrier rocket,this morning,"A Russian Proton-M/Briz-M carrier rocket launched this morning at 00:18 UTC, carrying the Ekspress AM-33 (also known as Express AM-33) communication satellite.",wn-0259:0:11,launch,11,,,TIME:this morning,,UTC,ORG:UTC,False,0.65
wn-0259,1,launch,Launch,,,,"Launch, from area 200/39 at the Baikonur Cosmodrome in Kazakhstan took place on schedule, and the satellite was successfully placed into an intermediate transfer orbit.",wn-0259:1:33,launch,33,,,,,Baikonur Cosmodrome,FAC:Baikonur Cosmodrome,False,0.5
wn-0259,3,launch,launch,,,2008,"This is the third orbital launch of 2008, and the first to be conducted by Russia.",wn-0259:3:103,launch,103,,,DATE:2008,,,,False,0.55
wn-0259,8,failure,malfunctioned,,which,2006,"It will replace the AM-11 satellite, which malfunctioned in 2006.",wn-0259:8:204,malfunction,204,,,DATE:2006,in,,,False,0.65
wn-0260,0,failure,disaster,,Space Shuttle Columbia,,NASA has held a memorial ceremony to mark the fifth anniversary of the Space Shuttle Columbia disaster.,wn-0260:0:16,disaster,16,,SPACECRAFT:Space Shuttle Columbia,,,,,False,0.7
wn-0260,1,failure,broke up,,their spacecraft,"February 1, 2003","All seven astronauts were killed when their spacecraft broke up on re-entry over Texas on February 1, 2003, 16 minutes prior to scheduled landing time at Florida.",wn-0260:1:26,break,26,,,"DATE:February 1, 2003",on,,,False,0.65
wn-0260,1,landing,landing,,,16 minutes,"All seven astronauts were killed when their spacecraft broke up on re-entry over Texas on February 1, 2003, 16 minutes prior to scheduled landing time at Florida.",wn-0260:1:45,landing,45,,,TIME:16 minutes,,,,False,0.55
wn-0260,3,landing,landing,,,,"NASA officials, astronauts, schoolchildren and family members attended the ceremony, which was held just miles from Columbias intended landing site.",wn-0260:3:88,landing,88,,,,,,,False,0.5
wn-0260,4,failure,disasters,,space,,"Approximately 200 people attended the event, held at the Kennedy Space Center's Space Mirror Memorial to all 24 astronauts killed in space disasters.",wn-0260:4:115,disaster,115,,,,,,,False,0.55
wn-0260,30,failure,disaster,,Challenger,Monday,"The 41st anniversary of the Apollo 1 fire was on Sunday, and Monday saw the 22nd anniversary of the Challenger disaster.",wn-0260:30:577,disaster,577,,ORG:Challenger,DATE:Monday,,,,False,0.75
wn-0262,0,launch,launched,Russian Federal Space Agency,,,"Progress spacecraft M-63, serial number 363, also designated Progress 28P, has been launched by the Russian Federal Space Agency on a mission to resupply the International Space Station.",wn-0262:0:15,launch,15,ORG:Roscosmos,,,,,,False,0.65
wn-0262,1,launch,Liftoff,,,13:02 GMT,"Liftoff, atop a Soyuz-U carrier rocket occurred at 13:02 GMT, from Area 1/5 at the Baikonur Cosmodrome in Kazakhstan.",wn-0262:1:32,liftoff,32,,,TIME:13:02 GMT,,,,False,0.55
wn-0262,2,docking,dock,The spacecraft,the space station,Thursday,"The spacecraft will dock with the space station on Thursday, a few hours ahead of the scheduled launch of Space Shuttle Atlantis on STS-122, with the Columbus module, a new laboratory which will enhance the outpost's research capabilities.",wn-0262:2:60,dock,60,,,DATE:Thursday,on,,,False,0.65
wn-0262,2,launch,launch,,Space Shuttle Atlantis,a few hours,"The spacecraft will dock with the space station on Thursday, a few hours ahead of the scheduled launch of Space Shuttle Atlantis on STS-122, with the Columbus module, a new laboratory which will enhance the outpost's research capabilities.",wn-0262:2:75,launch,75,,SPACECRAFT:Space Shuttle Atlantis,TIME:few hours,,STS-122,ORG:STS-122,False,0.75
wn-0262,4,launch,launched,,,each year,"Typically four or five are launched each year, with the two most recently launched remaining on station, the oldest being undocked and de-orbited shortly before the arrival of a new one.",wn-0262:4:120,launch,120,,,DATE:each year,,,,False,0.6
wn-0262,4,launch,launched,,,each year,"Typically four or five are launched each year, with the two most recently launched remaining on station, the oldest being undocked and de-orbited shortly before the arrival of a new one.",wn-0262:4:129,launch,129,,,DATE:each year,,,,False,0.6
wn-0262,5,launch,launch,,Space Shuttle,yesterday,"However in this case, owing to the imminent Space Shuttle launch, there is currently no Progress spacecraft at the ISS, following the undocking of Progress M-62 yesterday.",wn-0262:5:162,launch,162,,SPACECRAFT:Space Shuttle,DATE:yesterday,,,,False,0.75
wn-0262,5,docking,undocking,,Progress,yesterday,"However in this case, owing to the imminent Space Shuttle launch, there is currently no Progress spacecraft at the ISS, following the undocking of Progress M-62 yesterday.",wn-0262:5:176,undocking,176,,SPACECRAFT:Progress,DATE:yesterday,,,,False,0.75
wn-0262,8,launch,launch,,,2008,"This is the fourth orbital launch of 2008, and the second for Russia.",wn-0262:8:231,launch,231,,,DATE:2008,,,,False,0.55
wn-0263,0,launch,launch,,,,"The United States Space Shuttle Atlantis and the European space station module Columbus are ready for launch from the Kennedy Space Center in Florida, although NASA and ESA have said that there is only a “40 percent chance of acceptable conditions at launch times.”",wn-0263:0:16,launch,16,,,,,Kennedy Space Center,FAC:Kennedy Space Center,False,0.5
wn-0263,0,launch,launch,,,,"The United States Space Shuttle Atlantis and the European space station module Columbus are ready for launch from the Kennedy Space Center in Florida, although NASA and ESA have said that there is only a “40 percent chance of acceptable conditions at launch times.”",wn-0263:0:44,launch,44,,,,,,,False,0.5
wn-0263,1,launch,launch,,,,"The launch director of Atlantis said that “the scope of the mission is first of course to bring the Columbus laboratory to space, to install it on the international space station, make all the connections, and of course activate the module, power it and bring the cooling and do all the activation.",wn-0263:1:50,launch,50,,,,,,,False,0.5
wn-0263,3,launch,launch,,,Thursday,"The ESA Program manager for the International Space Station said that he thought the “the European team are looking forward to the launch on Thursday.""",wn-0263:3:132,launch,132,,,DATE:Thursday,,,,False,0.55
wn-0263,7,launch,launched,,,tomorrow,The flight is due to be launched at 19:45 UTC (14:45 local time) tomorrow.,wn-0263:7:222,launch,222,,,DATE:tomorrow,,UTC,ORG:UTC,False,0.6
wn-0264,0,launch,launched,,Space Shuttle Atlantis,,Space Shuttle Atlantis has launched from LC-39A at the Kennedy Space Center on mission STS-122 to deliver the European Columbus module to the International Space Station.,wn-0264:0:4,launch,4,,SPACECRAFT:Space Shuttle Atlantis,,,Kennedy Space Center,FAC:Kennedy Space Center,False,0.75
wn-0264,1,launch,Liftoff,,,,"Liftoff occurred at 19:45 UTC, which is 14:45 local time at the launch site.",wn-0264:1:27,liftoff,27,,,,,,,False,0.5
wn-0264,1,launch,launch,,,,"Liftoff occurred at 19:45 UTC, which is 14:45 local time at the launch site.",wn-0264:1:40,launch,40,,,,,,,False,0.5
wn-0264,3,launch,launch,,its,seven years to the day,"Columbus is the first research module to be added to the Space Station since 2001, and its launch came seven years to the day after the last research module, Destiny was launched, also aboard Atlantis.",wn-0264:3:74,launch,74,,,DATE:seven years to the day,,,,False,0.6
wn-0264,3,launch,launched,,Destiny,seven years to the day,"Columbus is the first research module to be added to the Space Station since 2001, and its launch came seven years to the day after the last research module, Destiny was launched, also aboard Atlantis.",wn-0264:3:89,launch,89,,PERSON:Destiny,DATE:seven years to the day,,,,False,0.8
wn-0264,4,docking,Docking,,International Space Station,Saturday,"Docking with the International Space Station, on the PMA-2 docking port, is scheduled for Saturday.",wn-0264:4:95,dock,95,,SPACECRAFT:ISS,DATE:Saturday,,,,False,0.8
wn-0264,4,docking,docking,,,Saturday,"Docking with the International Space Station, on the PMA-2 docking port, is scheduled for Saturday.",wn-0264:4:105,docking,105,,,DATE:Saturday,,,,False,0.55
wn-0264,5,docking,docked,a Progress spacecraft,the Space Station,Earlier today,"Earlier today, a Progress spacecraft docked with the Space Station, carrying new supplies for the outpost.",wn-0264:5:119,dock,119,,ORG:ISS,TIME:Earlier today,,,,False,0.8
wn-0264,7,launch,launch,,,,The launch had previously been delayed twice due to problems with fuel sensors in the Shuttle's external tank.,wn-0264:7:171,launch,171,,,,,,,True,0.5
wn-0264,7,delay,delayed,,The launch,,The launch had previously been delayed twice due to problems with fuel sensors in the Shuttle's external tank.,wn-0264:7:175,delay,175,,,,,,,False,0.6
wn-0264,8,launch,launch,,,,"A connector was replaced, and the third launch attempt proceeded without any sensor problems.",wn-0264:8:198,launch,198,,,,,,,False,0.5
wn-0264,9,launch,launch,,post,,"During the post launch press conference, it was reported that three pieces of foam debris were observed falling from the External Tank, however these were all small pieces of debris, so it is expected that any damage caused would not be mission-threatening.",wn-0264:9:210,launch,210,,,,,,,False,0.55
wn-0264,9,discovery,observed,,three pieces,,"During the post launch press conference, it was reported that three pieces of foam debris were observed falling from the External Tank, however these were all small pieces of debris, so it is expected that any damage caused would not be mission-threatening.",wn-0264:9:224,observe,224,,,,,,,False,0.6
wn-0264,10,launch,launch,,,2008,"STS-122 is the fifth orbital launch of 2008, the 24th Shuttle mission to the ISS, the 29th flight of Atlantis and the 121st overall Shuttle mission.",wn-0264:10:261,launch,261,,,DATE:2008,,,,False,0.55
wn-0264,11,landing,landing,,,19 February,"It is scheduled to last 11 days, and conclude with a landing at the Kennedy Space Center on 19 February.",wn-0264:11:297,landing,297,,,DATE:19 February,on,Kennedy Space Center,FAC:Kennedy Space Center,False,0.55
wn-0265,0,docking,docked,Space Shuttle Atlantis,,,"Space Shuttle Atlantis, on mission STS-122, has docked with the PMA-2 docking port on the Harmony module of the International Space Station.",wn-0265:0:9,dock,9,SPACECRAFT:Space Shuttle Atlantis,,,,,,False,0.65
wn-0265,0,docking,docking,the PMA-2,port,,"Space Shuttle Atlantis, on mission STS-122, has docked with the PMA-2 docking port on the Harmony module of the International Space Station.",wn-0265:0:13,dock,13,,,,,,,False,0.6
wn-0265,1,launch,launched,,Atlantis,Thursday,"Atlantis, carrying seven astronauts, launched on Thursday on a mission to deliver the European Columbus module to the Station.",wn-0265:1:31,launch,31,,PRODUCT:Atlantis,DATE:Thursday,on,,,False,0.8
wn-0265,2,docking,docking,,,17:35,"Soft docking occurred at 17:17 GMT, followed by a hard dock at 17:35.",wn-0265:2:49,docking,49,,,TIME:17:35,,,,False,0.55
wn-0265,3,docking,docked,Shuttle,the Harmony module,October 2007,"This is the first time a Shuttle has docked to the Harmony module, since its installation in October 2007, during Shuttle mission STS-120.",wn-0265:3:71,dock,71,GPE:Shuttle,,DATE:October 2007,,,,False,0.75
wn-0265,4,docking,docking,,,,"Prior to docking, Atlantis performed a rendezvous pitch maneuver (RPM), rotating the orbiter through 360 degrees in order to allow an inspection of its heat shield.",wn-0265:4:92,docking,92,,,,,,,False,0.5
wn-0265,6,discovery,discovered,,which,Friday,"NASA engineers are particularly interested in a loose insulation blanket on one of the OMS engine pods at the aft end of the Shuttle, which was discovered during inspections on Friday.",wn-0265:6:157,discover,157,,,DATE:Friday,,,,False,0.65
wn-0265,9,launch,launch,,,,"Other problems under evaluation are reported to include a damaged tile towards the front of the shuttle, and an entire tile falling away from the rear of the shuttle when its engines ignited at launch.",wn-0265:9:236,launch,236,,,,,,,False,0.5
wn-0266,8,delay,delayed,,these objectives,Wednesday,"It was originally planned that they would also disconnect pipes and electrical connections, however these objectives were delayed to Wednesday's spacewalk, due to time constraints.",wn-0266:8:249,delay,249,,,DATE:Wednesday,,,,False,0.65
wn-0267,0,launch,launch,,,2008,"In the sixth orbital launch of 2008, an International Launch Services Proton-M/Briz-M rocket has launched from area 200/39 at the Baikonur Cosmodrome in Kazakhstan, with the Norwegian Thor 5 communication satellite aboard.",wn-0267:0:4,launch,4,,,DATE:2008,,,,False,0.55
wn-0267,0,launch,launched,an International Launch Services Proton-M/Briz-M rocket,the Norwegian Thor 5 communication satellite,2008,"In the sixth orbital launch of 2008, an International Launch Services Proton-M/Briz-M rocket has launched from area 200/39 at the Baikonur Cosmodrome in Kazakhstan, with the Norwegian Thor 5 communication satellite aboard.",wn-0267:0:21,launch,21,,,DATE:2008,,Baikonur Cosmodrome,FAC:Baikonur Cosmodrome,False,0.65
wn-0267,1,launch,Liftoff,,the 53 metre long Russian rocket,some 9 hours and 23 minutes later,"Liftoff of the 53 metre long Russian rocket occurred at 11:33 GMT, and the launch ended with the satellite's injection into a geosynchronous orbit, some 9 hours and 23 minutes later.",wn-0267:1:41,liftoff,41,,,TIME:some 9 hours and 23 minutes later,,,,False,0.6
wn-0267,1,launch,launch,,,some 9 hours and 23 minutes later,"Liftoff of the 53 metre long Russian rocket occurred at 11:33 GMT, and the launch ended with the satellite's injection into a geosynchronous orbit, some 9 hours and 23 minutes later.",wn-0267:1:56,launch,56,,,TIME:some 9 hours and 23 minutes later,,,,False,0.55
wn-0267,8,launch,launch,,,2007,"The launch was delayed from 2007 after the failure of another Proton rocket, and scrubbed yesterday due to a problem with the rocket's guidance system, detected shortly before fuelling.",wn-0267:8:202,launch,202,,,DATE:2007,,,,True,0.55
wn-0267,8,delay,delayed,,The launch,2007,"The launch was delayed from 2007 after the failure of another Proton rocket, and scrubbed yesterday due to a problem with the rocket's guidance system, detected shortly before fuelling.",wn-0267:8:204,delay,204,,,DATE:2007,from,,,False,0.65
wn-0267,8,failure,failure,,another Proton rocket,2007,"The launch was delayed from 2007 after the failure of another Proton rocket, and scrubbed yesterday due to a problem with the rocket's guidance system, detected shortly before fuelling.",wn-0267:8:209,failure,209,,,DATE:2007,,,,False,0.6
wn-0267,8,delay,scrubbed,,The launch,yesterday,"The launch was delayed from 2007 after the failure of another Proton rocket, and scrubbed yesterday due to a problem with the rocket's guidance system, detected shortly before fuelling.",wn-0267:8:216,scrub,216,,,DATE:yesterday,,,,False,0.65
wn-0267,8,discovery,detected,,,yesterday,"The launch was delayed from 2007 after the failure of another Proton rocket, and scrubbed yesterday due to a problem with the rocket's guidance system, detected shortly before fuelling.",wn-0267:8:229,detect,229,,,DATE:yesterday,,,,False,0.6
wn-0268,6,discovery,find,they,first use,,The maker suggests they will find first use in safety applications such as exit signage and aircraft corridor marking.,wn-0268:6:140,find,140,,,,,,,False,0.6
wn-0269,1,launch,launched,,a new one,,"The Space Station's Nitrogen Tank Assembly (NTA), was successfully replaced with a new one, launched aboard Space Shuttle Atlantis, which is currently visiting the station, on mission STS-122.",wn-0269:1:46,launch,46,,,,,,,False,0.6
wn-0269,8,landing,Landing,,,next Wednesday,"Landing is now scheduled for next Wednesday, at 13:59 GMT.",wn-0269:8:231,landing,231,,,DATE:next Wednesday,,,,False,0.55
wn-0269,9,delay,delayed,,which,,"The extension will give the astronauts extra time to finish activating the Columbus module, a process which has been delayed due to computer problems aboard the module.",wn-0269:9:263,delay,263,,,,,,,False,0.6
wn-0270,3,failure,failed,,a failed gyroscope,,"The goals of the spacewalk were to install two experiments onto the outside of the newly delivered Columbus module of the space station, and to load a failed gyroscope onto the visiting Space Shuttle, Atlantis, for return to Earth next Wednesday.",wn-0270:3:100,fail,100,,,,,,,False,0.6
wn-0271,0,failure,destroy,,USA-193,December 2006,"The United States military has announced their intention to use a missile to destroy USA-193, a spy satellite which failed immediately after launch in December 2006.",wn-0271:0:13,destroy,13,,,DATE:December 2006,,,,False,0.65
wn-0271,0,failure,failed,,which,December 2006,"The United States military has announced their intention to use a missile to destroy USA-193, a spy satellite which failed immediately after launch in December 2006.",wn-0271:0:20,fail,20,,,DATE:December 2006,in,,,False,0.65
wn-0271,0,launch,launch,,,December 2006,"The United States military has announced their intention to use a missile to destroy USA-193, a spy satellite which failed immediately after launch in December 2006.",wn-0271:0:23,launch,23,,,DATE:December 2006,,,,False,0.55
wn-0271,1,launch,launch,,,,"Since launch, the satellite's orbit has decayed and it is approaching the point at which it will re-enter the atmosphere and potentially fall to Earth.",wn-0271:1:29,launch,29,,,,,,,False,0.5
wn-0271,2,failure,destroy,,The missile,,"The missile will be used as a kinetic anti-satellite weapon (ASAT), and will destroy the satellite through hitting it at high speed.",wn-0271:2:76,destroy,76,,,,,,,False,0.6
wn-0271,4,failure,failed,,the satellite,,"Ordinarily, the hydrazine would be used as fuel, but since the satellite failed immediately after launch, this was never used.",wn-0271:4:113,fail,113,,,,,,,False,0.6
wn-0271,4,launch,launch,,,,"Ordinarily, the hydrazine would be used as fuel, but since the satellite failed immediately after launch, this was never used.",wn-0271:4:116,launch,116,,,,,,,False,0.5
wn-0271,6,failure,explode,,the tank,,"Since hydrazine is toxic, the satellite could pose a severe danger if it hits in a populated area, however it has been considered likely that the tank would probably rupture and explode during re-entry.",wn-0271:6:180,explode,180,,,,,,,False,0.6
wn-0271,7,failure,Destroying,,the satellite,,Destroying the satellite on the grounds of safety is the stated purpose of shooting down the satellite.,wn-0271:7:186,destroy,186,,,,,,,False,0.6
wn-0271,9,launch,launched,,which,,"The missile which will be used to shoot down the satellite will be a Standard Missile 3 (SM-3), which will be launched from the USS Lake Erie in the North Pacific Ocean.",wn-0271:9:268,launch,268,,,,,the North Pacific Ocean,LOC:North Pacific Ocean,False,0.6
wn-0271,12,landing,reentry,,,,This will eliminate the hazard from the hydrazine and break into small enough pieces that nothing will survive reentry.,wn-0271:12:343,reentry,343,,,,,,,False,0.5
wn-0271,15,failure,destroy,a direct hit,the satellite,,"Missing the satellite would change nothing, while a slight blow would still result in the satellite returning to Earth, and a direct hit would destroy the satellite.",wn-0271:15:399,destroy,399,,,,,,,False,0.6
wn-0271,18,failure,destroyed,,the satellite,,"For this reason, the satellite will not be destroyed until the Space Shuttle Atlantis, which is currently conducting mission STS-122, has landed.",wn-0271:18:467,destroy,467,,,,,,,True,0.6
wn-0271,18,landing,landed,,Space Shuttle Atlantis,,"For this reason, the satellite will not be destroyed until the Space Shuttle Atlantis, which is currently conducting mission STS-122, has landed.",wn-0271:18:482,land,482,,SPACECRAFT:Space Shuttle Atlantis,,,,,False,0.75
wn-0272,0,docking,undocked,Space Shuttle Atlantis,,,"Space Shuttle Atlantis today undocked from the International Space Station, beginning its return to Earth.",wn-0272:0:4,undock,4,SPACECRAFT:Space Shuttle Atlantis,,,,,,False,0.65
wn-0272,2,docking,Undocking,,,09:24 GMT,"Undocking occurred at 09:24 GMT, after connecting hatches between the spacecraft were closed at 18:03 GMT yesterday evening.",wn-0272:2:39,undocking,39,,,TIME:09:24 GMT,,,,False,0.55
wn-0272,3,landing,land,,Atlantis,Wednesday,Atlantis is scheduled to land on Wednesday.,wn-0272:3:64,land,64,,PRODUCT:Atlantis,DATE:Wednesday,on,,,False,0.8
wn-0272,4,landing,land,,it,,"While NASA hope that it can land at the Kennedy Space Center's Shuttle Landing Facility (SLF), they are prepared to use their backup site at Edwards Air Force Base, should the conditions at the SLF be unacceptable for landing.",wn-0272:4:74,land,74,,,,,Shuttle Landing Facility,ORG:Shuttle Landing Facility,False,0.6
wn-0272,4,landing,landing,,,,"While NASA hope that it can land at the Kennedy Space Center's Shuttle Landing Facility (SLF), they are prepared to use their backup site at Edwards Air Force Base, should the conditions at the SLF be unacceptable for landing.",wn-0272:4:111,land,111,,,,,,,False,0.55
wn-0272,5,landing,landing,,,,"The backup site is not usually considered for the first landing attempt, but is being considered an option for STS-122 because of the US Navy's intention to destroy a failed spy satellite in orbit.",wn-0272:5:123,landing,123,,,,,,,False,0.5
wn-0272,5,failure,destroy,the US Navy's intention,a failed spy satellite,,"The backup site is not usually considered for the first landing attempt, but is being considered an option for STS-122 because of the US Navy's intention to destroy a failed spy satellite in orbit.",wn-0272:5:142,destroy,142,,,,,,,False,0.6
wn-0272,5,failure,failed,,a failed spy satellite,,"The backup site is not usually considered for the first landing attempt, but is being considered an option for STS-122 because of the US Navy's intention to destroy a failed spy satellite in orbit.",wn-0272:5:144,fail,144,,,,,,,False,0.6
wn-0272,8,failure,failed,,a failed control gyroscope,,"Atlantis also collected a failed control gyroscope from the station, which had been replaced during the earlier STS-118 mission.",wn-0272:8:206,fail,206,,,,,,,False,0.6
wn-0272,10,launch,launch,,,,"Meanwhile, Endeavour, which is scheduled to fly the next Shuttle Mission, has been moved to the launch pad.",wn-0272:10:270,launch,270,,,,,,,False,0.5
wn-0272,11,launch,Launch,,Mobile,04:26 GMT,"The fully-stacked Shuttle and Mobile Launch Platform rolled out of the Kennedy Space Center's Vehicle Assembly Building at 04:26 GMT, and is made its way down the Crawlerway, arriving at Launch Complex 39A at about 09:45 GMT, and had been secured in place by 11:22.",wn-0272:11:280,launch,280,,,TIME:04:26 GMT,,,,False,0.6
wn-0272,12,flyby,flyby,,the Shuttle,,The US Air Force Thunderbirds display team performed a flyby of the Shuttle at 15:15 GMT.,wn-0272:12:334,flyby,334,,,,,,,False,0.55
wn-0273,0,landing,landed,,Space Shuttle Atlantis,,"Space Shuttle Atlantis has landed on runway 15 of the Kennedy Space Center Shuttle Landing Facility, completing the STS-122 mission to the International Space Station (ISS).",wn-0273:0:4,land,4,,SPACECRAFT:Space Shuttle Atlantis,,,,,False,0.75
wn-0273,0,landing,Landing,,Shuttle,,"Space Shuttle Atlantis has landed on runway 15 of the Kennedy Space Center Shuttle Landing Facility, completing the STS-122 mission to the International Space Station (ISS).",wn-0273:0:14,landing,14,,,,,,,False,0.55
wn-0273,1,landing,Landing,,,today,"Landing occurred at the earliest opportunity today, with Atlantis touching down at 14:07:10 GMT (09:07:10 local time), following a de-orbit burn at 13:00 GMT, and entry interface at 13:35.",wn-0273:1:30,landing,30,,,DATE:today,,,,False,0.55
wn-0273,1,landing,touching down,,Atlantis,14:07:10,"Landing occurred at the earliest opportunity today, with Atlantis touching down at 14:07:10 GMT (09:07:10 local time), following a de-orbit burn at 13:00 GMT, and entry interface at 13:35.",wn-0273:1:40,touch,40,,PRODUCT:Atlantis,TIME:14:07:10,,GMT,ORG:GMT,False,0.8
wn-0273,7,launch,launched,,Léopold Eyharts,,"Léopold Eyharts was launched aboard Atlantis, but remained aboard the station, replacing Tani as part of the Expedition 16 crew.",wn-0273:7:181,launch,181,,PERSON:Léopold Eyharts,,,,,False,0.75
wn-0273,9,delay,delayed,,this,December,"He was originally scheduled to return in December, however this was delayed because of problems launching Atlantis.",wn-0273:9:229,delay,229,,,DATE:December,,,,False,0.65
wn-0273,9,launch,launching,problems,Atlantis,December,"He was originally scheduled to return in December, however this was delayed because of problems launching Atlantis.",wn-0273:9:233,launch,233,,PRODUCT:Atlantis,DATE:December,,,,False,0.8
wn-0273,10,landing,landing,,Atlantis,03:30 GMT,"Atlantis successful landing means that there is now no impediment to the US Navy's attempt to destroy a failed satellite in orbit, which is expected to occur at 03:30 GMT tomorrow morning.",wn-0273:10:239,landing,239,,PRODUCT:Atlantis,TIME:03:30 GMT,,,,False,0.75
wn-0273,10,failure,destroy,the US Navy's attempt,a failed satellite,03:30 GMT,"Atlantis successful landing means that there is now no impediment to the US Navy's attempt to destroy a failed satellite in orbit, which is expected to occur at 03:30 GMT tomorrow morning.",wn-0273:10:254,destroy,254,,,TIME:03:30 GMT,,,,False,0.65
wn-0273,10,failure,failed,,a failed satellite,03:30 GMT,"Atlantis successful landing means that there is now no impediment to the US Navy's attempt to destroy a failed satellite in orbit, which is expected to occur at 03:30 GMT tomorrow morning.",wn-0273:10:256,fail,256,,,TIME:03:30 GMT,,,,False,0.65
wn-0273,11,landing,landed,,Atlantis,,"This could not have been conducted before Atlantis landed, as the debris it is expected to create could have damaged the Shuttle as it descended from orbit.",wn-0273:11:280,land,280,,PRODUCT:Atlantis,,,,,False,0.75
wn-0273,12,launch,launch,The next Space Shuttle mission,Japanese and Canadian components,early March,"The next Space Shuttle mission, STS-123, using the Space Shuttle Endeavour, is scheduled to launch in early March, with Japanese and Canadian components for the Space Station.",wn-0273:12:319,launch,319,,,DATE:early March,in,,,False,0.65
wn-0273,13,launch,launch,,,late August,"Atlantis next mission will be STS-125, the final mission to service the Hubble Space Telescope, which is scheduled for launch in late August.",wn-0273:13:355,launch,355,,,DATE:late August,,,,False,0.55
wn-0274,0,failure,destroyed,The United States Navy,a crippled spy satellite,,"The United States Navy has successfully destroyed a crippled spy satellite in a decaying orbit, by intercepting it with a missile.",wn-0274:0:6,destroy,6,ORG:United States Navy,,,,,,False,0.7
wn-0274,1,launch,launched,,A modified SM-3 missile,03:26 GMT this morning,"A modified SM-3 missile was launched from the USS Lake Erie at 03:26 GMT this morning, and intercepted the USA-193 satellite around three minutes later.",wn-0274:1:28,launch,28,,,TIME:03:26 GMT this morning,at,,,False,0.65
wn-0274,3,launch,launch,,,,"The SM-3 missile was designed to shoot down other missiles, however for this launch, it was modified to act as an anti-satellite weapon (ASAT).",wn-0274:3:91,launch,91,,,,,,,False,0.5
wn-0274,5,failure,destroyed,China,an old orbiting satellite,"January 11, 2007","China, however, destroyed an old orbiting satellite on January 11, 2007.",wn-0274:5:127,destroy,127,GPE:China,,"DATE:January 11, 2007",on,,,False,0.75
wn-0274,6,launch,launched,a Delta II rocket,The satellite,December 2006,"The satellite, which was known by the designations USA-193 and NRO L-21, was launched in December 2006, by a Delta II rocket.",wn-0274:6:154,launch,154,,,DATE:December 2006,in,,,False,0.65
wn-0274,7,failure,failed,,it,hours,"It was believed to have been a new type of spy satellite, however it was reported to have failed within hours of launch.",wn-0274:7:184,fail,184,,,TIME:hours,within,,,False,0.65
wn-0274,7,launch,launch,,,hours,"It was believed to have been a new type of spy satellite, however it was reported to have failed within hours of launch.",wn-0274:7:188,launch,188,,,TIME:hours,,,,False,0.55
wn-0274,9,failure,destroying,,the satellite,,"The officially stated purpose of destroying the satellite was to prevent possible contamination from the hydrazine, and protect public safety should it land in a populated area.",wn-0274:9:216,destroy,216,,,,,,,False,0.6
wn-0274,9,landing,land,,it,,"The officially stated purpose of destroying the satellite was to prevent possible contamination from the hydrazine, and protect public safety should it land in a populated area.",wn-0274:9:234,land,234,,,,,,,False,0.6
wn-0274,11,failure,destroyed,,the hydrazine tank,about a day,"Officials believe the hydrazine tank has been destroyed, however it will take about a day to confirm this.",wn-0274:11:298,destroy,298,,,DATE:about a day,,,,False,0.65
wn-0274,13,failure,destroying,,the satellite,,"Bryan Whitman, a spokesman for the US government replied that destroying the satellite was ""about reducing the risk to human life on Earth, nothing more"".",wn-0274:13:361,destroy,361,,,,,,,False,0.6
wn-0275,1,failure,destroy,,enemy satellites,,"The Pentagon claims that China has been ""exploring"" laser, microwave, particle beam and electromagnetic pulse weapons, and suggests that China has been ""developing the ability to attack an adversary's space assets,"" and would be able to disable or destroy enemy satellites.",wn-0275:1:76,destroy,76,,,,,,,False,0.6
wn-0275,4,launch,launched,,one of ten Chinese spacecraft,this year,"The two units are being developed for China's first intended spacewalk as part of Shenzhou 7, one of ten Chinese spacecraft being launched this year.",wn-0275:4:164,launch,164,,,DATE:this year,,,,False,0.65
wn-0276,3,delay,delays,,,,"However the new design, which will allow more than twice the payload of previous models, has seen a number of delays in funding and development.",wn-0276:3:96,delay,96,,,,,,,False,0.5
wn-0276,4,launch,launch,,,September,"Due to the large size of the new rockets, a new 200-hectare launch centre has been under construction at the existing Wenchang Satellite Launch Center since September.",wn-0276:4:118,launch,118,,,DATE:September,,,,False,0.55
wn-0276,5,launch,launches,,,this year,"Until then, China is relying on its older fleet of rockets to carry on its space program, consisting of more than ten launches scheduled for this year.",wn-0276:5:159,launch,159,,,DATE:this year,,,,False,0.55
wn-0277,0,launch,launched,An Ariane 5ES rocket,Automated Transfer Vehicle,,An Ariane 5ES rocket has launched the first Automated Transfer Vehicle or ATV.,wn-0277:0:5,launch,5,,PERSON:Automated Transfer Vehicle,,,,,False,0.75
wn-0277,2,docking,docking,,,early April,"It will now begin about a month of testing, prior to its scheduled docking with the International Space Station (ISS) in early April.",wn-0277:2:53,docking,53,,,DATE:early April,in,,,False,0.55
wn-0277,3,launch,launch,,the ATV,thirteen-year,"The launch of the ATV marks the culmination of a thirteen-year development programme, and the start of a six-month mission to test the spacecraft and resupply the ISS.",wn-0277:3:67,launch,67,,,DATE:thirteen-year,,,,False,0.6
wn-0277,4,launch,launch,,,,"Arianespace conducted the launch on behalf of the European Space Agency, who will be responsible for the ATV's operation.",wn-0277:4:103,launch,103,,,,,,,False,0.5
wn-0277,6,launch,Launch,,,,"Launch operations concluded with spacecraft separation from the carrier rocket at 05:09, and control of the ATV was transferred to the French space agency, CNES, who will control it from a centre in Toulouse.",wn-0277:6:136,launch,136,,,,,,,False,0.5
wn-0277,8,launch,lifted off,,The Ariane 5ES rocket,this morning,"The Ariane 5ES rocket, which was making its maiden flight, lifted off from ELA-3 at the Guiana Space Centre at 04:03:04 GMT this morning.",wn-0277:8:201,lift,201,,,TIME:this morning,,Guiana Space Centre,FAC:Guiana Space Centre,False,0.65
wn-0277,12,launch,launch,,European,the year,"It is the first European launch of the year, with the next, using an Ariane 5ECA, scheduled for early April, with Brazillian satellite Star One C2 and Vinasat-1, the first Vietnamese spacecraft.",wn-0277:12:282,launch,282,,NORP:European,DATE:year,,,,False,0.75
wn-0277,13,launch,launch,,,late 2009,The next ATV is scheduled for launch in late 2009.,wn-0277:13:321,launch,321,,,DATE:late 2009,,,,False,0.55
wn-0277,16,launch,launch,,,thirteen years,"The launch is the culmination of thirteen years of planning and preparation, and the programme is already three years behind schedule.",wn-0277:16:373,launch,373,,,DATE:thirteen years,,,,False,0.55
wn-0277,17,launch,launch,,Jules Verne,July,"The launch of Jules Verne had previously been delayed from July, September and November 2007, and from February 2008.",wn-0277:17:396,launch,396,,PERSON:Jules Verne,DATE:July,,,,True,0.75
wn-0277,17,delay,delayed,,The launch,July,"The launch of Jules Verne had previously been delayed from July, September and November 2007, and from February 2008.",wn-0277:17:403,delay,403,,,DATE:July,from,,,False,0.65
wn-0277,18,delay,delay,,,Saturday,"A further delay, from Saturday, was caused by a problem with the system that the ATV uses to separate from its carrier rocket.",wn-0277:18:419,delay,419,,,DATE:Saturday,,,,False,0.55
wn-0277,19,launch,launch,,,,"Speaking after the launch, Arianespace chairman Jean-Yves Le Gall remarked that the launch was ""perfect"", and that the launch shows that Europe is a ""major player"" in manned spaceflight.",wn-0277:19:447,launch,447,,,,,,,False,0.5
wn-0277,19,launch,launch,,,,"Speaking after the launch, Arianespace chairman Jean-Yves Le Gall remarked that the launch was ""perfect"", and that the launch shows that Europe is a ""major player"" in manned spaceflight.",wn-0277:19:459,launch,459,,,,,,,False,0.5
wn-0277,19,launch,launch,,,,"Speaking after the launch, Arianespace chairman Jean-Yves Le Gall remarked that the launch was ""perfect"", and that the launch shows that Europe is a ""major player"" in manned spaceflight.",wn-0277:19:468,launch,468,,,,,,,False,0.5
wn-0277,21,launch,launch,,,,"He also said that Europe was ""on its way to becoming a major partner in the ISS"", and that the successful launch ""would not have been possible the support of ESA's member states"".",wn-0277:21:543,launch,543,,,,,,,False,0.5
wn-0277,22,launch,launch,ATV,,two days,"The ATV's launch comes two days ahead of the scheduled launch of the next mission to visit the Space Station, Space Shuttle Endeavour, which will begin mission STS-123 at 06:28:12 GMT on Tuesday.",wn-0277:22:563,launch,563,ORG:ATV,,DATE:two days,,,,False,0.65
wn-0277,22,launch,launch,,the next mission,two days,"The ATV's launch comes two days ahead of the scheduled launch of the next mission to visit the Space Station, Space Shuttle Endeavour, which will begin mission STS-123 at 06:28:12 GMT on Tuesday.",wn-0277:22:571,launch,571,,,DATE:two days,,,,False,0.6
wn-0277,24,launch,launch,,,Several hours,"Several hours after launch, a problem was reported to have developed with the number two Propulsion Drive Electronics (PDE) unit.",wn-0277:24:629,launch,629,,,TIME:Several hours,,,,False,0.55
wn-0277,26,delay,delayed,,All engine burns,,All engine burns have been delayed or cancelled whilst the fault is investigated.,wn-0277:26:670,delay,670,,,,,,,False,0.6
wn-0277,26,failure,cancelled,,All engine burns,,All engine burns have been delayed or cancelled whilst the fault is investigated.,wn-0277:26:672,cancel,672,,,,,,,False,0.6
wn-0277,27,launch,launch,,,2008,This is the eighth orbital launch of 2008.,wn-0277:27:685,launch,685,,,DATE:2008,,,,False,0.55
wn-0277,28,launch,launched,a European rocket,the heaviest spacecraft,,The 20-tonne ATV is the heaviest spacecraft ever launched by a European rocket.,wn-0277:28:699,launch,699,,,,,,,False,0.6
wn-0278,0,launch,launched,,Space Shuttle Endeavour,this morning,"Space Shuttle Endeavour successfully launched this morning from Launch Complex 39A at the Kennedy Space Center, on mission STS-123 to assemble the International Space Station (ISS).",wn-0278:0:4,launch,4,,SPACECRAFT:Space Shuttle Endeavour,TIME:this morning,,,,False,0.8
wn-0278,4,launch,launched,,who,last month,"Reisman, a member of the ISS Expedition 16 and 17 crews, will remain aboard the Space Station, replacing Léopold Eyharts who launched aboard STS-122 last month.",wn-0278:4:116,launch,116,,,DATE:last month,,,,False,0.65
wn-0278,8,docking,docking,,,late May,"It will be temporarily installed on a spare docking port of the Harmony module of the Station, and will later be fitted to the main pressurised experiment module, which is slated for launch aboard STS-124, to be flown by Discovery in late May.",wn-0278:8:195,docking,195,,,DATE:late May,,,,False,0.55
wn-0278,8,launch,launch,,,late May,"It will be temporarily installed on a spare docking port of the Harmony module of the Station, and will later be fitted to the main pressurised experiment module, which is slated for launch aboard STS-124, to be flown by Discovery in late May.",wn-0278:8:221,launch,221,,,DATE:late May,,,,False,0.55
wn-0278,16,launch,launch,,,,"This usually remains on the Shuttle for launch and landing, however as the next mission, STS-124, is carrying a very large payload - the JEM pressurised experiment module - the OBSS cannot be accommodated in its payload bay for launch.",wn-0278:16:389,launch,389,,,,,,,False,0.5
wn-0278,16,landing,landing,,,,"This usually remains on the Shuttle for launch and landing, however as the next mission, STS-124, is carrying a very large payload - the JEM pressurised experiment module - the OBSS cannot be accommodated in its payload bay for launch.",wn-0278:16:391,landing,391,,,,,,,False,0.5
wn-0278,16,launch,launch,,,,"This usually remains on the Shuttle for launch and landing, however as the next mission, STS-124, is carrying a very large payload - the JEM pressurised experiment module - the OBSS cannot be accommodated in its payload bay for launch.",wn-0278:16:425,launch,425,,,,,,,False,0.5
wn-0278,18,failure,accident,,Columbia,,"The OBSS is used to conduct photography of the orbiter's heat shield, in order to check for damage, similar to that which caused the Columbia accident.",wn-0278:18:487,accident,487,,ORG:Columbia,,,,,False,0.7
wn-0278,19,launch,launch,,,,Two minor problems occurred during the launch.,wn-0278:19:496,launch,496,,,,,,,False,0.5
wn-0278,20,failure,failed,Flash Evaporator System,,,"Firstly, the primary Flash Evaporator System failed, resulting in a switch to the backup system, which performed normally.",wn-0278:20:505,fail,505,PERSON:Flash Evaporator System,,,,,,False,0.65
wn-0278,23,failure,failed,,instrumentation,,"The other issue was that instrumentation failed for a small number of Reaction Control System (RCS) thrusters, which are used to control the Shuttles attitude.",wn-0278:23:562,fail,562,,,,,,,False,0.6
wn-0278,25,launch,launch,,,ten seconds,"The ascent to orbit has been initially assessed as ""clean"" in terms of debris impacts, the only concern is a suspected birdstrike ten seconds after launch, however it is believed that Endeavour was not travelling fast enough to sustain damage.",wn-0278:25:623,launch,623,,,TIME:ten seconds,,,,False,0.55
wn-0278,26,launch,launch,,Space Shuttle,the 21st of Endeavour,"This is the 122nd launch of the Space Shuttle, the 21st of Endeavour, and the 25th Shuttle mission to the ISS.",wn-0278:26:645,launch,645,,SPACECRAFT:Space Shuttle,DATE:21st of Endeavour,,,,False,0.75
wn-0278,27,launch,launch,,,2008,"It also marks the ninth, and second manned, orbital launch of 2008.",wn-0278:27:676,launch,676,,,DATE:2008,,,,False,0.55
wn-0278,28,launch,Launch,,,night,"Launch occurred at night, making this the Shuttle's 30th night launch.",wn-0278:28:680,launch,680,,,TIME:night,,,,False,0.55
wn-0278,28,launch,launch,,,night,"Launch occurred at night, making this the Shuttle's 30th night launch.",wn-0278:28:692,launch,692,,,TIME:night,,,,False,0.55
wn-0278,29,launch,launch,,This flight,February 14th,"This flight was originally scheduled to launch on February 14th, but after the previous mission, STS-122, was delayed due to bad sensors inside the external fuel tank, STS-123 was pushed back to no earlier than March 11.",wn-0278:29:700,launch,700,,,DATE:February 14th,on,,,False,0.65
wn-0278,29,delay,delayed,,the previous mission,February 14th,"This flight was originally scheduled to launch on February 14th, but after the previous mission, STS-122, was delayed due to bad sensors inside the external fuel tank, STS-123 was pushed back to no earlier than March 11.",wn-0278:29:714,delay,714,,,DATE:February 14th,,,,False,0.65
wn-0279,0,launch,launched,An Atlas V rocket,a classified spy satellite,,An Atlas V rocket has successfully launched a classified spy satellite for the United States National Reconnaissance Office (NRO).,wn-0279:0:6,launch,6,,,,,,,False,0.6
wn-0279,1,launch,Launch,,,,"The satellite, currently known to the public as NRO L-28, or Launch 28, is believed by amateur enthusiasts to be a signals intelligence (SIGINT) spacecraft, known by the codename Trumpet.",wn-0279:1:35,launch,35,,,,,,,False,0.5
wn-0279,3,launch,lifted off,,The rocket,this morning,"The rocket lifted off from Vandenberg Air Force Base, Space Launch Complex 3 East (SLC-3E), at 10:02 GMT (03:02 local time) this morning.",wn-0279:3:94,lift,94,,,TIME:this morning,,Vandenberg Air Force Base,FAC:Vandenberg Air Force Base,False,0.65
wn-0279,3,launch,Launch,,Space,this morning,"The rocket lifted off from Vandenberg Air Force Base, Space Launch Complex 3 East (SLC-3E), at 10:02 GMT (03:02 local time) this morning.",wn-0279:3:103,launch,103,,,TIME:this morning,,,,False,0.6
wn-0279,4,launch,launch,,Atlas V,Today,"Today's flight marks the thirteenth launch of the Atlas V, and the first Atlas V launch from Vandenberg.",wn-0279:4:128,launch,128,,SPACECRAFT:Atlas V,DATE:Today,,,,False,0.75
wn-0279,4,launch,launch,,Atlas V,Today,"Today's flight marks the thirteenth launch of the Atlas V, and the first Atlas V launch from Vandenberg.",wn-0279:4:139,launch,139,,SPACECRAFT:Atlas V,DATE:Today,,Vandenberg,FAC:Vandenberg,False,0.75
wn-0279,5,launch,launch,,,2008,It is also the tenth orbital launch of 2008.,wn-0279:5:149,launch,149,,,DATE:2008,,,,False,0.55
wn-0279,7,launch,launch,,,,"The launch was conducted by United Launch Alliance, a joint venture between Lockheed Martin, who designed and built the Atlas V, and Boeing, to provide EELV launches for the US Government.",wn-0279:7:173,launch,173,,,,,,,False,0.5
wn-0279,7,launch,launches,,,,"The launch was conducted by United Launch Alliance, a joint venture between Lockheed Martin, who designed and built the Atlas V, and Boeing, to provide EELV launches for the US Government.",wn-0279:7:202,launch,202,,,,,,,False,0.5
wn-0279,8,launch,launch,,,,"ULA president Michael Gass described the launch as ""a proud moment in our company's history"".",wn-0279:8:214,launch,214,,,,,,,False,0.5
wn-0279,9,launch,launch,,,two years,"The launch had been delayed by two years, from early 2006, due to a number of factors.",wn-0279:9:228,launch,228,,,DATE:two years,,,,True,0.55
wn-0279,9,delay,delayed,,The launch,early 2006,"The launch had been delayed by two years, from early 2006, due to a number of factors.",wn-0279:9:231,delay,231,,,DATE:early 2006,from,,,False,0.65
wn-0279,11,discovery,detection,,,late this year,"SBIRS-HEO 2 and TWINS-B. SBIRS is a test article for a missile detection system, slated to launch late this year or early next, and TWINS is a NASA infrared astronomy experiment.",wn-0279:11:279,detection,279,,,DATE:late this year,,,,False,0.55
wn-0279,11,launch,launch,,,late this year,"SBIRS-HEO 2 and TWINS-B. SBIRS is a test article for a missile detection system, slated to launch late this year or early next, and TWINS is a NASA infrared astronomy experiment.",wn-0279:11:284,launch,284,,,DATE:late this year,,,,False,0.6
wn-0279,13,launch,launch,,,around five minutes,"Following the separation of the payload fairing, around five minutes after launch, all information on the launch was withheld, however about an hour into the flight, the launch was confirmed to have been successful.",wn-0279:13:328,launch,328,,,TIME:around five minutes,,,,False,0.55
wn-0279,13,launch,launch,,,about an hour,"Following the separation of the payload fairing, around five minutes after launch, all information on the launch was withheld, however about an hour into the flight, the launch was confirmed to have been successful.",wn-0279:13:334,launch,334,,,TIME:about an hour,,,,False,0.55
wn-0279,13,launch,launch,,,about an hour,"Following the separation of the payload fairing, around five minutes after launch, all information on the launch was withheld, however about an hour into the flight, the launch was confirmed to have been successful.",wn-0279:13:347,launch,347,,,TIME:about an hour,,,,False,0.55
wn-0279,14,launch,launch,,,Saturday,"ULA will conduct its next launch on Saturday, when a Delta II will orbit a GPS satellite.",wn-0279:14:360,launch,360,,,DATE:Saturday,,,,False,0.55
wn-0279,15,launch,launch,,Atlas,mid-April,"The next Atlas launch is scheduled for mid-April, with the ICO G1 communication satellite.",wn-0279:15:377,launch,377,,WORK_OF_ART:Atlas,DATE:mid-April,,,,False,0.75
wn-0280,0,launch,launched,,a Russian Proton-M/Briz-M rocket,this evening,"At 23:18:55 GMT this evening, a Russian Proton-M/Briz-M rocket launched from Area 200/39 at the Baikonur Cosmodrome in Kazakhstan, with the AMC-14 satellite for American communications organisation SES Americom.",wn-0280:0:16,launch,16,,,TIME:this evening,,Baikonur Cosmodrome,FAC:Baikonur Cosmodrome,False,0.65
wn-0280,1,launch,lifted off,,The rocket,,"The rocket, operated by International Launch Services (ILS), lifted off on time, and headed towards a Geosynchronous orbit.",wn-0280:1:50,lift,50,,,,,,,False,0.6
wn-0280,2,failure,anomaly,,,Around forty minutes,"Around forty minutes after lift-off, ILS reported that an anomaly had occurred during the second burn of the upper stage.",wn-0280:2:74,anomaly,74,,,TIME:Around forty minutes,,,,False,0.55
wn-0280,5,launch,launch,,,2008,"This is the 11th orbital launch of 2008, and the first to fail.",wn-0280:5:126,launch,126,,,DATE:2008,,,,False,0.55
wn-0280,5,failure,fail,,,2008,"This is the 11th orbital launch of 2008, and the first to fail.",wn-0280:5:134,fail,134,,,DATE:2008,,,,False,0.6
wn-0280,6,launch,launch,,334th,,"It is also the 334th launch of the Proton rocket, the 41st Proton launch failure, the 2,800th Russian orbital launch, and the 45th Proton launch to be conducted by ILS.",wn-0280:6:141,launch,141,,NORP:334th,,,,,False,0.7
wn-0280,6,launch,launch,,,,"It is also the 334th launch of the Proton rocket, the 41st Proton launch failure, the 2,800th Russian orbital launch, and the 45th Proton launch to be conducted by ILS.",wn-0280:6:150,launch,150,,,,,,,False,0.5
wn-0280,6,failure,failure,,Proton,,"It is also the 334th launch of the Proton rocket, the 41st Proton launch failure, the 2,800th Russian orbital launch, and the 45th Proton launch to be conducted by ILS.",wn-0280:6:151,failure,151,,SPACECRAFT:Proton,,,,,False,0.7
wn-0280,6,launch,launch,,Russian,,"It is also the 334th launch of the Proton rocket, the 41st Proton launch failure, the 2,800th Russian orbital launch, and the 45th Proton launch to be conducted by ILS.",wn-0280:6:157,launch,157,,NORP:Russian,,,,,False,0.7
wn-0280,6,launch,launch,,Proton,,"It is also the 334th launch of the Proton rocket, the 41st Proton launch failure, the 2,800th Russian orbital launch, and the 45th Proton launch to be conducted by ILS.",wn-0280:6:163,launch,163,,SPACECRAFT:Proton,,,,,False,0.7
wn-0280,7,failure,failure,,Proton,as many years,"It is also the third failure of a Proton during an ILS launch in as many years, following a malfunction during a launch last September, and another in February 2006.",wn-0280:7:175,failure,175,,SPACECRAFT:Proton,DATE:as many years,in,,,False,0.75
wn-0280,7,launch,launch,,ILS,as many years,"It is also the third failure of a Proton during an ILS launch in as many years, following a malfunction during a launch last September, and another in February 2006.",wn-0280:7:182,launch,182,,,DATE:as many years,,,,False,0.6
wn-0280,7,failure,malfunction,,,as many years,"It is also the third failure of a Proton during an ILS launch in as many years, following a malfunction during a launch last September, and another in February 2006.",wn-0280:7:190,malfunction,190,,,DATE:as many years,,,,False,0.55
wn-0280,7,launch,launch,,,last September,"It is also the third failure of a Proton during an ILS launch in as many years, following a malfunction during a launch last September, and another in February 2006.",wn-0280:7:193,launch,193,,,DATE:last September,,,,False,0.55
wn-0280,9,failure,malfunction,,,,"During the second burn, however, an undisclosed malfunction occurred, leaving the satellite stranded in a much lower orbit than planned.",wn-0280:9:234,malfunction,234,,,,,,,False,0.5
wn-0281,0,flyby,flyby,,Saturn's icy moon,Wednesday,Space probe Cassini performed a close flyby of Saturn's icy moon Enceladus on Wednesday.,wn-0281:0:6,flyby,6,,,DATE:Wednesday,,,,False,0.6
wn-0281,3,failure,glitch,,,,Cassini's cosmic dust analyzer was unavailable due to a glitch in the updated software that was supposed to provide an increased hit count of the geyser dust particles.,wn-0281:3:114,glitch,114,,,,,,,False,0.5
wn-0281,4,flyby,flyby,,,,"However, dust samples were collected before and after the closest approach and the mass spectrometer functioned throughout the flyby, providing useful data which is now being analyzed.",wn-0281:4:153,flyby,153,,,,,,,False,0.5
wn-0281,12,launch,Launched,,Cassini,1997,"Launched in 1997, Cassini has orbited Saturn since 2004 but has never before flown so close to a moon.",wn-0281:12:344,launch,344,,SPACECRAFT:Cassini,DATE:1997,in,,,False,0.8
wn-0282,0,launch,launched,A Delta II rocket,the GPS IIR-19 navigation satellite,06:10 GMT this morning,"A Delta II rocket launched at 06:10 GMT this morning, with the GPS IIR-19 navigation satellite.",wn-0282:0:4,launch,4,,,TIME:06:10 GMT this morning,at,,,False,0.65
wn-0282,3,launch,Launch,,,,Launch was conducted by United Launch Alliance (ULA).,wn-0282:3:98,launch,98,,,,,,,False,0.5
wn-0282,5,launch,launched,,IIA-15,September 1992,"IIA-15 was launched in September 1992, and has been operating for over twice its design life.",wn-0282:5:138,launch,138,,,DATE:September 1992,in,,,False,0.65
wn-0282,6,launch,launch,,Delta II,2008,"This was the 135th launch of the Delta II, and the twelfth orbital launch of 2008.",wn-0282:6:158,launch,158,,SPACECRAFT:Delta II,DATE:2008,,,,False,0.75
wn-0282,6,launch,launch,,,2008,"This was the 135th launch of the Delta II, and the twelfth orbital launch of 2008.",wn-0282:6:168,launch,168,,,DATE:2008,,,,False,0.55
wn-0283,11,discovery,observations,,,last year,"According to the latest observations from the National Snow and Ice Data Center (an organization partially funded by NASA), perennial sea ice dropped from about 40 percent of the total ice pack last year to 30 percent of total ice this winter.",wn-0283:11:446,observation,446,,,DATE:last year,,,,False,0.55
wn-0283,18,launch,launch,,a follow-on satellite mission,2015,"To get a better understanding of the behavior of sea ice, NASA is planning a follow-on satellite mission, ICESat II, to launch in 2015.",wn-0283:18:691,launch,691,,,DATE:2015,in,,,False,0.65
wn-0284,0,discovery,detected,Hubble Space Telescope,methane,,"ESA - C.Carreau NASA's Hubble Space Telescope has detected methane in the atmosphere of a planet 63 light-years away, marking the first discovery of an organic compound on a planet outside our Solar System.",wn-0284:0:9,detect,9,SPACECRAFT:Hubble Space Telescope,,,,,,False,0.7
wn-0284,0,discovery,discovery,,an organic compound,,"ESA - C.Carreau NASA's Hubble Space Telescope has detected methane in the atmosphere of a planet 63 light-years away, marking the first discovery of an organic compound on a planet outside our Solar System.",wn-0284:0:26,discovery,26,,,,,,,False,0.55
wn-0284,1,discovery,found,,The methane,,The methane was found on a Jupiter-sized planet named HD 189733b.,wn-0284:1:43,find,43,,,,,,,False,0.6
wn-0284,7,discovery,detect,the spectroscopic methods,the methane,,"However, scientists believe the spectroscopic methods used to detect the methane can be used to find organic compounds on other distant planets.",wn-0284:7:232,detect,232,,,,,,,False,0.6
wn-0284,7,discovery,find,scientists,organic compounds,,"However, scientists believe the spectroscopic methods used to detect the methane can be used to find organic compounds on other distant planets.",wn-0284:7:239,find,239,,,,,,,False,0.6
wn-0284,8,discovery,observation,,,,"""This observation is proof that spectroscopy can eventually be done on a cooler and potentially habitable Earth-sized planet orbiting a dimmer red dwarf-type star,"" said Mark Swain, a NASA scientist whose paper on the discovery will appear in the scientific journal Nature.",wn-0284:8:249,observation,249,,,,,,,False,0.5
wn-0284,8,discovery,discovery,,,,"""This observation is proof that spectroscopy can eventually be done on a cooler and potentially habitable Earth-sized planet orbiting a dimmer red dwarf-type star,"" said Mark Swain, a NASA scientist whose paper on the discovery will appear in the scientific journal Nature.",wn-0284:8:289,discovery,289,,,,,,,False,0.5
wn-0284,11,discovery,found,astronomers,much higher levels,,"To their surprise, astronomers found much higher levels of methane than had been predicted for hot Jupiters.",wn-0284:11:358,find,358,,,,,,,False,0.6
wn-0284,13,discovery,discovery,,,last year,"This discovery also confirmed the presence of water molecules in the planet's atmosphere, which was found by NASA's Spitzer Space Telescope last year using spectroscopy.",wn-0284:13:390,discovery,390,,,DATE:last year,,,,False,0.55
wn-0284,13,discovery,found,Spitzer Space Telescope,which,last year,"This discovery also confirmed the presence of water molecules in the planet's atmosphere, which was found by NASA's Spitzer Space Telescope last year using spectroscopy.",wn-0284:13:406,find,406,SPACECRAFT:Spitzer Space Telescope,,DATE:last year,,,,False,0.75
wn-0284,14,discovery,observation,,,,"""With this observation there is no question whether there is water or not - water is present,"" Swain said.",wn-0284:14:421,observation,421,,,,,,,False,0.5
wn-0284,15,discovery,identify,The ultimate goal,the molecules,,"The ultimate goal of these studies is to identify the molecules of more Earth-like planets in the habitable zone of stars, where conditions may be favorable for life.",wn-0284:15:450,identify,450,,,,,,,False,0.6
wn-0285,0,launch,Launch,,Sea,,A Sea Launch Zenit-3SL rocket has successfully launched the DirecTV-11 Communications satellite for DirecTV.,wn-0285:0:2,launch,2,,,,,,,False,0.55
wn-0285,0,launch,launched,A Sea Launch Zenit-3SL rocket,,,A Sea Launch Zenit-3SL rocket has successfully launched the DirecTV-11 Communications satellite for DirecTV.,wn-0285:0:7,launch,7,,,,,,,False,0.55
wn-0285,1,launch,lifted off,The Ukrainian-built rocket,spacecraft separation,evening,"The Ukrainian-built rocket lifted off from the Norwegian Ocean Odyssey launch platform in the Pacific Ocean at 22:47:59 (UTC) yesterday evening, with spacecraft separation from the carrier rocket occurring at 23:49:03.",wn-0285:1:20,lift,20,,,TIME:evening,,,,False,0.65
wn-0285,1,launch,launch,,,yesterday,"The Ukrainian-built rocket lifted off from the Norwegian Ocean Odyssey launch platform in the Pacific Ocean at 22:47:59 (UTC) yesterday evening, with spacecraft separation from the carrier rocket occurring at 23:49:03.",wn-0285:1:27,launch,27,,,DATE:yesterday,,,,False,0.55
wn-0285,2,launch,launch,,,2008,"The mission, which marked the 13th orbital launch of 2008, is the 25th commercial launch to be conducted by the international Sea Launch consortium, the first of which also lofted a DirecTV satellite.",wn-0285:2:61,launch,61,,,DATE:2008,,,,False,0.55
wn-0285,2,launch,launch,,,2008,"The mission, which marked the 13th orbital launch of 2008, is the 25th commercial launch to be conducted by the international Sea Launch consortium, the first of which also lofted a DirecTV satellite.",wn-0285:2:69,launch,69,,,DATE:2008,,,,False,0.55
wn-0285,2,launch,lofted,,a DirecTV satellite,2008,"The mission, which marked the 13th orbital launch of 2008, is the 25th commercial launch to be conducted by the international Sea Launch consortium, the first of which also lofted a DirecTV satellite.",wn-0285:2:85,loft,85,,,DATE:2008,,,,False,0.65
wn-0285,4,launch,Launch,,,November 2007,Launch had been delayed from November 2007 due to damage to the launch platform caused by the failure of an earlier Zenit launch.,wn-0285:4:116,launch,116,,,DATE:November 2007,,,,True,0.55
wn-0285,4,delay,delayed,,Launch,November 2007,Launch had been delayed from November 2007 due to damage to the launch platform caused by the failure of an earlier Zenit launch.,wn-0285:4:119,delay,119,,,DATE:November 2007,from,,,False,0.65
wn-0285,4,launch,launch,,,November 2007,Launch had been delayed from November 2007 due to damage to the launch platform caused by the failure of an earlier Zenit launch.,wn-0285:4:128,launch,128,,,DATE:November 2007,,,,False,0.55
wn-0285,4,failure,failure,,an earlier Zenit launch,November 2007,Launch had been delayed from November 2007 due to damage to the launch platform caused by the failure of an earlier Zenit launch.,wn-0285:4:133,failure,133,,,DATE:November 2007,,,,False,0.6
wn-0285,4,launch,launch,,Zenit,November 2007,Launch had been delayed from November 2007 due to damage to the launch platform caused by the failure of an earlier Zenit launch.,wn-0285:4:138,launch,138,,SPACECRAFT:Zenit,DATE:November 2007,,,,False,0.75
wn-0285,5,delay,Delays,,,earlier this month,"Delays from earlier this month were caused by a problem with the satellite, resulting in a ten-day delay, and a further two-day delay from Monday evening due to an undisclosed problem with the rocket.",wn-0285:5:140,delay,140,,,DATE:earlier this month,from,,,False,0.55
wn-0285,5,delay,delay,,,ten-day,"Delays from earlier this month were caused by a problem with the satellite, resulting in a ten-day delay, and a further two-day delay from Monday evening due to an undisclosed problem with the rocket.",wn-0285:5:160,delay,160,,,DATE:ten-day,,,,False,0.55
wn-0285,5,delay,delay,,,evening,"Delays from earlier this month were caused by a problem with the satellite, resulting in a ten-day delay, and a further two-day delay from Monday evening due to an undisclosed problem with the rocket.",wn-0285:5:168,delay,168,,,TIME:evening,from,,,False,0.55
wn-0285,8,launch,launch,,,several hours,"The satellite made its first contact with the ground several hours after launch, at 05:44 GMT.",wn-0285:8:241,launch,241,,,TIME:several hours,,,,False,0.55
wn-0285,9,launch,launch,,,Tuesday,The launch was dedicated to Arthur C. Clarke who died on Tuesday.,wn-0285:9:249,launch,249,,,DATE:Tuesday,,,,False,0.55
wn-0285,12,launch,Launch,,Sea,,"Sea Launch President Rob Peckham said that he ""feels good"" about the mission success, and that Sea Launch was ""proud of its role in DirecTV's continued success"".",wn-0285:12:308,launch,308,,,,,,,False,0.55
wn-0285,13,launch,launch,,,,"Steve O'Neill, the President of Boeing Satellite Systems, said that the launch was ""a great ride"", and thanked Sea Launch for their ""excellent work"".",wn-0285:13:354,launch,354,,,,,,,False,0.5
wn-0285,15,launch,Launch,,Sea,this year,Sea Launch have a further four launches planned for this year.,wn-0285:15:404,launch,404,,,DATE:this year,,,,False,0.6
wn-0285,15,launch,launches,,,this year,Sea Launch have a further four launches planned for this year.,wn-0285:15:409,launch,409,,,DATE:this year,,,,False,0.55
wn-0285,16,launch,launch,,,,"In addition, its subsidiary Land Launch will conduct its first launch, using a Zenit-3SLB rocket from area 45/1 at the Baikonur Cosmodrome to launch the AMOS-60 satellite.",wn-0285:16:426,launch,426,,,,,,,False,0.5
wn-0285,16,launch,launch,Land Launch,the AMOS-60 satellite,,"In addition, its subsidiary Land Launch will conduct its first launch, using a Zenit-3SLB rocket from area 45/1 at the Baikonur Cosmodrome to launch the AMOS-60 satellite.",wn-0285:16:440,launch,440,PERSON:Land Launch,,,,,,False,0.7
wn-0285,18,launch,Launch,,Sea,May,"The next Sea Launch mission, with the Galaxy 18 satellite, is scheduled for May.",wn-0285:18:457,launch,457,,LOC:Sea,DATE:May,,,,False,0.75
wn-0286,0,discovery,discovered,NASA's Cassini spacecraft,evidence,,NASA's Cassini spacecraft has discovered evidence that points to the existence of an underground ocean of water and ammonia on Saturn's moon Titan.,wn-0286:0:5,discover,5,,,,,,,False,0.6
wn-0286,2,discovery,findings,,,,"If the findings turn out to be true, this will be the fourth such moon in our solar system found to have some form of water on it.",wn-0286:2:75,finding,75,,,,,,,False,0.5
wn-0286,2,discovery,found,,the fourth such moon,,"If the findings turn out to be true, this will be the fourth such moon in our solar system found to have some form of water on it.",wn-0286:2:93,find,93,,,,,,,False,0.6
wn-0286,3,discovery,found,,only three other moons,,"Currently only three other moons, all from Jupiter, have been found to have known water sources.",wn-0286:3:115,find,115,,,,,,,False,0.6
wn-0286,7,discovery,observations,,,,"Using data from the radar's early observations, the scientists and radar engineers established the locations of 50 unique landmarks on Titan's surface.",wn-0286:7:211,observation,211,,,,,,,False,0.5
wn-0286,8,flyby,flybys,,Titan,,"They then searched for these same lakes, canyons and mountains in the reams of data returned by Cassini in its later flybys of Titan.",wn-0286:8:252,flyby,252,,CELESTIAL:Titan,,,,,False,0.7
wn-0286,9,discovery,found,They,,,They found prominent surface features had shifted from their expected positions by up to 30 kilometers (19 miles).,wn-0286:9:257,find,257,,,,,,,False,0.55
wn-0287,0,launch,launched,A Russian Kosmos-3M rocket,the German SAR-Lupe 4 reconnaissance satellite,,A Russian Kosmos-3M rocket has launched the German SAR-Lupe 4 reconnaissance satellite into low Earth orbit.,wn-0287:0:6,launch,6,,,,,,,False,0.6
wn-0287,2,launch,launch,,,today,"The launch, which was originally scheduled to occur today, was moved up to Tuesday, and subsequently delayed twice due to strong winds at an altitude of 13 kilometres, which prevented launch.",wn-0287:2:41,launch,41,,,DATE:today,,,,False,0.55
wn-0287,2,delay,delayed,,The launch,Tuesday,"The launch, which was originally scheduled to occur today, was moved up to Tuesday, and subsequently delayed twice due to strong winds at an altitude of 13 kilometres, which prevented launch.",wn-0287:2:59,delay,59,,,DATE:Tuesday,,,,False,0.65
wn-0287,2,launch,launch,,,Tuesday,"The launch, which was originally scheduled to occur today, was moved up to Tuesday, and subsequently delayed twice due to strong winds at an altitude of 13 kilometres, which prevented launch.",wn-0287:2:74,launch,74,,,DATE:Tuesday,,,,False,0.55
wn-0287,4,launch,launched,,,December 2006,The first of these was launched in December 2006.,wn-0287:4:97,launch,97,,,DATE:December 2006,in,,,False,0.6
wn-0287,5,launch,launch,,,October 2008,"The next satellite, SAR-Lupe 5, is scheduled for launch sometime around October 2008.",wn-0287:5:114,launch,114,,,DATE:October 2008,,,,False,0.55
wn-0287,8,launch,launch,,SAR-Lupe 4 marks,1967,"It first flew in 1967, and the launch of SAR-Lupe 4 marks its 442nd flight.",wn-0287:8:174,launch,174,,ORG:SAR-Lupe 4 marks,DATE:1967,,,,False,0.75
wn-0287,9,launch,launch,,a member,,It is also the 900th launch of a member of the R-14 family of rockets.,wn-0287:9:190,launch,190,,,,,,,False,0.55
wn-0287,10,launch,launch,,,,"The launch was declared successful, with the satellite reaching orbit at 17:43 GMT.",wn-0287:10:203,launch,203,,,,,,,False,0.5
wn-0287,11,launch,launch,,,2008,It is the fourteenth orbital launch of 2008.,wn-0287:11:222,launch,222,,,DATE:2008,,,,False,0.55
wn-0288,0,landing,landed,,Space Shuttle Endeavour,,The Space Shuttle Endeavour landed on runway 15 at the Kennedy Space Center's Shuttle Landing Facility in Florida at 00:39 GMT this morning.,wn-0288:0:4,land,4,,SPACECRAFT:Space Shuttle Endeavour,,,Shuttle Landing Facility,ORG:Shuttle Landing Facility,False,0.75
wn-0288,1,landing,landing,,Endeavours,a 15 day,"Endeavours landing marks the completion of the STS-123 mission, which saw two new components installed aboard the International Space Station during a 15 day, 18 hour, 10 minute and 54 second mission.",wn-0288:1:26,landing,26,,,DATE:15 day,,,,False,0.6
wn-0288,7,landing,Landing,,,,"Landing aboard Endeavour were astronauts Dominic Gorie, Gregory H. Johnson, Robert L. Behnken, Michael Foreman, Richard M. Linnehan, Takao Doi and Expedition 16 crewmember Léopold Eyharts.",wn-0288:7:155,land,155,,,,,,,False,0.55
wn-0288,8,landing,landing,,,,The landing was waved off on the first attempt due to overcast skies at the landing site.,wn-0288:8:188,landing,188,,,,,,,False,0.5
wn-0288,8,landing,landing,,,,The landing was waved off on the first attempt due to overcast skies at the landing site.,wn-0288:8:202,landing,202,,,,,,,False,0.5
wn-0288,9,delay,delay,,,a 90 minute,This resulted in a 90 minute delay to landing.,wn-0288:9:211,delay,211,,,TIME:90 minute,,,,False,0.55
wn-0288,9,landing,landing,,,a 90 minute,This resulted in a 90 minute delay to landing.,wn-0288:9:213,land,213,,,TIME:90 minute,,,,False,0.6
wn-0288,10,landing,touchdown,,,nine seconds later,"Main gear touchdown occurred at 00:39:08 GMT, followed nine seconds later by nose gear touchdown.",wn-0288:10:218,touchdown,218,,,TIME:nine seconds later,,,,False,0.55
wn-0288,10,landing,touchdown,,nose,nine seconds later,"Main gear touchdown occurred at 00:39:08 GMT, followed nine seconds later by nose gear touchdown.",wn-0288:10:231,touchdown,231,,,TIME:nine seconds later,,,,False,0.6
wn-0288,14,launch,launch,,This,late May,This is currently scheduled to launch in late May.,wn-0288:14:285,launch,285,,,DATE:late May,in,,,False,0.65
wn-0288,15,launch,launched,,Soyuz TMA-12,early April,"Before this, Soyuz TMA-12 will be launched, in early April, with the Space Station's Expedition 17 crew, and Yi So-yeon, who will become the first South Korean in space.",wn-0288:15:297,launch,297,,,DATE:early April,in,,,False,0.65
wn-0289,0,discovery,discovered,Cassini,organic material,,"The Cassini–Huygens spacecraft has discovered ""organic material"" and water spewing from a geyser on one of Saturn's moons, Enceladus.",wn-0289:0:6,discover,6,SPACECRAFT:Cassini,,,,,,False,0.7
wn-0289,1,discovery,discovery,,,March 12,"According to NASA, the discovery was made when Cassini flew by the moon on March 12.",wn-0289:1:31,discovery,31,,,DATE:March 12,,,,False,0.55
wn-0289,1,flyby,flew,Cassini,the moon,March 12,"According to NASA, the discovery was made when Cassini flew by the moon on March 12.",wn-0289:1:36,fly,36,SPACECRAFT:Cassini,,DATE:March 12,on,,,False,0.75
wn-0289,11,discovery,find,we,the final ingredient,,"We have quite a recipe for life on our hands, but we have yet to find the final ingredient, liquid water, but Enceladus is only whetting our appetites for more,"" said Dennis Matson, Cassini project scientist at NASA's Jet Propulsion Laboratory in Pasadena, California.",wn-0289:11:334,find,334,,,,,,,False,0.6
wn-0289,14,flyby,flyby,,Enceladus,August,Cassini's next flyby of Enceladus is in August.,wn-0289:14:403,flyby,403,,CELESTIAL:Enceladus,DATE:August,,,,False,0.75
wn-0290,0,launch,launched,the United States Air Force,a Minuteman III missile,this morning,"At 08:01 GMT (01:01 local time) this morning, the United States Air Force launched a Minuteman III missile on a test mission from Launch Facility 09 at Vandenberg Air Force Base in California.",wn-0290:0:16,launch,16,ORG:United States Air Force,,TIME:this morning,,,,False,0.75
wn-0290,1,delay,delays,,,over a year,"Due to a large number of delays, this is the first time that a Minuteman missile has conducted an operational test in over a year.",wn-0290:1:43,delay,43,,,DATE:over a year,,,,False,0.55
wn-0290,3,launch,launches,,Minuteman,,"The apogee reached has not yet been released, however typical Minuteman launches reach between 1,000 and 1,300km.",wn-0290:3:105,launch,105,,PRODUCT:Minuteman,,,,,False,0.7
wn-0290,5,launch,launched,,the missile,,"The missile flew with a single MK.21 re-entry vehicle, which would be used to carry a nuclear warhead if the missile were launched in hostile circumstances.",wn-0290:5:163,launch,163,,,,,,,False,0.6
wn-0292,0,launch,launched,,a Russian Soyuz-FG carrier rocket,this morning,"RussiaAt 11:16 GMT (17:16 local time) this morning, a Russian Soyuz-FG carrier rocket launched from Site 1/5 at the Baikonur Cosmodrome in Kazakhstan, with the Soyuz TMA-12 spacecraft, on a mission to the International Space Station (ISS).",wn-0292:0:18,launch,18,,,TIME:this morning,,Baikonur Cosmodrome,FAC:Baikonur Cosmodrome,False,0.65
wn-0292,6,launch,lift off,,,about nine minutes,Soyuz TMA-12 successfully separated from the carrier rocket about nine minutes after lift off.,wn-0292:6:179,lift,179,,,TIME:about nine minutes,,,,False,0.6
wn-0292,7,docking,Docking,,the Pirs module,Thursday,Docking with the Pirs module of International Space Station is planned for Thursday at 13:00 GMT.,wn-0292:7:182,dock,182,,,DATE:Thursday,,,,False,0.65
wn-0292,8,docking,docking,,,08:30 GMT,"In preparation for docking, the Progress M-63 cargo spacecraft undocked at 08:30 GMT yesterday morning, and was de-orbited to burn-up in the Earth's atmosphere at 11:50.",wn-0292:8:202,docking,202,,,TIME:08:30 GMT,,,,False,0.55
wn-0292,8,docking,undocked,,the Progress M-63 cargo spacecraft,08:30 GMT,"In preparation for docking, the Progress M-63 cargo spacecraft undocked at 08:30 GMT yesterday morning, and was de-orbited to burn-up in the Earth's atmosphere at 11:50.",wn-0292:8:209,undock,209,,,TIME:08:30 GMT,at,,,False,0.65
wn-0292,11,landing,land in,,which,,"So-yeon will return to Earth aboard Soyuz TMA-11, which is scheduled to land in just under a fortnight's time.",wn-0292:11:288,land,288,,,,,,,False,0.6
wn-0292,12,launch,launched,,,late April 1967,"This is the 99th manned flight of the Soyuz programme, the first of which was launched in late April 1967, and the 107th manned flight of the Soviet/Russian space programme.",wn-0292:12:314,launch,314,,,DATE:late April 1967,in,,,False,0.6
wn-0292,13,launch,launch,,,2008,"It is the fifteenth orbital, and third manned launch of 2008.",wn-0292:13:342,launch,342,,,DATE:2008,,,,False,0.55
wn-0293,0,launch,launched,A United Launch Alliance Atlas V carrier rocket,the ICO G1 communications satellite,this evening,"A United Launch Alliance Atlas V carrier rocket launched this evening from LC-41 at the Cape Canaveral Air Force Station in Florida, USA, with the ICO G1 communications satellite for ICO Satellite Management.",wn-0293:0:8,launch,8,,,TIME:this evening,,Cape Canaveral Air Force Station,FAC:Cape Canaveral Air Force Station,False,0.65
wn-0293,2,launch,launch,,an Atlas rocket,,"It is the first commercial launch of an Atlas rocket since responsibility for the launches was transferred from International Launch Services to United Launch Alliance, through Lockheed Martin.",wn-0293:2:49,launch,49,,,,,,,False,0.55
wn-0293,2,launch,launches,,,,"It is the first commercial launch of an Atlas rocket since responsibility for the launches was transferred from International Launch Services to United Launch Alliance, through Lockheed Martin.",wn-0293:2:58,launch,58,,,,,,,False,0.5
wn-0293,3,launch,Launch,,,about half an hour,"Launch was completely successful, with the spacecraft separating from its carrier rocket about half an hour after launch.",wn-0293:3:74,launch,74,,,TIME:about half an hour,,,,False,0.55
wn-0293,3,launch,launch,,,about half an hour,"Launch was completely successful, with the spacecraft separating from its carrier rocket about half an hour after launch.",wn-0293:3:92,launch,92,,,TIME:about half an hour,,,,False,0.55
wn-0293,6,launch,launch,,,,The launch was dedicated to former Atlas programme employee Lynn Deckard.,wn-0293:6:147,launch,147,,,,,,,False,0.5
wn-0293,8,launch,launch,,Its,May last year,"Its launch had been delayed from May last year, owing to delays with US government missions which were launching on Atlas, and then in light of the failure of a previous Atlas launch in June.",wn-0293:8:172,launch,172,,,DATE:May last year,,,,True,0.6
wn-0293,8,delay,delayed,,Its launch,May last year,"Its launch had been delayed from May last year, owing to delays with US government missions which were launching on Atlas, and then in light of the failure of a previous Atlas launch in June.",wn-0293:8:175,delay,175,,,DATE:May last year,from,,,False,0.65
wn-0293,8,delay,delays,,,May last year,"Its launch had been delayed from May last year, owing to delays with US government missions which were launching on Atlas, and then in light of the failure of a previous Atlas launch in June.",wn-0293:8:183,delay,183,,,DATE:May last year,,,,False,0.55
wn-0293,8,launch,launching,,which,May last year,"Its launch had been delayed from May last year, owing to delays with US government missions which were launching on Atlas, and then in light of the failure of a previous Atlas launch in June.",wn-0293:8:190,launch,190,,,DATE:May last year,,,,False,0.65
wn-0293,8,failure,failure,,a previous Atlas launch,June,"Its launch had been delayed from May last year, owing to delays with US government missions which were launching on Atlas, and then in light of the failure of a previous Atlas launch in June.",wn-0293:8:200,failure,200,,,DATE:June,in,,,False,0.6
wn-0293,8,launch,launch,,Atlas,June,"Its launch had been delayed from May last year, owing to delays with US government missions which were launching on Atlas, and then in light of the failure of a previous Atlas launch in June.",wn-0293:8:205,launch,205,,WORK_OF_ART:Atlas,DATE:June,,,,False,0.75
wn-0293,10,launch,launched,an Atlas rocket,the heaviest satellite,,"It is the heaviest satellite to be launched by an Atlas rocket, and the heaviest single commercial satellite to be launched into a geosynchronous transfer orbit.",wn-0293:10:234,launch,234,,,,,,,False,0.6
wn-0293,10,launch,launched,,the heaviest single commercial satellite,,"It is the heaviest satellite to be launched by an Atlas rocket, and the heaviest single commercial satellite to be launched into a geosynchronous transfer orbit.",wn-0293:10:248,launch,248,,,,,,,False,0.6
wn-0293,11,launch,launch,,,,"Speaking after the launch, Jim Sponnik, the Vice President of the Atlas programme told the team who had conducted the launch that they ""all did extremely well and the rocket did exceptionally well"".",wn-0293:11:259,launch,259,,,,,,,False,0.5
wn-0293,11,launch,launch,,,,"Speaking after the launch, Jim Sponnik, the Vice President of the Atlas programme told the team who had conducted the launch that they ""all did extremely well and the rocket did exceptionally well"".",wn-0293:11:278,launch,278,,,,,,,False,0.5
wn-0293,12,launch,launch,,,,"Colonel Scott Henderson, of the 45th Space Wing, United States Air Force, said that the launch was ""a great success"", and the result of ""phenomenal effort"" on the part of those involved.",wn-0293:12:312,launch,312,,,,,,,False,0.5
wn-0293,13,launch,launch,,,,"David Malcom, the President of Lockheed Martin Commercial Space Systems described the launch as a ""hole in one"".",wn-0293:13:348,launch,348,,,,,,,False,0.5
wn-0293,15,launch,launch,,,,"He also thanked Bob Day, and ICO's space team, for their work in the build up to the launch.",wn-0293:15:413,launch,413,,,,,,,False,0.5
wn-0293,16,launch,launch,,,,"Michael Gass, the CEO of United Launch Alliance said that the successful launch was a ""testimony to this entire team"", and told flight controllers ""congratulations, you're the best"".",wn-0293:16:428,launch,428,,,,,,,False,0.5
wn-0293,17,launch,launch,,,,"The satellite's signal was acquired by ground tracking stations in Australia at 21:17, and the launch was confirmed to be accurate to within one nautical mile of the targeted orbit.",wn-0293:17:470,launch,470,,,,,,,False,0.5
wn-0293,18,launch,launch,,Atlas,early July,"The next Atlas launch is scheduled to occur in early July, with a DMSP weather satellite, from Vandenberg Air Force Base in California.",wn-0293:18:489,launch,489,,WORK_OF_ART:Atlas,DATE:early July,,,,False,0.75
wn-0294,0,launch,launched,,A Pegasus-XL carrier rocket,,"A Pegasus-XL carrier rocket, air-launched by a Lockheed L-1011 TriStar flying from Kwajalein Atoll in the Marshall Islands, has placed the much-delayed C/NOFS satellite into a low Earth orbit.",wn-0294:0:9,launch,9,,,,,,,False,0.6
wn-0294,0,delay,delayed,,the much-delayed C/NOFS satellite,,"A Pegasus-XL carrier rocket, air-launched by a Lockheed L-1011 TriStar flying from Kwajalein Atoll in the Marshall Islands, has placed the much-delayed C/NOFS satellite into a low Earth orbit.",wn-0294:0:29,delay,29,,,,,,,False,0.6
wn-0294,2,launch,launch,,It,2003,"It was originally scheduled to launch in 2003, but owing to a string of delays, it was finally launched at 17:01 GMT today.",wn-0294:2:84,launch,84,,,DATE:2003,in,,,False,0.65
wn-0294,2,delay,delays,,,2003,"It was originally scheduled to launch in 2003, but owing to a string of delays, it was finally launched at 17:01 GMT today.",wn-0294:2:94,delay,94,,,DATE:2003,,,,False,0.55
wn-0294,2,launch,launched,,it,17:01 GMT,"It was originally scheduled to launch in 2003, but owing to a string of delays, it was finally launched at 17:01 GMT today.",wn-0294:2:99,launch,99,,,TIME:17:01 GMT,at,,,False,0.65
wn-0294,4,launch,launch,,,,The launch was conducted by Orbital Sciences Corporation.,wn-0294:4:129,launch,129,,,,,,,False,0.5
wn-0294,5,launch,launch,,a Pegasus rocket,almost a year,It is the first launch of a Pegasus rocket in almost a year.,wn-0294:5:141,launch,141,,,DATE:almost a year,in,,,False,0.6
wn-0294,6,launch,launch,,Pegasus,July,"The next Pegasus is scheduled to launch in July, with NASA's IBEX satellite.",wn-0294:6:157,launch,157,,SPACECRAFT:Pegasus,DATE:July,in,,,False,0.8
wn-0294,7,launch,launch,,C/NOFS,this year,The launch of C/NOFS is the 17th launch to orbit this year and the 39th orbital Pegasus launch.,wn-0294:7:168,launch,168,,ORG:C/NOFS,DATE:this year,,,,False,0.75
wn-0294,7,launch,launch,,,this year,The launch of C/NOFS is the 17th launch to orbit this year and the 39th orbital Pegasus launch.,wn-0294:7:176,launch,176,,,DATE:this year,,,,False,0.55
wn-0294,7,launch,launch,,Pegasus,this year,The launch of C/NOFS is the 17th launch to orbit this year and the 39th orbital Pegasus launch.,wn-0294:7:186,launch,186,,SPACECRAFT:Pegasus,DATE:this year,,,,False,0.75
wn-0295,0,launch,launched,,Vietnam's first satellite,22:17 UTC this evening,"At 22:17 UTC this evening, Vietnam's first satellite, Vinasat-1 was launched aboard an Ariane 5ECA rocket, from the Guiana Space Centre in Kourou, French Guiana.",wn-0295:0:13,launch,13,,,TIME:22:17 UTC this evening,at,,,False,0.65
wn-0295,1,launch,launch,,,,"The launch was conducted by the European organisation Arianespace, and a Brazillian satellite, Star One C-2, was also launched on the same flight.",wn-0295:1:33,launch,33,,,,,,,False,0.5
wn-0295,1,launch,launched,,a Brazillian satellite,,"The launch was conducted by the European organisation Arianespace, and a Brazillian satellite, Star One C-2, was also launched on the same flight.",wn-0295:1:53,launch,53,,,,,,,False,0.6
wn-0295,9,launch,launch,,,1998,"The programme was started in 1998, and launch was originally scheduled for 2005, but was delayed due to political issues concerning the communication frequencies that it was to use.",wn-0295:9:199,launch,199,,,DATE:1998,,,,False,0.55
wn-0295,9,delay,delayed,,launch,2005,"The programme was started in 1998, and launch was originally scheduled for 2005, but was delayed due to political issues concerning the communication frequencies that it was to use.",wn-0295:9:208,delay,208,,,DATE:2005,,,,False,0.65
wn-0295,10,launch,launched,,The other satellite,,"The other satellite being launched is Star One C-2, which will be operated by Star One.",wn-0295:10:228,launch,228,,,,,,,False,0.6
wn-0295,14,launch,launch,,,2008,"This was the 18th orbital launch of 2008, and the second to be conducted by an Ariane 5.",wn-0295:14:309,launch,309,,,DATE:2008,,,,False,0.55
wn-0295,15,launch,launch,,182nd,,"It was the 182nd launch to be conducted by Arianespace, and the 38th launch of an Ariane 5.",wn-0295:15:328,launch,328,,ORG:182nd,,,,,False,0.7
wn-0295,15,launch,launch,,Ariane 5,,"It was the 182nd launch to be conducted by Arianespace, and the 38th launch of an Ariane 5.",wn-0295:15:338,launch,338,,SPACECRAFT:Ariane 5,,,,,False,0.7
wn-0295,16,launch,launch,,,late May,"The next Ariane launch is scheduled for late May, with Skynet 5C for the British Ministry of Defence, and Turksat 3A for Turksat.",wn-0295:16:347,launch,347,,,DATE:late May,,,,False,0.55
wn-0295,17,launch,launch,,,,"Speaking after the launch had been confirmed to be a success, Jean-Yves Le Gall, the CEO of Arianespace remarked that he was ""delighted to share...this new success"", and that he appreciated the customers' trust.",wn-0295:17:374,launch,374,,,,,,,False,0.5
wn-0295,20,launch,launch,,,,He also congratulated Vietnam on its first satellite launch.,wn-0295:20:484,launch,484,,,,,,,False,0.5
wn-0295,22,launch,launch,,,,"Doan Hop Le, Vietnam's Minister of Information Technology and Communications said that the successful launch was important for ""confirming sovereignty of Vietnam in space"", that it had ""great technical and socio-economic significance"", and that it brought ""Vietnam's communication industry up to a new height"".",wn-0295:22:534,launch,534,,,,,,,False,0.5
wn-0296,0,landing,landed,the Soyuz TMA-11 spacecraft,three cosmonauts,This morning,"This morning, the Soyuz TMA-11 spacecraft landed in Kazakhstan, with three cosmonauts aboard.",wn-0296:0:7,land,7,,,TIME:This morning,,Kazakhstan,GPE:Kazakhstan,False,0.65
wn-0296,3,landing,Landing,,,08:30 UTC,"Landing was scheduled for 08:30 UTC, however due to an anomaly during re-entry, it occurred at 08:51, 21 minutes behind schedule.",wn-0296:3:73,landing,73,,,TIME:08:30 UTC,,,,False,0.55
wn-0296,3,failure,anomaly,,,08:30 UTC,"Landing was scheduled for 08:30 UTC, however due to an anomaly during re-entry, it occurred at 08:51, 21 minutes behind schedule.",wn-0296:3:84,anomaly,84,,,TIME:08:30 UTC,,,,False,0.55
wn-0296,5,landing,descent,,,,"A controlled ballistic descent profile was used, which differs from the planned re-entry profile in that it is steeper.",wn-0296:5:124,descent,124,,,,,,,False,0.5
wn-0296,6,failure,anomaly,,,,"The command to switch to this profile was given by the on-board computer during re-entry, after an unspecified anomaly was detected.",wn-0296:6:167,anomaly,167,,,,,,,False,0.5
wn-0296,6,discovery,detected,,an unspecified anomaly,,"The command to switch to this profile was given by the on-board computer during re-entry, after an unspecified anomaly was detected.",wn-0296:6:169,detect,169,,,,,,,False,0.6
wn-0296,8,landing,Landing,,,,"Landing occurred 475 kilometres short, to the west of the scheduled landing site.",wn-0296:8:202,landing,202,,,,,,,False,0.5
wn-0296,8,landing,landing,,,,"Landing occurred 475 kilometres short, to the west of the scheduled landing site.",wn-0296:8:214,landing,214,,,,,,,False,0.5
wn-0296,9,landing,landing,,the previous Soyuz mission,last October,"The same backup profile was used during the landing of the previous Soyuz mission, Soyuz TMA-10, last October.",wn-0296:9:225,landing,225,,,DATE:last October,,,,False,0.6
wn-0296,11,failure,loss,,signal,,"During re-entry, there was an unusually long loss-of-signal, which caused concern for flight controllers, as well as the Expedition 17 crew of the ISS.",wn-0296:11:260,loss,260,,,,,,,False,0.55
wn-0297,0,launch,lifted off,,the Chinese Long March 3C,this afternoon,"At 15:35 UTC this afternoon (23:35 local time), the Chinese Long March 3C (CZ-3C) carrier rocket lifted off on its maiden flight, from launch pad 2 at the Xichang Satellite Launch Centre.",wn-0297:0:21,lift,21,,,TIME:this afternoon,,,,False,0.65
wn-0297,0,launch,launch,,,this afternoon,"At 15:35 UTC this afternoon (23:35 local time), the Chinese Long March 3C (CZ-3C) carrier rocket lifted off on its maiden flight, from launch pad 2 at the Xichang Satellite Launch Centre.",wn-0297:0:29,launch,29,,,TIME:this afternoon,,,,False,0.55
wn-0297,4,launch,launch,,,October,"The next Shenzhou mission, Shenzhou 7, is currently scheduled for launch in October.",wn-0297:4:147,launch,147,,,DATE:October,,,,False,0.55
wn-0297,6,launch,launch,,,2008,"This is the 19th orbital launch of 2008, and the first this year to be conducted by the People's Republic of China.",wn-0297:6:166,launch,166,,,DATE:2008,,,,False,0.55
wn-0297,7,launch,launch,,,the end of April,"It is currently believed that China intend to conduct one more launch before the end of April, however due to secrecy surrounding China's space programme, it is difficult to be certain of this.",wn-0297:7:197,launch,197,,,DATE:end of April,,,,False,0.55
wn-0298,1,launch,launch,,STS-124,the end of May,"Its next scheduled launch, STS-124, is currently targeted for the end of May.",wn-0298:1:54,launch,54,,GPE:STS-124,DATE:end of May,,,,False,0.75
wn-0298,2,launch,launch,,,around five to six weeks,"This procedure, known as a rollover, occurs around five to six weeks ahead of launch, and is followed by stacking, or attachment of Discovery to an External Tank and a pair of Solid Rocket Boosters, which are waiting in the VAB.",wn-0298:2:84,launch,84,,,DATE:around five to six weeks,,,,False,0.55
wn-0298,3,launch,Launch,,,week,"Once this has been completed, electrical tests will be conducted on the Shuttle, and then it will be rolled out to Launch Complex 39A in a week's time.",wn-0298:3:138,launch,138,,,DATE:week,,,,False,0.55
wn-0298,4,discovery,Discoverys,,,,"Discoverys next mission, STS-124, will carry seven astronauts to the International Space Station (ISS), and deliver the main component of the Japanese Experiment Module.",wn-0298:4:148,discovery,148,,,,,,,False,0.5
wn-0299,0,launch,Launch,,,40,"Launch Complex 40 (LC-40) at the Cape Canaveral Air Force Station, Merritt Island, Florida has been demolished.",wn-0299:0:0,launch,0,,,DATE:40,,,,False,0.55
wn-0299,2,launch,launch,,,,The launch tower had already been dismantled.,wn-0299:2:60,launch,60,,,,,,,False,0.5
wn-0299,4,launch,launch,,,,"Following the second Titan III launch, it was modified to serve as a launch pad for the US Air Force's Manned Orbiting Laboratory (MOL).",wn-0299:4:91,launch,91,,,,,,,False,0.5
wn-0299,4,launch,launch,,,,"Following the second Titan III launch, it was modified to serve as a launch pad for the US Air Force's Manned Orbiting Laboratory (MOL).",wn-0299:4:100,launch,100,,,,,,,False,0.5
wn-0299,5,launch,launched,,a boilerplate MOL space station,November 1966,"In November 1966, a boilerplate MOL space station was launched on a Titan IIIC from the complex, along with a Gemini capsule, and four satellites.",wn-0299:5:125,launch,125,,,DATE:November 1966,in,,,False,0.65
wn-0299,6,launch,launch,,,,"Following the cancellation of MOL, it was converted back to a regular Titan launch complex, and was used for 55 launches, of Titan IIIC, 34D, and IV rockets.",wn-0299:6:158,launch,158,,,,,,,False,0.5
wn-0299,6,launch,launches,,Titan IIIC,,"Following the cancellation of MOL, it was converted back to a regular Titan launch complex, and was used for 55 launches, of Titan IIIC, 34D, and IV rockets.",wn-0299:6:166,launch,166,,,,,,,False,0.55
wn-0299,7,launch,launched,,Two planetary probes,April 2005,"Two planetary probes, two commercial satellites, a British military communications satellite, and numerous payloads for the American armed forces were launched from the complex, which ceased operations in April 2005, when the penultimate Titan IV launched the Lacrosse-5 spy satellite for America's National Reconnaissance Office.",wn-0299:7:201,launch,201,,,DATE:April 2005,,,,False,0.65
wn-0299,7,launch,launched,,Titan IV,April 2005,"Two planetary probes, two commercial satellites, a British military communications satellite, and numerous payloads for the American armed forces were launched from the complex, which ceased operations in April 2005, when the penultimate Titan IV launched the Lacrosse-5 spy satellite for America's National Reconnaissance Office.",wn-0299:7:218,launch,218,,SPACECRAFT:Titan IV,DATE:April 2005,,,,False,0.8
wn-0299,8,launch,Launch,,,41,"Along with Launch Complex 41, which was demolished in 1999, LC-40 was used for heavy-lift Titan rocket launches.",wn-0299:8:233,launch,233,,,DATE:41,,,,False,0.55
wn-0299,8,launch,launches,,Titan,1999,"Along with Launch Complex 41, which was demolished in 1999, LC-40 was used for heavy-lift Titan rocket launches.",wn-0299:8:252,launch,252,,CELESTIAL:Titan,DATE:1999,,,,False,0.75
wn-0299,9,launch,launched,,The Mars Observer,,The Mars Observer and Cassini-Huygens missions to Mars and Saturn respectively were launched from Complex 40.,wn-0299:9:268,launch,268,,,,,,,False,0.6
wn-0299,10,launch,launch,,,2009,"The launch pad is being demolished to make way for a new complex, which will be used by the SpaceX Falcon 9 rocket, currently scheduled to make its maiden flight in 2009.",wn-0299:10:274,launch,274,,,DATE:2009,,,,False,0.55
wn-0299,11,launch,launches,,,,"As well as being used for commercial launches, the new LC-40 will be used for cargo resupply missions to the International Space Station, under a Commercial Orbital Transportation Services (COTS) contract with NASA.",wn-0299:11:315,launch,315,,,,,,,False,0.5
wn-0300,0,launch,launched,,Spacecom,04:16 today,"Spacecom At 22:16 GMT yesterday (04:16 today local time), a Russian Soyuz-FG/Fregat carrier rocket was launched from Site 31/6 the Baikonur Cosmodrome in Kazakhstan, carrying the European GIOVE-B experimental Navigation satellite.",wn-0300:0:22,launch,22,,,TIME:04:16 today,,Baikonur Cosmodrome,FAC:Baikonur Cosmodrome,False,0.65
wn-0300,1,launch,launch,,,,"The launch was conducted by Starsem, a Russo-European organisation which commercially markets Soyuz-FG and Soyuz-2 launches.",wn-0300:1:43,launch,43,,,,,,,False,0.5
wn-0300,1,launch,launches,,Soyuz-FG,,"The launch was conducted by Starsem, a Russo-European organisation which commercially markets Soyuz-FG and Soyuz-2 launches.",wn-0300:1:62,launch,62,,,,,,,False,0.55
wn-0300,4,launch,launched,,GIOVE-A,December 2005,"It is the second such prototype, GIOVE-A is already in orbit, having been launched in December 2005.",wn-0300:4:121,launch,121,,ORG:GIOVE-A,DATE:December 2005,in,,,False,0.8
wn-0300,5,launch,launch,,GIOVE-B,April 2006,"GIOVE-B was originally scheduled to launch in April 2006, but was delayed for a number of reasons.",wn-0300:5:133,launch,133,,,DATE:April 2006,in,,,False,0.65
wn-0300,5,delay,delayed,,GIOVE-B,April 2006,"GIOVE-B was originally scheduled to launch in April 2006, but was delayed for a number of reasons.",wn-0300:5:140,delay,140,,,DATE:April 2006,,,,False,0.65
wn-0300,6,launch,launch,,Galileo,2010,"The next Galileo launch is scheduled to be the first cluster of operational satellites, which will be launched in 2010.",wn-0300:6:150,launch,150,,PRODUCT:Galileo,DATE:2010,,,,False,0.75
wn-0300,6,launch,launched,,which,2010,"The next Galileo launch is scheduled to be the first cluster of operational satellites, which will be launched in 2010.",wn-0300:6:165,launch,165,,,DATE:2010,in,,,False,0.65
wn-0300,7,launch,launch,,Soyuz,mid-may,"The next Soyuz launch will be a Soyuz-U in mid-may, with a Progress spacecraft to resupply the International Space Station.",wn-0300:7:172,launch,172,,SPACECRAFT:Soyuz,DATE:mid-may,,,,False,0.75
wn-0300,8,launch,launch,,,2008,"This was the 20th orbital launch of 2008, the 24th Soyuz-FG launch, and the 1,732nd flight of a Soyuz rocket of any variant.",wn-0300:8:201,launch,201,,,DATE:2008,,,,False,0.55
wn-0300,8,launch,launch,,,2008,"This was the 20th orbital launch of 2008, the 24th Soyuz-FG launch, and the 1,732nd flight of a Soyuz rocket of any variant.",wn-0300:8:210,launch,210,,,DATE:2008,,,,False,0.55
wn-0301,0,launch,launched,An Indian Polar Satellite Launch Vehicle,ten satellites,,right An Indian Polar Satellite Launch Vehicle (PSLV) has successfully launched ten satellites.,wn-0301:0:12,launch,12,ORG:Indian Polar Satellite Launch Vehicle,,,,,,False,0.7
wn-0301,1,launch,lifted off,,The 44-metre long rocket,a little over seven minutes later,"The 44-metre long rocket lifted off from the second launch pad at the Satish Dhawan Space Centre at 03:53:51 GMT (09:24 local time), and reached a polar, Sun-synchronous low Earth orbit a little over seven minutes later.",wn-0301:1:22,lift,22,,,DATE:little over seven minutes later,,,,False,0.65
wn-0301,1,launch,launch,,,a little over seven minutes later,"The 44-metre long rocket lifted off from the second launch pad at the Satish Dhawan Space Centre at 03:53:51 GMT (09:24 local time), and reached a polar, Sun-synchronous low Earth orbit a little over seven minutes later.",wn-0301:1:27,launch,27,,,DATE:little over seven minutes later,,,,False,0.55
wn-0301,7,launch,Launch,,,,"In addition, eight commercial payloads were flown, as part of the Nanosat Launch Service-4 and 5 programmes.",wn-0301:7:178,launch,178,,,,,,,False,0.5
wn-0301,9,launch,launch,,,2008,"This is the 21st orbital launch of 2008, and the second to be conducted by a PSLV.",wn-0301:9:260,launch,260,,,DATE:2008,,,,False,0.55
wn-0301,10,launch,launch,,PSLV,,It is the 13th total PSLV launch.,wn-0301:10:280,launch,280,,SPACECRAFT:PSLV,,,,,False,0.7
wn-0301,11,launch,launch,,PSLV,July,"The next PSLV launch is scheduled for either July or December, with the Chandrayaan-I spacecraft, India's first Lunar probe.",wn-0301:11:285,launch,285,,SPACECRAFT:PSLV,DATE:July,,,,False,0.75
wn-0302,0,launch,lifted off,,the maiden flight,05:00 GMT this morning,"At 05:00 GMT this morning, the maiden flight of the Ukrainian-built Zenit-3SLB rocket lifted off from Site 45/1 at the Baikonur Cosmodrome in Kazakhstan.",wn-0302:0:16,lift,16,,,TIME:05:00 GMT this morning,at,Baikonur Cosmodrome,FAC:Baikonur Cosmodrome,False,0.65
wn-0302,2,launch,launch,,,several hours,"The satellite separated from the carrier rocket directly into a geosynchronous orbit, several hours after launch.",wn-0302:2:56,launch,56,,,TIME:several hours,,,,False,0.55
wn-0302,5,launch,launch,,a three-stage Zenit rocket,Today,"Today's flight was also the first conducted by Land Launch, a subsidiary of the international Sea Launch consortium, and the first launch of a three-stage Zenit rocket from Baikonur.",wn-0302:5:118,launch,118,,,DATE:Today,,,,False,0.6
wn-0302,6,launch,Launch,,Land,2007,"The first Land Launch mission was originally scheduled for 2007, but was delayed after another Zenit exploded on its launch pad in late January 2007.",wn-0302:6:132,launch,132,,,DATE:2007,,,,False,0.6
wn-0302,6,delay,delayed,,The first Land Launch mission,2007,"The first Land Launch mission was originally scheduled for 2007, but was delayed after another Zenit exploded on its launch pad in late January 2007.",wn-0302:6:142,delay,142,,,DATE:2007,,,,False,0.65
wn-0302,6,failure,exploded,,Zenit,late January 2007,"The first Land Launch mission was originally scheduled for 2007, but was delayed after another Zenit exploded on its launch pad in late January 2007.",wn-0302:6:146,explode,146,,SPACECRAFT:Zenit,DATE:late January 2007,in,,,False,0.8
wn-0302,6,launch,launch,,,late January 2007,"The first Land Launch mission was originally scheduled for 2007, but was delayed after another Zenit exploded on its launch pad in late January 2007.",wn-0302:6:149,launch,149,,,DATE:late January 2007,,,,False,0.55
wn-0302,7,delay,delay,,,morning,A further delay from Thursday morning occurred when the errector/transporter component of the launch pad failed to back away from the rocket.,wn-0302:7:158,delay,158,,,TIME:morning,from,,,False,0.55
wn-0302,7,launch,launch,,,morning,A further delay from Thursday morning occurred when the errector/transporter component of the launch pad failed to back away from the rocket.,wn-0302:7:171,launch,171,,,TIME:morning,,,,False,0.55
wn-0302,7,failure,failed,,the errector/transporter component,morning,A further delay from Thursday morning occurred when the errector/transporter component of the launch pad failed to back away from the rocket.,wn-0302:7:173,fail,173,,,TIME:morning,,,,False,0.65
wn-0302,8,launch,launch,,,2008,This was the 22th orbital launch of 2008.,wn-0302:8:187,launch,187,,,DATE:2008,,,,False,0.55
wn-0302,9,launch,launch,,Zenit,late May,"The next Zenit launch is scheduled for late May, when a Sea Launch Zenit-3SL will place the Galaxy 18 satellite into orbit.",wn-0302:9:194,launch,194,,SPACECRAFT:Zenit,DATE:late May,,,,False,0.75
wn-0302,10,launch,Launched,,it,2008,"Launched a little over an hour after an Indian PSLV placed ten satellites into orbit, it also marked the first occurrence for 2008 of two orbital launches on the same day as each other, in GMT.",wn-0302:10:215,launch,215,,,DATE:2008,,,,False,0.65
wn-0302,10,launch,launches,,,2008,"Launched a little over an hour after an Indian PSLV placed ten satellites into orbit, it also marked the first occurrence for 2008 of two orbital launches on the same day as each other, in GMT.",wn-0302:10:242,launch,242,,,DATE:2008,,,,False,0.55
wn-0303,0,launch,lifted off,,a Russian Soyuz-U carrier rocket,evening,"At 20:22:54 GMT yesterday evening, a Russian Soyuz-U carrier rocket lifted off from Launch Complex 1/5 at the Baikonur Cosmodrome in Kazakhstan, and successfully placed a Progress spacecraft into low Earth orbit.",wn-0303:0:13,lift,13,,,TIME:evening,,20:22:54 GMT,ORG:20:22:54 GMT,False,0.65
wn-0303,2,docking,dock,it,the Space Station's Zarya module,21:36 GMT,"Following a series of manoeuvres, it is expected to dock with the Space Station's Zarya module at 21:36 GMT tomorrow evening.",wn-0303:2:68,dock,68,,,TIME:21:36 GMT,at,,,False,0.65
wn-0303,3,launch,launched,,Progress spacecraft,every few months,Progress spacecraft are launched every few months to deliver new supplies to the astronauts and cosmonauts aboard the Station.,wn-0303:3:86,launch,86,,,DATE:every few months,,,,False,0.65
wn-0303,5,launch,launch,,,the end of the month,"The next manned launch to the Station is planned to occur at the end of the month, when Space Shuttle Endeavour will launch on mission STS-124 with the main pressurised component of the Japanese Experiment Module.",wn-0303:5:131,launch,131,,,DATE:end of the month,,,,False,0.55
wn-0303,5,launch,launch,,Space Shuttle Endeavour,the end of the month,"The next manned launch to the Station is planned to occur at the end of the month, when Space Shuttle Endeavour will launch on mission STS-124 with the main pressurised component of the Japanese Experiment Module.",wn-0303:5:151,launch,151,,SPACECRAFT:Space Shuttle Endeavour,DATE:end of the month,,,,False,0.8
wn-0303,8,docking,undock,The spacecraft,-,several months,"The spacecraft will undock, de-orbit, and be destroyed during controlled atmospheric re-entry in several months time.",wn-0303:8:220,undock,220,,,DATE:several months,,,,False,0.65
wn-0303,8,failure,destroyed,,The spacecraft,several months,"The spacecraft will undock, de-orbit, and be destroyed during controlled atmospheric re-entry in several months time.",wn-0303:8:228,destroy,228,,,DATE:several months,,,,False,0.65
wn-0303,9,launch,launch,,,2008,"This is the 23rd orbital launch of 2008, and the second Progress launch of the year.",wn-0303:9:246,launch,246,,,DATE:2008,,,,False,0.55
wn-0303,9,launch,launch,,Progress,the year,"This is the 23rd orbital launch of 2008, and the second Progress launch of the year.",wn-0303:9:254,launch,254,,SPACECRAFT:Progress,DATE:year,,,,False,0.75
wn-0303,10,launch,launch,,Progress,August,The next Progress launch is scheduled to occur in August.,wn-0303:10:262,launch,262,,SPACECRAFT:Progress,DATE:August,,,,False,0.75
wn-0304,0,launch,Launch,,Sea,,"A Sea Launch Zenit-3SL rocket has been launched from the Ocean Odyssey platform in the Pacific Ocean, carrying a communications satellite into geosynchronous transfer orbit.",wn-0304:0:2,launch,2,,,,,,,False,0.55
wn-0304,0,launch,launched,,A Sea Launch Zenit-3SL rocket,,"A Sea Launch Zenit-3SL rocket has been launched from the Ocean Odyssey platform in the Pacific Ocean, carrying a communications satellite into geosynchronous transfer orbit.",wn-0304:0:7,launch,7,,,,,,,False,0.6
wn-0304,4,launch,launch,,Galaxy,last year,"The launch of Galaxy 18 was delayed from last year, following the January 2007 explosion of a Zenit rocket on its launch pad.",wn-0304:4:95,launch,95,,,DATE:last year,,,,True,0.6
wn-0304,4,delay,delayed,,The launch,last year,"The launch of Galaxy 18 was delayed from last year, following the January 2007 explosion of a Zenit rocket on its launch pad.",wn-0304:4:100,delay,100,,,DATE:last year,from,,,False,0.65
wn-0304,4,failure,explosion,,a Zenit rocket,January 2007,"The launch of Galaxy 18 was delayed from last year, following the January 2007 explosion of a Zenit rocket on its launch pad.",wn-0304:4:109,explosion,109,,,DATE:January 2007,,,,False,0.6
wn-0304,4,launch,launch,,,January 2007,"The launch of Galaxy 18 was delayed from last year, following the January 2007 explosion of a Zenit rocket on its launch pad.",wn-0304:4:116,launch,116,,,DATE:January 2007,,,,False,0.55
wn-0304,6,launch,launch,,,,"It had a launch mass, fully fuelled, of 4700 kilograms, and was built by Space Systems Loral around an LS-1300 satellite bus.",wn-0304:6:137,launch,137,,,,,,,False,0.5
wn-0304,8,launch,launch,,,2008,"This is the 24th orbital launch of 2008, and the 66th launch of the Ukranian-built Zenit rocket.",wn-0304:8:177,launch,177,,,DATE:2008,,,,False,0.55
wn-0304,8,launch,launch,,the Ukranian-built Zenit rocket,2008,"This is the 24th orbital launch of 2008, and the 66th launch of the Ukranian-built Zenit rocket.",wn-0304:8:184,launch,184,,,DATE:2008,,,,False,0.6
wn-0304,9,launch,launch,,Zenit,July,"The next scheduled Zenit launch is currently planned for July, with the Echostar XI satellite.",wn-0304:9:197,launch,197,,SPACECRAFT:Zenit,DATE:July,,,,False,0.75
wn-0304,10,launch,launch,Another Zenit-3SL,Intelsat's next satellite,August,"Another Zenit-3SL will launch Intelsat's next satellite, Galaxy 19, in August.",wn-0304:10:213,launch,213,,,DATE:August,in,,,False,0.65
wn-0305,0,failure,explosion,,supernova,,Astronomers have for the first time watched a supernova explosion break out of the surface of the parent star.,wn-0305:0:9,explosion,9,,,,,,,False,0.55
wn-0305,1,failure,explosion,,,,Previously only the remnants after an explosion have been found.,wn-0305:1:26,explosion,26,,,,,,,False,0.5
wn-0305,1,discovery,found,,the remnants,,Previously only the remnants after an explosion have been found.,wn-0305:1:29,find,29,,,,,,,False,0.6
wn-0305,3,failure,exploding,,it,years,"Alicia Soderberg, a Hubble and Carnegie-Princeton Fellow at Princeton University in Princeton, New Jersey, explained the significance: ""For years we have dreamed of seeing a star just as it was exploding, but actually finding one is a once in a lifetime event...",wn-0305:3:81,explode,81,,,DATE:years,,,,False,0.65
wn-0305,3,discovery,finding,we,,years,"Alicia Soderberg, a Hubble and Carnegie-Princeton Fellow at Princeton University in Princeton, New Jersey, explained the significance: ""For years we have dreamed of seeing a star just as it was exploding, but actually finding one is a once in a lifetime event...",wn-0305:3:85,find,85,,,DATE:years,,,,False,0.6
wn-0305,6,discovery,Observations,,,2770,Observations were being made of a different supernova in galaxy NGC 2770 when Soderberg noticed a new X-ray ray source had appeared.,wn-0305:6:116,observation,116,,,DATE:2770,,,,False,0.55
wn-0305,7,failure,explosion,,a supernova,,A burst of X-rays is produced when the explosion of a supernova reaches the surface of the exploding star.,wn-0305:7:151,explosion,151,,,,,,,False,0.55
wn-0305,7,failure,exploding,,the exploding star,,A burst of X-rays is produced when the explosion of a supernova reaches the surface of the exploding star.,wn-0305:7:160,explode,160,,,,,,,False,0.6
wn-0305,8,delay,delay,,,,"Because the SWIFT orbiting telescope was being used, which provides images as they are received, there was no delay in getting the images and an alert was sent to other major telescopes.",wn-0305:8:183,delay,183,,,,,,,False,0.5
wn-0305,10,discovery,detection,,gamma ray bursts,,"The primary task of SWIFT is rapid detection of gamma ray bursts, and because of their short duration the observatory requires constant monitoring.",wn-0305:10:279,detection,279,,,,,,,False,0.55
wn-0305,11,discovery,observations,,galaxy,2770,The observations of galaxy NGC 2770 were being done while the satellite was not busy with its major task.,wn-0305:11:298,observation,298,,,DATE:2770,,,,False,0.6
wn-0306,0,discovery,discovery,,,,"The Spirit Rover, one of two planetary rovers operated by NASA on the planet Mars, has made an important, though unintentional discovery on the red planet, due to a wheel which has been inoperable on the rover making large gouges in the soil of Mars wherever it goes.",wn-0306:0:24,discovery,24,,,,,,,False,0.5
wn-0306,2,discovery,discovery,,,,"Scientists at Cornell University in Ithaca, New York who made the discovery, have determined it to be nearly 90 percent pure.",wn-0306:2:110,discovery,110,,,,,,,False,0.5
wn-0306,6,discovery,found,,The vents,,The vents are usually found around highly volcanic areas at the bottoms of seas and oceans.,wn-0306:6:207,find,207,,,,,,,False,0.6
wn-0306,7,discovery,found,,these vents,this day,"To this day, these vents or evidence of them have only been found on Earth.",wn-0306:7:233,find,233,,,DATE:this day,,Earth,CELESTIAL:Earth,False,0.65
wn-0306,10,landing,landed,,rocks,,"We saw where rocks were thrown into the air and landed to make small indentations in the soft, wet ash sediment around the vent,"" said Dr. Steven Ruff of Arizona State University (ASU) in Arizona, one of the authors of the announcement of the findings published in Science.",wn-0306:10:285,land,285,,,,,,,False,0.6
wn-0306,10,discovery,findings,,,,"We saw where rocks were thrown into the air and landed to make small indentations in the soft, wet ash sediment around the vent,"" said Dr. Steven Ruff of Arizona State University (ASU) in Arizona, one of the authors of the announcement of the findings published in Science.",wn-0306:10:325,finding,325,,,,,,,False,0.5
wn-0306,11,discovery,finding,,,,"The finding has lead to more questions about Mars and whether or not it once had life present on it, and if so, where and how much.",wn-0306:11:332,finding,332,,,,,,,False,0.5
wn-0306,19,landing,landed,,which,January of 2004,Spirit is the first of two rovers which landed on Mars in January of 2004.,wn-0306:19:494,land,494,,,DATE:January of 2004,in,Mars,CELESTIAL:Mars,False,0.65
wn-0307,0,launch,launched,the Russian Space Forces,Three Gonets satellites,,Three Gonets satellites have been launched by the Russian Space Forces atop a Ukranian-built Rokot carrier rocket.,wn-0307:0:5,launch,5,ORG:Russian Space Forces,,,,,,False,0.7
wn-0307,3,launch,launch,,modernised Gonets-D1M satellites,,This is the second launch of modernised Gonets-D1M satellites.,wn-0307:3:62,launch,62,,,,,,,False,0.55
wn-0307,8,launch,launched,,A small technology demonstration satellite,,"A small technology demonstration satellite, Yubileiny, was also launched.",wn-0307:8:172,launch,172,,,,,,,False,0.6
wn-0307,9,launch,launch,,Sputnik,,"It was built to celebrate the 50th anniversary of the launch of Sputnik 1, and will be operated by NPO PM.",wn-0307:9:184,launch,184,,,,,,,False,0.55
wn-0307,13,launch,launch,,a Briz upper stage,March,"This is the first launch of a Briz upper stage of either type since the failure of a Briz-M during a March Proton launch, which left the AMC-14 satellite stranded in Medium Earth orbit.",wn-0307:13:278,launch,278,,,DATE:March,,,,False,0.6
wn-0307,13,failure,failure,,a Briz-M,March,"This is the first launch of a Briz upper stage of either type since the failure of a Briz-M during a March Proton launch, which left the AMC-14 satellite stranded in Medium Earth orbit.",wn-0307:13:289,failure,289,,,DATE:March,,,,False,0.6
wn-0307,13,launch,launch,,Proton,March,"This is the first launch of a Briz upper stage of either type since the failure of a Briz-M during a March Proton launch, which left the AMC-14 satellite stranded in Medium Earth orbit.",wn-0307:13:299,launch,299,,SPACECRAFT:Proton,DATE:March,,,,False,0.75
wn-0307,14,launch,launch,,,2008,"This is the 25th orbital launch of 2008 in spaceflight, and the 13th launch of a Rokot.",wn-0307:14:318,launch,318,,,DATE:2008,,,,False,0.55
wn-0307,14,launch,launch,,Rokot,2008,"This is the 25th orbital launch of 2008 in spaceflight, and the 13th launch of a Rokot.",wn-0307:14:327,launch,327,,SPACECRAFT:Rokot,DATE:2008,,,,False,0.75
wn-0307,15,launch,launch,,Rokot,early-mid September,"The next Rokot launch is scheduled for early-mid September, with the GOCE satellite for the European Space Agency.",wn-0307:15:335,launch,335,,SPACECRAFT:Rokot,DATE:early-mid September,,,,False,0.75
wn-0308,0,landing,landed,,NASA's Phoenix spacecraft,ten-month,"NASA's Phoenix spacecraft has landed safely on Mars, following a ten-month flight.",wn-0308:0:5,land,5,,,DATE:ten-month,,Mars,CELESTIAL:Mars,False,0.65
wn-0308,1,landing,Landing,,,yesterday,"Landing occurred yesterday evening at around 23:38 GMT (20:38 EDT), with confirmation being received by flight controllers around fifteen minutes later at 23:53, the communications delay due to the time taken for light and radio signals to travel from Mars back to Earth.",wn-0308:1:17,landing,17,,,DATE:yesterday,,,,False,0.55
wn-0308,1,delay,delay,,communications,around fifteen minutes later,"Landing occurred yesterday evening at around 23:38 GMT (20:38 EDT), with confirmation being received by flight controllers around fifteen minutes later at 23:53, the communications delay due to the time taken for light and radio signals to travel from Mars back to Earth.",wn-0308:1:46,delay,46,,,TIME:around fifteen minutes later,,,,False,0.6
wn-0308,2,launch,launched,,Phoenix,last August,Phoenix was launched atop a Delta II rocket last August.,wn-0308:2:68,launch,68,,SPACECRAFT:Phoenix,DATE:last August,,,,False,0.8
wn-0308,7,landing,landing,,,,"Scientists monitoring the landing at the Jet Propulsion Laboratory in Pasadena, California cheered as the news was transmitted by the spacecraft, saying it had landed safely.",wn-0308:7:159,landing,159,,,,,,,False,0.5
wn-0308,7,landing,landed,,it,,"Scientists monitoring the landing at the Jet Propulsion Laboratory in Pasadena, California cheered as the news was transmitted by the spacecraft, saying it had landed safely.",wn-0308:7:182,land,182,,,,,,,False,0.6
wn-0308,8,landing,landing,,,7:20 p.m. eastern time,"According to the live broadcast on NASA TV, a systems check began in final preparation for landing at 22:20 GMT (7:20 p.m. eastern time) which was given the ""all green"".",wn-0308:8:203,land,203,,,TIME:7:20 p.m. eastern time,,,,False,0.6
wn-0308,15,landing,landing,,,,"According to predictions before the landing - based on the sequence of events programmed into onboard computers - the cruise stage, which had controlled the spacecraft during its journey from Earth to Mars, separated from the probe which was to enter the atmosphere at 23:24:15 GMT.",wn-0308:15:333,landing,333,,,,,,,False,0.5
wn-0308,18,landing,Landing,,itself,23:38:36 GMT,Landing itself occurred at 23:38:36 GMT.,wn-0308:18:423,landing,423,,,TIME:23:38:36 GMT,,,,False,0.6
wn-0308,19,landing,descent,,,2001,"During descent, the spacecraft's progress was monitored by the Mars Reconnaissance Orbiter and 2001 Mars Odyssey spacecraft, already in Areocentric orbit.",wn-0308:19:432,descent,432,,,DATE:2001,,,,False,0.55
wn-0308,20,landing,descent,,,,"Mars Odyssey was in contact with Phoenix throughout the descent, including during the phase of the descent where maximum temperatures were reached, when controllers had predicted that data would be lost.",wn-0308:20:465,descent,465,,,,,,,False,0.5
wn-0308,20,landing,descent,,,,"Mars Odyssey was in contact with Phoenix throughout the descent, including during the phase of the descent where maximum temperatures were reached, when controllers had predicted that data would be lost.",wn-0308:20:473,descent,473,,,,,,,False,0.5
wn-0308,20,failure,lost,,data,,"Mars Odyssey was in contact with Phoenix throughout the descent, including during the phase of the descent where maximum temperatures were reached, when controllers had predicted that data would be lost.",wn-0308:20:488,lose,488,,,,,,,False,0.6
wn-0308,21,landing,descent,,,,The HiRISE camera on Mars Reconnaissance Orbiter was able to photograph Phoenix under its parachute during descent.,wn-0308:21:506,descent,506,,,,,,,False,0.5
wn-0308,25,landing,landed,,The spacecraft,,"The spacecraft landed in an area near the North Pole of Mars, unofficially named the Green Valley.",wn-0308:25:567,land,567,,,,,,,False,0.6
wn-0308,28,failure,cancelled,,the cancelled 2001 Mars Surveyor lander,2001,"Some of these were taken from the cancelled 2001 Mars Surveyor lander, and some others were derived from instruments flown on the Mars Polar Lander (MPL) spacecraft.",wn-0308:28:619,cancel,619,,,DATE:2001,,,,False,0.65
wn-0308,29,launch,launched,,MPL,January 1999,"MPL was launched in January 1999, but failed during its descent to the Martian surface.",wn-0308:29:645,launch,645,,ORG:MPL,DATE:January 1999,in,,,False,0.8
wn-0308,29,failure,failed,,MPL,January 1999,"MPL was launched in January 1999, but failed during its descent to the Martian surface.",wn-0308:29:651,fail,651,,ORG:MPL,DATE:January 1999,,,,False,0.8
wn-0308,29,landing,descent,,its,January 1999,"MPL was launched in January 1999, but failed during its descent to the Martian surface.",wn-0308:29:654,descent,654,,,DATE:January 1999,,,,False,0.6
wn-0308,30,landing,Landing,,,today,"Landing on Mars is considered to be one of the most difficult challenges in space exploration, and one scientist working on today's landing said that ""this is not a trip to Grandma's for the weekend"".",wn-0308:30:660,land,660,,,DATE:today,,Mars,CELESTIAL:Mars,False,0.6
wn-0308,30,landing,landing,,,today,"Landing on Mars is considered to be one of the most difficult challenges in space exploration, and one scientist working on today's landing said that ""this is not a trip to Grandma's for the weekend"".",wn-0308:30:684,landing,684,,,DATE:today,,,,False,0.55
wn-0308,31,failure,failed,,More than half,,"More than half of previous missions to Mars have failed, leading to jokes that exploration of the planet is cursed.",wn-0308:31:710,fail,710,,,,,,,False,0.6
wn-0308,32,launch,launched,,the 38th spacecraft,the 19th,"This is the 38th spacecraft to be launched to Mars, and the 19th to arrive successfully, bringing the success rate to exactly 50 percent.",wn-0308:32:731,launch,731,,,DATE:19th,,,,False,0.65
wn-0308,33,landing,landing,,,,"It is also the 12th spacecraft to attempt a landing on Mars, and the 7th to successfully accomplish this.",wn-0308:33:760,landing,760,,,,,Mars,CELESTIAL:Mars,False,0.5
wn-0308,34,landing,landing,,,,"Upon confirmation of landing, a flight controller was heard to exclaim ""The Phoenix has landed, welcome to Vastitas Borealis!"", whilst others cheered, and congratulated each other on the successful landing.",wn-0308:34:776,landing,776,,,,,,,False,0.5
wn-0308,34,landing,landed,,Phoenix,,"Upon confirmation of landing, a flight controller was heard to exclaim ""The Phoenix has landed, welcome to Vastitas Borealis!"", whilst others cheered, and congratulated each other on the successful landing.",wn-0308:34:789,land,789,,SPACECRAFT:Phoenix,,,,,False,0.75
wn-0308,34,landing,landing,,,,"Upon confirmation of landing, a flight controller was heard to exclaim ""The Phoenix has landed, welcome to Vastitas Borealis!"", whilst others cheered, and congratulated each other on the successful landing.",wn-0308:34:809,landing,809,,,,,,,False,0.5
wn-0309,0,launch,launched,ChinaThe Chinese National Space Administration,a Long March 4C carrier rocket,,"ChinaThe Chinese National Space Administration has launched a Long March 4C carrier rocket, carrying the Fengyun-3A (FY-3A) weather satellite.",wn-0309:0:6,launch,6,ORG:ChinaThe Chinese National Space Administration,,,,,,False,0.7
wn-0309,1,launch,launched,,which,the next twelve years,"FY-3A is the first of thirteen Fengyun-3 satellites, which will be launched in the next twelve years.",wn-0309:1:35,launch,35,,,DATE:next twelve years,in,,,False,0.65
wn-0309,2,launch,launch,,,,"The launch occurred from Launch Area 1 at the Taiyuan Satellite Launch Centre in Shanxi province, China.",wn-0309:2:44,launch,44,,,,,,,False,0.5
wn-0309,7,launch,launched,,the most advanced Chinese weather satellite,,"With a 250 metre resolution, it is the most advanced Chinese weather satellite yet launched.",wn-0309:7:150,launch,150,,,,,,,False,0.6
wn-0309,8,launch,launch,,,2008,"This is the 26th orbital launch of 2008, the 106th launch of a Long March rocket, and the 3rd launch of the Long March 4C, which first flew in 2006.",wn-0309:8:158,launch,158,,,DATE:2008,,,,False,0.55
wn-0309,8,launch,launch,,106th,2008,"This is the 26th orbital launch of 2008, the 106th launch of a Long March rocket, and the 3rd launch of the Long March 4C, which first flew in 2006.",wn-0309:8:164,launch,164,,NORP:106th,DATE:2008,,,,False,0.75
wn-0309,8,launch,launch,,the Long March 4C,2006,"This is the 26th orbital launch of 2008, the 106th launch of a Long March rocket, and the 3rd launch of the Long March 4C, which first flew in 2006.",wn-0309:8:174,launch,174,,,DATE:2006,,,,False,0.6
wn-0309,9,launch,launch,,Chinese,,"The next scheduled Chinese launch is believed to be a Long March 3B from the Xichang Satellite Launch Centre, with the Chinasat 9 satellite.",wn-0309:9:191,launch,191,,NORP:Chinese,,,,,False,0.7
wn-0310,6,launch,launch,,,Saturday,"NASA officials are now considering flying in replacement parts for the toilet and putting them on Space Shuttle Discovery, which is due to launch on Saturday and scheduled to arrive at the ISS on Monday.",wn-0310:6:172,launch,172,,,DATE:Saturday,on,,,False,0.6
wn-0311,0,launch,launched,,Space Shuttle Discovery,,"Space Shuttle Discovery has successfully launched from Launch Complex 39A at the Kennedy Space Center in Florida, beginning mission STS-124.",wn-0311:0:5,launch,5,,SPACECRAFT:Space Shuttle Discovery,,,,,False,0.75
wn-0311,6,launch,launched,,Space Shuttle,JEM PM,"The JEM Pressurised Module (JEM PM or JPM) is the largest laboratory module of the International Space Station, and one of the largest payloads ever launched by the Space Shuttle.",wn-0311:6:142,launch,142,,SPACECRAFT:Space Shuttle,TIME:JEM PM,,,,False,0.8
wn-0311,7,launch,launched,,RMS,,"The main Japanese robot arm, or RMS, will also be launched on this mission.",wn-0311:7:160,launch,160,,ORG:RMS,,,,,False,0.75
wn-0311,12,launch,launch,,,11:30 GMT,"The astronauts were awoken at 11:30 GMT on launch day, and began preparations for their launch.",wn-0311:12:262,launch,262,,,TIME:11:30 GMT,,,,False,0.55
wn-0311,12,launch,launch,,their,11:30 GMT,"The astronauts were awoken at 11:30 GMT on launch day, and began preparations for their launch.",wn-0311:12:270,launch,270,,,TIME:11:30 GMT,,,,False,0.6
wn-0311,14,launch,launch,,,,The launch coincides with Kelly's father's birthday.,wn-0311:14:300,launch,300,,,,,,,False,0.5
wn-0311,15,launch,launch,,,several months,Preparations for launch had been underway for several months.,wn-0311:15:312,launch,312,,,DATE:several months,,,,False,0.55
wn-0311,17,launch,Launch,,Mobile,,"Following tests in a checkout cell, it was mated with two solid rocket boosters which had been assembled on a Mobile Launch Platform.",wn-0311:17:355,launch,355,,,,,,,False,0.55
wn-0311,19,launch,launch,,,about a week later,"Rollover occurred in late April, and was followed by rollout to the launch pad about a week later.",wn-0311:19:394,launch,394,,,DATE:about a week later,,,,False,0.55
wn-0311,23,launch,launch,,,the end of April 2008,"At the end of April 2008, the module was placed in a transportation canister, and moved to the launch pad.",wn-0311:23:462,launch,462,,,DATE:end of April 2008,,,,False,0.55
wn-0311,24,launch,launch,,,about a week ahead,The payload arrived at the launch pad about a week ahead of the Shuttle.,wn-0311:24:470,launch,470,,,DATE:about a week ahead,,,,False,0.55
wn-0311,25,launch,launch,,,,"Once Discovery arrived at the launch pad, the module was placed into Discovery's payload bay.",wn-0311:25:485,launch,485,,,,,,,False,0.5
wn-0311,29,discovery,Discovery,,,11:50 GMT,Fueling of Discovery's External Tank in preparation for launch began at 11:50 GMT.,wn-0311:29:576,discovery,576,,,TIME:11:50 GMT,,,,False,0.55
wn-0311,29,launch,launch,,,11:50 GMT,Fueling of Discovery's External Tank in preparation for launch began at 11:50 GMT.,wn-0311:29:583,launch,583,,,TIME:11:50 GMT,,,,False,0.55
wn-0311,31,failure,failures,,ECO,,"ECO sensor failures had caused a number of delays to recent Shuttle launch attempts, and STS-124 is the first mission to use a modified tank, which is intended to eliminate such faults.",wn-0311:31:617,failure,617,,,,,,,False,0.55
wn-0311,31,delay,delays,,,,"ECO sensor failures had caused a number of delays to recent Shuttle launch attempts, and STS-124 is the first mission to use a modified tank, which is intended to eliminate such faults.",wn-0311:31:623,delay,623,,,,,,,False,0.5
wn-0311,31,launch,launch,,Shuttle,,"ECO sensor failures had caused a number of delays to recent Shuttle launch attempts, and STS-124 is the first mission to use a modified tank, which is intended to eliminate such faults.",wn-0311:31:627,launch,627,,NORP:Shuttle,,,,,False,0.7
wn-0311,32,launch,launch,,,,"At the time at which tanking began, weather forecasters predicted an 80 percent chance of acceptable conditions at the scheduled launch time.",wn-0311:32:671,launch,671,,,,,,,False,0.5
wn-0311,34,failure,accident,,Columbia,2003,"In addition to the ECO sensor modifications, this was the first mission to use an External Tank manufactured after the Columbia accident in 2003, and therefore the first tank to have all safety enhancements built into it, rather than retrofitted.",wn-0311:34:711,accident,711,,ORG:Columbia,DATE:2003,,,,False,0.75
wn-0311,37,launch,launch,,,,"Following walkout, the crew boarded a bus known as the ""astrovan"", which was used to transport them to the launch pad.",wn-0311:37:790,launch,790,,,,,,,False,0.5
wn-0311,38,launch,launch,,,17:38,"The crew arrived at the launch pad at 17:31, and began boarding Discovery at 17:38.",wn-0311:38:798,launch,798,,,TIME:17:38,,,,False,0.55
wn-0311,50,launch,launch,,,21:08:59,"During this hold, flight controllers set the exact launch time to be 21:02:12 GMT, and confirmed that the launch window would end at 21:08:59 GMT.",wn-0311:50:1028,launch,1028,,,TIME:21:08:59,,,,False,0.55
wn-0311,50,launch,launch,,,21:08:59,"During this hold, flight controllers set the exact launch time to be 21:02:12 GMT, and confirmed that the launch window would end at 21:08:59 GMT.",wn-0311:50:1039,launch,1039,,,TIME:21:08:59,,,,False,0.55
wn-0311,52,launch,launch,,,,"Shortly before the end of the hold, the launch director described conditions as a ""gorgeous day to launch"", and wished the crew ""good luck and Godspeed"".",wn-0311:52:1065,launch,1065,,,,,,,False,0.5
wn-0311,52,launch,launch,,"a ""gorgeous day",,"Shortly before the end of the hold, the launch director described conditions as a ""gorgeous day to launch"", and wished the crew ""good luck and Godspeed"".",wn-0311:52:1075,launch,1075,,,,,,,False,0.6
wn-0311,55,launch,launch,,,seven minutes,"When giving clearance to retract the Orbiter Access arm from the Shuttle, seven minutes before launch, the Orbiter Test Conductor wished the crew ""best of luck delivering JEM to the International Space Station"".",wn-0311:55:1155,launch,1155,,,TIME:seven minutes,,,,False,0.55
wn-0311,56,launch,launch,,,Four minutes,"Four minutes before launch, the engines were purged of gasses, and tests of the flight control surfaces began.",wn-0311:56:1180,launch,1180,,,TIME:Four minutes,,,,False,0.55
wn-0311,60,launch,Launch,,,,Launch occurred on schedule at 21:02:12 GMT.,wn-0311:60:1271,launch,1271,,,,,,,False,0.5
wn-0311,61,launch,launch,,,around eight and a half minutes,"The Solid Rocket Boosters separated about 120 seconds into the flight, and around eight and a half minutes after launch, the Main Engines (SSMEs) shut down, and the External Tank was jettisoned.",wn-0311:61:1299,launch,1299,,,DATE:around eight and a half minutes,,,,False,0.55
wn-0311,65,launch,launch,,,,"At the time of launch, the International Space Station was flying over the Atlantic Ocean, South-East of Canada.",wn-0311:65:1379,launch,1379,,,,,,,False,0.5
wn-0311,66,launch,launch,,,,"Following launch, a fault was detected with the backup electrical system controlling the left OMS engine gimbal actuator.",wn-0311:66:1399,launch,1399,,,,,,,False,0.5
wn-0311,66,discovery,detected,,a fault,,"Following launch, a fault was detected with the backup electrical system controlling the left OMS engine gimbal actuator.",wn-0311:66:1404,detect,1404,,,,,,,False,0.6
wn-0311,68,failure,failure,,both transducers,,"The fault was later traced to the failure of both transducers in the unit, and it was reported that the problem was probably due to an equipment malfunction as opposed to a faulty sensor.",wn-0311:68:1452,failure,1452,,,,,,,False,0.55
wn-0311,68,failure,malfunction,,equipment,,"The fault was later traced to the failure of both transducers in the unit, and it was reported that the problem was probably due to an equipment malfunction as opposed to a faulty sensor.",wn-0311:68:1473,malfunction,1473,,,,,,,False,0.55
wn-0311,68,failure,faulty,,a faulty sensor,,"The fault was later traced to the failure of both transducers in the unit, and it was reported that the problem was probably due to an equipment malfunction as opposed to a faulty sensor.",wn-0311:68:1478,faulty,1478,,,,,,,False,0.55
wn-0311,69,failure,faulty,,the faulty actuator,,"When asked about the faulty actuator, NASA Administrator Mike Griffin stated that at the ""worst case it would be a loss of redundancy but we will still be able to use that system"".",wn-0311:69:1485,faulty,1485,,,,,,,False,0.55
wn-0311,69,failure,loss,,redundancy,,"When asked about the faulty actuator, NASA Administrator Mike Griffin stated that at the ""worst case it would be a loss of redundancy but we will still be able to use that system"".",wn-0311:69:1503,loss,1503,,,,,,,False,0.55
wn-0311,72,launch,launch,,,,"Processing and countdown progressed smoothly, and were described by Discovery's processing and launch flow director, Stephanie Stilson, as being ""a very clean flow"".",wn-0311:72:1558,launch,1558,,,,,,,False,0.55
wn-0311,74,launch,launch,,,Around four hours,"Around four hours prior to launch, Stilson remarked that there had been 73 anomalies detected so far.",wn-0311:74:1597,launch,1597,,,TIME:Around four hours,,,,False,0.55
wn-0311,74,failure,anomalies,,,Around four hours,"Around four hours prior to launch, Stilson remarked that there had been 73 anomalies detected so far.",wn-0311:74:1606,anomaly,1606,,,TIME:Around four hours,,,,False,0.55
wn-0311,74,discovery,detected,,73 anomalies,Around four hours,"Around four hours prior to launch, Stilson remarked that there had been 73 anomalies detected so far.",wn-0311:74:1607,detect,1607,,,TIME:Around four hours,,,,False,0.65
wn-0311,75,failure,anomalies,,,76,"The smallest number of anomalies during the countdown for a previous mission was 76, for STS-103.",wn-0311:75:1615,anomaly,1615,,,DATE:76,,,,False,0.55
wn-0311,76,failure,abort,,,,"Moron AFB in Spain was considered the primary transoceanic abort landing (TAL) site, should an engine failure, or other major problem have occurred during early ascent.",wn-0311:76:1639,abort,1639,,,,,,,False,0.5
wn-0311,76,landing,landing,,,,"Moron AFB in Spain was considered the primary transoceanic abort landing (TAL) site, should an engine failure, or other major problem have occurred during early ascent.",wn-0311:76:1640,landing,1640,,,,,,,False,0.5
wn-0311,76,failure,failure,,engine,,"Moron AFB in Spain was considered the primary transoceanic abort landing (TAL) site, should an engine failure, or other major problem have occurred during early ascent.",wn-0311:76:1649,failure,1649,,,,,,,False,0.55
wn-0311,78,failure,abort,,,,"The weather at both of these sites was good, however no abort was required during the launch.",wn-0311:78:1683,abort,1683,,,,,,,False,0.5
wn-0311,78,launch,launch,,,,"The weather at both of these sites was good, however no abort was required during the launch.",wn-0311:78:1688,launch,1688,,,,,,,False,0.5
wn-0311,84,launch,launch,,,2008,"This is the fourth manned, and 27th orbital launch of 2008.",wn-0311:84:1787,launch,1787,,,DATE:2008,,,,False,0.55
wn-0311,85,launch,launch,,,,"At a press conference following launch, NASA Administrator Mike Griffin stated that it was ""a huge day for the space station partnership"", and that the International Space Station was ""a place in orbit where we can learn to live and work in space"".",wn-0311:85:1797,launch,1797,,,,,,,False,0.5
wn-0311,86,launch,launch,,the Japanese Experiment Module,,"He congratulated JAXA on the launch of the Japanese Experiment Module, saying that ""Japan has now built a first class laboratory...which is capable of supporting humans in space"", and that ""with this step Japan has shown itself to be capable of performing at the highest levels of space exploration"".",wn-0311:86:1847,launch,1847,,ORG:Japanese Experiment Module,,,,,False,0.7
wn-0311,88,launch,launch,,STS-124,last Sunday,"When asked by a reporter how he felt about recent NASA successes, including the STS-124 launch, and the landing of the Phoenix probe on Mars last Sunday, he joked that it felt ""so great that not even having to do a press conference, two press conferences in a week can ruin it"".",wn-0311:88:1933,launch,1933,,GPE:STS-124,DATE:last Sunday,,,,False,0.75
wn-0311,88,landing,landing,,the Phoenix probe,last Sunday,"When asked by a reporter how he felt about recent NASA successes, including the STS-124 launch, and the landing of the Phoenix probe on Mars last Sunday, he joked that it felt ""so great that not even having to do a press conference, two press conferences in a week can ruin it"".",wn-0311:88:1937,landing,1937,,,DATE:last Sunday,,,,False,0.6
wn-0311,90,launch,launch,,,,"NASA Associate Administrator for Space Operations Bill Gerstenmaier said that it was ""a great day for the launch"", and described STS-124 as a ""pretty challenging mission"".",wn-0311:90:2048,launch,2048,,,,,,,False,0.5
wn-0311,91,discovery,identified,,five foam debris impacts,,"Gerstenmair stated that five foam debris impacts had been identified during ascent, but that NASA ""don't consider this a big deal, they were all late"".",wn-0311:91:2071,identify,2071,,,,,,,False,0.6
wn-0311,94,launch,Launch,,,,"Launch Integration manager LeRoy Cain described it as a ""flawless countdown and a flawless launch"".",wn-0311:94:2181,launch,2181,,,,,,,False,0.5
wn-0311,94,launch,launch,,,,"Launch Integration manager LeRoy Cain described it as a ""flawless countdown and a flawless launch"".",wn-0311:94:2196,launch,2196,,,,,,,False,0.5
wn-0311,97,launch,Launch,,,,"Launch Director Mike Linebach stated that it was a ""Fantastic launch"", that was tying for the lowest faults during a countdown, with 74 issues reported.",wn-0311:97:2247,launch,2247,,,,,,,False,0.5
wn-0311,97,launch,launch,,Fantastic,,"Launch Director Mike Linebach stated that it was a ""Fantastic launch"", that was tying for the lowest faults during a countdown, with 74 issues reported.",wn-0311:97:2258,launch,2258,,NORP:Fantastic,,,,,False,0.7
wn-0311,99,launch,launch,,,,"Linebach went on to describe the launch as ""outstanding"".",wn-0311:99:2315,launch,2315,,,,,,,False,0.5
wn-0311,100,launch,launched,,Shuttle Discovery,,"Keiji Tachikawa, the President of JAXA said that he ""was very delighted to see the Shuttle Discovery successfully launched"".",wn-0311:100:2342,launch,2342,,SPACECRAFT:Shuttle Discovery,,,,,False,0.75
wn-0311,102,launch,launch,,,,"He also expressed his ""profound appreciation to NASA, and all international and domestic organisations"" involved in the launch, explaining that the mission is ""very significant to Japan"".",wn-0311:102:2413,launch,2413,,,,,,,False,0.5
wn-0312,0,landing,landing,,,,"According to NASA, new images received from the Phoenix lander on Mars shows a possible layer of ice on its landing site.",wn-0312:0:21,landing,21,,,,,,,False,0.5
wn-0312,3,landing,landed,,Phoenix,,"Scientists say that as Phoenix landed, the exhaust from its thrusters cleared away a three to four inch layer of Martian soil which exposed a flat layer of a white substance, that NASA says could be ice.",wn-0312:3:60,land,60,,SPACECRAFT:Phoenix,,,,,False,0.75
wn-0312,5,discovery,found,we,ice,,"""It's the consensus of all of us that we have found ice.",wn-0312:5:120,find,120,,,,,,,False,0.6
wn-0312,6,discovery,find,We,ice,,We were expecting to find ice within two to six inches of the surface.,wn-0312:6:127,find,127,,,,,,,False,0.6
wn-0313,7,landing,landed,,Phoenix,,"Scientists, who named the exposed area Snow Queen, say that as Phoenix landed the exhaust from its thrusters cleared away a three- to four-inch layer of Martian soil which exposed a flat layer of a white substance that NASA says could be ice.",wn-0313:7:178,land,178,,SPACECRAFT:Phoenix,,,,,False,0.75
wn-0313,9,discovery,find,Scientists,,,Scientists expect to find more of the alleged ice when Phoenix begins its digging mission not far from the initial test dig.,wn-0313:9:227,find,227,,,,,,,False,0.55
wn-0314,2,failure,failed,,it,,"Images taken by the lander's camera shows that the robotic arm has dumped a large portion of soil over the TEGA, but it failed to register any soil which might have passed through the screens leading into the analyzer.",wn-0314:2:78,fail,78,,,,,,,False,0.6
wn-0314,7,failure,break up,,it,,"In the future, we may prepare the soil by pushing down on the surface with the arm before scooping up the material to break it up, then sprinkle a smaller amount over the door,"" said Ray Arvidson of Washington University located in St. Louis, Missouri.",wn-0314:7:218,break,218,,,,,,,False,0.6
wn-0314,9,failure,break up,an attempt,the larger particles,,NASA also plans to use a shaker inside the TEGA to shake any material or samples longer than previously planned in an attempt to break up the larger particles and clumps.,wn-0314:9:289,break,289,,,,,,,False,0.6
wn-0315,0,launch,launched,A Chinese Long March 3B carrier rocket,the Chinasat-9 satellite,,A Chinese Long March 3B carrier rocket has launched the Chinasat-9 satellite.,wn-0315:0:8,launch,8,,,,,,,False,0.6
wn-0315,1,launch,lifted off,,The rocket,12:15 GMT this afternoon,The rocket lifted off from pad 2 at the Xichang Satellite Launch Centre at 12:15 GMT this afternoon.,wn-0315:1:15,lift,15,,,TIME:12:15 GMT this afternoon,,the Xichang Satellite Launch Centre,FAC:Xichang Satellite Launch Centre,False,0.65
wn-0315,3,launch,launch,,,,The launch was conducted by the China Great Wall Industrial Corporation.,wn-0315:3:61,launch,61,,,,,,,False,0.5
wn-0315,4,launch,lifted off,,the rocket,Around twenty minutes,"Around twenty minutes after the rocket lifted off, the satellite separated from the third stage, into a geosynchronous transfer orbit.",wn-0315:4:79,lift,79,,,TIME:Around twenty minutes,,,,False,0.65
wn-0315,8,launch,launched,China,which,the last few years,"Chinasat-9 is the last of a number of communications satellites which have been launched by China over the last few years to boost capacity for the Olympic Games, including the Sinosat-2 spacecraft, which was lost after it failed to deploy its solar panels subsequent to its launch in late 2006.",wn-0315:8:190,launch,190,GPE:China,,DATE:last few years,,,,False,0.75
wn-0315,8,failure,lost,,which,late 2006,"Chinasat-9 is the last of a number of communications satellites which have been launched by China over the last few years to boost capacity for the Olympic Games, including the Sinosat-2 spacecraft, which was lost after it failed to deploy its solar panels subsequent to its launch in late 2006.",wn-0315:8:213,lose,213,,,DATE:late 2006,,,,False,0.65
wn-0315,8,failure,failed,,it,late 2006,"Chinasat-9 is the last of a number of communications satellites which have been launched by China over the last few years to boost capacity for the Olympic Games, including the Sinosat-2 spacecraft, which was lost after it failed to deploy its solar panels subsequent to its launch in late 2006.",wn-0315:8:216,fail,216,,,DATE:late 2006,,,,False,0.65
wn-0315,8,launch,launch,,its,late 2006,"Chinasat-9 is the last of a number of communications satellites which have been launched by China over the last few years to boost capacity for the Olympic Games, including the Sinosat-2 spacecraft, which was lost after it failed to deploy its solar panels subsequent to its launch in late 2006.",wn-0315:8:225,launch,225,,,DATE:late 2006,,,,False,0.6
wn-0315,9,launch,launched,,Echostar-CBM,,"One more satellite, Echostar-CBM was scheduled to be launched, however this was cancelled due to performance issues.",wn-0315:9:241,launch,241,,LAW:Echostar-CBM,,,,,False,0.75
wn-0315,9,failure,cancelled,,this,,"One more satellite, Echostar-CBM was scheduled to be launched, however this was cancelled due to performance issues.",wn-0315:9:246,cancel,246,,,,,,,False,0.6
wn-0315,11,launch,launch,,,this year,"This is the 3rd orbital launch that China has conducted so far this year, and the 28th orbital launch of the year in total.",wn-0315:11:267,launch,267,,,DATE:this year,,,,False,0.55
wn-0315,11,launch,launch,,,the year,"This is the 3rd orbital launch that China has conducted so far this year, and the 28th orbital launch of the year in total.",wn-0315:11:281,launch,281,,,DATE:year,,,,False,0.55
wn-0315,12,launch,launch,,Chinese,August,"The next Chinese launch is believed to be scheduled for August, when a Long March 2C will launch a pair of remote sensing satellites.",wn-0315:12:291,launch,291,,NORP:Chinese,DATE:August,,,,False,0.75
wn-0315,12,launch,launch,a Long March 2C,a pair,August,"The next Chinese launch is believed to be scheduled for August, when a Long March 2C will launch a pair of remote sensing satellites.",wn-0315:12:306,launch,306,,,DATE:August,,,,False,0.65
wn-0316,0,launch,launched,,The Gamma-ray Large Area Space Telescope (GLAST) satellite,,The Gamma-ray Large Area Space Telescope (GLAST) satellite has been launched aboard a United Launch Alliance Delta II Heavy carrier rocket.,wn-0316:0:14,launch,14,,,,,,,False,0.6
wn-0316,2,launch,launch,,,about 75 minutes,"Spacecraft separation occurred about 75 minutes after launch, just before 17:20 GMT.",wn-0316:2:58,launch,58,,,TIME:about 75 minutes,,,,False,0.55
wn-0316,3,launch,launch,,,,The launch was reported to have been successful.,wn-0316:3:66,launch,66,,,,,,,False,0.5
wn-0316,6,launch,launched,,Delta II,10201,"At 4627 kg (10201 lbs), GLAST is the heaviest payload ever launched by a Delta II.",wn-0316:6:146,launch,146,,SPACECRAFT:Delta II,DATE:10201,,,,False,0.8
wn-0316,13,launch,launch,,,2008,"This is the 29th orbital launch of 2008, and the second to be conducted by a Delta II.",wn-0316:13:268,launch,268,,,DATE:2008,,,,False,0.55
wn-0316,14,launch,launch,,Delta II,just over a week,"The next Delta II launch will occur in just over a week, when a lighter configuration 7420 rocket will be used to place the Jason-2 satellite into orbit.",wn-0316:14:287,launch,287,,SPACECRAFT:Delta II,DATE:just over a week,,,,False,0.75
wn-0316,15,launch,launch,,Delta II,,"In total, this is the 136th launch of a Delta II, the 134th successful Delta II launch, and the 81st consecutive success.",wn-0316:15:320,launch,320,,SPACECRAFT:Delta II,,,,,False,0.7
wn-0316,15,launch,launch,,Delta II,,"In total, this is the 136th launch of a Delta II, the 134th successful Delta II launch, and the 81st consecutive success.",wn-0316:15:331,launch,331,,SPACECRAFT:Delta II,,,,,False,0.7
wn-0317,1,failure,break up,several seemingly unsuccessful attempts,the soil,,"For reasons unknown to scientists, and after several seemingly unsuccessful attempts to break up the soil, a large amount was discovered to have passed through a screen leading to an on board oven.",wn-0317:1:28,break,28,,,,,,,False,0.6
wn-0317,1,discovery,discovered,,a large amount,,"For reasons unknown to scientists, and after several seemingly unsuccessful attempts to break up the soil, a large amount was discovered to have passed through a screen leading to an on board oven.",wn-0317:1:37,discover,37,,,,,,,False,0.6
wn-0317,6,discovery,observed,NASA,the method,,NASA observed the method and reported that no soil had passed through the screens over the TEGA.,wn-0317:6:138,observe,138,ORG:NASA,,,,,,False,0.7
wn-0317,10,failure,break up,it,the larger particles,,"After some debate, NASA decided to 'shake' the soil in hopes that it would break up the larger particles.",wn-0317:10:249,break,249,,,,,,,False,0.6
wn-0317,13,discovery,discovered,NASA,,a few days,"After a few days of troubleshooting, NASA looked back at the soil and discovered that, for an unknown reason, a large amount of soil had fallen through the screen and was ready for inspection by the TEGA.",wn-0317:13:312,discover,312,ORG:NASA,,DATE:few days,,,,False,0.7
wn-0317,17,delay,put off,Phoenix,,,Phoenix was originally ordered to put off using its TEGA until scientists came up with a solution to the clodded soil.,wn-0317:17:436,put,436,SPACECRAFT:Phoenix,,,,,,False,0.65
wn-0317,18,delay,rescheduled,,It,June 12,"It had been rescheduled to take readings of the Martian climate such as temperature and wind speed, and also to analyze a soil sample using the optical microscope, or MECA (Microscopy, Electrochemistry, and Conductivity Analyzer) on June 12.",wn-0317:18:456,reschedule,456,,,DATE:June 12,,,,False,0.65
wn-0318,1,launch,Liftoff,,,this evening,"Liftoff, from ELA-3 at the Guiana Space Centre occurred at 22:05:02 GMT this evening.",wn-0318:1:15,liftoff,15,,,TIME:this evening,,Guiana Space Centre,FAC:Guiana Space Centre,False,0.55
wn-0318,2,launch,launched,,The satellites,,"The satellites launched were Skynet 5C, which will be used to relay secure communications for the British armed forces, and Turksat 3A, which will be used for commercial communications.",wn-0318:2:33,launch,33,,,,,,,False,0.6
wn-0318,4,launch,launch,,,,The launch was conducted by French company Arianespace.,wn-0318:4:97,launch,97,,,,,,,False,0.5
wn-0318,5,delay,delayed,,It,May,"It was originally scheduled to occur in May, but was delayed when an incorrect guidance programme was found to have been installed on the rocket.",wn-0318:5:116,delay,116,,,DATE:May,,,,False,0.65
wn-0318,5,discovery,found,,an incorrect guidance programme,May,"It was originally scheduled to occur in May, but was delayed when an incorrect guidance programme was found to have been installed on the rocket.",wn-0318:5:123,find,123,,,DATE:May,,,,False,0.65
wn-0318,6,launch,launch,several commands,spacecraft,the Ariane 5ES,"It is believed that several commands intended for use by the Ariane 5ES, a variant of the Ariane 5 used to launch spacecraft such as the Automated Transfer Vehicle, had been installed by mistake.",wn-0318:6:154,launch,154,,,DATE:Ariane 5ES,,,,False,0.65
wn-0318,7,launch,launch,,,31 minutes,"Skynet 5C and Turksat 3A separated from the carrier rocket 26 and 31 minutes after launch respectively, into a Geosynchronous transfer orbit.",wn-0318:7:185,launch,185,,,TIME:31 minutes,,,,False,0.55
wn-0318,11,launch,launch,,,2008,"This is the 30th orbital launch of 2008, and the third to be conducted by an Ariane 5 rocket.",wn-0318:11:286,launch,286,,,DATE:2008,,,,False,0.55
wn-0318,13,launch,launch,,an Ariane rocket,,It is also the 25th successful launch of an Ariane rocket.,wn-0318:13:329,launch,329,,,,,,,False,0.55
wn-0318,14,launch,launch,,,V184,"The flight designation for the launch was V184, and the serial number of the rocket used was 540.",wn-0318:14:340,launch,340,,,DATE:V184,,,,False,0.55
wn-0318,15,launch,launch,,Ariane 5,early July,"The next Ariane 5 launch will occur in early July, with the Badr 6 and ProtoStar-1 satellites.",wn-0318:15:359,launch,359,,SPACECRAFT:Ariane 5,DATE:early July,,,,False,0.75
wn-0318,16,launch,launch,,,,"Speaking before launch, Arianespace Chairman Jean-Yves Le Gall described the mission as a ""very important launch for us"".",wn-0318:16:377,launch,377,,,,,,,False,0.5
wn-0318,16,launch,launch,,,,"Speaking before launch, Arianespace Chairman Jean-Yves Le Gall described the mission as a ""very important launch for us"".",wn-0318:16:394,launch,394,,,,,,,False,0.5
wn-0318,17,launch,launch,,,,"Following launch, he said that he was ""very happy to share this success with you"", and that Arianespace could make a ""guarantee to Europe's governments of their assured access to space"".",wn-0318:17:400,launch,400,,,,,,,False,0.5
wn-0318,18,launch,launch,Arianespace,,,"He commented on the fact that this was Arianespace's 25th consecutive successful launch, saying that this achievement ""truly demands respect"".",wn-0318:18:451,launch,451,ORG:Arianespace,,,,,,False,0.6
wn-0318,19,launch,launch,,,,"Patrick Wood, the Skynet 5C programme director at Paradigm Secure Communications described the launch as ""another great achievement, and another major milestone"", and that ""we are extremely proud of it"".",wn-0318:19:478,launch,478,,,,,,,False,0.5
wn-0318,21,launch,launch,,,,"Binali Yildirim, Turkey's Minister of Transportation, made a speech via telephone, thanking Arianespace for the launch.",wn-0318:21:551,launch,551,,,,,,,False,0.5
wn-0319,0,launch,launched,a Russian Kosmos-3M carrier rocket,Six Orbcomm satellites,,Six Orbcomm satellites have been launched by a Russian Kosmos-3M carrier rocket.,wn-0319:0:5,launch,5,,,,,,,False,0.6
wn-0319,1,launch,launch,,,,"Lift-off, from Site 107 at the Kapustin Yar launch site in South-West Russia, occurred at 06:36:28 GMT.",wn-0319:1:25,launch,25,,,,,,,False,0.5
wn-0319,2,launch,launch,,,April 1999,This is the first orbital launch to occur from Kapustin Yar since April 1999.,wn-0319:2:43,launch,43,,,DATE:April 1999,,,,False,0.55
wn-0319,4,launch,launched,The satellites,a technology demonstration spacecraft,today,"The satellites launched today were five Quick Launch satellites, and a technology demonstration spacecraft which will be operated in conjunction with the United States Coastguard.",wn-0319:4:73,launch,73,,,DATE:today,,,,False,0.65
wn-0319,5,launch,launched,,A seventh satellite,,"A seventh satellite, Ufa State University's UGATUSAT nanosatellite, was originally scheduled to be launched, but was moved to a later launch aboard a Soyuz-2 rocket for unknown reasons.",wn-0319:5:114,launch,114,,,,,,,False,0.6
wn-0319,5,launch,launch,,,,"A seventh satellite, Ufa State University's UGATUSAT nanosatellite, was originally scheduled to be launched, but was moved to a later launch aboard a Soyuz-2 rocket for unknown reasons.",wn-0319:5:122,launch,122,,,,,,,False,0.5
wn-0319,6,launch,launch,,,,"The launch was conducted by COSMOS International, a Russo-German organisation, and Russia's Strategic Rocket Forces.",wn-0319:6:132,launch,132,,,,,,,False,0.5
wn-0319,7,launch,launch,,,2008,"This is the 31th orbital launch of 2008, and the second of which to have been conducted by a Kosmos-3M rocket.",wn-0319:7:158,launch,158,,,DATE:2008,,,,False,0.55
wn-0319,8,launch,launch,,,the end of July,"The next Kosmos-3M launch is currently scheduled for the end of July, when the SAR-Lupe 5 satellite will be placed into orbit.",wn-0319:8:181,launch,181,,,DATE:end of July,,,,False,0.55
wn-0320,0,launch,launched,,The Ocean Surface Topography Mission,,"The Ocean Surface Topography Mission (OSTM), or Jason-2, satellite, has been launched into low Earth orbit.",wn-0320:0:16,launch,16,,,,,,,False,0.6
wn-0320,1,launch,lifted off,,A Delta II rocket,07:46 GMT this morning,"A Delta II rocket carrying the satellite lifted off from Space Launch Complex 2W at the Vandenberg Air Force Base in California, United States, at 07:46 GMT this morning.",wn-0320:1:29,lift,29,,,TIME:07:46 GMT this morning,at,,,False,0.65
wn-0320,6,launch,launch,,,,The exact launch time was 07:46:25.192 GMT.,wn-0320:6:134,launch,134,,,,,,,False,0.5
wn-0320,7,launch,launch,,a Delta II carrier rocket,this year,"This is the third launch of a Delta II carrier rocket to be conducted so far this year, and the 137th overall.",wn-0320:7:145,launch,145,,,DATE:this year,,,,False,0.6
wn-0320,8,launch,launch,,Delta II,mid-late August,"The next Delta II is scheduled to launch in mid-late August, with the GeoEye-1 civilian imagery satellite, however A GPS satellite launch which was delayed from mid July to an unconfirmed date could potentially occur before this.",wn-0320:8:172,launch,172,,SPACECRAFT:Delta II,DATE:mid-late August,in,,,False,0.8
wn-0320,8,launch,launch,,GPS satellite,mid July,"The next Delta II is scheduled to launch in mid-late August, with the GeoEye-1 civilian imagery satellite, however A GPS satellite launch which was delayed from mid July to an unconfirmed date could potentially occur before this.",wn-0320:8:190,launch,190,,,DATE:mid July,,,,False,0.6
wn-0320,8,delay,delayed,,which,mid July,"The next Delta II is scheduled to launch in mid-late August, with the GeoEye-1 civilian imagery satellite, however A GPS satellite launch which was delayed from mid July to an unconfirmed date could potentially occur before this.",wn-0320:8:193,delay,193,,,DATE:mid July,from,,,False,0.65
wn-0320,9,launch,launch,,,2008,This is the 32nd orbital launch of 2008.,wn-0320:9:212,launch,212,,,DATE:2008,,,,False,0.55
wn-0321,0,discovery,found,they,ice,June 15,"White 'chunks' that were photographed by the Phoenix lander on Mars on June 15 after digging a trench, have disappeared, leading scientists to believe they most certainly found ice on the Red Planet.",wn-0321:0:31,find,31,,,DATE:June 15,,,,False,0.65
wn-0321,5,landing,landing,,,the 20th Martian day,"The chunks were left at the bottom of a trench informally called ""Dodo-Goldilocks"" when Phoenix's Robotic Arm enlarged that trench on June 15, during the 20th Martian day, or sol, since landing.",wn-0321:5:143,land,143,,,DATE:20th Martian day,,,,False,0.6
wn-0321,7,discovery,uncovering,,an icy layer,,Digging in a different trench Phoenix's robotic Arm connected with a hard surface that has scientists excited about the prospect of next uncovering an icy layer.,wn-0321:7:185,uncover,185,,,,,,,False,0.6
wn-0321,8,discovery,uncovered,We,a hard layer,,"""We have dug a trench and uncovered a hard layer at the same depth as the ice layer in our other trench,"" said Washington University robotic arm investigator for Phoenix, Ray Arvidson.",wn-0321:8:198,uncover,198,,,,,,,False,0.6
wn-0322,1,landing,landed,,which,May 25,"The Phoenix lander, which landed on Mars on May 25, has confirmed to NASA scientists that the white substance it found while digging a trench on June 15 is water ice.",wn-0322:1:23,land,23,,,DATE:May 25,on,Mars,CELESTIAL:Mars,False,0.65
wn-0322,1,discovery,found,it,,June 15,"The Phoenix lander, which landed on Mars on May 25, has confirmed to NASA scientists that the white substance it found while digging a trench on June 15 is water ice.",wn-0322:1:40,find,40,,,DATE:June 15,,,,False,0.6
wn-0322,2,discovery,found,we,proof,today,"""It is with great pride and a lot of joy that I announce today that we have found proof that this hard bright material is really water ice and not some other substance,"" said Peter Smith, the primary investigator for Phoenix, at the University of Arizona in Tucson, Arizona.",wn-0322:2:71,find,71,,,DATE:today,,,,False,0.65
wn-0322,3,landing,landing,,,the 20th Martian day,"The chunks were left at the bottom of a trench informally called ""Dodo-Goldilocks"" when Phoenix's Robotic Arm enlarged that trench on June 15, during the 20th Martian day, or sol, since landing.",wn-0322:3:149,land,149,,,DATE:20th Martian day,,,,False,0.6
wn-0322,8,discovery,find out,They,,,"They plan to test it for signs of organic material and minerals, and hope to find out if the ice was ever a liquid which could have supported microbial life.",wn-0322:8:275,find,275,,,,,,,False,0.55
wn-0322,12,discovery,discovered,the ESA's Mars Express spacecraft,ice deposits,June 2007,In June 2007 the ESA's Mars Express spacecraft discovered ice deposits in the South Pole of Mars that are larger than the state of Texas.,wn-0322:12:385,discover,385,,,DATE:June 2007,in,,,False,0.65
wn-0323,1,discovery,discovery,,their,,"Scientists at NASA or the National Aeronautics and Space Administration claimed that they were ""flabbergasted"" by their discovery on the possibility that life could grow on Martian soil.",wn-0323:1:45,discovery,45,,,,,,,False,0.55
wn-0323,5,discovery,discovery,,their,,"The project did not elaborate any further if there was indeed life on Mars, down to the microbe level and instead stated that their discovery was only preliminary and more analysis will be needed.",wn-0323:5:137,discovery,137,,,,,,,False,0.55
wn-0323,8,discovery,discovery,,,,The discovery was made after the Mars Phoenix Lander scooped up Martian soil for analysis.,wn-0323:8:186,discovery,186,,,,,,,False,0.5
wn-0323,9,landing,touched down,,The lander,"May 25, 2008","The lander touched down on Mars on May 25, 2008 and has been conducting several survey projects.",wn-0323:9:203,touch,203,,,"DATE:May 25, 2008",on,Mars,CELESTIAL:Mars,False,0.65
wn-0324,1,discovery,observation,,the unusual shape,1984,The report released by the magazine Nature explains the 1984 observation of the unusual shape of Mars terrain in the northern hemisphere against the southern hemisphere.,wn-0324:1:46,observation,46,,,DATE:1984,,,,False,0.6
wn-0325,0,launch,launched,,a Block DM-3 upper stage,yesterday,"At 23:59 GMT yesterday, a Russian Proton rocket, with a Block DM-3 upper stage, launched from Site 81/24 at the Baikonur Cosmodrome in Kazakhstan, placing a Prognoz satellite for the Russian Ministry of Defence into a geosynchronous orbit.",wn-0325:0:17,launch,17,,,DATE:yesterday,,Baikonur Cosmodrome,FAC:Baikonur Cosmodrome,False,0.65
wn-0325,1,discovery,detection,,missile,,"Prognoz satellites are used for missile detection, as a defence against nuclear attacks.",wn-0325:1:49,detection,49,,,,,,,False,0.55
wn-0325,2,launch,launch,,,,The Proton-K configuration was used for this launch.,wn-0325:2:68,launch,68,,,,,,,False,0.5
wn-0325,5,launch,launches,,,several years,"The modernised Proton-M, which will replace it, has been in use for commercial launches for several years, and made its first military launch last December.",wn-0325:5:125,launch,125,,,DATE:several years,,,,False,0.55
wn-0325,5,launch,launch,,,last December,"The modernised Proton-M, which will replace it, has been in use for commercial launches for several years, and made its first military launch last December.",wn-0325:5:135,launch,135,,,DATE:last December,,,,False,0.55
wn-0325,6,launch,launch,,Proton,March,"This is the first launch of a Proton since a failure in March, which left the AMC-14 satellite stranded in a useless orbit.",wn-0325:6:144,launch,144,,SPACECRAFT:Proton,DATE:March,,,,False,0.75
wn-0325,6,failure,failure,,,March,"This is the first launch of a Proton since a failure in March, which left the AMC-14 satellite stranded in a useless orbit.",wn-0325:6:150,failure,150,,,DATE:March,in,,,False,0.55
wn-0325,7,failure,malfunction,,,today,"The Briz-M upper stage, whose malfunction resulted in the launch failure, was not used in today's launch, with an older Block DM stage being flown instead.",wn-0325:7:173,malfunction,173,,,DATE:today,,,,False,0.55
wn-0325,7,launch,launch,,,today,"The Briz-M upper stage, whose malfunction resulted in the launch failure, was not used in today's launch, with an older Block DM stage being flown instead.",wn-0325:7:177,launch,177,,,DATE:today,,,,False,0.55
wn-0325,7,failure,failure,,launch,today,"The Briz-M upper stage, whose malfunction resulted in the launch failure, was not used in today's launch, with an older Block DM stage being flown instead.",wn-0325:7:178,failure,178,,,DATE:today,,,,False,0.6
wn-0325,7,launch,launch,,,today,"The Briz-M upper stage, whose malfunction resulted in the launch failure, was not used in today's launch, with an older Block DM stage being flown instead.",wn-0325:7:186,launch,186,,,DATE:today,,,,False,0.55
wn-0325,10,launch,launch,,,the 33rd of 2008,"The launch is the 33rd of 2008, and the 335th flight of a Proton rocket.",wn-0325:10:269,launch,269,,,DATE:33rd of 2008,,,,False,0.55
wn-0325,11,launch,launch,,Proton,July,"The next Proton launch is currently planned for July, when a Proton-M with a Block DM-2 upper stage will launch three GLONASS navigation satellites.",wn-0325:11:288,launch,288,,SPACECRAFT:Proton,DATE:July,,,,False,0.75
wn-0325,11,launch,launch,a Proton-M,three GLONASS navigation satellites,July,"The next Proton launch is currently planned for July, when a Proton-M with a Block DM-2 upper stage will launch three GLONASS navigation satellites.",wn-0325:11:307,launch,307,,,DATE:July,,,,False,0.65
wn-0326,1,launch,launched,,The probe,October 1990,"The probe was launched aboard Space Shuttle Discovery, in October 1990.",wn-0326:1:21,launch,21,,,DATE:October 1990,in,,,False,0.65
wn-0326,5,discovery,discoveries,,,,"It made several significant discoveries, including that the density of dust particles in the solar wind was over 30 times what scientists had expected, and that the solar magnetic field was weaker, and more complex, than expected.",wn-0326:5:96,discovery,96,,,,,,,False,0.5
wn-0326,6,failure,failed,,several major systems,the last few years,"Over the last few years, the spacecraft has started to show its age, and several major systems have failed.",wn-0326:6:155,fail,155,,,DATE:last few years,,,,False,0.65
wn-0326,8,failure,fail,,the main power system,,"When the main power system started to fail, the decision was taken to retire the spacecraft before its propellant froze, making it completely inoperable.",wn-0326:8:211,fail,211,,,,,,,False,0.6
wn-0326,11,launch,launched,,which,just six months earlier,"Its seventeen year mission duration made it one of the oldest spacecraft in service at the time of its retirment, along with the Hubble Space Telescope, which was launched just six months earlier, the Voyager probes, and the much older Pioneer Solar probes.",wn-0326:11:291,launch,291,,,DATE:just six months earlier,,,,False,0.65
wn-0327,0,launch,launched,An Ariane 5ECA rocket,two satellites,,An Ariane 5ECA rocket has successfully launched two satellites.,wn-0327:0:6,launch,6,,,,,,,False,0.6
wn-0327,1,launch,lifted off,,The European carrier rocket,21:47 GMT this evening,"The European carrier rocket lifted off from ELA-3 (Launch Area 3) at the Guiana Space Centre in French Guiana, South America, at 21:47 GMT this evening, carrying the ProtoStar-1 and Badr-6 spacecraft.",wn-0327:1:14,lift,14,,,TIME:21:47 GMT this evening,at,Guiana Space Centre,FAC:Guiana Space Centre,False,0.65
wn-0327,1,launch,Launch,,,21:47 GMT this evening,"The European carrier rocket lifted off from ELA-3 (Launch Area 3) at the Guiana Space Centre in French Guiana, South America, at 21:47 GMT this evening, carrying the ProtoStar-1 and Badr-6 spacecraft.",wn-0327:1:19,launch,19,,,TIME:21:47 GMT this evening,,,,False,0.55
wn-0327,6,launch,launch,,,,"The satellite was originally named ChinaSat-8, and intended for launch on a Long March 3B carrier rocket by the Chinese satellite operator ChinaSat; this was cancelled due to US ITAR export regulations, with the uncompleted satellite being transferred to ProtoStar.",wn-0327:6:137,launch,137,,,,,,,False,0.5
wn-0327,6,failure,cancelled,,this,,"The satellite was originally named ChinaSat-8, and intended for launch on a Long March 3B carrier rocket by the Chinese satellite operator ChinaSat; this was cancelled due to US ITAR export regulations, with the uncompleted satellite being transferred to ProtoStar.",wn-0327:6:154,cancel,154,,,,,,,False,0.6
wn-0327,11,failure,lost,,which,early 2006,"Badr-6, which is also designated Arabsat-4C, was built to replace the Arabsat-4A satellite which was lost in a Proton launch failure during early 2006.",wn-0327:11:259,lose,259,,,DATE:early 2006,during,,,False,0.65
wn-0327,11,launch,launch,,,early 2006,"Badr-6, which is also designated Arabsat-4C, was built to replace the Arabsat-4A satellite which was lost in a Proton launch failure during early 2006.",wn-0327:11:263,launch,263,,,DATE:early 2006,,,,False,0.55
wn-0327,11,failure,failure,,Proton,early 2006,"Badr-6, which is also designated Arabsat-4C, was built to replace the Arabsat-4A satellite which was lost in a Proton launch failure during early 2006.",wn-0327:11:264,failure,264,,SPACECRAFT:Proton,DATE:early 2006,,,,False,0.75
wn-0327,13,launch,launch,,,,There are several different types of adapter; the Sylda-5 configuration was used on this launch.,wn-0327:13:318,launch,318,,,,,,,False,0.5
wn-0327,14,launch,launched,,ProtoStar-1,,"ProtoStar-1 was launched in the upper position, mated to the Sylda adapter, whilst Badr-6 was in lower position, directly integrated onto the second stage of the carrier rocket.",wn-0327:14:322,launch,322,,,,,,,False,0.6
wn-0327,15,launch,launch,,,just over 27 minutes,"ProtoStar-1 separated from the carrier rocket just over 27 minutes after launch, followed by the Sylda adapter about 90 seconds later, and Badr-6 just under 36 minutes into the flight.",wn-0327:15:363,launch,363,,,TIME:just over 27 minutes,,,,False,0.55
wn-0327,16,launch,launch,,,,"Following confirmation of successful deployment of the satellites, Jean Yves Le Gall, the Chairman and Chief Executive of Arianespace, thanked the launch team for the successful launch.",wn-0327:16:410,launch,410,,,,,,,False,0.5
wn-0327,16,launch,launch,,,,"Following confirmation of successful deployment of the satellites, Jean Yves Le Gall, the Chairman and Chief Executive of Arianespace, thanked the launch team for the successful launch.",wn-0327:16:415,launch,415,,,,,,,False,0.5
wn-0327,18,launch,launch,,,,"Phillip Father, the President of ProtoStar, thanked Arianespace for the launch, and also thanked the ""many people who have touched us and helped us out"".",wn-0327:18:452,launch,452,,,,,,,False,0.5
wn-0327,21,launch,launches,,,,"He also referred to an unofficial Arianespace slogan, ""launches speak louder than words"", saying that ""we heard you loud and clear"".",wn-0327:21:527,launch,527,,,,,,,False,0.5
wn-0327,22,launch,launch,,,late June,"The launch had previously been scheduled for late June, however delays with the previous Ariane launch caused it to be rescheduled for last Friday evening, from where it was delayed in order to replace part of an electrical connection between the rocket and mobile launch platform.",wn-0327:22:547,launch,547,,,DATE:late June,,,,False,0.55
wn-0327,22,delay,delays,,,late June,"The launch had previously been scheduled for late June, however delays with the previous Ariane launch caused it to be rescheduled for last Friday evening, from where it was delayed in order to replace part of an electrical connection between the rocket and mobile launch platform.",wn-0327:22:557,delay,557,,,DATE:late June,,,,False,0.55
wn-0327,22,launch,launch,,Ariane,last Friday,"The launch had previously been scheduled for late June, however delays with the previous Ariane launch caused it to be rescheduled for last Friday evening, from where it was delayed in order to replace part of an electrical connection between the rocket and mobile launch platform.",wn-0327:22:562,launch,562,,PERSON:Ariane,DATE:last Friday,,,,False,0.75
wn-0327,22,delay,rescheduled,,it,evening,"The launch had previously been scheduled for late June, however delays with the previous Ariane launch caused it to be rescheduled for last Friday evening, from where it was delayed in order to replace part of an electrical connection between the rocket and mobile launch platform.",wn-0327:22:567,reschedule,567,,,TIME:evening,for,,,False,0.65
wn-0327,22,delay,delayed,,it,evening,"The launch had previously been scheduled for late June, however delays with the previous Ariane launch caused it to be rescheduled for last Friday evening, from where it was delayed in order to replace part of an electrical connection between the rocket and mobile launch platform.",wn-0327:22:577,delay,577,,,TIME:evening,,,,False,0.65
wn-0327,22,launch,launch,,,evening,"The launch had previously been scheduled for late June, however delays with the previous Ariane launch caused it to be rescheduled for last Friday evening, from where it was delayed in order to replace part of an electrical connection between the rocket and mobile launch platform.",wn-0327:22:592,launch,592,,,TIME:evening,,,,False,0.55
wn-0327,23,launch,launch,,,2008,"This was the 34th launch of 2008, and the fourth to be conducted by an Ariane 5.",wn-0327:23:599,launch,599,,,DATE:2008,,,,False,0.55
wn-0327,24,launch,launch,,Ariane 5,the 15th,"This marked the 40th launch of an Ariane 5, and the 15th of the ECA configuration.",wn-0327:24:618,launch,618,,SPACECRAFT:Ariane 5,DATE:15th,,,,False,0.75
wn-0327,25,launch,launch,,,early August,"The next Ariane launch is scheduled for early August, with the Superbird 7 and AMC-21 spacecraft.",wn-0327:25:635,launch,635,,,DATE:early August,,,,False,0.55
wn-0328,0,launch,launched,,the Echostar XI satellite,this morning,"At 05:20:59 GMT this morning, the Echostar XI satellite was successfully launched into a geosynchronous transfer orbit atop a Zenit-3SL carrier rocket.",wn-0328:0:12,launch,12,,,TIME:this morning,,GMT,ORG:GMT,False,0.65
wn-0328,1,launch,Launch,,,,Launch occurred from the Ocean Odyssey launch platform in the Pacific Ocean.,wn-0328:1:24,launch,24,,,,,,,False,0.5
wn-0328,1,launch,launch,,,,Launch occurred from the Ocean Odyssey launch platform in the Pacific Ocean.,wn-0328:1:30,launch,30,,,,,,,False,0.5
wn-0328,2,launch,launch,,,,"The launch was conducted by Sea Launch, a partnership between companies in Norway, Russia, Ukraine and the United States.",wn-0328:2:38,launch,38,,,,,,,False,0.5
wn-0328,6,launch,launched,,The last DISH satellite,earlier this year,"The last DISH satellite to be launched, AMC-14 was lost in a launch failure involving the upper stage of its Proton carrier rocket, earlier this year.",wn-0328:6:120,launch,120,,,DATE:earlier this year,,,,False,0.65
wn-0328,6,failure,lost,,The last DISH satellite,earlier this year,"The last DISH satellite to be launched, AMC-14 was lost in a launch failure involving the upper stage of its Proton carrier rocket, earlier this year.",wn-0328:6:124,lose,124,,,DATE:earlier this year,,,,False,0.65
wn-0328,6,launch,launch,,,earlier this year,"The last DISH satellite to be launched, AMC-14 was lost in a launch failure involving the upper stage of its Proton carrier rocket, earlier this year.",wn-0328:6:127,launch,127,,,DATE:earlier this year,,,,False,0.55
wn-0328,6,failure,failure,,launch,earlier this year,"The last DISH satellite to be launched, AMC-14 was lost in a launch failure involving the upper stage of its Proton carrier rocket, earlier this year.",wn-0328:6:128,failure,128,,,DATE:earlier this year,,,,False,0.6
wn-0328,12,launch,launch,,,,"Speaking after the launch, newly appointed Sea Launch President Kjell Karlsen described the launch as ""perfect"".",wn-0328:12:240,launch,240,,,,,,,False,0.5
wn-0328,12,launch,launch,,,,"Speaking after the launch, newly appointed Sea Launch President Kjell Karlsen described the launch as ""perfect"".",wn-0328:12:251,launch,251,,,,,,,False,0.5
wn-0328,15,launch,launch,,,tonight,"Rohan Zaven, the Vice President of space programmes at DISH Network thanked Sea Launch for the launch, telling viewers that ""what you saw tonight was another flawless mission from these guys"".",wn-0328:15:320,launch,320,,,TIME:tonight,,,,False,0.55
wn-0328,17,launch,launch,,,2008,This is the thirty-fifth orbital launch of 2008.,wn-0328:17:383,launch,383,,,DATE:2008,,,,False,0.55
wn-0328,18,launch,Launch,,Sea,the year,"It is also the fourth Sea Launch mission of the year, and the fifth Zenit launch.",wn-0328:18:393,launch,393,,,DATE:year,,,,False,0.6
wn-0328,18,launch,launch,,Zenit,the year,"It is also the fourth Sea Launch mission of the year, and the fifth Zenit launch.",wn-0328:18:403,launch,403,,SPACECRAFT:Zenit,DATE:year,,,,False,0.75
wn-0328,19,launch,launch,,Zenit,,It is the 67th overall Zenit launch.,wn-0328:19:411,launch,411,,SPACECRAFT:Zenit,,,,,False,0.7
wn-0329,0,discovery,observing,the world's largest telescope,our solar system,nearly half a century,"For nearly half a century the world's largest telescope, the Arecibo Observatory in Arecibo, Puerto Rico, has been observing our solar system and the universe around it.",wn-0329:0:22,observe,22,,,DATE:nearly half a century,for,,,False,0.65
wn-0329,1,discovery,observe,it,objects,1963,"Completed by Cornell University along with the National Science Foundation (NSF) in 1963, Arecibo's enormous size gives it the ability to collect more light than any other telescope, allowing it to observe objects that are too faint for other radio telescopes to see.",wn-0329:1:68,observe,68,,,DATE:1963,,,,False,0.65
wn-0329,8,failure,loss,,,2009,"To counter that loss, the United States House of Representatives passed a bill that would authorize NASA to spend at least 2 million dollars of their nearly $21 billion budget to fund portions of Arecibo until 2009.",wn-0329:8:241,loss,241,,,DATE:2009,,,,False,0.55
wn-0329,9,failure,loss,,,,"But that still leaves more than half of the loss to be recovered, and if something isn't done soon the facility will be closed by 2011 &amp;mdash; or sooner if additional cuts are made.",wn-0329:9:287,loss,287,,,,,,,False,0.5
wn-0329,11,discovery,Detection,,Light,,It also has an on-site remote sensing LIDAR (Light Detection and Ranging) system to detect light and range of a given object in space.,wn-0329:11:345,detection,345,,,,,,,False,0.55
wn-0329,11,discovery,detect,an on-site remote sensing LIDAR (Light Detection and Ranging) system,light,,It also has an on-site remote sensing LIDAR (Light Detection and Ranging) system to detect light and range of a given object in space.,wn-0329:11:351,detect,351,,,,,,,False,0.6
wn-0329,13,discovery,discoveries,,,,"Since then, several projects, programs and discoveries were made possible because of the telescope.",wn-0329:13:385,discovery,385,,,,,,,False,0.5
wn-0329,16,discovery,discover,Aleksander Wolszczan,pulsar PSR B1257,+12,"In 1992 Aleksander Wolszczan, an astronomer from Poland used Arecibo to discover pulsar PSR B1257+12 which then led him to discover the first three extrasolar planets in history, and possibly a comet.",wn-0329:16:444,discover,444,PERSON:Aleksander Wolszczan,ORG:pulsar PSR B1257,DATE:+12,,,,False,0.9
wn-0329,16,discovery,discover,which,the first three extrasolar planets,+12,"In 1992 Aleksander Wolszczan, an astronomer from Poland used Arecibo to discover pulsar PSR B1257+12 which then led him to discover the first three extrasolar planets in history, and possibly a comet.",wn-0329:16:455,discover,455,,,DATE:+12,,,,False,0.65
wn-0329,19,discovery,observe,all connected telescopes,the exact same spot,,This allows all connected telescopes to observe the exact same spot in the sky giving scientists images 100 times better than any single telescope on Earth.,wn-0329:19:543,observe,543,,,,,,,False,0.6
wn-0329,22,discovery,find,its ongoing attempt,,,Perhaps the most well known use of Arecibo is its ongoing attempt to find and or communicate with extraterrestrial life.,wn-0329:22:608,find,608,,,,,,,False,0.55
wn-0329,23,launch,launched,,The popular distributed computing SETI@home project,1999,"The popular distributed computing SETI@home project launched in 1999 (started by scientists at the University of California, Berkeley), uses Arecibo on a daily basis to record radio data.",wn-0329:23:622,launch,622,,,DATE:1999,in,,,False,0.65
wn-0329,24,discovery,find,SETI@home users,a message,,"SETI@home users from around the world can then donate computer time to analyze the data for potential artificial signals, and maybe some day find a message from another intelligent civilization.",wn-0329:24:673,find,673,,,,,,,False,0.6
wn-0329,30,discovery,find,SETI@home,an alternative science source,2011,"""About two years ago, NSF decided that because of additional funding problems Arecibo would have to close in 2011 with substantial budget cuts before then,"" added Korpela who also said the he is sure that SETI@home and SERNDIP V could find an alternative science source, but nothing as powerful and as sensitive as Arecibo.",wn-0329:30:867,find,867,ORG:SETI@home,,DATE:2011,,,,False,0.75
wn-0329,32,discovery,find,SETI@home,another telescope,,"""I'm certain the both SETI@home and SERENDIP V would find another telescope to use.",wn-0329:32:918,find,918,,,,,,,False,0.6
wn-0329,43,discovery,identified,Committee,areas,,"""The Administration shares the priority the Senate Committee affords basic research and fundamental science and education at NSF, but is concerned that the bill does not fully support the President's request,"" stated the bill which also added that ""the Committee has identified areas, such as facilities oversight, that need increased investment to maintain NSF's efficient operations"" and that the NSF didn't ""provide a full request for salaries and expenses that would allow NSF to continue to perform to high standards.",wn-0329:43:1306,identify,1306,ORG:Committee,,,,,,False,0.7
wn-0329,50,discovery,find,we,an alternative telescope,,"If we can't find an alternative telescope after an Arecibo shutdown, the project would end once the existing data was analyzed.",wn-0329:50:1560,find,1560,,,,,,,True,0.6
wn-0329,57,discovery,discovery,,,,"""The SR endorses its future discovery potential and archival value.",wn-0329:57:1727,discovery,1727,,,,,,,False,0.5
wn-0329,59,discovery,found,,the committee,the end of the decade,"""However, the committee was not persuaded of the primacy of the science program beyond the end of the decade and found that the case for long term support at the present level was not as strong as that for other facilities.",wn-0329:59:1803,find,1803,,,DATE:end of the decade,,,,False,0.65
wn-0329,67,discovery,find,Cornell,the additional funds,FY 2011,"It also recommended that there be a further 50% reduction in FY 2011 and that Cornell must find the additional funds needed to operate Arecibo from other sources.""",wn-0329:67:2088,find,2088,ORG:Cornell,,DATE:FY 2011,,,,False,0.75
wn-0330,0,launch,launched,A Kosmos-3M carrier rocket,the SAR-Lupe 5 satellite,,"A Kosmos-3M carrier rocket has successfully launched the SAR-Lupe 5 satellite, the fifth and final member of the German SAR-Lupe surveillance satellite system.",wn-0330:0:7,launch,7,,,,,,,False,0.6
wn-0330,1,launch,lifted off,,The rocket,02:20 GMT this morning,The rocket lifted off from the Plesetsk Cosmodrome in Northern Russia at 02:20 GMT this morning.,wn-0330:1:32,lift,32,,,TIME:02:20 GMT this morning,at,Plesetsk Cosmodrome,FAC:Plesetsk Cosmodrome,False,0.65
wn-0330,2,discovery,detect,The SAR-Lupe system,objects,,"The SAR-Lupe system uses Synthetic Aperture radar (SAR) to detect objects on the ground, even when it is too dark or cloudy for optical reconnaissance.",wn-0330:2:60,detect,60,,,,,,,False,0.6
wn-0330,3,launch,launched,,which,the last two years,"The SAR-Lupe system consists of five satellites, which have been launched over the last two years.",wn-0330:3:92,launch,92,,,DATE:last two years,,,,False,0.65
wn-0330,4,launch,launched,,The first satellite,mid-December 2006,"The first satellite was launched in mid-December 2006, and was followed by two more in 2007, in early July and November.",wn-0330:4:103,launch,103,,,DATE:mid-December 2006,in,,,False,0.65
wn-0330,5,launch,launched,,The fourth satellite,late March 2008,The fourth satellite was launched in late March 2008.,wn-0330:5:129,launch,129,,,DATE:late March 2008,in,,,False,0.65
wn-0330,8,launch,launch,,,2008,"This is the 36th orbital launch of 2008, the third of which to have been conducted by a Kosmos-3M. Overall, this is the 444th launch of a Kosmos-3M rocket.",wn-0330:8:179,launch,179,,,DATE:2008,,,,False,0.55
wn-0330,8,launch,launch,,a Kosmos-3M rocket,2008,"This is the 36th orbital launch of 2008, the third of which to have been conducted by a Kosmos-3M. Overall, this is the 444th launch of a Kosmos-3M rocket.",wn-0330:8:200,launch,200,,,DATE:2008,,,,False,0.6
wn-0330,9,launch,launch,,Kosmos,later this year,"The next Kosmos launch is expected to occur later this year, with a Parus navigation satellite, although it is currently unclear exactly when this launch will occur.",wn-0330:9:210,launch,210,,NORP:Kosmos,DATE:later this year,,,,False,0.75
wn-0330,9,launch,launch,,,later this year,"The next Kosmos launch is expected to occur later this year, with a Parus navigation satellite, although it is currently unclear exactly when this launch will occur.",wn-0330:9:233,launch,233,,,DATE:later this year,,,,False,0.55
wn-0331,2,discovery,identify,that,vapours,32°F,"The ice was confirmed by the use of an instrument that can identify vapours; a small sample of ice within Martian soil was heated until it melted at 0°C (32°F), the melting point for water.",wn-0331:2:48,identify,48,,,DATE:32°F,,,,False,0.65
wn-0331,8,landing,landed,,The Phoenix probe,May 25 of this year,"The Phoenix probe landed on Mars on May 25 of this year near the north pole of Mars, where the ice was discovered.",wn-0331:8:235,land,235,,,DATE:May 25 of this year,on,Mars,CELESTIAL:Mars,False,0.65
wn-0331,8,discovery,discovered,,the ice,May 25 of this year,"The Phoenix probe landed on Mars on May 25 of this year near the north pole of Mars, where the ice was discovered.",wn-0331:8:255,discover,255,,,DATE:May 25 of this year,,,,False,0.65
wn-0331,9,discovery,found,,The ice,,"The ice was found in a trench approximately 5cm deep referred to as ""Snow White"".",wn-0331:9:260,find,260,,,,,,,False,0.6
wn-0331,15,discovery,find,future missions,,,It will be for future missions to find if anyone is home on this environment.,wn-0331:15:416,find,416,,,,,,,False,0.55
wn-0332,0,failure,failed,,A SpaceX Falcon 1 rocket,,A SpaceX Falcon 1 rocket has failed during its third attempt to reach orbit.,wn-0332:0:6,fail,6,,,,,,,False,0.6
wn-0332,1,launch,lifted off,,the rocket,03:34 GMT this morning,"Over four years behind schedule, the rocket lifted off from Omelek Island, part of Kwajalein Atoll in the Marshall Islands, at 03:34 GMT this morning, carrying three technology development satellites, and the ashes of 208 people, including astronaut Gordon Cooper, and Star Trek actor James Doohan.",wn-0332:1:23,lift,23,,,TIME:03:34 GMT this morning,at,Omelek Island,LOC:Omelek Island,False,0.65
wn-0332,2,failure,failed,,the first and second stages,,"According to a statement issued by SpaceX CEO Elon Musk, the first and second stages of the rocket failed to separate, making this the third consecutive unsuccessful launch for the Falcon 1, which is yet to conduct a successful mission.",wn-0332:2:88,fail,88,,,,,,,False,0.6
wn-0332,2,launch,launch,,,,"According to a statement issued by SpaceX CEO Elon Musk, the first and second stages of the rocket failed to separate, making this the third consecutive unsuccessful launch for the Falcon 1, which is yet to conduct a successful mission.",wn-0332:2:98,launch,98,,,,,,,False,0.5
wn-0332,3,failure,failure,,,,"Musk described the failure as a ""big disappointment"".",wn-0332:3:116,failure,116,,,,,,,False,0.5
wn-0332,9,landing,landing,,,,"Director John Meredyth Lucas, who also worked on Star Trek, had some of his ashes on the flight as well, as did Mareta West an astrogeologist who was responsible for choosing the landing sites for the Apollo missions to the Moon.",wn-0332:9:286,landing,286,,,,,,,False,0.5
wn-0332,10,failure,failure,,a major orbital space burial mission,September 2001,"This is the second consecutive failure of a major orbital space burial mission, following a failed Taurus launch in September 2001.",wn-0332:10:301,failure,301,,,DATE:September 2001,,,,False,0.6
wn-0332,10,failure,failed,,a failed Taurus launch,September 2001,"This is the second consecutive failure of a major orbital space burial mission, following a failed Taurus launch in September 2001.",wn-0332:10:312,fail,312,,,DATE:September 2001,,,,False,0.65
wn-0332,10,launch,launch,,Taurus,September 2001,"This is the second consecutive failure of a major orbital space burial mission, following a failed Taurus launch in September 2001.",wn-0332:10:314,launch,314,,PRODUCT:Taurus,DATE:September 2001,in,,,False,0.75
wn-0332,11,launch,launched,,a single burial capsule,2006,"The last successful major orbital space burial was conducted in December 1999, although a single burial capsule was launched aboard the New Horizons spacecraft in 2006.",wn-0332:11:338,launch,338,,,DATE:2006,in,,,False,0.65
wn-0332,12,launch,launch,,,early 2004,"This launch was originally planned to occur in early 2004, with the TacSat-1 satellite and the Explorers payload.",wn-0332:12:349,launch,349,,,DATE:early 2004,,,,False,0.55
wn-0332,14,delay,delays,,procurement,2005,"A number of procurement delays pushed it to 2005, and subsequent issues with the availability of Space Launch Complex 3 at Vandenberg AFB, from where it was originally scheduled to launch, led to the first attempts to launch being made in late 2005.",wn-0332:14:384,delay,384,,,DATE:2005,,,,False,0.6
wn-0332,14,launch,Launch,,Space,2005,"A number of procurement delays pushed it to 2005, and subsequent issues with the availability of Space Launch Complex 3 at Vandenberg AFB, from where it was originally scheduled to launch, led to the first attempts to launch being made in late 2005.",wn-0332:14:398,launch,398,,,DATE:2005,,,,False,0.6
wn-0332,14,launch,launch,,it,late 2005,"A number of procurement delays pushed it to 2005, and subsequent issues with the availability of Space Launch Complex 3 at Vandenberg AFB, from where it was originally scheduled to launch, led to the first attempts to launch being made in late 2005.",wn-0332:14:412,launch,412,,,DATE:late 2005,,,,False,0.65
wn-0332,14,launch,launch,,the first attempts,late 2005,"A number of procurement delays pushed it to 2005, and subsequent issues with the availability of Space Launch Complex 3 at Vandenberg AFB, from where it was originally scheduled to launch, led to the first attempts to launch being made in late 2005.",wn-0332:14:420,launch,420,,,DATE:late 2005,,,,False,0.65
wn-0332,15,failure,faulty,,a faulty valve,,"During the second attempted countdown, a faulty valve caused the first stage fuel tank to be deformed, leading to a delay.",wn-0332:15:434,faulty,434,,,,,,,False,0.55
wn-0332,15,delay,delay,,,,"During the second attempted countdown, a faulty valve caused the first stage fuel tank to be deformed, leading to a delay.",wn-0332:15:449,delay,449,,,,,,,False,0.5
wn-0332,16,launch,launched,,a flight,March 2006,"In March 2006, a flight which was originally scheduled to be conducted after this one, with the FalconSat-2 spacecraft, was launched as the maiden flight, and ended in failure less than a minute after lift-off due to a fuel leak.",wn-0332:16:475,launch,475,,,DATE:March 2006,in,,,False,0.65
wn-0332,16,failure,failure,,,less than a minute,"In March 2006, a flight which was originally scheduled to be conducted after this one, with the FalconSat-2 spacecraft, was launched as the maiden flight, and ended in failure less than a minute after lift-off due to a fuel leak.",wn-0332:16:484,failure,484,,,TIME:less than a minute,,,,False,0.55
wn-0332,17,delay,delays,,,,"This caused delays for all other Falcon launches, and a test flight without a functional payload was added to the schedule in order to ensure that the problems with the rocket had been resolved.",wn-0332:17:501,delay,501,,,,,,,False,0.5
wn-0332,17,launch,launches,,Falcon,,"This caused delays for all other Falcon launches, and a test flight without a functional payload was added to the schedule in order to ensure that the problems with the rocket had been resolved.",wn-0332:17:506,launch,506,,ORG:Falcon,,,,,False,0.7
wn-0332,18,launch,launched,,This,March 2007,"This was launched in March 2007, and also failed - this time due to a sequence of events started by human error in setting the fuel ratio for the first stage.",wn-0332:18:537,launch,537,,,DATE:March 2007,in,,,False,0.65
wn-0332,18,failure,failed,,This,March 2007,"This was launched in March 2007, and also failed - this time due to a sequence of events started by human error in setting the fuel ratio for the first stage.",wn-0332:18:544,fail,544,,,DATE:March 2007,,,,False,0.65
wn-0332,19,failure,failure,,,,"Despite the failure to reach orbit, most critical systems were tested, so the third flight was cleared to launch an operational payload.",wn-0332:19:570,failure,570,,,,,,,False,0.5
wn-0332,19,launch,launch,the third flight,an operational payload,,"Despite the failure to reach orbit, most critical systems were tested, so the third flight was cleared to launch an operational payload.",wn-0332:19:588,launch,588,,,,,,,False,0.6
wn-0332,20,launch,launched,,the satellite,,"In the meantime, the satellite that was to replace TacSat-1, TacSat-2, was launched, and TacSat-1 was subsequently cancelled as obsolete.",wn-0332:20:609,launch,609,,,,,,,False,0.6
wn-0332,20,failure,cancelled,,TacSat-1,,"In the meantime, the satellite that was to replace TacSat-1, TacSat-2, was launched, and TacSat-1 was subsequently cancelled as obsolete.",wn-0332:20:615,cancel,615,,,,,,,False,0.6
wn-0332,21,launch,launch,,,a few weeks,"During early 2008, the US Air Force announced that they would replace it with a satellite for a programme called Jumpstart, which would be selected a few weeks before launch.",wn-0332:21:650,launch,650,,,DATE:few weeks,,,,False,0.55
wn-0332,23,launch,launch,,,late June,"The launch was at that time scheduled for late June, but it was subsequently delayed due to small cracks in one of the rocket's engines.",wn-0332:23:673,launch,673,,,DATE:late June,,,,False,0.55
wn-0332,23,delay,delayed,,it,late June,"The launch was at that time scheduled for late June, but it was subsequently delayed due to small cracks in one of the rocket's engines.",wn-0332:23:687,delay,687,,,DATE:late June,,,,False,0.65
wn-0332,24,launch,launch,,,Today,"Today's launch followed an eventful countdown, lasting almost to the end of the five hour launch window, with the loading of helium onto the rocket taking longer than expected, and requiring several long holds.",wn-0332:24:703,launch,703,,,DATE:Today,,,,False,0.55
wn-0332,24,launch,launch,,,the five hour,"Today's launch followed an eventful countdown, lasting almost to the end of the five hour launch window, with the loading of helium onto the rocket taking longer than expected, and requiring several long holds.",wn-0332:24:718,launch,718,,,TIME:five hour,,,,False,0.55
wn-0332,25,launch,launch,,an attempt,03:00 GMT,"Following this, an attempt to launch was made at 03:00 GMT, which resulted in a last-second abort at T-0, just after ignition of the main engine, due to a marginal performance issue with the turbopump.",wn-0332:25:746,launch,746,,,TIME:03:00 GMT,,,,False,0.65
wn-0332,25,failure,abort,,,a last-second,"Following this, an attempt to launch was made at 03:00 GMT, which resulted in a last-second abort at T-0, just after ignition of the main engine, due to a marginal performance issue with the turbopump.",wn-0332:25:760,abort,760,,,DATE:last-second,,T-0,GPE:T-0,False,0.55
wn-0332,26,launch,launch,,,34 minutes later,"The launch was recycled, and the rocket lifted off 34 minutes later.",wn-0332:26:783,launch,783,,,TIME:34 minutes later,,,,False,0.55
wn-0332,26,launch,lifted off,,the rocket,34 minutes later,"The launch was recycled, and the rocket lifted off 34 minutes later.",wn-0332:26:790,lift,790,,,TIME:34 minutes later,,,,False,0.65
wn-0332,28,launch,launches,,,,"The new version, named Merlin-1C, features regenerative cooling as opposed to ablative cooling used on the earlier launches.",wn-0332:28:836,launch,836,,,,,,,False,0.5
wn-0332,29,failure,failure,,the launch,,"It is believed that the failure of the launch was unrelated to the presence of the new engine, the performance of which was described as ""picture-perfect"" by Elon Musk, the CEO of SpaceX.",wn-0332:29:843,failure,843,,,,,,,False,0.55
wn-0332,29,launch,launch,,,,"It is believed that the failure of the launch was unrelated to the presence of the new engine, the performance of which was described as ""picture-perfect"" by Elon Musk, the CEO of SpaceX.",wn-0332:29:846,launch,846,,,,,,,False,0.5
wn-0332,30,launch,launch,,Falcon 1,September,"The next Falcon 1 launch was scheduled to have been launched in September with the Razaksat spacecraft for ATSB of Malaysia, and up to three CubeSats.",wn-0332:30:882,launch,882,,SPACECRAFT:Falcon 1,DATE:September,,,,False,0.75
wn-0332,30,launch,launched,,The next Falcon 1 launch,September,"The next Falcon 1 launch was scheduled to have been launched in September with the Razaksat spacecraft for ATSB of Malaysia, and up to three CubeSats.",wn-0332:30:888,launch,888,,,DATE:September,in,,,False,0.65
wn-0332,31,delay,delayed,,This,,This will almost certainly be delayed whilst the failure is investigated.,wn-0332:31:911,delay,911,,,,,,,False,0.6
wn-0332,31,failure,failure,,,,This will almost certainly be delayed whilst the failure is investigated.,wn-0332:31:914,failure,914,,,,,,,False,0.5
wn-0332,32,failure,failure,,,2009,"It is unclear whether this failure will affect the maiden flight of the larger Falcon 9, currently scheduled for 2009, on a demonstration mission for NASA's Commercial Orbital Transportation Services programme.",wn-0332:32:923,failure,923,,,DATE:2009,,,,False,0.55
wn-0332,33,launch,launch,,,Today,"Today's launch is the 38th orbital launch of 2008, and following the resale and recovery of the AMC-14 satellite, the first outright failure of the year.",wn-0332:33:955,launch,955,,,DATE:Today,,,,False,0.55
wn-0332,33,launch,launch,,,2008,"Today's launch is the 38th orbital launch of 2008, and following the resale and recovery of the AMC-14 satellite, the first outright failure of the year.",wn-0332:33:960,launch,960,,,DATE:2008,,,,False,0.55
wn-0332,33,failure,failure,,,the year,"Today's launch is the 38th orbital launch of 2008, and following the resale and recovery of the AMC-14 satellite, the first outright failure of the year.",wn-0332:33:978,failure,978,,,DATE:year,,,,False,0.55
wn-0333,0,discovery,found,the Phoenix Lander,life,later this week,"NASA has denied media and internet speculation that the Phoenix Lander has found life on the 'Red Planet', Mars and has also denied that the White House in the United States has been briefed on such matters that would lead up to an announcement by NASA later this week.",wn-0333:0:12,find,12,,,DATE:later this week,,,,False,0.65
wn-0333,3,discovery,finding,,actual life,,The scientist said that the announcement will be regarding the habitability of Mars rather than finding actual life.,wn-0333:3:150,find,150,,,,,,,False,0.6
wn-0333,5,discovery,found,I,Martian life,,"NASA immediately denied those claims sending out a message on Twitter, a social networking and micro-blogging website which is used by NASA to communicate to the public in a style pretending that the Lander itself is talking to its readers, stating, ""Heard about the recent news reports implying I may have found Martian life.",wn-0333:5:229,find,229,,,,,,,False,0.6
wn-0333,8,discovery,detect,the ability,life,,"The Phoenix Lander, according to NASA, does not have the ability to detect life, past or present, but the Lander's MECA microscopy station could potentially 'see' bacteria in the soil, which NASA states have not been discovered.",wn-0333:8:267,detect,267,,,,,,,False,0.6
wn-0333,8,discovery,discovered,,which,,"The Phoenix Lander, according to NASA, does not have the ability to detect life, past or present, but the Lander's MECA microscopy station could potentially 'see' bacteria in the soil, which NASA states have not been discovered.",wn-0333:8:297,discover,297,,,,,,,True,0.6
wn-0333,15,discovery,detect,MECA,potassium,,"While the lander were unable to image any bacteria, Phoenix's MECA did detect potassium, magnesium and chloride, minerals that are necessary to create or sustain life.",wn-0333:15:423,detect,423,ORG:MECA,,,,,,False,0.7
wn-0334,1,launch,lifted off,,an Ariane 5ECA rocket,Thursday,"At 20:44 GMT on Thursday, an Ariane 5ECA rocket lifted off from ELA-3 (Launch Area 3) at the Guiana Space Centre in French Guiana, carrying the Superbird 7 and AMC-21 satellites for the Space Communications Corporation (SCC) of Japan and SES Americom respectively.",wn-0334:1:12,lift,12,,,DATE:Thursday,,Guiana Space Centre,FAC:Guiana Space Centre,False,0.65
wn-0334,1,launch,Launch,,,Thursday,"At 20:44 GMT on Thursday, an Ariane 5ECA rocket lifted off from ELA-3 (Launch Area 3) at the Guiana Space Centre in French Guiana, carrying the Superbird 7 and AMC-21 satellites for the Space Communications Corporation (SCC) of Japan and SES Americom respectively.",wn-0334:1:17,launch,17,,,DATE:Thursday,,,,False,0.55
wn-0334,2,launch,launch,,,Just under thirty minutes later,"Just under thirty minutes later, AMC-21 separated from the upper stage of the carrier rocket into a geostationary transfer orbit, marking the successful completion of the launch.",wn-0334:2:80,launch,80,,,TIME:Just under thirty minutes later,,,,False,0.55
wn-0334,4,launch,launched,,three DS-2000 satellites,,"It is the first commercial satellite to be built using the DS-2000 bus, although three DS-2000 satellites have already been launched for the Japanese Government.",wn-0334:4:125,launch,125,,,,,,,False,0.6
wn-0334,6,launch,launched,,the last satellite,,"It is the last satellite to be launched for SCC, prior to its planned merger into the SKY Perfect JSAT Group",wn-0334:6:154,launch,154,,,,,,,False,0.6
wn-0334,11,launch,launched,,the first SES satellite,,It is the first SES satellite to be launched since the AMC-14 satellite was lost in a launch failure on a Proton rocket earlier.,wn-0334:11:249,launch,249,,,,,,,False,0.6
wn-0334,11,failure,lost,,the AMC-14 satellite,,It is the first SES satellite to be launched since the AMC-14 satellite was lost in a launch failure on a Proton rocket earlier.,wn-0334:11:255,lose,255,,,,,,,False,0.6
wn-0334,11,launch,launch,,,,It is the first SES satellite to be launched since the AMC-14 satellite was lost in a launch failure on a Proton rocket earlier.,wn-0334:11:258,launch,258,,,,,,,False,0.5
wn-0334,11,failure,failure,,launch,,It is the first SES satellite to be launched since the AMC-14 satellite was lost in a launch failure on a Proton rocket earlier.,wn-0334:11:259,failure,259,,,,,,,False,0.55
wn-0334,13,launch,launch,,,around three minutes and ten seconds,"The satellites were enclosed in a long payload fairing, which separated shortly after the rocket reached space, around three minutes and ten seconds after launch.",wn-0334:13:310,launch,310,,,TIME:around three minutes and ten seconds,,,,False,0.55
wn-0334,15,launch,launch,,,,"The launch was conducted by Arianespace, a French Launch Service Provider",wn-0334:15:334,launch,334,,,,,,,False,0.5
wn-0334,15,launch,Launch,,,,"The launch was conducted by Arianespace, a French Launch Service Provider",wn-0334:15:342,launch,342,,,,,,,False,0.5
wn-0334,16,launch,launch,,,,"Speaking after the launch, Jean-Yves Le Gall, the CEO of Arianespace said that he was ""very happy to share this new success"".",wn-0334:16:349,launch,349,,,,,,,False,0.5
wn-0334,17,launch,launch,,,,"Yukata Nagal, the Chief Executive of SCC, said that he was ""very glad"" that the launch was successful.",wn-0334:17:394,launch,394,,,,,,,False,0.5
wn-0334,18,launch,launch,,,,"Rick Starkovs, one of the Vice Presidents of SES said that he felt felt ""very good"" watching the successful launch.",wn-0334:18:420,launch,420,,,,,,,False,0.5
wn-0334,19,launch,launch,,,this year,"This was the 39th launch to orbit so far this year, and the 38th to reach orbit.",wn-0334:19:427,launch,427,,,DATE:this year,,,,False,0.55
wn-0334,20,launch,launches,,,this year,"It is the fifth of seven planned Ariane 5 launches this year, and the 41st Ariane 5 launch overall.",wn-0334:20:451,launch,451,,,DATE:this year,,,,False,0.55
wn-0334,20,launch,launch,,Ariane 5,this year,"It is the fifth of seven planned Ariane 5 launches this year, and the 41st Ariane 5 launch overall.",wn-0334:20:460,launch,460,,SPACECRAFT:Ariane 5,DATE:this year,,,,False,0.75
wn-0334,21,launch,launch,,Ariane 5,October,"The next Ariane 5 is scheduled to launch in October, with the Hot Bird 9, NSS-9, and Spirale satellites.",wn-0334:21:470,launch,470,,SPACECRAFT:Ariane 5,DATE:October,in,,,False,0.8
wn-0335,1,launch,launched,,which,August 17,"Iran has announced that on August 17 it conducted a successful test flight of the Safir carrier rocket, which was launched from Semnan Province, Iran.",wn-0335:1:23,launch,23,,,DATE:August 17,,Semnan Province,GPE:Semnan Province,False,0.65
wn-0335,3,launch,launch,this test flight,the Omid,,"It has been claimed that this test flight was used to launch into orbit the Omid, a low earth orbit satellite, however, later reports suggest that a demonstration payload was affixed to the rocket.",wn-0335:3:61,launch,61,,,,,,,False,0.6
wn-0335,5,launch,launched,,the Omid satellite,as early as next week,"It is believed that if the Omid satellite was not launched on this rocket, it may be launched as early as next week.",wn-0335:5:138,launch,138,,,DATE:as early as next week,,,,True,0.65
wn-0335,5,launch,launched,,it,as early as next week,"It is believed that if the Omid satellite was not launched on this rocket, it may be launched as early as next week.",wn-0335:5:146,launch,146,,,DATE:as early as next week,,,,False,0.65
wn-0335,6,launch,launch,,,,"Upon successful launch, the Omid will be the second Iranian satellite to be placed into orbit, and will be the first to be launched on an indigenously developed rocket.",wn-0335:6:155,launch,155,,,,,,,False,0.5
wn-0335,6,launch,launched,,,,"Upon successful launch, the Omid will be the second Iranian satellite to be placed into orbit, and will be the first to be launched on an indigenously developed rocket.",wn-0335:6:178,launch,178,,,,,,,False,0.55
wn-0335,9,launch,launch,,,July,"The launch follows a number of controversial missile tests conducted by Iran during July, and an earlier sub-orbital test of the Safir rocket in February.",wn-0335:9:226,launch,226,,,DATE:July,,,,False,0.55
wn-0335,10,launch,launch,,,,"The details of the launch have yet to be confirmed by independent observers, however, videos have been published online.",wn-0335:10:259,launch,259,,,,,,,False,0.5
wn-0335,11,launch,launch,the ability,satellites,,"If the rocket did reached orbit, Iran will be the eleventh country to develop the ability to launch satellites.",wn-0335:11:295,launch,295,,,,,,,False,0.6
wn-0335,12,launch,launch,which,the Kosmos 2175 spy satellite,1992,"The last country to develop such a capability was Russia, which used technology inherited from the Soviet Union to launch the Kosmos 2175 spy satellite in 1992.",wn-0335:12:318,launch,318,,,DATE:1992,in,,,False,0.65
wn-0335,13,launch,launch,,,1988,"Israel was the last country to develop a completely independent launch system, Shavit, which first flew in 1988.",wn-0335:13:337,launch,337,,,DATE:1988,,,,False,0.55
wn-0335,14,launch,launch,,satellite,,"Other countries to have developed a satellite launch capability are Russia (and the former Soviet Union), the United States, France, Japan, China, the United Kingdom, India and Israel.",wn-0335:14:356,launch,356,,,,,,,False,0.55
wn-0335,15,launch,launch,,,this year,"It would be the 40th orbital launch so far this year, and the 39th to reach orbit.",wn-0335:15:392,launch,392,,,DATE:this year,,,,False,0.55
wn-0335,16,failure,failed,,The vehicle,August 19,"On August 19, a United States official stated, ""The vehicle failed shortly after liftoff and in no way reached its intended position.""",wn-0335:16:419,fail,419,,,DATE:August 19,,,,False,0.65
wn-0336,1,failure,losses,,staff job,2010,"The agency originally planned to retire all shuttles in 2010 after mission STS-134, but concerns over staff job losses that were created by the Space Shuttle program caused Griffin to order the study.",wn-0336:1:59,loss,59,,,DATE:2010,,,,False,0.6
wn-0338,1,launch,launched,,Space Exploration Technologies Corporation,yesterday,"Space Exploration Technologies Corporation (SpaceX) successfully launched and sent into orbit a Falcon 1 rocket, which was launched yesterday at 23:15 UTC from the Ronald Reagan Ballistic Missile Defense Test Site at Kwajalein Atoll in the Pacific Ocean.",wn-0338:1:13,launch,13,,,DATE:yesterday,,,,False,0.65
wn-0338,1,launch,launched,,which,yesterday,"Space Exploration Technologies Corporation (SpaceX) successfully launched and sent into orbit a Falcon 1 rocket, which was launched yesterday at 23:15 UTC from the Ronald Reagan Ballistic Missile Defense Test Site at Kwajalein Atoll in the Pacific Ocean.",wn-0338:1:25,launch,25,,,DATE:yesterday,,UTC,ORG:UTC,False,0.65
wn-0338,2,launch,launch,the fourth attempt,this class,,"This was the fourth attempt to launch this class of rocket, and the first vehicle to be successfully launched by private spacecraft developers.",wn-0338:2:54,launch,54,,,,,,,False,0.6
wn-0338,2,launch,launched,private spacecraft developers,the first vehicle,,"This was the fourth attempt to launch this class of rocket, and the first vehicle to be successfully launched by private spacecraft developers.",wn-0338:2:67,launch,67,,,,,,,False,0.6
wn-0338,3,launch,launch,Previous attempts,this vehicle,,Previous attempts to launch this vehicle ended in failure due to engineering errors.,wn-0338:3:76,launch,76,,,,,,,False,0.6
wn-0338,3,failure,failure,,,,Previous attempts to launch this vehicle ended in failure due to engineering errors.,wn-0338:3:81,failure,81,,,,,,,False,0.5
wn-0338,8,failure,failure,,mission,,"On the third attempt, the first and second stages collided into each other immediately after stage separation, which in turn damaged the second stage engine and resulted in a mission failure.",wn-0338:8:221,failure,221,,,,,,,False,0.55
wn-0338,9,launch,launch,,,,"For this fourth attempt, the stage separation occurred without any problem, and was greeted with loud cheers and applause by SpaceX employees who were watching a live telecast of the launch at the Hawthorne, California, USA manufacturing plant.",wn-0338:9:255,launch,255,,,,,,,False,0.5
wn-0338,10,launch,launch,,,,This telecast was also released as a live video feed on the SpaceX website during the launch.,wn-0338:10:282,launch,282,,,,,,,False,0.5
wn-0338,25,failure,failed,,failed launch,,"SpaceX is offering future flights of the Falcon 1 to the public for a price of about $7.9 million USD each, although Mr. Musk estimated that the total cost to test and develop this rocket, including the three previous failed launch attempts, came to about $100 million USD.",wn-0338:25:703,failed,703,,,,,,,False,0.55
wn-0338,25,launch,launch,,,,"SpaceX is offering future flights of the Falcon 1 to the public for a price of about $7.9 million USD each, although Mr. Musk estimated that the total cost to test and develop this rocket, including the three previous failed launch attempts, came to about $100 million USD.",wn-0338:25:704,launch,704,,,,,,,False,0.5
wn-0338,26,launch,launch,,Falcon 1,the end of the year,"The next launch of the Falcon 1 is slated to happen sometime toward the end of the year, with a satellite that was manufactured and paid by the Malaysian government.",wn-0338:26:718,launch,718,,SPACECRAFT:Falcon 1,DATE:end of the year,,,,False,0.75
wn-0338,27,launch,launch,,,today,"Also scheduled for early next year is the maiden flight of the Falcon 9 rocket, which uses a multiples of nine rocket engines that are identical to the engine that was used in today's launch as well as many of the other components that were used on the Falcon 1.",wn-0338:27:784,launch,784,,,DATE:today,,,,False,0.55
wn-0339,0,launch,launched,,Interstellar Boundary Explorer,today,NASA's Interstellar Boundary Explorer (IBEX) to map the boundary between the solar system and interstellar space will be launched on a Pegasus XL rocket today.,wn-0339:0:21,launch,21,,ORG:Interstellar Boundary Explorer,DATE:today,,,,False,0.8
wn-0339,9,discovery,observations,,,the past decade,Recent observations indicate the solar wind pressure has weakened by 25 percent over the past decade and is presently at its weakest level in 50 years.,wn-0339:9:230,observation,230,,,DATE:past decade,,,,False,0.55
wn-0340,0,launch,launched,,India India's first unmanned lunar mission,this morning,India India's first unmanned lunar mission was launched off of the shore of Andhra Pradesh this morning.,wn-0340:0:8,launch,8,,,TIME:this morning,,,,False,0.65
wn-0340,1,launch,launch,their ability,satellites,,"India now joins the United States, Russia, Japan, China and the European Space Agency as the only powers that have demonstrated their ability to launch satellites to the moon.",wn-0340:1:46,launch,46,,,,,,,False,0.6
wn-0340,2,launch,launched,,The Chandrayaan-1 lunar probe,6:22 am,"The Chandrayaan-1 lunar probe was launched from the Satish Dhawan Space Centre at 6:22 am (00:52 UTC) in Sriharikota, which is about 88 km (55 mi) north of the southern Indian city of Chennai.",wn-0340:2:58,launch,58,,,TIME:6:22 am,at,Satish Dhawan Space Centre,FAC:Satish Dhawan Space Centre,False,0.65
wn-0340,4,launch,launch,,,,"While the launch has been criticized for being a waste of Indian government funds, when the money can go towards more humanitarian causes, India is hopeful that its venture will put it into competition for commercial satellite launch services.",wn-0340:4:112,launch,112,,,,,,,False,0.5
wn-0340,4,launch,launch,,satellite,,"While the launch has been criticized for being a waste of Indian government funds, when the money can go towards more humanitarian causes, India is hopeful that its venture will put it into competition for commercial satellite launch services.",wn-0340:4:149,launch,149,,,,,,,False,0.55
wn-0340,10,launch,launching,,weather,,India's previous space endeavors have mainly been related to launching weather and communications satellites.,wn-0340:10:305,launch,305,,,,,,,False,0.6
wn-0341,1,discovery,found,Mars Reconnaissance Orbiter,evidence,,"The Mars Reconnaissance Orbiter has found evidence of hydrated silica or opal, a form of mineral, over large areas in the Martian surface, including in the large martian canyon called Valles Marineris.",wn-0341:1:6,find,6,SPACECRAFT:Mars Reconnaissance Orbiter,,,,,,False,0.7
wn-0341,2,discovery,discovery,,,,The discovery was made by the Compact Reconnaissance Imaging Spectrometer (CRISM) instrument on the orbiter.,wn-0341:2:38,discovery,38,,,,,,,False,0.5
wn-0341,3,discovery,findings,,,November,The findings are published by Ralph Milliken of Jet Propulsion Laboratory and other scientists in the November issue of the journal Geology.,wn-0341:3:56,finding,56,,,DATE:November,,,,False,0.55
wn-0341,4,discovery,found,Spirit rover,Opaline minerals,,Opaline minerals were first found recently on Mars by Spirit rover in the Gusev crater.,wn-0341:4:83,find,83,SPACECRAFT:Spirit rover,,,,Mars,CELESTIAL:Mars,False,0.7
wn-0341,10,discovery,detected,which,the mineral measures,,"CRISM, which detected the mineral measures visible and infrared reflection spectra in 544 channels and has 20 times better resolution than previously deployed instruments.",wn-0341:10:199,detect,199,,,,,,,False,0.6
wn-0341,13,discovery,found,Opal,,,"Opal found on Earth's surface usually contain 3 &amp;ndash; 10% water, but can be as high as 20%.",wn-0341:13:261,find,261,,,,,,,False,0.55
wn-0341,14,discovery,found,,Other water-bearing minerals,,Other water-bearing minerals found earlier are phyllosilicates and hydrated sulfates.,wn-0341:14:290,find,290,,,,,,,False,0.6
wn-0341,17,discovery,found,,A number,,"A number of outcrops of opaline minerals are found as thin layers over large distances, rimming the Valles Marineris canyon.",wn-0341:17:345,find,345,,,,,,,False,0.6
wn-0341,19,discovery,discovery,,,,"""This is an exciting discovery because it extends the time range for liquid water on Mars, and the places where it might have supported life,"" said Scott Murchie, from Johns Hopkins University Applied Physics Laboratory in Maryland, one of the co-authors.",wn-0341:19:388,discovery,388,,,,,,,False,0.5
wn-0342,2,launch,launched,,which,October 22,"This was an important milestone for the Indian mission to the Moon, which was launched on October 22 from Indian spaceport Satish Dhawan Space Center at Sriharikota.",wn-0342:2:49,launch,49,,,DATE:October 22,on,,,False,0.65
wn-0343,4,failure,fail,,the instruments,,"NASA says that colder temperatures, lack of sunlight and increased dust particles on the lander's solar arrays has stopped its on board batteries from charging, causing the instruments to fail.",wn-0343:4:131,fail,131,,,,,,,False,0.6
wn-0343,7,discovery,discoveries,,,,"Phoenix was responsible for several discoveries on Mars, including the confirmation of the presence of water-ice, which had previously only been detected from space.",wn-0343:7:163,discovery,163,,,,,Mars,CELESTIAL:Mars,False,0.5
wn-0343,7,discovery,detected,,which,,"Phoenix was responsible for several discoveries on Mars, including the confirmation of the presence of water-ice, which had previously only been detected from space.",wn-0343:7:183,detect,183,,,,,,,False,0.6
wn-0343,10,launch,launch,,Mars Science Laboratory,,"With the upcoming launch of the Mars Science Laboratory, the Mars Program never sleeps,"" said Doug McCuistion, director of the Mars Exploration Program.",wn-0343:10:231,launch,231,,SPACECRAFT:Mars Science Laboratory,,,,,False,0.7
wn-0344,0,landing,land,India,its flag,night,"IndiaAt 8:34 pm Indian time Friday night (1504 UTC), India became the fourth country to land its flag on the Moon.",wn-0344:0:18,land,18,GPE:India,,TIME:night,,Moon,CELESTIAL:Moon,False,0.75
wn-0344,1,failure,crash,,,,"The unmanned lunar orbiter Chandrayaan-1 ejected its Moon Impact Probe (MIP), which hurtled across the surface of the Moon at 1.5 kilometres per second (3000 miles per hour), and successfully crash landed near the Moon's south pole.",wn-0344:1:61,crash,61,,,,,,,False,0.5
wn-0344,1,landing,landed,,crash,,"The unmanned lunar orbiter Chandrayaan-1 ejected its Moon Impact Probe (MIP), which hurtled across the surface of the Moon at 1.5 kilometres per second (3000 miles per hour), and successfully crash landed near the Moon's south pole.",wn-0344:1:62,land,62,,,,,,,False,0.6
wn-0344,6,landing,landing,,,,"With this landing, India became both the fourth country to place a flag on the Moon and the fifth group to send a spacecraft to the Moon.",wn-0344:6:148,landing,148,,,,,,,False,0.5
wn-0344,11,landing,descent,,,,"On-board digital cameras made a high resolution movie of the surface during descent, and scientists also conducted measurements with the probe's mass spectrometer and radar altimeter.",wn-0344:11:301,descent,301,,,,,,,False,0.5
wn-0344,13,landing,landing,,a future probe,,Data from the altimeter experiments will be used to refine the instrument in order to control the soft landing of a future probe.,wn-0344:13:356,landing,356,,,,,,,False,0.55
wn-0344,14,launch,launched,,Chandrayaan-2,2012,Plans are already being prepared for the Chandrayaan-2 to be launched by 2012.,wn-0344:14:372,launch,372,,SPACECRAFT:Chandrayaan-2,DATE:2012,,,,False,0.8
wn-0344,15,launch,launched,,India's first lunar mission,October 22,India's first lunar mission was launched from the Satish Dhawan Space Centre on the Andhra Pradesh coast on October 22.,wn-0344:15:383,launch,383,,,DATE:October 22,on,Satish Dhawan Space Centre,FAC:Satish Dhawan Space Centre,False,0.65
wn-0344,16,launch,launch,,,,"The launch vehicle was an Indian designed and built rocket that had been previously proven by carrying scientific and commercial payloads to earth orbit, including weather and communications satellites.",wn-0344:16:400,launch,400,,,,,,,False,0.5
wn-0345,1,launch,launch,,,18 more seconds,The engineers then shut down two of the nine engines &amp;mdash; in order to limit potential damage to the launch pad &amp;mdash; and continued the test for 18 more seconds before finally shutting the rocket down.,wn-0345:1:62,launch,62,,,TIME:18 more seconds,,,,False,0.55
wn-0345,4,launch,launch,,,,"This was the Falcon 9's first major test firing, and it marks a milestone for the company in its plans to capture a section of the commercial launch market.",wn-0345:4:155,launch,155,,,,,,,False,0.5
wn-0345,9,launch,launch,,,,"According to SpaceX the Falcon 9 can generate 4 times the maximum thrust of a Boeing 747 while firing in a vacuum, and will eventually be able to perform interplanetary missions in addition to its initial role as an orbital launch vehicle.",wn-0345:9:313,launch,313,,,,,,,False,0.5
wn-0345,13,launch,launches,,,,NASA hopes to fill some of this gap using commercial launches from companies such as SpaceX. SpaceX has already reached an agreement with NASA to conduct three test flights of the Dragon capsule in conjunction with the Falcon 9.,wn-0345:13:421,launch,421,,,,,,,False,0.5
wn-0345,15,launch,launch,,,,"Elon Musk, CEO and CTO of SpaceX, said, ""The full mission-length test firing clears the highest hurdle for the Falcon 9 first stage before launch.",wn-0345:15:492,launch,492,,,,,,,False,0.5
wn-0345,16,launch,launch,,,2009,"In the next few months, we will have the first Falcon 9 flight vehicle on its launch pad at Cape Canaveral, preparing for lift-off in 2009.""",wn-0345:16:511,launch,511,,,DATE:2009,,,,False,0.55
wn-0346,1,landing,landing,,,,"After windy and stormy conditions in Florida prevented its planned landing at Kennedy Space Center, the National Aeronautics and Space Administration (NASA) decided to redirect the space shuttle Endeavour to California.",wn-0346:1:12,landing,12,,,,,Kennedy Space Center,FAC:Kennedy Space Center,False,0.5
wn-0346,2,landing,touched down,,It,1:25 p.m.,"It touched down successfully at Edwards Air Force Base at 1:25 p.m. local time, or 21:25, November 30, 2008 (UTC).",wn-0346:2:38,touch,38,,,TIME:1:25 p.m.,at,Edwards Air Force Base,FAC:Edwards Air Force Base,False,0.65
wn-0346,3,landing,land,NASA,space shuttles,,"NASA normally prefers to land space shuttles at its home base, Kennedy Space Center.",wn-0346:3:68,land,68,ORG:NASA,,,,,,False,0.7
wn-0346,5,launch,launched,NASA,mission STS-126,November 14,NASA had launched mission STS-126 on November 14 with eight astronauts led by Commander Christopher J. Ferguson.,wn-0346:5:110,launch,110,ORG:NASA,,DATE:November 14,on,,,False,0.75
wn-0346,8,landing,landing,,,,"Upon the landing, Mission Control radioed, ""Welcome back.",wn-0346:8:176,landing,176,,,,,,,False,0.5
wn-0347,1,delay,put off,NASA,the launch,,The United States space agency NASA has put off the launch of Mars Science Laboratory rover mission.,wn-0347:1:9,put,9,ORG:NASA,,,,,,False,0.7
wn-0347,1,launch,launch,,Mars Science Laboratory rover mission,,The United States space agency NASA has put off the launch of Mars Science Laboratory rover mission.,wn-0347:1:12,launch,12,,,,,,,False,0.55
wn-0347,2,delay,delayed,testing and hardware problems,the mission,next year,"It was scheduled to fly next year, but the mission has been delayed by testing and hardware problems.",wn-0347:2:33,delay,33,,,DATE:next year,,,,False,0.65
wn-0347,3,launch,launch,,the rover,2011,"According to agency officials, the launch of the rover would be postponed until 2011.",wn-0347:3:47,launch,47,,,DATE:2011,,,,True,0.6
wn-0347,3,delay,postponed,,the launch,2011,"According to agency officials, the launch of the rover would be postponed until 2011.",wn-0347:3:53,postpone,53,,,DATE:2011,until,,,False,0.65
wn-0347,4,delay,delay,,,,"The delay could add US$400 million to the cost of the mission, which is likely to be higher than $2 billion.",wn-0347:4:58,delay,58,,,,,,,False,0.5
wn-0347,5,launch,launch,,,,"""We will not lessen our standards for testing the mission's complex flight systems, so we are choosing the more responsible option of changing the launch date,"" said Dough McCuistion, the director NASA's Mars program.",wn-0347:5:110,launch,110,,,,,,,False,0.5
wn-0348,0,delay,delay,,,Thursday,"NASA announced a delay to its next planned mission to Mars at a news conference on Thursday, 4th of December.",wn-0348:0:3,delay,3,,,DATE:Thursday,on,,,False,0.55
wn-0348,1,launch,launch,,,2009,"The Mars Science Laboratory was due to launch in 2009, but lift off will now not occur until 2011 because more time was required for tests, causing the rover to miss its launch window.",wn-0348:1:29,launch,29,,,DATE:2009,in,,,False,0.6
wn-0348,1,launch,lift off,,Mars Science Laboratory,2009,"The Mars Science Laboratory was due to launch in 2009, but lift off will now not occur until 2011 because more time was required for tests, causing the rover to miss its launch window.",wn-0348:1:34,lift,34,,SPACECRAFT:Mars Science Laboratory,DATE:2009,,,,False,0.8
wn-0348,1,launch,launch,,,2011,"The Mars Science Laboratory was due to launch in 2009, but lift off will now not occur until 2011 because more time was required for tests, causing the rover to miss its launch window.",wn-0348:1:56,launch,56,,,DATE:2011,,,,False,0.55
wn-0348,2,delay,delay,,,just 2 months,This delay comes just 2 months after the European Space Agency (ESA) delayed their planned ExoMars mission until 2016.,wn-0348:2:60,delay,60,,,DATE:just 2 months,,,,False,0.55
wn-0348,2,delay,delayed,European Space Agency,their planned ExoMars mission,just 2 months,This delay comes just 2 months after the European Space Agency (ESA) delayed their planned ExoMars mission until 2016.,wn-0348:2:73,delay,73,ORG:ESA,,DATE:just 2 months,,,,False,0.75
wn-0348,3,delay,delay,,MSL,'09,"Commenting on the delay of the MSL, NASA Administrator Mike Griffin said, ""trying for '09 would require us to assume too much risk, more than I think is appropriate for a flagship mission"".",wn-0348:3:84,delay,84,,ORG:MSL,DATE:'09,,,,False,0.75
wn-0348,5,failure,lost,,many probes,,Atmospheric entry into Mars has always been a difficult prospect for scientific probes with many probes being lost.,wn-0348:5:168,lose,168,,,,,,,False,0.6
wn-0348,6,failure,loss,,,2003,"The most recent loss was in 2003: the British Beagle 2 probe, which was due to land on a series of inflated balloons, but was never heard from after entering the atmosphere.",wn-0348:6:173,loss,173,,,DATE:2003,,,,False,0.55
wn-0348,7,launch,launch,,,October 2009,It is the additional testing time required by changes to these technologies that has caused it to miss the October 2009 launch window.,wn-0348:7:227,launch,227,,,DATE:October 2009,,,,False,0.55
wn-0348,9,delay,postpone,NASA's decision,this mission,,What do you think of NASA's decision to postpone this mission?,wn-0348:9:266,postpone,266,,,,,,,False,0.6
wn-0348,11,delay,delays,,,,"The delays and additional fabrication and testing have inflated the budget of the project by an additional 400 million US dollars, bringing the total to $2.4 billion.",wn-0348:11:283,delay,283,,,,,,,False,0.5
wn-0348,12,delay,delay,the decision,its ExoMars mission,,"These increasing costs of Mars missions are what forced the decision by the ESA to delay its ExoMars mission, and they have now prompted talk of increased co-operation on future missions.",wn-0348:12:327,delay,327,,,,,,,False,0.6
wn-0349,0,failure,disaster,,Space Shuttle Columbia,,"NASA has issued a report on survivability during the Space Shuttle Columbia disaster, entitled ""Columbia Crew Survival Investigation Report"".",wn-0349:0:12,disaster,12,,SPACECRAFT:Space Shuttle Columbia,,,,,False,0.7
wn-0349,1,discovery,finds,the report,,,"Although the report finds the accident was impossible to survive, it still faulted a number of design issues with the astronauts' equipment.",wn-0349:1:26,find,26,,,,,,,False,0.55
wn-0349,1,failure,accident,,,,"Although the report finds the accident was impossible to survive, it still faulted a number of design issues with the astronauts' equipment.",wn-0349:1:28,accident,28,,,,,,,False,0.5
wn-0349,2,failure,accident,,,2003,"The accident investigation report was released in 2003, the year of the crash.",wn-0349:2:50,accident,50,,,DATE:2003,,,,False,0.55
wn-0349,2,failure,crash,,,the year,"The accident investigation report was released in 2003, the year of the crash.",wn-0349:2:62,crash,62,,,DATE:year,,,,False,0.55
wn-0349,3,launch,launch,,,January 16,"During launch on January 16, the spacecraft's wing was holed when a chunk of foam detached and struck it.",wn-0349:3:65,launch,65,,,DATE:January 16,,,,False,0.55
wn-0349,4,failure,broke up,,The shuttle,February 1,"The shuttle then broke up on re-entry on February 1 over Texas, killing the seven on board.",wn-0349:4:89,break,89,,,DATE:February 1,on,,,False,0.65
wn-0349,5,failure,accident,,,,"This new report reveals details of what happened to the astronauts during the accident sequence, although some parts have remained confidential to the victims' families.",wn-0349:5:121,accident,121,,,,,,,False,0.5
wn-0349,10,failure,disaster,,Space Shuttle Challenger,,"The pressure suits the crew wore, introduced after the Space Shuttle Challenger disaster, were criticised as the crew could not keep their visors down throughout re-entry due to a design limitation that would have caused excess levels of oxygen to be present had they done so, leaving the suits unsealed.",wn-0349:10:268,disaster,268,,SPACECRAFT:Space Shuttle Challenger,,,,,False,0.7
wn-0349,12,failure,accident,,,,"When the accident occurred, three people were not wearing gloves, one was not wearing a helmet, and none had their visors down.",wn-0349:12:323,accident,323,,,,,,,False,0.5
wn-0351,0,failure,Disasters,,,33,"Disasters and accidentsThe American civilian communications satellite Iridium 33 and the defunct Russian military communications satellite Kosmos-2251 collided over Siberia on Tuesday, according to NASA.",wn-0351:0:0,disaster,0,,,DATE:33,,,,False,0.55
wn-0351,2,launch,launched,,The Iridium satellite,1997,"The Iridium satellite was launched in 1997, and the Russian satellite was a Strela-2M model.",wn-0351:2:59,launch,59,,,DATE:1997,in,,,False,0.65
wn-0351,4,failure,crash,,,,"Although the first such satellite crash in space, such an event has been long predicted.",wn-0351:4:108,crash,108,,,,,,,False,0.5
wn-0352,0,launch,launched,,the American civilian communications satellite,1997,"On Tuesday, February 10, the American civilian communications satellite Iridium 33, launched in 1997, and the defunct Russian military communications satellite Kosmos-2251, launched in 1993, collided over Siberia.",wn-0352:0:14,launch,14,,,DATE:1997,in,,,False,0.65
wn-0352,0,launch,launched,,the defunct Russian military communications satellite,1993,"On Tuesday, February 10, the American civilian communications satellite Iridium 33, launched in 1997, and the defunct Russian military communications satellite Kosmos-2251, launched in 1993, collided over Siberia.",wn-0352:0:27,launch,27,,,DATE:1993,in,,,False,0.65
wn-0352,1,discovery,spotted,,burning debris,Five days,"Five days after the collision, reports have surfaced that burning debris from the collision has been spotted over several U.S. cities from New Mexico to Kentucky.",wn-0352:1:52,spot,52,,,DATE:Five days,,,,False,0.65
wn-0352,3,failure,explosions,,,,Residents reported their homes and windows shaking and large explosions.,wn-0352:3:121,explosion,121,,,,,,,False,0.5
wn-0352,4,discovery,found,,no debris or impact sites,,"After a search of several areas, the Williamson county sheriff's office reported that no debris or impact sites were found.",wn-0352:4:144,find,144,,,,,,,False,0.6
wn-0352,5,failure,exploding,,,,Earlier unconfirmed reports had said the debris could have been the result of a small plane exploding.,wn-0352:5:162,explode,162,,,,,,,False,0.55
wn-0352,9,failure,explosions,,,February 13,"On February 13, the National Oceanic and Atmospheric Administration (NOAA) issued an alert following reports of ""explosions and earthquakes"" along with ""flashes in the sky"" in Jackson and Louisville, Kentucky.",wn-0352:9:279,explosion,279,,,DATE:February 13,,,,False,0.55
wn-0352,14,landing,reentry,,satellite debris,,"""Aircraft are advised that a potential hazard may occur due to reentry of satellite debris into the Earth's atmosphere.",wn-0352:14:409,reentry,409,,,,,,,False,0.55
wn-0352,22,failure,explosion,,,,Scientists say the explosion caused by the collision was massive.,wn-0352:22:564,explosion,564,,,,,,,False,0.5
wn-0352,23,failure,crash,,,,They are still trying to determine just how large the crash was and how the Earth will be affected.,wn-0352:23:582,crash,582,,,,,,,False,0.5
wn-0353,1,launch,launch,they,a space program,,The country instead says that they are preparing to launch a space program.,wn-0353:1:34,launch,34,,,,,,,False,0.6
wn-0353,2,launch,launched,,what,,"""One will come to know later what will be launched in the DPRK.",wn-0353:2:50,launch,50,,,,,DPRK,ORG:DPRK,False,0.6
wn-0353,5,launch,launch,,an intercontinental ballistic missile,,"Earlier reports from the U.S. and South Korean government had said that N. Korea was planning a test launch of an intercontinental ballistic missile, the Taepodong-2.",wn-0353:5:162,launch,162,,,,,,,False,0.55
wn-0353,6,launch,launched,the country test,the same kind,2006,"In 2006 the country test launched the same kind of missile, but military officials in the U.S. said the missile failed.",wn-0353:6:177,launch,177,,,DATE:2006,in,,,False,0.65
wn-0353,6,failure,failed,,the missile,2006,"In 2006 the country test launched the same kind of missile, but military officials in the U.S. said the missile failed.",wn-0353:6:193,fail,193,,,DATE:2006,,,,False,0.65
wn-0354,0,discovery,spotted,the 'fireballs,,Sunday February 15,"SpaceThe United States military Strategic Command (STRATCOM) has said that the 'fireballs' spotted over areas of Texas in the United States on Sunday February 15, are not related to the collision of a U.S. and Russian satellite in space.",wn-0354:0:16,spot,16,,,DATE:Sunday February 15,on,,,False,0.6
wn-0354,4,launch,launched,,the American civilian communications satellite,1997,"On Tuesday, February 10, the American civilian communications satellite Iridium 33, launched in 1997, and the defunct Russian military communications satellite Kosmos-2251, launched in 1993, collided over Siberia.",wn-0354:4:126,launch,126,,,DATE:1997,in,,,False,0.65
wn-0354,4,launch,launched,,the defunct Russian military communications satellite,1993,"On Tuesday, February 10, the American civilian communications satellite Iridium 33, launched in 1997, and the defunct Russian military communications satellite Kosmos-2251, launched in 1993, collided over Siberia.",wn-0354:4:139,launch,139,,,DATE:1993,in,,,False,0.65
wn-0354,5,failure,explosions,,,Friday February 13,"On Friday February 13, the National Oceanic and Atmospheric Administration (NOAA) issued an alert for falling debris from the satellites, following reports of ""explosions and earthquakes"" along with ""flashes in the sky"" in Jackson and Louisville, Kentucky.",wn-0354:5:175,explosion,175,,,DATE:Friday February 13,,,,False,0.55
wn-0354,8,discovery,detecting,,objects,Friday,"Do situations like this make you think that governments should be spending more on detecting objects in space?""The Federal Aviation Administration (FAA) reported to local law enforcement on Friday that these events are being caused by falling satellite debris.",wn-0354:8:280,detect,280,,,DATE:Friday,,,,False,0.65
wn-0354,13,failure,explosions,,,Sunday morning,Residents in Texas reported their homes and windows shaking and large explosions on Sunday morning.,wn-0354:13:416,explosion,416,,,TIME:Sunday morning,,,,False,0.55
wn-0354,14,discovery,found,,no debris or impact sites,,"After a search of several areas, the Williamson county sheriff's office reported that no debris or impact sites were found.",wn-0354:14:442,find,442,,,,,,,False,0.6
wn-0354,15,failure,exploding,,,,Earlier unconfirmed reports had said the debris could have been the result of a small plane exploding.,wn-0354:15:460,explode,460,,,,,,,False,0.55
wn-0354,23,discovery,identified,the U.S. space tracking system,600 pieces,24 hours,"""Within 24 hours of the collision, the U.S. space tracking system had identified 600 pieces of debris.",wn-0354:23:609,identify,609,,,TIME:24 hours,within,,,False,0.65
wn-0354,25,failure,disintegrate,the energy,both satellites,2007,"If the two satellites hit head-on, rather than a glancing blow, the energy of the collision would completely disintegrate both satellites into clouds of debris,"" said the UCS in a statement on their website who also added that the collision took place in ""the same region of space where China destroyed a defunct Chinese weather satellite with an anti-satellite (ASAT) weapon"" in 2007.",wn-0354:25:652,disintegrate,652,,,DATE:2007,,,,False,0.65
wn-0354,25,failure,destroyed,China,a defunct Chinese weather satellite,2007,"If the two satellites hit head-on, rather than a glancing blow, the energy of the collision would completely disintegrate both satellites into clouds of debris,"" said the UCS in a statement on their website who also added that the collision took place in ""the same region of space where China destroyed a defunct Chinese weather satellite with an anti-satellite (ASAT) weapon"" in 2007.",wn-0354:25:687,destroy,687,GPE:China,,DATE:2007,in,,,False,0.75
wn-0354,29,failure,explosion,,,,Scientists say the explosion caused by the collision was massive.,wn-0354:29:777,explosion,777,,,,,,,False,0.5
wn-0354,30,failure,crash,,,,They are still trying to determine just how large the crash was and how the earth will be affected.,wn-0354:30:795,crash,795,,,,,,,False,0.5
wn-0355,0,discovery,detected,A team,"a subtle, missing element",,"A team of scientists at Stanford University claim to have detected a subtle, missing element of Einstein's theory of relativity.",wn-0355:0:10,detect,10,,,,,,,False,0.6
wn-0355,2,discovery,detecting,,the effect,1918,"While the effect was theorized by Josef Lense and Hans Thirring as far back as 1918, the small scale of the effect, as little as one part in a trillion for a satellite orbiting the Earth, made detecting the effect difficult.",wn-0355:2:112,detect,112,,,DATE:1918,,,,False,0.65
wn-0355,4,discovery,observation,,,,"Are you surprised that the weirdness predicted by relativity has been experimentally verified?The observation was made by the Gravity Probe B satellite, which carries finely-machined gyroscopes.",wn-0355:4:156,observation,156,,,,,,,False,0.5
wn-0355,5,discovery,detect,Scientists,the frame,,"Scientists looked for small changes in the motion of the gyroscopes to detect the frame dragging effect, as well as the much larger geodetic effect &amp;ndash; small corrections to the Earth's gravitational field due to differences between Einstein's and Newton's theories of gravity.",wn-0355:5:185,detect,185,,,,,,,False,0.6
wn-0355,7,discovery,finding,the complexity,the effect,,"However, the complexity of the data analysis along with unforeseen engineering problems have made finding the effect in the experiment's results difficult.",wn-0355:7:251,find,251,,,,,,,False,0.6
wn-0355,9,discovery,detected,they,the frame,,"Francis Everitt, the experiment's Principal Investigator, stresses in an interview with the New York Times that their announcement is only preliminary and that, with further analysis, they hope to improve the precision of their results; currently, they say they have only detected the frame dragging effect to within plus or minus fifteen percent of its expected value.",wn-0355:9:327,detect,327,,,,,,,False,0.6
wn-0355,10,discovery,discovery,,,the early 20th century,"The theory of general relativity was developed by Albert Einstein in the early 20th century to explain the behavior of moving objects in space, after the discovery that the speed of light was always the same no matter how the person measuring it was moving.",wn-0355:10:372,discovery,372,,,DATE:early 20th century,,,,False,0.55
wn-0356,0,delay,delay,the agency,the launch,Friday night,"SpaceNASA announced during a press conference on Friday night that the agency has decided to delay the launch of Space Shuttle Discovery, which was scheduled for takeoff on February 27.",wn-0356:0:15,delay,15,,,TIME:Friday night,,,,False,0.65
wn-0356,0,launch,launch,,Space Shuttle Discovery,Friday night,"SpaceNASA announced during a press conference on Friday night that the agency has decided to delay the launch of Space Shuttle Discovery, which was scheduled for takeoff on February 27.",wn-0356:0:17,launch,17,,SPACECRAFT:Space Shuttle Discovery,TIME:Friday night,,,,True,0.75
wn-0356,2,launch,launch,,,mid-March,"A new launch date has yet to be scheduled, though NASA is considering mid-March as an option.",wn-0356:2:52,launch,52,,,DATE:mid-March,,,,False,0.55
wn-0356,4,launch,liftoff,,,February 12,"Discovery had originally been scheduled for liftoff on February 12, but NASA wanted to perform additional tests on the valves which control the amount of hydrogen fuel pumped into the external tank when the shuttle is taking off.",wn-0356:4:91,liftoff,91,,,DATE:February 12,,,,False,0.55
wn-0356,4,launch,taking off,,the shuttle,February 12,"Discovery had originally been scheduled for liftoff on February 12, but NASA wanted to perform additional tests on the valves which control the amount of hydrogen fuel pumped into the external tank when the shuttle is taking off.",wn-0356:4:122,take,122,,,DATE:February 12,,,,False,0.65
wn-0357,0,discovery,discovered,,"a newly discovered, green-tinted comet",the next few days,"SpaceFor the next few days, a newly discovered, green-tinted comet will be visible by the naked eye in most parts of the Northern Hemisphere.",wn-0357:0:8,discover,8,,,DATE:next few days,,,,False,0.65
wn-0357,1,discovery,discovered,,Lulin,2007,"Comet Lulin, with the official designation of C/2007 N3, was discovered in 2007 and astronomers say that this is the first time it has visited our solar system and may well be the last.",wn-0357:1:41,discover,41,,PERSON:Lulin,DATE:2007,in,,,False,0.8
wn-0357,12,discovery,discovered,,The comet,,The comet was discovered using the Lulin Observatory in Taiwan by astronomers Ye Quanzhi and Lin Chi-Sheng.,wn-0357:12:339,discover,339,,,,,,,False,0.6
wn-0358,0,failure,crashed,,The rocket,,"The rocket carrying NASA's Orbiting Carbon Observatory has crashed, sending the remains of the atmosphere observation satellite into the ocean off the coast of Antarctica.",wn-0358:0:9,crash,9,,,,,,,False,0.6
wn-0358,0,discovery,observation,,atmosphere,,"The rocket carrying NASA's Orbiting Carbon Observatory has crashed, sending the remains of the atmosphere observation satellite into the ocean off the coast of Antarctica.",wn-0358:0:17,observation,17,,,,,,,False,0.55
wn-0358,1,failure,crash,,,,"Shortly before the crash, the 'payload fairing' failed to deploy from the craft.",wn-0358:1:31,crash,31,,,,,,,False,0.5
wn-0358,1,failure,failed,,the 'payload fairing,,"Shortly before the crash, the 'payload fairing' failed to deploy from the craft.",wn-0358:1:38,fail,38,,,,,,,False,0.6
wn-0358,2,launch,launch,,,Several minutes,"""Several minutes into the flight of the Taurus rocket carrying NASA's Orbiting Carbon Observatory spacecraft, launch managers declared a contingency after the payload fairing failed to separate,"" said NASA in a statement on their website.",wn-0358:2:64,launch,64,,,TIME:Several minutes,,,,False,0.55
wn-0358,2,failure,failed,,the payload fairing,Several minutes,"""Several minutes into the flight of the Taurus rocket carrying NASA's Orbiting Carbon Observatory spacecraft, launch managers declared a contingency after the payload fairing failed to separate,"" said NASA in a statement on their website.",wn-0358:2:73,fail,73,,,TIME:Several minutes,,,,False,0.65
wn-0358,3,landing,landed,,The spacecraft,,"""The spacecraft did not reach orbit and likely landed in the Pacific Ocean near Antarctica"".",wn-0358:3:96,land,96,,,,,the Pacific Ocean,LOC:Pacific Ocean,False,0.6
wn-0358,4,failure,failure,,,,The cause of the failure to deploy and the crash are still under investigation.,wn-0358:4:109,failure,109,,,,,,,False,0.5
wn-0358,4,failure,crash,,,,The cause of the failure to deploy and the crash are still under investigation.,wn-0358:4:114,crash,114,,,,,,,False,0.5
wn-0358,5,launch,launch,,,,"""A Mishap Investigation Board will be immediately convened to determine the cause of the launch failure,"" added the statement.",wn-0358:5:136,launch,136,,,,,,,False,0.5
wn-0358,5,failure,failure,,launch,,"""A Mishap Investigation Board will be immediately convened to determine the cause of the launch failure,"" added the statement.",wn-0358:5:137,failure,137,,,,,,,False,0.55
wn-0358,6,failure,lost,,the mission,,"Steve Cole, a spokesperson for NASA told Bloomberg L.P., ""the mission is lost.",wn-0358:6:160,lose,160,,,,,,,False,0.6
wn-0358,8,launch,took off,,The rocket,approximately 4:55 a.m. EST,"The rocket that would have carried the observatory into space, a Taurus XL, took off from Vandenberg Air Force Base in California in the United States, at approximately 4:55 a.m. EST.",wn-0358:8:191,take,191,,,TIME:approximately 4:55 a.m. EST,at,Vandenberg Air Force Base,FAC:Vandenberg Air Force Base,False,0.65
wn-0358,9,failure,failed,,the payload,Approximately 10 minutes,"Approximately 10 minutes into the mission, the payload failed to separate and a contingency was activated, but was unsuccessful.",wn-0358:9:220,fail,220,,,TIME:Approximately 10 minutes,,,,False,0.65
wn-0359,0,delay,delay,,,almost two months,"SpaceAfter almost two months of delay, NASA has set March 11 as the launch date for Space Shuttle Discovery.",wn-0359:0:5,delay,5,,,DATE:almost two months,,,,False,0.55
wn-0359,0,launch,launch,,,March 11,"SpaceAfter almost two months of delay, NASA has set March 11 as the launch date for Space Shuttle Discovery.",wn-0359:0:14,launch,14,,,DATE:March 11,,,,False,0.55
wn-0359,1,delay,delayed,they,the launch,February 22,"On February 22, NASA had stated that they indefinitely delayed the launch of Space Shuttle Discovery, which was originally scheduled for takeoff on February 12.",wn-0359:1:31,delay,31,,,DATE:February 22,,,,False,0.65
wn-0359,1,launch,launch,,Space Shuttle Discovery,February 22,"On February 22, NASA had stated that they indefinitely delayed the launch of Space Shuttle Discovery, which was originally scheduled for takeoff on February 12.",wn-0359:1:33,launch,33,,SPACECRAFT:Space Shuttle Discovery,DATE:February 22,,,,True,0.75
wn-0359,2,launch,Launch,,,February 25,Launch was then further delayed until February 25 before being delayed indefinitely on February 22.,wn-0359:2:49,launch,49,,,DATE:February 25,,,,True,0.55
wn-0359,2,delay,delayed,,Launch,February 25,Launch was then further delayed until February 25 before being delayed indefinitely on February 22.,wn-0359:2:53,delay,53,,,DATE:February 25,until,,,False,0.65
wn-0359,2,delay,delayed,,,February 22,Launch was then further delayed until February 25 before being delayed indefinitely on February 22.,wn-0359:2:59,delay,59,,,DATE:February 22,on,,,False,0.6
wn-0359,5,launch,launch,,The official countdown,"Sunday, March 8","The official countdown to launch will commence Sunday, March 8.",wn-0359:5:116,launch,116,,,"DATE:Sunday, March 8",,,,False,0.65
wn-0359,7,launch,launch,,,the 11th,It's time now to step back and think of everything else we need to watch before launch on the 11th.,wn-0359:7:154,launch,154,,,DATE:11th,,,,False,0.55
wn-0359,10,launch,taking off,,the shuttle,,NASA wanted to perform additional tests on the valves which control the amount of hydrogen fuel pumped into the external tank when the shuttle is taking off before making a decision to launch.,wn-0359:10:217,take,217,,,,,,,False,0.6
wn-0359,10,launch,launch,,a decision,,NASA wanted to perform additional tests on the valves which control the amount of hydrogen fuel pumped into the external tank when the shuttle is taking off before making a decision to launch.,wn-0359:10:224,launch,224,,,,,,,False,0.6
wn-0360,0,launch,launched,a Delta II rocket,Kepler Telescope,approximately 10:51 p.m.,"SpaceNASA's Kepler Telescope, which will search for planets orbiting other stars, was successfully launched by a Delta II rocket from Cape Canaveral Air Force Station at approximately 10:51 p.m. (EST).",wn-0360:0:16,launch,16,,ORG:Kepler Telescope,TIME:approximately 10:51 p.m.,at,Cape Canaveral Air Force Station,FAC:Cape Canaveral Air Force Station,False,0.8
wn-0360,2,discovery,discover,the telescope,hundreds,,"According to the Kepler Mission page on NASA's website, the telescope ""is specifically designed to survey our region of the Milky Way galaxy to discover hundreds of Earth-size and smaller planets in or near the habitable zone and determine how many of the billions of stars in our galaxy have such planets.""",wn-0360:2:88,discover,88,,,,,,,False,0.6
wn-0360,4,discovery,detecting,,planets,,The Kepler Telescope will use the 'Transit Method' of detecting planets.,wn-0360:4:156,detect,156,,,,,,,False,0.6
wn-0360,10,discovery,find,we,no planets,,"""Even if we find no planets like Earth, that by itself would be profound.",wn-0360:10:287,find,287,,,,,,,False,0.6
wn-0360,12,discovery,detection,,extrasolar planets,1988,"Although planets orbiting stars other than the Sun had been theorized for centuries, it was only in 1988 that a team of Canadian astronomers made the first detection of extrasolar planets orbiting the star Gamma Cephei.",wn-0360:12:353,detection,353,,,DATE:1988,,,,False,0.6
wn-0360,13,discovery,discovered,,over 300 extrasolar planets,,Now over 300 extrasolar planets are said to have been discovered.,wn-0360:13:373,discover,373,,,,,,,False,0.6
wn-0360,14,launch,launch,,,just weeks,"The launch comes just weeks after NASA's failed launch of the Orbiting Carbon Observatory, which crashed into the ocean off Antarctica's coast.",wn-0360:14:377,launch,377,,,DATE:just weeks,,,,False,0.55
wn-0360,14,failure,failed,,NASA's failed launch,just weeks,"The launch comes just weeks after NASA's failed launch of the Orbiting Carbon Observatory, which crashed into the ocean off Antarctica's coast.",wn-0360:14:384,failed,384,,,DATE:just weeks,,,,False,0.6
wn-0360,14,launch,launch,NASA,the Orbiting Carbon Observatory,just weeks,"The launch comes just weeks after NASA's failed launch of the Orbiting Carbon Observatory, which crashed into the ocean off Antarctica's coast.",wn-0360:14:385,launch,385,ORG:NASA,ORG:Orbiting Carbon Observatory,DATE:just weeks,,,,False,0.85
wn-0360,14,failure,crashed,,which,just weeks,"The launch comes just weeks after NASA's failed launch of the Orbiting Carbon Observatory, which crashed into the ocean off Antarctica's coast.",wn-0360:14:393,crash,393,,,DATE:just weeks,,,,False,0.65
wn-0361,4,launch,launch,,a North Korean satellite,,"The first a launch of a North Korean satellite seen by the United States, Japan and South Korea as a test launch of North Korea's Taepodong-2 ballistic missile.",wn-0361:4:126,launch,126,,,,,,,False,0.55
wn-0361,4,launch,launch,,North Korea's Taepodong-2 ballistic missile,,"The first a launch of a North Korean satellite seen by the United States, Japan and South Korea as a test launch of North Korea's Taepodong-2 ballistic missile.",wn-0361:4:145,launch,145,,,,,,,False,0.55
wn-0361,5,launch,launch,,satellite,annual,"This satellite launch coincides with an annual joint United States, South Korean military exercise, which the North has condemned in the past as a dress rehearsal for an invasion.",wn-0361:5:157,launch,157,,,DATE:annual,,,,False,0.6
wn-0361,6,launch,launch,,,year,An expansion of this year's exercises in length and scale is being seen by Pyongyang as cover for preparations to shoot down its launch vehicle.,wn-0361:6:211,launch,211,,,DATE:year,,,,False,0.55
wn-0362,0,delay,postpone,,the launch,SpaceNASA,"SpaceNASA has decided to postpone the launch of Space Shuttle Discovery, mission STS-119, for at least four more days.",wn-0362:0:4,postpone,4,,,DATE:SpaceNASA,,,,False,0.65
wn-0362,0,launch,launch,,Space Shuttle Discovery,SpaceNASA,"SpaceNASA has decided to postpone the launch of Space Shuttle Discovery, mission STS-119, for at least four more days.",wn-0362:0:6,launch,6,,SPACECRAFT:Space Shuttle Discovery,DATE:SpaceNASA,,,,True,0.75
wn-0362,1,delay,delay,,launch,,The further delay of launch was due to a hydrogen fuel leak.,wn-0362:1:24,delay,24,,,,,,,False,0.55
wn-0362,1,launch,launch,,,,The further delay of launch was due to a hydrogen fuel leak.,wn-0362:1:26,launch,26,,,,,,,False,0.5
wn-0362,2,launch,liftoff,,,tonight,Discovery was previously set to liftoff tonight at 9:20 p.m. (EDT).,wn-0362:2:40,liftoff,40,,,TIME:tonight,,,,False,0.55
wn-0362,3,launch,launch,,shuttle Discovery,no earlier than March 15,"""Space shuttle Discovery’s launch to the International Space Station (ISS) now is targeted for no earlier than March 15.",wn-0362:3:55,launch,55,,SPACECRAFT:shuttle Discovery,DATE:no earlier than March 15,,,,False,0.75
wn-0362,4,launch,Liftoff,,,March 15,Liftoff on March 15 would be at 7:43 p.m. EDT.,wn-0362:4:74,liftoff,74,,,DATE:March 15,on,,,False,0.55
wn-0362,5,launch,launch,,,,"The exact launch date is dependent on the work necessary to repair the problem,"" said NASA in a statement on their website.",wn-0362:5:87,launch,87,,,,,,,False,0.5
wn-0362,8,launch,launch,,Discovery,July of 2008,Discovery's original proposed launch was for July of 2008.,wn-0362:8:166,launch,166,,PRODUCT:Discovery,DATE:July of 2008,,,,False,0.75
wn-0362,11,delay,delayed,,It,February 27,"It was then delayed until February 27, but was then delayed indefinitely on February 20 after NASA discovered an issue with the hydrogen control valves.",wn-0362:11:199,delay,199,,,DATE:February 27,until,,,False,0.65
wn-0362,11,delay,delayed,,It,February 20,"It was then delayed until February 27, but was then delayed indefinitely on February 20 after NASA discovered an issue with the hydrogen control valves.",wn-0362:11:207,delay,207,,,DATE:February 20,on,,,False,0.65
wn-0362,11,discovery,discovered,NASA,an issue,February 20,"It was then delayed until February 27, but was then delayed indefinitely on February 20 after NASA discovered an issue with the hydrogen control valves.",wn-0362:11:214,discover,214,ORG:NASA,,DATE:February 20,,,,False,0.75
wn-0364,0,launch,launched,SpaceNASA,Space Shuttle Discovery,,SpaceNASA has successfully launched Space Shuttle Discovery after over a month of delays.,wn-0364:0:3,launch,3,GPE:SpaceNASA,SPACECRAFT:Space Shuttle Discovery,,,,,False,0.85
wn-0364,0,delay,delays,,,,SpaceNASA has successfully launched Space Shuttle Discovery after over a month of delays.,wn-0364:0:12,delay,12,,,,,,,False,0.5
wn-0364,1,launch,lifted off,,Discovery,7:43 p.m.,"Discovery lifted off at 7:43 p.m. (EDT) from Cape Canaveral Air Force Station in Florida in the United States after NASA declared the weather to be ""100% go for launch"".",wn-0364:1:15,lift,15,,PRODUCT:Discovery,TIME:7:43 p.m.,at,Cape Canaveral Air Force Station,FAC:Cape Canaveral Air Force Station,False,0.8
wn-0364,1,launch,launch,,,7:43 p.m.,"Discovery lifted off at 7:43 p.m. (EDT) from Cape Canaveral Air Force Station in Florida in the United States after NASA declared the weather to be ""100% go for launch"".",wn-0364:1:47,launch,47,,,TIME:7:43 p.m.,,,,False,0.55
wn-0364,2,failure,broke up,,The clouds,,"""The clouds broke up and that's why we were go for launch,"" stated mission control on NASA TV.",wn-0364:2:54,break,54,,,,,,,False,0.6
wn-0364,2,launch,launch,,,,"""The clouds broke up and that's why we were go for launch,"" stated mission control on NASA TV.",wn-0364:2:64,launch,64,,,,,,,False,0.5
wn-0364,3,launch,launch,,,about 40 minutes,A crystal clear blue sky could be seen in Discovery's background about 40 minutes before launch.,wn-0364:3:90,launch,90,,,TIME:about 40 minutes,,,,False,0.55
wn-0364,4,launch,launch,,external fuel tank delaying,,"NASA earlier had made jokes about a small black bat attached to the rear of the external fuel tank delaying launch, but NASA assured it would not be a problem for launch.",wn-0364:4:112,launch,112,,,,,,,False,0.55
wn-0364,4,launch,launch,,,,"NASA earlier had made jokes about a small black bat attached to the rear of the external fuel tank delaying launch, but NASA assured it would not be a problem for launch.",wn-0364:4:124,launch,124,,,,,,,False,0.5
wn-0364,5,launch,launched,,the shuttle,,NASA also said that there was a bat on STS-72 which managed to fly away just before the shuttle launched.,wn-0364:5:145,launch,145,,,,,,,False,0.6
wn-0364,10,launch,launch,,Discovery,July of 2008,Discovery's original proposed launch was for July of 2008.,wn-0364:10:325,launch,325,,PRODUCT:Discovery,DATE:July of 2008,,,,False,0.75
wn-0364,13,delay,delayed,,It,February 27,"It was then delayed until February 27, but was then delayed indefinitely on February 20 after NASA discovered an issue with the hydrogen control valves.",wn-0364:13:358,delay,358,,,DATE:February 27,until,,,False,0.65
wn-0364,13,delay,delayed,,It,February 20,"It was then delayed until February 27, but was then delayed indefinitely on February 20 after NASA discovered an issue with the hydrogen control valves.",wn-0364:13:366,delay,366,,,DATE:February 20,on,,,False,0.65
wn-0364,13,discovery,discovered,NASA,an issue,February 20,"It was then delayed until February 27, but was then delayed indefinitely on February 20 after NASA discovered an issue with the hydrogen control valves.",wn-0364:13:373,discover,373,ORG:NASA,,DATE:February 20,,,,False,0.75
wn-0366,1,discovery,identified,media reports,who,,"The teen, who was not identified by media reports due to her age, was charged with possession and distribution of child pornography for posting 30 nude photos of herself on MySpace.",wn-0366:1:35,identify,35,,,,,,,True,0.6
wn-0367,0,launch,launch,North KoreaNorth Korea,,the next few days,"North KoreaNorth Korea may be planning to launch one of its Taepodong-2 missiles in the next few days, having announced earlier that it intends to put a communications satellite into space.",wn-0367:0:7,launch,7,GPE:North KoreaNorth Korea,,DATE:next few days,in,,,False,0.7
wn-0367,1,launch,launch,,,Wednesday,U.S. intelligence officials announced Wednesday that a missile had been rolled out to a pad at its Musudan launch facility.,wn-0367:1:52,launch,52,,,DATE:Wednesday,,,,False,0.55
wn-0367,4,launch,launch,,,,Only after a post-launch analysis will officials be able to determine what the missile may have been carrying.,wn-0367:4:94,launch,94,,,,,,,False,0.5
wn-0367,5,launch,launch,that,a missile,,"United States Secretary of State Hillary Clinton commented that were North Korea to launch a missile, they would be in violation of a United Nations Security Council resolution, and that the U.S. would voice its opposition with the U.N. if North Korea went through with the plan.",wn-0367:5:124,launch,124,,,,,,,False,0.6
wn-0367,7,launch,launched,North Korea,any such missiles,,Japan has warned that it will shoot down any such missiles launched by North Korea with its U.S.-made Patriot anti-missile defense system.,wn-0367:7:204,launch,204,GPE:North Korea,,,,,,False,0.7
wn-0367,8,launch,launches,North Korea,a rocket,,"South Korea's response was less specific, with chief nuclear envoy Wi Sung-lac saying ""If North Korea launches a rocket, certain countermeasures are unavoidable.",wn-0367:8:240,launch,240,GPE:North Korea,,,,,,False,0.7
wn-0367,10,launch,launch,,a Taepodong-2 missile,2006,"The previous launch of a Taepodong-2 missile was in 2006, which ended in failure after it went out of control and was destroyed.",wn-0367:10:253,launch,253,,,DATE:2006,,,,False,0.6
wn-0367,10,failure,failure,,,2006,"The previous launch of a Taepodong-2 missile was in 2006, which ended in failure after it went out of control and was destroyed.",wn-0367:10:265,failure,265,,,DATE:2006,,,,False,0.55
wn-0367,10,failure,destroyed,,it,2006,"The previous launch of a Taepodong-2 missile was in 2006, which ended in failure after it went out of control and was destroyed.",wn-0367:10:274,destroy,274,,,DATE:2006,,,,False,0.65
wn-0368,0,landing,landed,,shuttle Discovery,Saturday,"SpaceThe space shuttle Discovery landed at the Kennedy Space Center in Florida on Saturday, ending its thirteen-day mission to the International Space Station (ISS).",wn-0368:0:4,land,4,,SPACECRAFT:shuttle Discovery,DATE:Saturday,on,Kennedy Space Center,FAC:Kennedy Space Center,False,0.8
wn-0368,1,landing,landing,,The spacecraft,two hours,The spacecraft's landing was delayed for two hours due to low-lying clouds and heavy winds.,wn-0368:1:33,landing,33,,,TIME:two hours,,,,True,0.6
wn-0368,1,delay,delayed,,The spacecraft's landing,two hours,The spacecraft's landing was delayed for two hours due to low-lying clouds and heavy winds.,wn-0368:1:35,delay,35,,,TIME:two hours,for,,,False,0.65
wn-0368,4,landing,landing,,,,NASA tested an experimental tile under the Discoverys left wing during its approach for landing.,wn-0368:4:130,landing,130,,,,,,,False,0.5
wn-0368,8,discovery,findings,,,,The findings will be used to help determine better designs for future shuttles.,wn-0368:8:199,finding,199,,,,,,,False,0.5
wn-0369,7,launch,taking off,,a plane,,I actually thought it was a plane taking off from the airport and then bits started falling off.,wn-0369:7:124,take,124,,,,,,,False,0.6
wn-0369,14,failure,disintegrated,,A huge meteorite,,"A huge meteorite had disintegrated, and pieces were found near the border city of Lloydminster.",wn-0369:14:248,disintegrate,248,,,,,,,False,0.6
wn-0369,14,discovery,found,,pieces,,"A huge meteorite had disintegrated, and pieces were found near the border city of Lloydminster.",wn-0369:14:253,find,253,,,,,,,False,0.6
wn-0370,2,failure,disintegrated,,This,,This is the largest shelf of ice so far to have disintegrated in the Antarctic.,wn-0370:2:70,disintegrate,70,,,,,Antarctic,LOC:Antarctic,False,0.6
wn-0370,3,failure,lost,the shelf,425 square kilometres,February 2008,"In February 2008, the shelf lost 425 square kilometres (164 square miles) of ice, followed by a loss of another 62 square miles in May 2008.",wn-0370:3:82,lose,82,,,DATE:February 2008,in,,,False,0.65
wn-0370,3,failure,loss,,another 62 square miles,May 2008,"In February 2008, the shelf lost 425 square kilometres (164 square miles) of ice, followed by a loss of another 62 square miles in May 2008.",wn-0370:3:97,loss,97,,,DATE:May 2008,in,,,False,0.6
wn-0370,4,failure,lost,the ice shelf,about 1800 square kilometers,the last year,"""During the last year the ice shelf has lost about 1800 square kilometers (694 square miles), or about 14 percent of its size,"" said Angelika Humbert from the Institute of Geophysics at University of Münster in Germany.",wn-0370:4:117,lose,117,,,DATE:last year,during,,,False,0.65
wn-0371,0,launch,launch,,,,"North KoreaDespite international appeals, North Korea has gone ahead with a long publicised rocket launch.",wn-0371:0:15,launch,15,,,,,,,False,0.5
wn-0371,1,launch,lifted off,,the rocket,"Sunday April 5, 2009","Authorities from the United States, Japan, and South Korea confirm that the rocket lifted off at 11.32 local time (02.32 GMT) on Sunday April 5, 2009.",wn-0371:1:32,lift,32,,,"DATE:Sunday April 5, 2009",on,,,False,0.65
wn-0371,2,launch,launched,,a flying object,,"""A short time ago a flying object appeared to have been launched from North Korea,"" read a statement by the Japanese government.",wn-0371:2:62,launch,62,,,,,North Korea,GPE:North Korea,False,0.6
wn-0371,5,launch,launched,the rocket,a satellite,,"A statement by the North Korean official news agency said that the rocket had successfully launched a satellite which is now broadcasting ""data"" and North Korean propaganda songs.",wn-0371:5:142,launch,142,,,,,,,False,0.6
wn-0371,8,launch,launch,,the rocket,,"However, the US Northern Command stated that the launch of the rocket failed, and that the payload and second stage have fallen into the Pacific Ocean.",wn-0371:8:214,launch,214,,,,,,,False,0.55
wn-0371,8,failure,failed,,the launch,,"However, the US Northern Command stated that the launch of the rocket failed, and that the payload and second stage have fallen into the Pacific Ocean.",wn-0371:8:218,fail,218,,,,,,,False,0.6
wn-0371,9,launch,launch,,,,"President Obama of the United States condemned the launch as ""provocative"" and stated that ""North Korea has ignored its international obligations...and further isolated itself from the community of nations.""",wn-0371:9:243,launch,243,,,,,,,False,0.5
wn-0371,10,launch,launch,,,15:00 EDT,"America, Japan and South Korea will discuss the launch at an emergency UN Security Council meeting at 15:00 EDT (1900 GMT).",wn-0371:10:280,launch,280,,,TIME:15:00 EDT,,,,False,0.55
wn-0371,14,launch,launch,,,,"North Korea claims that the rocket is a launch vehicle to orbit a satellite, however its neighbours suggest that this is simply a cover for a long-range missile test, a missile that could potentially hit Alaska and the West Coast of the United States.",wn-0371:14:357,launch,357,,,,,,,False,0.5
wn-0372,0,discovery,discoveries,,,,SpaceScientists have made two major discoveries in the search for other Earth-like planets.,wn-0372:0:5,discovery,5,,,,,,,False,0.5
wn-0372,1,discovery,discovered,they,the smallest known Earth-like exoplanet,2007,"British astronomers say they have discovered the smallest known Earth-like exoplanet orbiting a living star called Gliese 581 e and also discovered that a nearby planet called Gliese 581 d, discovered in 2007, is in the much sought after 'habitable zone'.",wn-0372:1:21,discover,21,,,DATE:2007,,,,False,0.65
wn-0372,1,discovery,discovered,they,,2007,"British astronomers say they have discovered the smallest known Earth-like exoplanet orbiting a living star called Gliese 581 e and also discovered that a nearby planet called Gliese 581 d, discovered in 2007, is in the much sought after 'habitable zone'.",wn-0372:1:39,discover,39,,,DATE:2007,,,,False,0.6
wn-0372,1,discovery,discovered,,a nearby planet,2007,"British astronomers say they have discovered the smallest known Earth-like exoplanet orbiting a living star called Gliese 581 e and also discovered that a nearby planet called Gliese 581 d, discovered in 2007, is in the much sought after 'habitable zone'.",wn-0372:1:49,discover,49,,,DATE:2007,in,,,False,0.65
wn-0372,3,discovery,detection,,"a rocky, Earth-like planet",,"""The Holy Grail of current exoplanet research is the detection of a rocky, Earth-like planet in the 'habitable zone',"" said astrophysicist at Switzerland's Geneva University, Michel Mayor.",wn-0372:3:100,detection,100,,,,,,,False,0.55
wn-0372,4,discovery,discovered,it,,years,"Astronomers say 581 e is 20.5 light years away from Earth and that it's roughly 1.9 times larger than Earth, making it the smallest exoplanet discovered to date.",wn-0372:4:156,discover,156,,,DATE:years,,,,False,0.6
wn-0372,5,discovery,found,,It,,It was found using the High Accuracy Radial Velocity Planet Searcher (HARPS).,wn-0372:5:162,find,162,,,,,,,False,0.6
wn-0372,12,discovery,found,,a promising candidate,,"""It is very exciting that such a promising candidate for an Earthlike planet has been found so close to us.",wn-0372:12:299,find,299,,,,,,,False,0.6
wn-0373,0,discovery,discovered,THEMIS space probes,,,"THEMIS space probes discovered that the Northern lights are seen when electrical tornadoes, rotating faster than a million miles an hour, hover about precision=-4 above the earth.",wn-0373:0:3,discover,3,,,,,,,False,0.55
wn-0373,8,launch,launched,NASA,five probes,February 2007,"Time History of Events and Macroscale Interactions during Substorms (THEMIS) are five probes launched by NASA in February 2007, which orbited Earth recording the volume and electrical current which was higher than 100,000 amperes.",wn-0373:8:200,launch,200,ORG:NASA,,DATE:February 2007,in,,,False,0.75
wn-0373,11,failure,anomaly,,,the day,This anomaly was cleared up by THEMIS satellites which showed that the Earth's magnetic field held the charged particles before deflecting them from the day side of the planet across to the opposite side of the planet where the particles massed into huge clouds.,wn-0373:11:283,anomaly,283,,,DATE:day,,,,False,0.55
wn-0373,13,discovery,findings,,their,this week,"The scientists presented their findings at the European Geosciences Union (EGU) in Vienna, Austria just this week.",wn-0373:13:370,finding,370,,,DATE:this week,,,,False,0.6
wn-0374,0,launch,lifted off,Space,Space Shuttle Atlantis,2:01:56 p.m EDT,"Space At 2:01:56 p.m EDT Monday, Space Shuttle Atlantis lifted off above Florida on its two day journey to the Hubble Space Telescope (HST) to make repairs.",wn-0374:0:10,lift,10,,SPACECRAFT:Space Shuttle Atlantis,TIME:2:01:56 p.m EDT,at,,,False,0.8
wn-0374,3,failure,failed,,which,"August 3, 2004","The instruments to be repaired are the Space Telescope Imaging Spectrograph and the Advanced Camera for Surveys, which failed on August 3, 2004 and January 27, 2007, respectively.",wn-0374:3:98,fail,98,,,"DATE:August 3, 2004",on,,,False,0.65
wn-0374,13,launch,launch,,,,"""There are very small odds we would, in fact, have a problem on ascent for which the remedy would be a launch on need shuttle, a rescue shuttle.",wn-0374:13:325,launch,325,,,,,,,False,0.5
wn-0375,0,launch,launched,European Space Agency,SpaceThe Herschel Space Observatory and Planck Satellite,Thursday,SpaceThe Herschel Space Observatory and Planck Satellite were both launched Thursday by an Ariane 5ECA rocket at around 1pm (UTC) by the European Space Agency (ESA) from the Guiana Space Centre.,wn-0375:0:9,launch,9,ORG:ESA,,DATE:Thursday,,,,False,0.75
wn-0375,1,launch,launched,,The two telescopes,,"The two telescopes valued at €1.9 billion (£1.7bn) were launched from Kourou, French Guiana, a department of France in South America.",wn-0375:1:50,launch,50,,,,,Kourou,FAC:Kourou,False,0.6
wn-0375,4,launch,launch,,,26 minutes,Herschel was released 26 minutes after launch to continue on its trajectory.,wn-0375:4:128,launch,128,,,TIME:26 minutes,,,,False,0.55
wn-0375,8,discovery,discovered,who,Uranus,1781,The larger space telescope is named after William Herschel who discovered the planet Uranus in 1781.,wn-0375:8:227,discover,227,,CELESTIAL:Uranus,DATE:1781,in,,,False,0.8
wn-0375,10,discovery,detect,,carbon,,"The Heterodyne Instrument for the Far Infrared (HIFI) will also be able to detect carbon, water and oxygen in star-forming areas of space and examine the chemical composition of comets.",wn-0375:10:290,detect,290,,,,,,,False,0.6
wn-0375,12,discovery,detecting,,instrumentation,,The Herschel will also be equipped with heat detecting instrumentation.,wn-0375:12:343,detect,343,,,,,,,False,0.6
wn-0376,0,landing,landed,,Space Shuttle Atlantis,,Space Shuttle Atlantis has landed safely at Edwards Air Force Base in California.,wn-0376:0:4,land,4,,SPACECRAFT:Space Shuttle Atlantis,,,Edwards Air Force Base,FAC:Edwards Air Force Base,False,0.75
wn-0376,1,landing,landed,,Atlantis,approximately 11:39 a.m.,Atlantis landed at approximately 11:39 a.m. (EDT).,wn-0376:1:15,land,15,,PRODUCT:Atlantis,TIME:approximately 11:39 a.m.,at,,,False,0.8
wn-0376,8,landing,landing,,,,The landing was scrubbed twice after bad weather forced NASA to land Atlantis at Edwards AFB.,wn-0376:8:149,landing,149,,,,,,,True,0.5
wn-0376,8,delay,scrubbed,,The landing,,The landing was scrubbed twice after bad weather forced NASA to land Atlantis at Edwards AFB.,wn-0376:8:151,scrub,151,,,,,,,False,0.6
wn-0376,8,landing,land,bad weather,Atlantis,,The landing was scrubbed twice after bad weather forced NASA to land Atlantis at Edwards AFB.,wn-0376:8:159,land,159,,PRODUCT:Atlantis,,,,,False,0.75
wn-0376,9,landing,land,,Atlantis,Thursday,Atlantis was originally scheduled to land on Thursday.,wn-0376:9:170,land,170,,PRODUCT:Atlantis,DATE:Thursday,on,,,False,0.8
wn-0376,13,failure,disaster,,Columbia,,"First, after the Columbia disaster, there was extensive worry about whether a mission to Hubble made sense given that it would force the shuttle into an orbit in which the crew could not be easily rescued or rendevous with the International Space Station.",wn-0376:13:224,disaster,224,,ORG:Columbia,,,,,False,0.7
wn-0377,1,launch,launched,,a Russian Soyuz-FG carrier rocket,Wednesday,"Wednesday, a Russian Soyuz-FG carrier rocket launched from Site 1/5 at the Baikonur Cosmodrome in Kazakhstan, with the Soyuz TMA-15 spacecraft, on a manned spaceflight to the International Space Station (ISS).",wn-0377:1:19,launch,19,,,DATE:Wednesday,,Baikonur Cosmodrome,FAC:Baikonur Cosmodrome,False,0.65
wn-0377,3,launch,launch,,,eight hours,"The launch was almost cancelled due to strong winds and the threat of swine flu carried by a journalist however, the flight was just delayed by eight hours.",wn-0377:3:96,launch,96,,,TIME:eight hours,,,,True,0.55
wn-0377,3,failure,cancelled,,The launch,eight hours,"The launch was almost cancelled due to strong winds and the threat of swine flu carried by a journalist however, the flight was just delayed by eight hours.",wn-0377:3:99,cancel,99,,,TIME:eight hours,,,,True,0.65
wn-0377,3,delay,delayed,,the flight,eight hours,"The launch was almost cancelled due to strong winds and the threat of swine flu carried by a journalist however, the flight was just delayed by eight hours.",wn-0377:3:120,delay,120,,,TIME:eight hours,,,,False,0.65
wn-0377,5,launch,launch,,,,"They don't have a launch window, they don't have launch date, they have a launch second,"" said Chris Hadfield, a Canadian astronaut.",wn-0377:5:145,launch,145,,,,,,,False,0.5
wn-0377,5,launch,launch,,,,"They don't have a launch window, they don't have launch date, they have a launch second,"" said Chris Hadfield, a Canadian astronaut.",wn-0377:5:152,launch,152,,,,,,,False,0.5
wn-0377,5,launch,launch,,,,"They don't have a launch window, they don't have launch date, they have a launch second,"" said Chris Hadfield, a Canadian astronaut.",wn-0377:5:158,launch,158,,,,,,,False,0.5
wn-0378,0,failure,canceled,NASA,today's early morning launch,today,NASA has canceled today's early morning launch of Space Shuttle Endeavour because of a hydrogen fuel leak.,wn-0378:0:2,cancel,2,ORG:NASA,,DATE:today,,,,False,0.75
wn-0378,0,launch,launch,,Space Shuttle Endeavour,early morning,NASA has canceled today's early morning launch of Space Shuttle Endeavour because of a hydrogen fuel leak.,wn-0378:0:7,launch,7,,SPACECRAFT:Space Shuttle Endeavour,TIME:early morning,,,,True,0.75
wn-0378,1,discovery,discovered,,The leak,,The leak was discovered after NASA personnel began to fill Endeavour's external fuel tank.,wn-0378:1:22,discover,22,,,,,,,False,0.6
wn-0378,2,delay,scrub,,,12:26 a.m. EDT,"""The official scrub time was 12:26 a.m. EDT.",wn-0378:2:39,scrub,39,,,TIME:12:26 a.m. EDT,,,,False,0.55
wn-0378,3,launch,Launch,,,,Launch teams began draining Endeavour's external fuel tank of its liquid hydrogen and liquid oxygen at 12:06 a.m..,wn-0378:3:46,launch,46,,,,,,,False,0.5
wn-0378,4,discovery,detected,,the leak,,"Fueling was halted after the leak was detected near the Ground Umbilical Carrier Plate, or GUCP, which attached to the external tank at its intertank area,"" said NASA in a statement on their website.",wn-0378:4:73,detect,73,,,,,the Ground Umbilical Carrier Plate,ORG:Ground Umbilical Carrier Plate,False,0.6
wn-0378,5,launch,Launch,,,7:17 a.m.,Launch for mission STS-127 was scheduled for 7:17 a.m. (EDT) on Saturday from Kennedy Space Center in Florida.,wn-0378:5:106,launch,106,,,TIME:7:17 a.m.,,,,False,0.55
wn-0378,6,launch,launch,,,Sunday,"If NASA fixes the problem in a reasonable period, the next window of opportunity for launch would be at 6:51 a.m Sunday morning.",wn-0378:6:143,launch,143,,,DATE:Sunday,,,,False,0.55
wn-0378,7,launch,lift off,Endeavor,,June 17,"If the problem cannot be solved by then, NASA says the earliest they would be able to re-schedule Endeavor's lift off would be June 17.",wn-0378:7:176,lift,176,ORG:Endeavor,,DATE:June 17,,,,False,0.65
wn-0378,8,discovery,Observation,,Crater,,This would conflict with the Lunar Reconnaissance Orbiter (LRO)/Lunar Crater Observation and Sensing Satellite (LCROSS) launch.,wn-0378:8:194,observation,194,,,,,,,False,0.55
wn-0378,8,launch,launch,,,,This would conflict with the Lunar Reconnaissance Orbiter (LRO)/Lunar Crater Observation and Sensing Satellite (LCROSS) launch.,wn-0378:8:201,launch,201,,,,,,,False,0.5
wn-0378,9,launch,launch,,STS-128,August 6,Space Shuttle Discovery will be on standby in case of emergencies and STS-128 could be readied to launch by August 6.,wn-0378:9:220,launch,220,,,DATE:August 6,by,,,False,0.65
wn-0378,10,launch,launch,,Space Shuttle Discovery,March,A similar problem in March forced NASA to push back the launch of Space Shuttle Discovery for mission STS-119.,wn-0378:10:237,launch,237,,SPACECRAFT:Space Shuttle Discovery,DATE:March,,,,False,0.75
wn-0378,11,launch,take off,,,,The problem was fixed and Discovery was able to take off.,wn-0378:11:255,take,255,,,,,,,False,0.55
wn-0379,1,launch,launched,NASA,the Lunar Reconnaissance Orbiter,5:32 p.m. EDT,"NASA launched the Lunar Precursor Robotic Program space probes, the Lunar Reconnaissance Orbiter (LRO) and the Lunar Crater Observation and Sensing Satellite (LCROSS) on board the Atlas V rocket at 5:32 p.m. EDT (2132 GMT) from Cape Canaveral Air Force Station.",wn-0379:1:3,launch,3,ORG:NASA,ORG:Lunar Reconnaissance Orbiter,TIME:5:32 p.m. EDT,,,,False,0.9
wn-0379,2,launch,launch,,,about 20 minutes,Due to nearby thunderstorms the launch was delayed about 20 minutes from the scheduled launch time of 5.12 p.m. EDT (2112 GMT).,wn-0379:2:56,launch,56,,,TIME:about 20 minutes,,,,True,0.55
wn-0379,2,delay,delayed,,the launch,about 20 minutes,Due to nearby thunderstorms the launch was delayed about 20 minutes from the scheduled launch time of 5.12 p.m. EDT (2112 GMT).,wn-0379:2:58,delay,58,,,TIME:about 20 minutes,,,,False,0.65
wn-0379,2,launch,launch,,,about 20 minutes,Due to nearby thunderstorms the launch was delayed about 20 minutes from the scheduled launch time of 5.12 p.m. EDT (2112 GMT).,wn-0379:2:65,launch,65,,,TIME:about 20 minutes,,,,False,0.55
wn-0379,5,discovery,find,It,safe landing sites,,"It will be orbiting approximately 30s above the moon, trying to find safe landing sites, locating potential resources, characterizing the radiation environment and testing new technology.",wn-0379:5:142,find,142,,,,,,,False,0.6
wn-0379,5,landing,landing,,,,"It will be orbiting approximately 30s above the moon, trying to find safe landing sites, locating potential resources, characterizing the radiation environment and testing new technology.",wn-0379:5:144,landing,144,,,,,,,False,0.5
wn-0379,6,launch,launch,,,,"The 2,300 pounds (1,043 kg) spent upper stage Centaur motor of the Atlas V launch vehicle will strike the surface of the moon at 9,000 km/h (5,600 mph) resulting in a 350 ton (317 metric ton) plume of debris rising between 6 to 30 miles (10 to 48 km) above the moon's surface.",wn-0379:6:177,launch,177,,,,,,,False,0.5
wn-0379,7,discovery,detect,,any water ice,four minutes later,"From this impact, scientists hope to be able to detect any water ice or vapor using the LCROSS satellite which will crash land nearby four minutes later.",wn-0379:7:236,detect,236,,,TIME:four minutes later,,,,False,0.65
wn-0379,7,failure,crash,which,land,four minutes later,"From this impact, scientists hope to be able to detect any water ice or vapor using the LCROSS satellite which will crash land nearby four minutes later.",wn-0379:7:248,crash,248,,,TIME:four minutes later,,,,False,0.65
wn-0379,9,launch,launch,,,yesterday,"The launch was originally planned for yesterday, but delayed for the launch of the Space Shuttle Endeavour, which was itself later delayed again due to another hydrogen fuel leak.",wn-0379:9:295,launch,295,,,DATE:yesterday,,,,False,0.55
wn-0379,9,delay,delayed,,The launch,yesterday,"The launch was originally planned for yesterday, but delayed for the launch of the Space Shuttle Endeavour, which was itself later delayed again due to another hydrogen fuel leak.",wn-0379:9:303,delay,303,,,DATE:yesterday,,,,False,0.65
wn-0379,9,launch,launch,,Space Shuttle Endeavour,yesterday,"The launch was originally planned for yesterday, but delayed for the launch of the Space Shuttle Endeavour, which was itself later delayed again due to another hydrogen fuel leak.",wn-0379:9:306,launch,306,,SPACECRAFT:Space Shuttle Endeavour,DATE:yesterday,,,,False,0.75
wn-0379,9,delay,delayed,,which,yesterday,"The launch was originally planned for yesterday, but delayed for the launch of the Space Shuttle Endeavour, which was itself later delayed again due to another hydrogen fuel leak.",wn-0379:9:317,delay,317,,,DATE:yesterday,,,,False,0.65
wn-0380,0,discovery,discovery,,the existence,,"A report published in the scientific journal Nature of results from the Cassini probe indicates the discovery of the existence of liquid water on Saturn's moon Enceladus, and with it the possibility of extraterrestrial life.",wn-0380:0:16,discovery,16,,,,,,,False,0.55
wn-0380,5,discovery,discovering,,a global ocean,,"The possibility of discovering a global ocean on the moon has receded, and has been replaced by the idea of large subterranean caverns with large pools or lakes of water, created by tidal forces acting upon Enceladus, and it is from these mist filled caverns that the water evaporates into the atmosphere in a steady jet.",wn-0380:5:134,discover,134,,,,,,,False,0.6
wn-0380,6,flyby,flybys,,,,"However, until further flybys and missions can be carried out other mechanisms for the presence of salt water ice cannot yet be dismissed.",wn-0380:6:195,flyby,195,,,,,,,False,0.5
wn-0381,0,launch,launched,an Ariane 5ECA rocket,SpaceThe TerreStar-1,Wednesday,"SpaceThe TerreStar-1, an American communications satellite operated by TerreStar Corporation was launched Wednesday by an Ariane 5ECA rocket at 17:52 GMT by the European Space Agency (ESA) from the ELA-3 at the Guiana Space Centre.",wn-0381:0:12,launch,12,,,DATE:Wednesday,,Guiana Space Centre,FAC:Guiana Space Centre,False,0.65
wn-0381,2,launch,launched,,It,,"It was launched from Kourou, French Guiana, a department of France in South America.",wn-0381:2:56,launch,56,,,,,Kourou,FAC:Kourou,False,0.6
wn-0381,3,launch,launched,,the largest telecommunications satellite,,This satellite weighs in as the heaviest and the largest telecommunications satellite ever launched.,wn-0381:3:84,launch,84,,,,,,,False,0.6
wn-0382,0,launch,launch,,Endeavour,at least 24 hours,The launch of Endeavour has been delayed at least 24 hours after the shuttle's launchpad area was struck by lightning at least 11 times this afternoon.,wn-0382:0:1,launch,1,,GPE:Endeavour,TIME:at least 24 hours,,,,True,0.75
wn-0382,0,delay,delayed,,The launch,at least 24 hours,The launch of Endeavour has been delayed at least 24 hours after the shuttle's launchpad area was struck by lightning at least 11 times this afternoon.,wn-0382:0:6,delay,6,,,TIME:at least 24 hours,,,,False,0.65
wn-0382,2,launch,launch,,,,"""Sensors indicated there were 11 lightning strikes within 0.35 miles, which is inside the launch pad's threshold,"" said a statement on NASA's website.",wn-0382:2:67,launch,67,,,,,,,False,0.5
wn-0382,5,launch,launch,,,,"We need to be 100 percent confident that we have a good system across the board,"" said chairman of the pre-launch Mission Management Team, Mike Moses.",wn-0382:5:146,launch,146,,,,,,,False,0.5
wn-0382,9,launch,launch,,,Sunday,A new launch date is set for Sunday evening at 7:13 p.m. (EDT).,wn-0382:9:235,launch,235,,,DATE:Sunday,,,,False,0.55
wn-0382,10,launch,lift off,,The shuttle,7:39 this evening,The shuttle was previously scheduled to lift off at 7:39 this evening after two previous delays in June which were caused by a hydrogen fuel leak.,wn-0382:10:255,lift,255,,,TIME:7:39 this evening,at,,,False,0.65
wn-0382,10,delay,delays,,,June,The shuttle was previously scheduled to lift off at 7:39 this evening after two previous delays in June which were caused by a hydrogen fuel leak.,wn-0382:10:264,delay,264,,,DATE:June,in,,,False,0.55
wn-0383,0,launch,launched,,Space Shuttle Endeavour,July 15,Space Shuttle Endeavour launched on a mission to finish construction of a new science lab at the International Space Station on July 15.,wn-0383:0:3,launch,3,,SPACECRAFT:Space Shuttle Endeavour,DATE:July 15,,,,False,0.8
wn-0383,2,launch,liftoff,,,,NASA commentator Mike Curie counted down to the liftoff from Kennedy Space Center in Florida.,wn-0383:2:57,liftoff,57,,,,,Kennedy Space Center,FAC:Kennedy Space Center,False,0.5
wn-0383,4,launch,liftoff,,Endeavour,,"Booster ignition and liftoff of Endeavour, completing Kibō and fulfilling Japan's hope for an out-of-this-world space laboratory,"" he said.",wn-0383:4:85,liftoff,85,,GPE:Endeavour,,,,,False,0.7
wn-0383,5,launch,launched,Endeavour,,last month,"The Endeavour was supposed to have launched last month, but a hydrogen leak forced officials to postpone while technicians fixed the problem.",wn-0383:5:119,launch,119,ORG:Endeavour,,DATE:last month,,,,False,0.7
wn-0383,5,delay,postpone,a hydrogen leak,,last month,"The Endeavour was supposed to have launched last month, but a hydrogen leak forced officials to postpone while technicians fixed the problem.",wn-0383:5:130,postpone,130,,,DATE:last month,,,,False,0.6
wn-0383,6,delay,delays,,,this week,A series of thunderstorms caused further delays this week.,wn-0383:6:143,delay,143,,,DATE:this week,,,,False,0.55
wn-0383,10,docking,docked,,the shuttle,,"While the shuttle is docked to the station, there will be 13 astronauts working in space at one time - the highest number in the station's history.",wn-0383:10:232,dock,232,,,,,,,False,0.6
wn-0384,0,landing,landing,,,Today,Today marks the 40th anniversary of the first ever landing of humans on the Moon.,wn-0384:0:9,land,9,,,DATE:Today,,,,False,0.6
wn-0384,1,launch,Launched,,Apollo 11,"July 16, 1969","Launched on July 16, 1969, Apollo 11 touched down on the lunar surface at 20:17 UTC on July 20.",wn-0384:1:16,launch,16,,SPACECRAFT:Apollo 11,"DATE:July 16, 1969",on,,,False,0.8
wn-0384,1,landing,touched down,,Apollo 11,July 20,"Launched on July 16, 1969, Apollo 11 touched down on the lunar surface at 20:17 UTC on July 20.",wn-0384:1:25,touch,25,,SPACECRAFT:Apollo 11,DATE:July 20,on,UTC,ORG:UTC,False,0.8
wn-0384,4,landing,landing,,,,At the time of the initial landing Aldrin and Armstrong spoke to then-president Richard M. Nixon by radio shortly after landing.,wn-0384:4:106,landing,106,,,,,,,False,0.5
wn-0384,4,landing,landing,,,,At the time of the initial landing Aldrin and Armstrong spoke to then-president Richard M. Nixon by radio shortly after landing.,wn-0384:4:122,land,122,,,,,,,False,0.55
wn-0385,1,failure,crashing,,A black spot,July 19,"A black spot about the size of the Earth that appeared on the upper cloud surface of the planet Jupiter on July 19 has been confirmed to be the result of a massive object, probably a comet or asteroid, crashing into the planet, according to the results of infrared observations of the planet taken at NASA's Mauna Kea Observatory.",wn-0385:1:48,crash,48,,,DATE:July 19,,,,False,0.65
wn-0385,1,discovery,observations,,the planet,July 19,"A black spot about the size of the Earth that appeared on the upper cloud surface of the planet Jupiter on July 19 has been confirmed to be the result of a massive object, probably a comet or asteroid, crashing into the planet, according to the results of infrared observations of the planet taken at NASA's Mauna Kea Observatory.",wn-0385:1:59,observation,59,,,DATE:July 19,,,,False,0.6
wn-0385,2,discovery,observing,who,the planet,1330,"The spot, located near Jupiter's south pole, was first reported by Anthony Wesley, an amateur astronomer from Murrumbateman, New South Wales, Australia who was observing the planet late on the 19th Australia time, around 1330 on July 20 GMT.",wn-0385:2:102,observe,102,,,DATE:1330,,,,False,0.65
wn-0385,3,discovery,observations,,,,"Wesley called in a tip to NASA, whose Jet Propulsion Laboratory (JPL) began their own observations at the Infrared Telescope Facility.",wn-0385:3:137,observation,137,,,,,,,False,0.5
wn-0385,5,discovery,observations,,,,Wesley's tip was instrumental in securing the best possible observations.,wn-0385:5:213,observation,213,,,,,,,False,0.5
wn-0385,8,discovery,observations,,,five years,"Leigh Flecther, a postdoctoral fellow at JPL, called the observations ""the most exciting observations I've seen in my five years of observing the outer planets!",wn-0385:8:272,observation,272,,,DATE:five years,,,,False,0.55
wn-0385,8,discovery,observations,,,five years,"Leigh Flecther, a postdoctoral fellow at JPL, called the observations ""the most exciting observations I've seen in my five years of observing the outer planets!",wn-0385:8:277,observation,277,,,DATE:five years,,,,False,0.55
wn-0385,8,discovery,observing,,the outer planets,five years,"Leigh Flecther, a postdoctoral fellow at JPL, called the observations ""the most exciting observations I've seen in my five years of observing the outer planets!",wn-0385:8:286,observe,286,,,DATE:five years,,,,False,0.65
wn-0385,10,discovery,observing,Wesley,the spot,,Wesley almost missed observing the spot.,wn-0385:10:296,observe,296,PERSON:Wesley,,,,,,False,0.7
wn-0385,16,discovery,detected,,the object,,"Unlike Comet Shoemaker-Levy 9, the object responsible for Jupiter's new black spot was not detected prior to its impact.",wn-0385:16:398,detect,398,,,,,,,True,0.6
wn-0386,0,discovery,discovered,SpaceAstronomers,an extrasolar planet,,SpaceAstronomers have discovered an extrasolar planet that may eventually collide into its sun.,wn-0386:0:2,discover,2,,,,,,,False,0.6
wn-0386,3,discovery,discovery,,,,The discovery was made by British astronomers.,wn-0386:3:46,discovery,46,,,,,,,False,0.5
wn-0386,4,discovery,discovered,that,it,,"The planet's name is derived from the group that discovered it, WASP (Wide Angle Search for Planets).",wn-0386:4:63,discover,63,,,,,,,False,0.6
wn-0386,6,failure,crash,,it,under one million years,"Tidal interactions between the planet and its star are pulling them together, and it will likely crash into its star in under one million years.",wn-0386:6:102,crash,102,,,DATE:under one million years,,,,False,0.65
wn-0386,13,discovery,discovered,that,the planet,,Coel Hellier of Keele University led a group of researchers that discovered the planet.,wn-0386:13:222,discover,222,,,,,,,False,0.6
wn-0386,15,discovery,discovering,,the planet,,"Scientists had a 1 in 2,000 chance of discovering the planet.",wn-0386:15:250,discover,250,,,,,,,False,0.6
wn-0387,7,discovery,discover,,their surprising height,,"4=Bob Pappalardo With the light from the Sun reaching Saturn's rings at such a low angle, scientists were able to measure the shadows cast by bumps on the rings and discover their surprising height.",wn-0387:7:183,discover,183,,,,,,,False,0.6
wn-0387,13,launch,launched,,Cassini,1997,"Cassini was launched in 1997, and entered orbit around Saturn in 2004.",wn-0387:13:303,launch,303,,SPACECRAFT:Cassini,DATE:1997,in,,,False,0.8
wn-0388,1,discovery,found,Astronomers,a huge new ring,,Astronomers have found a huge new ring around the planet Saturn.,wn-0388:1:4,find,4,,,,,,,False,0.6
wn-0388,4,discovery,found,,The ring,today,"The ring was found with the help of NASA's Spitzer Space Telescope, with details published today in the journal Nature.",wn-0388:4:74,find,74,,,DATE:today,,,,False,0.65
wn-0388,11,discovery,found,,the newly found ring,,However the newly found ring is extremely faint.,wn-0388:11:239,find,239,,,,,,,False,0.6
wn-0388,13,discovery,discovery,,,,This explains why it has evaded discovery until now.,wn-0388:13:293,discovery,293,,,,,,,False,0.5
wn-0388,17,launch,launched,,The telescope,2003,"The telescope, launched in 2003, orbits the Sun and is roughly 66 million miles (107 million km) from Earth.",wn-0388:17:347,launch,347,,,DATE:2003,in,,,False,0.65
wn-0388,19,discovery,discovery,,,,"The discovery could also finally account for the unusual appearance of Iapetus, another of the planet's moons.",wn-0388:19:380,discovery,380,,,,,,,False,0.5
wn-0388,20,discovery,observed,Cassini,Iapetus,1671,"When Iapetus was first observed in 1671 by astronomer Giovanni Cassini, its leading side was seen to be much darker than the other.",wn-0388:20:403,observe,403,SPACECRAFT:Cassini,CELESTIAL:Iapetus,DATE:1671,in,,,False,0.9
wn-0388,26,discovery,found,,The material,,The material has been found to have a similar composition to Phoebe's surface.,wn-0388:26:516,find,516,,,,,,,False,0.6
wn-0388,29,discovery,discovery,,,the past month,This is the second major discovery for astronomers studying Saturn in the past month.,wn-0388:29:545,discovery,545,,,DATE:past month,,,,False,0.55
wn-0389,4,discovery,find,The best place,these particles,,"The best place to find these particles is in the Sun's Heliosphere, where forces from outside our solar system interact with the Sun's magnetic field, causing these particles to become highly energetic.",wn-0389:4:106,find,106,,,,,,,False,0.6
wn-0390,1,delay,delaying,,the launch,24 hours,"After delaying the launch 24 hours because of poor weather, Ares lifted off at 11:30 (EDT) in the morning from Kennedy Space Center in Florida.",wn-0390:1:18,delay,18,,,TIME:24 hours,,,,False,0.65
wn-0390,1,launch,launch,,,24 hours,"After delaying the launch 24 hours because of poor weather, Ares lifted off at 11:30 (EDT) in the morning from Kennedy Space Center in Florida.",wn-0390:1:20,launch,20,,,TIME:24 hours,,,,True,0.55
wn-0390,1,launch,lifted off,,Ares,11:30 (EDT,"After delaying the launch 24 hours because of poor weather, Ares lifted off at 11:30 (EDT) in the morning from Kennedy Space Center in Florida.",wn-0390:1:29,lift,29,,,TIME:11:30 (EDT,at,,,False,0.65
wn-0390,4,launch,launch,,,,"After reaching an altitude of about 40 km, the first stage separates from the launch vehicle.",wn-0390:4:130,launch,130,,,,,,,False,0.5
wn-0390,5,landing,descent,,,,"The second stage was very brief, reaching around 46,000 metres, before an uncontrolled descent.",wn-0390:5:148,descent,148,,,,,,,False,0.5
wn-0390,6,landing,splash down,The Orion capsule model,approximately 230 nautical miles,,The Orion capsule model should splash down approximately 230 nautical miles from the launch site.,wn-0390:6:155,splash,155,,,,,,,False,0.6
wn-0390,6,launch,launch,,,,The Orion capsule model should splash down approximately 230 nautical miles from the launch site.,wn-0390:6:163,launch,163,,,,,,,False,0.5
wn-0390,12,landing,landing,,,,"The rocket with Orion is also planned to lift the crew to Altair lunar landing module, which will be lifted into orbit using the Ares V heavy-lift rocket.",wn-0390:12:341,landing,341,,,,,,,False,0.5
wn-0392,1,launch,launched,the agency,A Moon mission,,A Moon mission launched by the agency has confirmed the presence of water on the moon.,wn-0392:1:28,launch,28,,,,,,,False,0.6
wn-0392,2,discovery,discovery,,,a year,The discovery comes a year after a NASA instrument on an Indian lander indicated there were water molecules on the surface of our satellite.,wn-0392:2:43,discovery,43,,,DATE:year,,,,False,0.55
wn-0392,3,discovery,discovered,Chandrayaan-1,water,"September 24, 2008","On September 24, 2008 the Indian Space Research Organisation had stated Chandrayaan-1 had discovered water based on readings from NASA's Moon Mineralogy Mapper, one of eleven instruments carried by the probe.",wn-0392:3:82,discover,82,SPACECRAFT:Chandrayaan-1,,"DATE:September 24, 2008",,,,False,0.75
wn-0392,5,launch,launched,,That probe,October 2008,"That probe, launched in October 2008, had to be abandoned on August 30 when contact was lost with it on the Moon's surface.",wn-0392:5:116,launch,116,,,DATE:October 2008,in,,,False,0.65
wn-0392,5,failure,lost,,contact,August 30,"That probe, launched in October 2008, had to be abandoned on August 30 when contact was lost with it on the Moon's surface.",wn-0392:5:131,lose,131,,,DATE:August 30,,,,False,0.65
wn-0392,7,failure,crashed,,it,,"An empty rocket slammed into the Cabeus crater, near the southern pole, while a small spacecraft stayed behind to take measurements from the plume of debris thrown up, although it too ultimately crashed into Cabeus.",wn-0392:7:199,crash,199,,,,,,,False,0.6
wn-0392,8,landing,landing,,Moon,the night,"Across the United States people spent the night on lawns and in parks hoping to see the impact, on the 40th anniversary of the first Apollo Moon landing, but it was invisible to the naked eye.",wn-0392:8:231,landing,231,,CELESTIAL:Moon,TIME:night,,,,False,0.75
wn-0392,14,discovery,observation,,lunar crater,,"LCROSS stands for lunar crater observation and sensing satellite, which was the satellite's name, while its rocket companion was called Centaur.",wn-0392:14:354,observation,354,,PERSON:lunar crater,,,,,False,0.7
wn-0392,22,discovery,find,We,a little bit,,"""We didn't find just a little bit, we found a significant amount.",wn-0392:22:494,find,494,,,,,,,True,0.6
wn-0392,22,discovery,found,we,a significant amount,,"""We didn't find just a little bit, we found a significant amount.",wn-0392:22:501,find,501,,,,,,,False,0.6
wn-0392,28,discovery,found,They,a big reservoir,,"""They've haven't found a big reservoir of it,"" he said.",wn-0392:28:616,find,616,,,,,,,True,0.6
wn-0393,0,launch,launch,,the new Angara carrier rocket,about a year,RussiaRussian space officials have said that the launch of the new Angara carrier rocket might be delayed for about a year due to lack of funds.,wn-0393:0:7,launch,7,,,DATE:about a year,,,,True,0.6
wn-0393,0,delay,delayed,,the launch,about a year,RussiaRussian space officials have said that the launch of the new Angara carrier rocket might be delayed for about a year due to lack of funds.,wn-0393:0:16,delay,16,,,DATE:about a year,,,,False,0.65
wn-0393,2,delay,delay,,,,"""There is a serious delay in the construction of launch facilities for Angara due to the shortage of financing from the Defense Ministry.",wn-0393:2:49,delay,49,,,,,,,False,0.5
wn-0393,2,launch,launch,,,,"""There is a serious delay in the construction of launch facilities for Angara due to the shortage of financing from the Defense Ministry.",wn-0393:2:54,launch,54,,,,,,,False,0.5
wn-0393,5,launch,launch,,,2010,"Launch facilities for the rocket were initially to be made ready by 2010, with the launch scheduled for the year after that.",wn-0393:5:129,launch,129,,,DATE:2010,,,,False,0.55
wn-0393,8,launch,launching,,satellites,,"They will be used for both military and civilian purposes, and are to be used in joint space station projects and for launching satellites into orbit.",wn-0393:8:212,launch,212,,,,,,,False,0.6
wn-0394,4,launch,launch,,,eleven day,"Prior to launch, Bresnik joked about the birth expected while on his eleven day mission with the Shuttle, ""this is a pretty good excuse for missing the birth and hopefully she will forgive me later on"".",wn-0394:4:74,launch,74,,,DATE:eleven day,,,,False,0.55
wn-0395,0,discovery,spotted,the upgraded Hubble space telescope,the oldest galaxies,,space American and European scientists say the upgraded Hubble space telescope has spotted the oldest galaxies ever seen.,wn-0395:0:12,spot,12,,,,,,,False,0.6
wn-0395,6,discovery,detect,,WFC3,,"Light from the furthest galaxies is shifted to infrared wavelengths invisible to the human eye, but WFC3 can detect these.",wn-0395:6:169,detect,169,,,,,,,False,0.6
wn-0395,17,discovery,observations,,,,"""These new observations are likely to be the most sensitive images Hubble will ever take,"" said Professor Jim Dunlop of the University of Edinburgh.",wn-0395:17:373,observation,373,,,,,,,False,0.5
wn-0396,1,flyby,flyby,,Cassini,,"NASA have revealed that a flyby of its probe Cassini past Titan, a moon of Saturn, has produced a historic image: the first photograph showing liquid on a world other than our own.",wn-0396:1:7,flyby,7,,SPACECRAFT:Cassini,,,,,False,0.7
wn-0396,3,discovery,spot,Cassini,,2004,"Cassini has been trying to spot one since arriving in 2004, and in 2008 used infrared data to prove that there were liquid methane lakes down there.",wn-0396:3:65,spot,65,SPACECRAFT:Cassini,,DATE:2004,,,,False,0.7
wn-0396,12,discovery,find out,we,,,"""Next, we want to find out more about Titan's liquid.",wn-0396:12:280,find,280,,,,,,,False,0.55
wn-0396,19,launch,launched,,it,2016,If launched in 2016 it could arrive in 2023 and spend several years floating on the moon.,wn-0396:19:388,launch,388,,,DATE:2016,in,,,False,0.65
wn-0396,20,launch,launch,,a new project,,"However, several other projects are also keen to get themselves the next opportunity NASA is offering for the launch of a new project other than its own.",wn-0396:20:424,launch,424,,,,,,,False,0.55
wn-0397,1,discovery,found,,a small plastic bag,two days,"On Thursday, NASA officials confirmed that a small plastic bag of cocaine was found two days before in a secure space shuttle processing facility within the Kennedy Space Center located in Merritt Island, Florida.",wn-0397:1:16,find,16,,,DATE:two days,,,,False,0.65
wn-0397,2,discovery,found,An employee,the bag,March,"An employee found the bag in Orbiter Processing Facility #3, where the Discovery is being prepared for a March launch to deliver supplies to the International Space Station.",wn-0397:2:42,find,42,,,DATE:March,,,,False,0.65
wn-0397,2,launch,launch,,,March,"An employee found the bag in Orbiter Processing Facility #3, where the Discovery is being prepared for a March launch to deliver supplies to the International Space Station.",wn-0397:2:61,launch,61,,,DATE:March,,,,False,0.55
wn-0397,12,discovery,found,,the guilty party,,"Senator Bill Nelson, a former astronaut himself, says he is confident that the guilty party will be found, brought to justice, and then sent ""out the door.",wn-0397:12:349,find,349,,,,,,,False,0.6
wn-0398,2,discovery,findings,,his,the day,"Gross commented about his findings to the Bloomberg news agency in an email, saying: ""the length of the day should have gotten shorter by 1.26 microseconds.",wn-0398:2:100,finding,100,,,DATE:day,,,,False,0.6
wn-0399,2,failure,crashed,,The asteroid,,"The asteroid crashed into Yucatán, Mexico creating the Chicxulub crater.",wn-0399:2:32,crash,32,,,,,,,False,0.6
wn-0399,5,discovery,discovered,,The Chicxulub crater,,"The Chicxulub crater was also discovered in Mexico at approximately that same time, therefore the theory gained scientific acceptance.",wn-0399:5:82,discover,82,,,,,Mexico,GPE:Mexico,False,0.6
wn-0399,6,failure,crashes,,,,More recent explanations of the cause of dinosaur's extinction included that perhaps volcanic eruptions on Deccan traps or multiple asteroid crashes ended the dinosaurs' existence.,wn-0399:6:119,crash,119,,,,,,,False,0.5
wn-0399,7,discovery,found,,which,,"The team performed chemical analyses of soil and fossil samples, where a high concentration of iridium (which is commonly found in asteroids and meteors) was found, which dated back to the approximate time of the asteroid crash.",wn-0399:7:148,find,148,,,,,,,False,0.6
wn-0399,7,discovery,found,,a high concentration,,"The team performed chemical analyses of soil and fossil samples, where a high concentration of iridium (which is commonly found in asteroids and meteors) was found, which dated back to the approximate time of the asteroid crash.",wn-0399:7:155,find,155,,,,,,,False,0.6
wn-0399,7,failure,crash,,asteroid,,"The team performed chemical analyses of soil and fossil samples, where a high concentration of iridium (which is commonly found in asteroids and meteors) was found, which dated back to the approximate time of the asteroid crash.",wn-0399:7:167,crash,167,,,,,,,False,0.55
wn-0399,11,failure,crash,,this asteroid,noonday,"The crash of this asteroid into the earth would have also caused the equivalent of the heat of ten noonday suns, which would have burned the skin or feathers of dinosaurs, and created wildfires on any plant life which had survived to that point.",wn-0399:11:244,crash,244,,,DATE:noonday,,,,False,0.6
wn-0399,12,failure,crash,,,,"The crash would have also triggered massive earthquakes and tsunamis, possibly causing parts of continents to fall into the ocean.",wn-0399:12:291,crash,291,,,,,,,False,0.5
wn-0400,0,launch,launch,,night-time,an early Monday morning,"SpaceThe US space shuttle Discovery has been cleared by NASA for an early Monday morning night-time launch, in one of the last flights of the space shuttle program.",wn-0400:0:18,launch,18,,,DATE:early Monday morning,,,,False,0.6
wn-0400,3,launch,launch,,,Monday,"According to the launch director, Pete Nickolenko, ""We're on track and ready to go for Monday.""",wn-0400:3:93,launch,93,,,DATE:Monday,,,,False,0.55
wn-0400,4,launch,launch,,,0621,"The launch is expected to occur at 0621 local time (1121 UTC) Monday morning, about an hour before sunrise, and will be the 131st space shuttle mission.",wn-0400:4:113,launch,113,,,DATE:0621,,,,False,0.55
wn-0400,9,failure,canceled,Barack Obama,the Constellation Program,,"The future of American spaceflight is uncertain, as President Barack Obama recently canceled the Constellation Program, planned to be the successor to the shuttle program.",wn-0400:9:249,cancel,249,PERSON:Barack Obama,ORG:Constellation Program,,,,,False,0.85
wn-0401,2,launch,launch,,,2011,"His comments included assurances that America was not abandoning space exploration, contrary to claims he was doing so after he announced the US's budget for 2011, which would have ended most of NASA's current projects, including the development of new heavy-launch rockets called the Constellation Program.",wn-0401:2:104,launch,104,,,DATE:2011,,,,False,0.55
wn-0401,10,landing,land,,missions,,"Initially, Mars missions would consist of sending humans to orbit Mars, with missions to land on the surface of the planet coming shortly after.",wn-0401:10:351,land,351,,,,,,,False,0.6
wn-0401,14,failure,losses,,job,,"He also said that, contrary to fears that changes in NASA would result in job losses in Florida, where most space missions are launched from, under his new plan, a total of 2,500 jobs would be created in the area.",wn-0401:14:436,loss,436,,,,,Florida,GPE:Florida,False,0.55
wn-0401,14,launch,launched,,most space missions,,"He also said that, contrary to fears that changes in NASA would result in job losses in Florida, where most space missions are launched from, under his new plan, a total of 2,500 jobs would be created in the area.",wn-0401:14:445,launch,445,,,,,,,False,0.6
wn-0402,2,discovery,discovering,,America,,"Hawking imagines nomadic aliens, having exhausted their home's resources, could attempt to take control of other planets, invading with ""massive ships"", and draws a comparison with Christopher Columbus discovering America, resulting in similar devastating consequences.",wn-0402:2:116,discover,116,,GPE:America,,,,,False,0.75
wn-0402,5,launch,launch,,Hubble Space Telescope,the month of the 20th anniversary,His declaration comes in the month of the 20th anniversary of the Hubble Space Telescope's launch into space.,wn-0402:5:193,launch,193,,SPACECRAFT:Hubble Space Telescope,DATE:month of the 20th anniversary,,,,False,0.75
wn-0402,7,discovery,discovery,,,,The contradiction between this and actual discovery is known as the Fermi paradox.,wn-0402:7:229,discovery,229,,,,,,,False,0.5
wn-0403,1,launch,launched,,Space Shuttle Atlantis,today,"The Space Shuttle Atlantis launched today for its final planned mission in space, STS-132.",wn-0403:1:6,launch,6,,SPACECRAFT:Space Shuttle Atlantis,DATE:today,,,,False,0.8
wn-0403,2,launch,lifted off,,Atlantis,2:20 p.m. EDT,"Atlantis lifted off in fair weather at 2:20 p.m. EDT (1820 UTC) from the Kennedy Space Center in Cape Canaveral, Florida.",wn-0403:2:20,lift,20,,PRODUCT:Atlantis,TIME:2:20 p.m. EDT,at,Kennedy Space Center,FAC:Kennedy Space Center,False,0.8
wn-0403,3,launch,launch,,,,"The launch was viewed by over 40,000 spectators at Kennedy, including a small group chosen by NASA for a space ""tweetup"".",wn-0403:3:45,launch,45,,,,,,,False,0.5
wn-0403,4,launch,took off,,the shuttle,,"Carrying six veteran astronauts and an assortment of parts for the International Space Station (ISS), the shuttle took off without any delays.",wn-0403:4:89,take,89,,,,,,,False,0.6
wn-0403,4,delay,delays,,,,"Carrying six veteran astronauts and an assortment of parts for the International Space Station (ISS), the shuttle took off without any delays.",wn-0403:4:93,delay,93,,,,,,,False,0.5
wn-0403,6,delay,delays,,,,"While no damage to the shuttle was seen, a piece of space junk near the ISS caused minor concern (but no delays).",wn-0403:6:144,delay,144,,,,,,,False,0.5
wn-0403,7,docking,dock,The shuttle,,early Sunday morning,"The shuttle is expected to dock at the ISS early Sunday morning, and the crew will perform maintenance work on the ISS next week.",wn-0403:7:152,dock,152,,,TIME:early Sunday morning,,,,False,0.6
wn-0404,2,discovery,discovered,,His body,2005,His body was discovered and exhumed in 2005 by Polish archaeologists in a nameless tomb in the same church.,wn-0404:2:54,discover,54,,,DATE:2005,,,,False,0.65
wn-0405,0,landing,landed,,Space Shuttle Atlantis,"Wednesday, May 26","Space Shuttle Atlantis landed Wednesday, May 26, at Kennedy Space Center in Florida, after 11 days, 18 hours and 4.8 million miles in space on mission STS-132.",wn-0405:0:3,land,3,,SPACECRAFT:Space Shuttle Atlantis,"DATE:Wednesday, May 26",,Kennedy Space Center,FAC:Kennedy Space Center,False,0.8
wn-0405,1,landing,landed,,The shuttle,08:48:18 EDT,"The shuttle landed at 08:48:18 EDT (12:48 UTC), on runway 33 of the Shuttle Landing Facility for the last time Wednesday.",wn-0405:1:35,land,35,,,TIME:08:48:18 EDT,at,,,False,0.65
wn-0405,2,landing,landing,,,,"Speaking of the smooth landing, Mission Control said, ""That was pretty sweet.",wn-0405:2:62,landing,62,,,,,,,False,0.5
wn-0405,7,landing,landing,,,,"One of the neatest things was when we flew right into orbital sunrise,"" STS-132 Commander Ken Ham said of the landing.",wn-0405:7:143,landing,143,,,,,,,False,0.5
wn-0405,8,docking,docking,,the station,Flight Day 3,"Mission STS-132 carried the Russian-built Mini Research Module Rassvet and an Integrated Cargo Carrier-Vertical Light Deployable (ICC-VLD) to the International Space Station, and featured three spacewalks, after docking with the station on Flight Day 3, May 16.",wn-0405:8:183,dock,183,,,DATE:Flight Day 3,,,,False,0.65
wn-0406,2,launch,launched,Exploration Technologies,their Falcon 9 rocket,1845,"Exploration Technologies, also known as SpaceX, successfully launched their Falcon 9 rocket for the first time at 1845 UTC ( 2:45 pm EDT) from Kennedy Space Center at Cape Canaveral, Florida, United States.",wn-0406:2:12,launch,12,,,DATE:1845,,,,False,0.65
wn-0406,4,launch,launch,,,Today,"Today's inaugural launch carried the Dragon Spacecraft Qualification Unit (DSQU), a boilerplate version of the Dragon capsule.",wn-0406:4:82,launch,82,,,DATE:Today,,,,False,0.55
wn-0406,7,launch,launches,NASA,,,"Under President Obama's new plan, NASA would hand over the mundane task of Low Earth Orbit (LEO) launches to private companies, and instead concentrate on new technology development.",wn-0406:7:175,launch,175,ORG:NASA,,,,,,False,0.65
wn-0406,8,launch,launch,the capability,humans,,"However, no private firms yet have the capability to independently launch humans into space, without NASA assistance.",wn-0406:8:200,launch,200,,,,,,,False,0.6
wn-0406,9,launch,launches,,rocket,,"SpaceX CEO and founder Elon Musk hopes that the Falcon 9 will eventually fill the void in human rated commercial rockets, but he also recognizes the inherent risk and danger of rocket launches.",wn-0406:9:242,launch,242,,,,,,,False,0.55
wn-0406,10,launch,launch,,rocket,,"""There's nothing more fear and anxiety-inducing than a rocket launch,"" said Musk.",wn-0406:10:257,launch,257,,,,,,,False,0.55
wn-0406,14,launch,launch,,,today,"Although today's launch succeeded, Musk had said earlier neither the success nor failure of the Falcon 9 would be the ultimate arbitrator of the fate of NASA's new commercial-friendly direction.",wn-0406:14:345,launch,345,,,DATE:today,,,,False,0.55
wn-0406,14,failure,failure,,,today,"Although today's launch succeeded, Musk had said earlier neither the success nor failure of the Falcon 9 would be the ultimate arbitrator of the fate of NASA's new commercial-friendly direction.",wn-0406:14:356,failure,356,,,DATE:today,,,,False,0.55
wn-0406,15,launch,launch,,Falcon 9,,"""They sort of focus everything on us and try to create a situation where our first launch of Falcon 9 is somehow a verdict on the president's policy, which is not right,"" he said.",wn-0406:15:395,launch,395,,SPACECRAFT:Falcon 9,,,,,False,0.7
wn-0407,3,discovery,spotted,,last July's Jupiter impact event,last July's,"Wesley, who posted the news onto an Internet forum, is known for having also spotted last July's Jupiter impact event.",wn-0407:3:69,spot,69,,,DATE:last July,,,,False,0.65
wn-0407,5,failure,crashing,,a meteor,,It could be the first time someone has recorded a meteor crashing into a planet.,wn-0407:5:109,crash,109,,,,,,,False,0.6
wn-0408,10,failure,fail,,they,,"All six men speak reasonable English; however, as Russian is another primary language for the simulated trip, Russian crew member Sukhrob Kamolov said body language will be used should they fail to understand one another.",wn-0408:10:236,fail,236,,,,,,,False,0.6
wn-0409,1,failure,lost,South Korea,contact,just 137 seconds,"South Korea has lost contact with its Naro-1 rocket, just 137 seconds after take-off.",wn-0409:1:6,lose,6,GPE:South Korea,,TIME:just 137 seconds,,,,False,0.75
wn-0409,2,failure,exploded,,the rocket,,Officials believe the rocket exploded.,wn-0409:2:25,explode,25,,,,,,,False,0.6
wn-0409,3,launch,launch,Korea Aerospace Research Institute,a STSAT-2B satellite,,"Korea Aerospace Research Institute (KARI) and Khrunichev State Research and Production Space Center had hoped to use a Naro-1, South Korea's first carrier rocket, to launch a STSAT-2B satellite.",wn-0409:3:58,launch,58,ORG:Korea Aerospace Research Institute,,,,,,False,0.7
wn-0409,4,delay,postponed,South Korea,the launch,Wednesday,South Korea had postponed the launch on Wednesday due to problems with the rocket's fire extinguisher system.,wn-0409:4:67,postpone,67,GPE:South Korea,,DATE:Wednesday,on,,,False,0.75
wn-0409,4,launch,launch,,,Wednesday,South Korea had postponed the launch on Wednesday due to problems with the rocket's fire extinguisher system.,wn-0409:4:69,launch,69,,,DATE:Wednesday,,,,True,0.55
wn-0409,5,launch,launch,,,today,"Science Ministry spokesman Pyun Kyung-bum said, ""We expect that it will be difficult to launch today"".",wn-0409:5:101,launch,101,,,DATE:today,,,,False,0.6
wn-0409,6,launch,lifted off,,The rocket,1701,The rocket lifted off from Goheung's Naro Space Centre at 1701 (0801 GMT) today.,wn-0409:6:108,lift,108,,,DATE:1701,at,Naro Space Centre,FAC:Naro Space Centre,False,0.65
wn-0409,7,failure,exploded,,The rocket,137 seconds,"The rocket apparently exploded 137 seconds after launch, when a flash was seen from an on-board camera and communication was lost.",wn-0409:7:127,explode,127,,,TIME:137 seconds,,,,False,0.65
wn-0409,7,launch,launch,,,137 seconds,"The rocket apparently exploded 137 seconds after launch, when a flash was seen from an on-board camera and communication was lost.",wn-0409:7:131,launch,131,,,TIME:137 seconds,,,,False,0.55
wn-0409,7,failure,lost,,The rocket,137 seconds,"The rocket apparently exploded 137 seconds after launch, when a flash was seen from an on-board camera and communication was lost.",wn-0409:7:147,lose,147,,,TIME:137 seconds,,,,False,0.65
wn-0409,8,failure,loss,,communication,,The loss of communication occurred when the rocket had achieved an altitude of around 70.,wn-0409:8:150,loss,150,,,,,,,False,0.55
wn-0409,10,failure,failure,,,,Analysts say the failure is a setback for South Korea.,wn-0409:10:187,failure,187,,,,,,,False,0.5
wn-0409,11,launch,launch,,Naro-1,,"If it had been successful, it would have been the first Naro-1 launch to reach orbit.",wn-0409:11:208,launch,208,,PRODUCT:Naro-1,,,,,False,0.7
wn-0409,12,launch,launch,,,,"The launch cost South Korea an estimated US$400 million, and if successful, would have launched a satellite called the STSAT-2B into orbit.",wn-0409:12:214,launch,214,,,,,,,False,0.5
wn-0409,12,launch,launched,The launch,a satellite,,"The launch cost South Korea an estimated US$400 million, and if successful, would have launched a satellite called the STSAT-2B into orbit.",wn-0409:12:230,launch,230,,,,,,,False,0.6
wn-0409,14,launch,launch,the capability,satellites,,"The incident is seen as a major setback for South Korea's space program, which had been aiming to become the 10th country to achieve the capability to launch satellites, and the fourth Asian country, after China, Japan, and India.",wn-0409:14:281,launch,281,,,,,,,False,0.6
wn-0409,15,launch,launch,,,,"A successful launch would have helped South Korea to become a player in commercial space launches, an industry valued at around US$250 billion.",wn-0409:15:300,launch,300,,,,,,,False,0.5
wn-0409,15,launch,launches,,,,"A successful launch would have helped South Korea to become a player in commercial space launches, an industry valued at around US$250 billion.",wn-0409:15:313,launch,313,,,,,,,False,0.5
wn-0409,16,launch,launched,South Korea,11 satellites,1992,"Since 1992, South Korea has launched 11 satellites from overseas sites with foreign-made rockets.",wn-0409:16:331,launch,331,GPE:South Korea,,DATE:1992,since,,,False,0.75
wn-0410,4,failure,losing out,MySpace,,recent years,"In recent years, however, MySpace has been losing out in monthly unique visitors to similar sites such as Facebook, Twitter, and YouTube.",wn-0410:4:87,lose,87,ORG:MySpace,,DATE:recent years,in,,,False,0.7
wn-0410,7,failure,failing,,another failing social network,this week,"Meanwhile, another failing social network, Bebo, was sold for less than $10 million by AOL to hedge fund firm Criterion Capital Partners this week.",wn-0410:7:172,fail,172,,,DATE:this week,,,,False,0.65
wn-0411,1,failure,failed,,The unmanned Progress M-06M supply ship,Friday,The unmanned Progress M-06M supply ship failed to dock with the International Space Station Friday due to an apparent critical communications failure.,wn-0411:1:9,fail,9,,,DATE:Friday,,,,False,0.65
wn-0411,1,docking,dock,The unmanned Progress M-06M supply ship,International Space Station,Friday,The unmanned Progress M-06M supply ship failed to dock with the International Space Station Friday due to an apparent critical communications failure.,wn-0411:1:11,dock,11,,SPACECRAFT:ISS,DATE:Friday,,,,True,0.8
wn-0411,1,failure,failure,,,Friday,The unmanned Progress M-06M supply ship failed to dock with the International Space Station Friday due to an apparent critical communications failure.,wn-0411:1:24,failure,24,,,DATE:Friday,,,,False,0.55
wn-0411,3,failure,abort,,,,"It is believed that the abort was caused by a malfunction in the Progress spacecraft's automatic docking system, resulting in the loss of telemetry data.",wn-0411:3:74,abort,74,,,,,,,False,0.5
wn-0411,3,failure,malfunction,,,,"It is believed that the abort was caused by a malfunction in the Progress spacecraft's automatic docking system, resulting in the loss of telemetry data.",wn-0411:3:79,malfunction,79,,,,,,,False,0.5
wn-0411,3,docking,docking,,,,"It is believed that the abort was caused by a malfunction in the Progress spacecraft's automatic docking system, resulting in the loss of telemetry data.",wn-0411:3:86,docking,86,,,,,,,False,0.5
wn-0411,3,failure,loss,,telemetry data,,"It is believed that the abort was caused by a malfunction in the Progress spacecraft's automatic docking system, resulting in the loss of telemetry data.",wn-0411:3:92,loss,92,,,,,,,False,0.55
wn-0411,4,failure,malfunction,,,,"The malfunction occurred while the spacecraft was at a distance of several kilometers from the orbital outpost, and there was never any threat to the spacecraft or the station, report NASA officials.",wn-0411:4:98,malfunction,98,,,,,,,False,0.5
wn-0411,5,flyby,flew,Progress,the station,,"""The Progress literally flew past the station, but at a safe distance from the outpost,"" says NASA commentator Rob Navias, ""The station crew reported seeing the Progress drift beyond their view, as they worked to reestablish telemetry with the spacecraft.",wn-0411:5:136,fly,136,SPACECRAFT:Progress,,,,,,False,0.7
wn-0411,7,launch,launched,,The Progress supply ship,earlier this week,"The Progress supply ship was intended to deliver food, water, fuel, and other supplies to the space station and was launched earlier this week.",wn-0411:7:205,launch,205,,,DATE:earlier this week,,,,False,0.65
wn-0411,8,docking,docking,,,today,"According to Russian officials, no additional docking attempts will be made today.",wn-0411:8:217,docking,217,,,DATE:today,,,,False,0.55
wn-0411,9,docking,docking,,,48 hours,"Flight controllers in Moscow are analyzing the problem and are weighing the possibility of a second docking attempt within 48 hours, but this still remains to be determined.",wn-0411:9:240,docking,240,,,TIME:48 hours,,,,False,0.55
wn-0412,1,failure,failed,,which,a few days ago,"The unmanned Progress M-06M spacecraft, which failed to dock with the International Space Station a few days ago, succeeded in a second attempt Sunday.",wn-0412:1:10,fail,10,,,DATE:few days ago,,,,False,0.65
wn-0412,1,docking,dock,which,International Space Station,a few days ago,"The unmanned Progress M-06M spacecraft, which failed to dock with the International Space Station a few days ago, succeeded in a second attempt Sunday.",wn-0412:1:12,dock,12,,SPACECRAFT:ISS,DATE:few days ago,,,,True,0.8
wn-0412,2,docking,docking,,,today,"Russian officials said that today's docking went flawlessly and exactly as planned, save for the fact that the docking occurred two days behind schedule.",wn-0412:2:36,docking,36,,,DATE:today,,,,False,0.55
wn-0412,2,docking,docking,,,two days,"Russian officials said that today's docking went flawlessly and exactly as planned, save for the fact that the docking occurred two days behind schedule.",wn-0412:2:50,docking,50,,,DATE:two days,,,,False,0.55
wn-0412,3,failure,failure,,the cargo ship,October,"NASA officials made clear that in the event of a total failure of the cargo ship, the orbital outpost's crew would have had enough surplus supplies to utilize until October or possibly November.",wn-0412:3:69,failure,69,,,DATE:October,,,,False,0.6
wn-0412,5,failure,abort,,,Friday,"According to NASA, Friday's abort was most likely due to the faulty activation of a TV transmitter, which led to loss of telemetry and the initiation of an abort sequence.",wn-0412:5:122,abort,122,,,DATE:Friday,,,,False,0.55
wn-0412,5,failure,faulty,,the faulty activation,Friday,"According to NASA, Friday's abort was most likely due to the faulty activation of a TV transmitter, which led to loss of telemetry and the initiation of an abort sequence.",wn-0412:5:129,faulty,129,,,DATE:Friday,,,,False,0.6
wn-0412,5,failure,loss,,telemetry,Friday,"According to NASA, Friday's abort was most likely due to the faulty activation of a TV transmitter, which led to loss of telemetry and the initiation of an abort sequence.",wn-0412:5:139,loss,139,,,DATE:Friday,,,,False,0.6
wn-0412,6,flyby,fly,the spacecraft,the station,,"This, in turn, caused the spacecraft to fly past the station.",wn-0412:6:159,fly,159,,,,,,,False,0.6
wn-0412,8,launch,launched,,which,last week,"The spacecraft, which was launched last week, delivered food, water, oxygen, and other utilities to the orbiting American-Russian crew.",wn-0412:8:193,launch,193,,,DATE:last week,,,,False,0.65
wn-0413,8,flyby,flyby,,,several days,"Around 400 photographs were taken during the flyby; however, it will take several days for in-depth data to be transferred to Earth.",wn-0413:8:136,flyby,136,,,DATE:several days,,,,False,0.55
wn-0413,13,flyby,flyby,,,,Very little is known about the asteroid and scientists hope that this flyby will help determine the asteroid's origin.,wn-0413:13:278,flyby,278,,,,,,,False,0.5
wn-0413,14,discovery,findings,,their,late this September,"They hope to make their findings public at the Europlanet conference in Rome, Italy, late this September.",wn-0413:14:292,finding,292,,,DATE:late this September,,,,False,0.6
wn-0413,15,flyby,flew,The Rosetta spacecraft,the asteroid,,"The Rosetta spacecraft, a project led by the European Space Agency, flew by the asteroid on its way to the Churyumov-Gerasimenko comet.",wn-0413:15:321,fly,321,,,,,,,False,0.6
wn-0413,16,launch,Launched,,the spacecraft,2004,"Launched in 2004, the spacecraft is expected to arrive at its final destination in 2014.",wn-0413:16:335,launch,335,,,DATE:2004,in,,,False,0.65
wn-0414,1,discovery,discovered,European astronomers,the most massive star,,"European astronomers have discovered the most massive star yet on record; it is approximately 300 times the mass of our sun, beyond the previously accepted limit of 150 solar masses.",wn-0414:1:5,discover,5,,,,,,,False,0.6
wn-0414,2,discovery,discovered,that,the star,,"Paul Crowther, professor of astrophysics at the University of Sheffield, led the team of researchers that discovered the star.",wn-0414:2:54,discover,54,,,,,,,False,0.6
wn-0414,4,discovery,discovered,,The newly discovered star,,"The newly discovered star, designated R136a1, was discovered in the R136 star cluster.",wn-0414:4:82,discover,82,,,,,,,False,0.6
wn-0414,4,discovery,discovered,,The newly discovered star,,"The newly discovered star, designated R136a1, was discovered in the R136 star cluster.",wn-0414:4:89,discover,89,,,,,,,False,0.6
wn-0414,6,failure,lose,,these stars,,"""Unlike humans,"" says Crowther, ""these stars are born heavy and lose weight as they age.",wn-0414:6:142,lose,142,,,,,,,False,0.6
wn-0414,7,failure,loss,,weight,,"Being a little over a million years old, the most extreme star R136a1 is already middle-aged, and has undergone an intense weight loss programme, shedding a fifth of its initial mass over that time, or more than 50 solar masses.",wn-0414:7:174,loss,174,,,,,,,False,0.55
wn-0414,9,discovery,discovery,,,,"Astronomers not involved in the discovery, while still impressed, warn of the small possibility that the team could have mistaken two relatively close stars for one large one.",wn-0414:9:202,discovery,202,,,,,,,False,0.5
wn-0415,1,failure,broken down,,the broken down cooling systems,Friday,"NASA is scrambling to solidify plans to fix the broken down cooling systems on the International Space Station during two spacewalks, currently planned for Friday and Monday.",wn-0415:1:11,break,11,,,DATE:Friday,,,,False,0.65
wn-0415,2,failure,broke down,,The systems,late Saturday July 31,"The systems broke down late Saturday July 31, triggering alarms that woke the six astronauts (three Russian and three American) currently onboard the station.",wn-0415:2:33,break,33,,,DATE:late Saturday July 31,,,,False,0.65
wn-0415,7,failure,failure,,The pump,,The pump's failure prompted the astronauts to shut down several other systems as well.,wn-0415:7:136,failure,136,,,,,,,False,0.55
wn-0415,11,delay,postponed,,the spacewalk,Friday,NASA decided late Monday evening that the spacewalk would be postponed to Friday to allow for more preparation.,wn-0415:11:218,postpone,218,,,DATE:Friday,,,,False,0.65
wn-0416,6,discovery,detected,Solar Dynamics Observatory,The eruption,February 2010,"The eruption was detected by NASA's Solar Dynamics Observatory, which was launched in February 2010, and is currently orbiting the Earth.",wn-0416:6:162,detect,162,ORG:Solar Dynamics Observatory,,DATE:February 2010,,,,False,0.75
wn-0416,6,launch,launched,,which,February 2010,"The eruption was detected by NASA's Solar Dynamics Observatory, which was launched in February 2010, and is currently orbiting the Earth.",wn-0416:6:172,launch,172,,,DATE:February 2010,in,,,False,0.65
wn-0417,1,failure,faulty,,A faulty ammonia line,Saturday,A faulty ammonia line fitting delayed repairs to a cooling pump on the International Space Station Saturday during an eight-hour spacewalk.,wn-0417:1:3,faulty,3,,,DATE:Saturday,,,,False,0.6
wn-0417,1,delay,delayed,,A faulty ammonia line fitting delayed repairs,Saturday,A faulty ammonia line fitting delayed repairs to a cooling pump on the International Space Station Saturday during an eight-hour spacewalk.,wn-0417:1:7,delay,7,,,DATE:Saturday,,,,False,0.65
wn-0417,2,failure,faulty,,a faulty cooling system,July 31,"During the spacewalk, astronauts Doug Wheelock and Tracy Caldwell Dyson were to repair a faulty cooling system, which failed on July 31.",wn-0417:2:42,faulty,42,,,DATE:July 31,,,,False,0.6
wn-0417,2,failure,failed,,which,July 31,"During the spacewalk, astronauts Doug Wheelock and Tracy Caldwell Dyson were to repair a faulty cooling system, which failed on July 31.",wn-0417:2:47,fail,47,,,DATE:July 31,on,,,False,0.65
wn-0417,3,failure,faulty,,The faulty cooling unit,,"The faulty cooling unit was to be swapped with a new one that was previously in storage to solve the problem; however, an ammonia leak in the final line to be disconnected from the unit halted attempts for a repair.",wn-0417:3:53,faulty,53,,,,,,,False,0.55
wn-0417,4,discovery,discovering,,the problem,,"Upon discovering the problem, the astronauts were instructed to reconnect the line and install a positioning device to maintain the proper pressure on the line.",wn-0417:4:97,discover,97,,,,,,,False,0.6
wn-0419,2,discovery,discovered,Scientists,landforms,,Scientists have discovered landforms littered across the moon's surface called lobate scarps that have apparently resulted from the moon's shrinking very slowly.,wn-0419:2:34,discover,34,,,,,,,False,0.6
wn-0419,3,discovery,found,,These scarps,,"These scarps were found all over the moon and appear to be minimally weathered, indicating that the geologic events that created them were fairly recent.",wn-0419:3:60,find,60,,,,,,,False,0.6
wn-0419,6,discovery,identified,,The scarps,the early 1970's,The scarps that are thought to have resulted from the contraction scenario were first identified near the lunar equator by cameras aboard the Apollo moon missions of the early 1970's.,wn-0419:6:146,identify,146,,,DATE:early 1970,,,,False,0.65
wn-0420,1,discovery,discovered,Astronomers,a planetary system,,"Astronomers have discovered a planetary system that could contain between five and seven planets, located about 127 light-years from Earth.",wn-0420:1:4,discover,4,,,,,,,False,0.6
wn-0420,3,discovery,discovered,,The newly discovered system,10180,"The newly discovered system is centered around star HD 10180, whose properties may be similar to those of our own Sun.",wn-0420:3:42,discover,42,,,DATE:10180,,,,False,0.65
wn-0420,4,discovery,discovery,,,the year,The researchers who made the discovery say that the system is arranged in a more compact way than our own; it is believed that the year of one of the inner planets could be equal to as little as just over one Earth day.,wn-0420:4:68,discovery,68,,,DATE:year,,,,False,0.55
wn-0420,7,discovery,discovered,,the smallest world,,"This planet, if confirmed, may prove to be the smallest world yet discovered outside our solar system.",wn-0420:7:166,discover,166,,,,,,,False,0.6
wn-0420,8,discovery,discovered,,,,"This system, however, is not the first to be discovered outside our solar system.",wn-0420:8:184,discover,184,,,,,,,False,0.55
wn-0420,9,discovery,spotting,Astronomers,these systems,several years,Astronomers have been spotting these systems for several years.,wn-0420:9:193,spot,193,,,DATE:several years,for,,,False,0.65
wn-0420,10,discovery,discovery,,,,"Christophe Lovis, lead researcher on the project, shares his thoughts about the discovery: ""This also highlights the fact that we are now entering a new era in exoplanet research - the study of complex planetary systems and not just of individual planets.",wn-0420:10:214,discovery,214,,,,,,,False,0.5
wn-0420,12,discovery,discovered,,,,"Martin Dominik, an astronomer from the University of St. Andrews, warns against describing the system as the ""richest yet discovered,"" as it is unclear whether other systems with more planets have been discovered in the past.",wn-0420:12:271,discover,271,,,,,,,False,0.55
wn-0420,12,discovery,discovered,,other systems,,"Martin Dominik, an astronomer from the University of St. Andrews, warns against describing the system as the ""richest yet discovered,"" as it is unclear whether other systems with more planets have been discovered in the past.",wn-0420:12:286,discover,286,,,,,,,False,0.6
wn-0420,13,discovery,discoveries,,,,"Dominik elaborates: ""Like most discoveries in science, the findings come with more questions than answers; but in my opinion, this is what really advances a field.""",wn-0420:13:297,discovery,297,,,,,,,False,0.5
wn-0420,13,discovery,findings,,,,"Dominik elaborates: ""Like most discoveries in science, the findings come with more questions than answers; but in my opinion, this is what really advances a field.""",wn-0420:13:302,finding,302,,,,,,,False,0.5
wn-0421,3,discovery,spot,,,,"The planet Uranus will also make a close approach, but will be more difficult to spot, as it is much farther away.",wn-0421:3:57,spot,57,,,,,,,False,0.55
wn-0421,6,discovery,find,you,it,,"NASA scientist Tony Phillips said ""Jupiter is so bright right now, you don't need a sky map to find it.""",wn-0421:6:127,find,127,,,,,,,False,0.6
wn-0421,12,flyby,encounters,,Jupiter,about every 13 months,"According to NASA scientists, Earth-Jupiter encounters occur about every 13 months.",wn-0421:12:225,encounter,225,,CELESTIAL:Jupiter,DATE:about every 13 months,,,,False,0.75
wn-0421,13,flyby,encounter,,,,"Since both planets' orbits are slightly elliptical, meaning they are not perfect circles around the Sun, the distance varies in each encounter.",wn-0421:13:256,encounter,256,,,,,,,False,0.5
wn-0422,3,failure,cancelled,Barack Obama,the program,,"However, United States president Barack Obama cancelled the program in his 2011 budget.",wn-0422:3:55,cancel,55,PERSON:Barack Obama,,,,,,False,0.7
wn-0422,7,failure,loss,,job,,"The United States Congress is debating a bill to add one more shuttle mission in the gap between the currently scheduled last shuttle mission and the first manned flight of the capsule, in order to alleviate concerns over job loss and the gap between the end of shuttle missions and the entry into service of a replacement American vehicle.",wn-0422:7:160,loss,160,,,,,,,False,0.55
wn-0422,12,launch,launch,,,,"""It's possible to make Orion compatible with other launch vehicles,"" said Josh Hopkins, a Lockheed Martin official.",wn-0422:12:315,launch,315,,,,,,,False,0.5
wn-0423,0,discovery,discovered,Astronomers,a new planet,,"Astronomers at the University of California at Santa Cruz have discovered a new planet which is considered to be in the middle of the Habitable Zone of its parent star, a discovery which has raised the possibility of finding life on another planet.",wn-0423:0:10,discover,10,,,,,,,False,0.6
wn-0423,0,discovery,discovery,,,,"Astronomers at the University of California at Santa Cruz have discovered a new planet which is considered to be in the middle of the Habitable Zone of its parent star, a discovery which has raised the possibility of finding life on another planet.",wn-0423:0:32,discovery,32,,,,,,,False,0.5
wn-0423,0,discovery,finding,,life,,"Astronomers at the University of California at Santa Cruz have discovered a new planet which is considered to be in the middle of the Habitable Zone of its parent star, a discovery which has raised the possibility of finding life on another planet.",wn-0423:0:39,find,39,,,,,,,False,0.6
wn-0423,1,discovery,found,Researchers,the planet,,"Researchers found the planet while conducting the Lick-Carnegie exoplanet survey of Gliese 581, a red dwarf.",wn-0423:1:46,find,46,,,,,,,False,0.6
wn-0423,4,discovery,observed,Vogt,,,Vogt observed that there is a significant possibility that life exists on Gliese 581 g.,wn-0423:4:149,observe,149,,,,,,,False,0.55
wn-0423,10,discovery,discovery,,,,"Prior to this discovery, two other planets were discovered in the low or ""cold"" end and the high or ""hot"" end of the 'Habitable Zone', respectively, orbiting the same star.",wn-0423:10:270,discovery,270,,,,,,,False,0.5
wn-0423,10,discovery,discovered,,two other planets,,"Prior to this discovery, two other planets were discovered in the low or ""cold"" end and the high or ""hot"" end of the 'Habitable Zone', respectively, orbiting the same star.",wn-0423:10:276,discover,276,,,,,,,False,0.6
wn-0424,1,launch,launched,China,its second unmanned lunar exploration probe,Friday,"China launched its second unmanned lunar exploration probe, Chang'e 2, on Friday from the province of Sichuan.",wn-0424:1:4,launch,4,GPE:China,,DATE:Friday,on,,,False,0.75
wn-0424,2,landing,landings,,,,Chang'e 2 is part of a Chinese initiative to test skills and technology that could lead to unmanned landings in the future.,wn-0424:2:42,landing,42,,,,,,,False,0.5
wn-0424,3,landing,landing,,,,"The head of the orbiter's design team was quoted by Xinhua as saying: ""Chang'e 2 lays foundation for the soft-landing on the moon and further exploration of outer space.",wn-0424:3:71,landing,71,,,,,,,False,0.5
wn-0424,5,launch,Launched,,the preceding unmanned Chang'e 1 mission,2007,"Launched in 2007, the preceding unmanned Chang'e 1 mission took around thirteen days to reach lunar orbit.",wn-0424:5:103,launch,103,,,DATE:2007,in,,,False,0.65
wn-0424,8,landing,landing,,,,The probe will then be put into a 15 kilometer orbit to survey possible landing sites for the unmanned Chang'e 3 mission.,wn-0424:8:186,landing,186,,,,,,,False,0.5
wn-0425,0,launch,launch,,The remaining members,Thursday,"The remaining members of the Expedition 25 crew are set to launch to the International Space Station on Thursday at 7:10 pm EDT from the Baikonur Cosmodrome, which will return the station to its full complement of 6 persons.",wn-0425:0:11,launch,11,,,DATE:Thursday,on,Baikonur Cosmodrome,FAC:Baikonur Cosmodrome,False,0.65
wn-0425,1,launch,launch,,They,Saturday,They will launch in the Russian Soyuz TMA-01M vehicle and dock on Saturday.,wn-0425:1:43,launch,43,,,DATE:Saturday,on,,,False,0.65
wn-0425,2,docking,docked,only one Soyuz capsule,the station,,"According to Space Fellowship there is only one Soyuz capsule currently docked to the station, for emergency escape.",wn-0425:2:67,dock,67,,,,,,,False,0.6
wn-0426,1,launch,launched,,The Soyuz TMA-01M spacecraft,Thursday,The Soyuz TMA-01M spacecraft launched from Kazakhstan to the International Space Station Thursday with Expedition 25 Astronaut Scott Kelly and Cosmonauts Oleg Skripochka and Alexander Kaleri on board.,wn-0426:1:7,launch,7,,,DATE:Thursday,,Kazakhstan,GPE:Kazakhstan,False,0.65
wn-0426,2,launch,launched,,The rocket,5:10 AM Kazakhstan,"The rocket, a Soyuz-FG, launched at 23:10 UTC (5:10 AM Kazakhstan time) and reached orbit in just under ten minutes.",wn-0426:2:41,launch,41,,,TIME:5:10 AM Kazakhstan,,,,False,0.65
wn-0426,3,launch,launched,,Soyuz,,The Soyuz launched from the Baikonur Cosmodrome.,wn-0426:3:62,launch,62,,SPACECRAFT:Soyuz,,,Baikonur Cosmodrome,FAC:Baikonur Cosmodrome,False,0.75
wn-0426,5,docking,Docking,,,about 8:02 PM EDT,Docking is expected to occur at about 8:02 PM EDT (0:02 UTC Sunday) to the Poisk module of the ISS.,wn-0426:5:98,docking,98,,,TIME:about 8:02 PM EDT,,,,False,0.55
wn-0428,1,launch,launch,,Space Shuttle Discovery,another day,"The launch of Space Shuttle Discovery on its final mission, STS-133, has been delayed another day.",wn-0428:1:3,launch,3,,SPACECRAFT:Space Shuttle Discovery,DATE:another day,,,,True,0.75
wn-0428,1,delay,delayed,,The launch,another day,"The launch of Space Shuttle Discovery on its final mission, STS-133, has been delayed another day.",wn-0428:1:17,delay,17,,,DATE:another day,,,,False,0.65
wn-0428,2,launch,Launch,,,3:52 PM EDT,"Launch is now targeted for 3:52 PM EDT on Wednesday, November 3.",wn-0428:2:21,launch,21,,,TIME:3:52 PM EDT,,,,False,0.55
wn-0428,3,launch,launch,,Discovery,this Monday,"Discovery's launch was originally scheduled for this Monday, but was delayed until the following day after several helium and nitrogen leaks were discovered aboard the shuttle.",wn-0428:3:38,launch,38,,PRODUCT:Discovery,DATE:this Monday,,,,False,0.75
wn-0428,3,delay,delayed,,Discovery's launch,the following day,"Discovery's launch was originally scheduled for this Monday, but was delayed until the following day after several helium and nitrogen leaks were discovered aboard the shuttle.",wn-0428:3:48,delay,48,,,DATE:following day,until,,,False,0.65
wn-0428,3,discovery,discovered,,several helium and nitrogen leaks,the following day,"Discovery's launch was originally scheduled for this Monday, but was delayed until the following day after several helium and nitrogen leaks were discovered aboard the shuttle.",wn-0428:3:60,discover,60,,,DATE:following day,,,,False,0.65
wn-0428,4,delay,delay,,,,The initial delay was to accommodate repairs to these leaks.,wn-0428:4:67,delay,67,,,,,,,False,0.5
wn-0428,7,launch,launch,,,November 7,"If the shuttle isn't ready to launch by November 7, the launch will be pushed into December.",wn-0428:7:127,launch,127,,,DATE:November 7,by,,,False,0.6
wn-0428,7,launch,launch,,,November 7,"If the shuttle isn't ready to launch by November 7, the launch will be pushed into December.",wn-0428:7:133,launch,133,,,DATE:November 7,,,,False,0.55
wn-0429,2,discovery,Discovery,,Shuttle,,Shuttle Discovery's final launch on the STS-133 mission to the International Space Station has been delayed at least an additional day.,wn-0429:2:4,discovery,4,,,,,,,False,0.55
wn-0429,2,launch,launch,,,,Shuttle Discovery's final launch on the STS-133 mission to the International Space Station has been delayed at least an additional day.,wn-0429:2:7,launch,7,,,,,,,True,0.5
wn-0429,2,delay,delayed,,Shuttle Discovery's final launch,,Shuttle Discovery's final launch on the STS-133 mission to the International Space Station has been delayed at least an additional day.,wn-0429:2:19,delay,19,,,,,,,False,0.6
wn-0429,3,launch,Launch,,,3:29 PM EDT,Launch is now targeted for 3:29 PM EDT on Thursday.,wn-0429:3:26,launch,26,,,TIME:3:29 PM EDT,,,,False,0.55
wn-0429,4,launch,launch,,,this past Monday,"The launch was originally scheduled for this past Monday, but was delayed two days because of helium and nitrogen leaks on board the shuttle.",wn-0429:4:39,launch,39,,,DATE:this past Monday,,,,False,0.55
wn-0429,4,delay,delayed,,The launch,two days,"The launch was originally scheduled for this past Monday, but was delayed two days because of helium and nitrogen leaks on board the shuttle.",wn-0429:4:50,delay,50,,,DATE:two days,,,,False,0.65
wn-0429,5,failure,glitches,,,yesterday,Technicians are now working to repair technical glitches discovered yesterday on a main engine control computer.,wn-0429:5:72,glitch,72,,,DATE:yesterday,,,,False,0.55
wn-0429,5,discovery,discovered,,technical glitches,yesterday,Technicians are now working to repair technical glitches discovered yesterday on a main engine control computer.,wn-0429:5:73,discover,73,,,DATE:yesterday,,,,False,0.65
wn-0429,6,launch,launch,,,,"The weather outlook, however, appears to be unfavorable for the new targeted launch day; there is an 80 percent chance of undesirable weather, according to the NASA space shuttle weather officer Kathy Winters.",wn-0429:6:97,launch,97,,,,,,,False,0.5
wn-0430,4,launch,launch,,the Dragon capsule,,"According to NASA administrator Charlie Bolden, ""With this license in hand, SpaceX can proceed with its launch of the Dragon capsule.",wn-0430:4:75,launch,75,,,,,,,False,0.55
wn-0430,7,launch,launch,,the Dragon spacecraft,December 7,The maiden launch of the Dragon spacecraft is currently scheduled for December 7.,wn-0430:7:126,launch,126,,,DATE:December 7,,,,False,0.6
wn-0430,8,launch,launch,,,June,"The launch vehicle will be the Falcon 9 rocket, which made its maiden flight in June.",wn-0430:8:139,launch,139,,,DATE:June,,,,False,0.55
wn-0430,9,launch,launch,,the Dragon capsule,,"During this first flight, the Dragon capsule is to launch, orbit the earth, and splash down in the Pacific Ocean.",wn-0430:9:166,launch,166,,,,,,,False,0.6
wn-0430,9,landing,splash down,,the Dragon capsule,,"During this first flight, the Dragon capsule is to launch, orbit the earth, and splash down in the Pacific Ocean.",wn-0430:9:173,splash,173,,,,,the Pacific Ocean,LOC:Pacific Ocean,False,0.6
wn-0430,10,launch,launch,,the Dragon capsule,today,"""Milestones are an important part of space exploration and SpaceX achieved a very important one today,"" according to NASA official Doug Cooke, ""I congratulate SpaceX on this landmark achievement and wish them the best with their launch of the Dragon capsule.""",wn-0430:10:222,launch,222,,,DATE:today,,,,False,0.6
wn-0431,1,landing,landed,The Soyuz TMA-19 spacecraft,Fyodor Yurchikhin,today,"The Soyuz TMA-19 spacecraft has landed safely today in Kazakhstan with International Space Station crew members Fyodor Yurchikhin, Shannon Walker, and Douglas Wheelock.",wn-0431:1:7,land,7,,PERSON:Fyodor Yurchikhin,DATE:today,,Kazakhstan,GPE:Kazakhstan,False,0.8
wn-0431,3,landing,landed,,The spacecraft,11:46 PM,"The spacecraft landed at 4:46 GMT (11:46 PM yesterday EST), ending a five-month stay on the International Space Station (ISS) for its crew.",wn-0431:3:46,land,46,,,TIME:11:46 PM,,GMT,ORG:GMT,False,0.65
wn-0431,4,launch,launched,,They,June 15 this year,They launched on June 15 this year.,wn-0431:4:76,launch,76,,,DATE:June 15 this year,on,,,False,0.65
wn-0431,6,landing,landing,,,Tuesday,"The landing was originally scheduled for Tuesday, but was brought forward so as not to interfere with the Organization for Security and Co-operation in Europe summit that is being held on Wednesday and Thursday in Astana, Kazakhstan.",wn-0431:6:109,landing,109,,,DATE:Tuesday,,,,False,0.55
wn-0432,0,launch,launched,,The Expedition 26 crew,Thursday,"The Expedition 26 crew, comprising of Russian, American and Italian astronauts, launched to the International Space Station (ISS) from the Baikonur Cosmodrome in Kazakhstan on Thursday at 1:09 am local time (19:09 UTC).",wn-0432:0:14,launch,14,,,DATE:Thursday,on,Baikonur Cosmodrome,FAC:Baikonur Cosmodrome,False,0.65
wn-0432,1,launch,launched,,The crew,Friday,"The crew, which comprised of Russian Dmitry Kondratyev, American Catherine Coleman and Italian Paolo Nespoli, launched aboard the Soyuz TMA-20 and will dock with the station Friday afternoon.",wn-0432:1:60,launch,60,,,DATE:Friday,,,,False,0.65
wn-0432,1,docking,dock,,the station,afternoon,"The crew, which comprised of Russian Dmitry Kondratyev, American Catherine Coleman and Italian Paolo Nespoli, launched aboard the Soyuz TMA-20 and will dock with the station Friday afternoon.",wn-0432:1:67,dock,67,,,TIME:afternoon,,,,False,0.65
wn-0432,2,launch,lifted off,the rocket,the pad,,"With a flash of light, the rocket lifted off the pad and soared towards the heavens resembling a star of white light according to launch footage.",wn-0432:2:82,lift,82,,,,,,,False,0.6
wn-0432,2,launch,launch,,,,"With a flash of light, the rocket lifted off the pad and soared towards the heavens resembling a star of white light according to launch footage.",wn-0432:2:99,launch,99,,,,,,,False,0.5
wn-0432,7,launch,launched,,the recently launched Expedition 26 crew members,,"Once they depart, the recently launched Expedition 26 crew members will become Expedition 27.",wn-0432:7:179,launch,179,,,,,,,False,0.6
wn-0432,8,launch,launch,,,several days ago,"The launch was scheduled to take place several days ago, however it had to be postponed to facilitate the replacement of the reentry capsule which was damaged while it was being unloaded at the Cosmodrome earlier this year.",wn-0432:8:191,launch,191,,,DATE:several days ago,,,,False,0.55
wn-0432,8,delay,postponed,,it,several days ago,"The launch was scheduled to take place several days ago, however it had to be postponed to facilitate the replacement of the reentry capsule which was damaged while it was being unloaded at the Cosmodrome earlier this year.",wn-0432:8:206,postpone,206,,,DATE:several days ago,,,,False,0.65
wn-0432,8,landing,reentry,,,several days ago,"The launch was scheduled to take place several days ago, however it had to be postponed to facilitate the replacement of the reentry capsule which was damaged while it was being unloaded at the Cosmodrome earlier this year.",wn-0432:8:213,reentry,213,,,DATE:several days ago,,,,False,0.55
wn-0432,11,launch,launch,,,two weeks,The astronauts stayed at the Cosmonaut Hotel in Baikonur for two weeks before the launch.,wn-0432:11:300,launch,300,,,DATE:two weeks,,,,False,0.55
wn-0432,12,launch,launch,,,ten years,This launch marks ten years of flights to the ISS which began in October 2000.,wn-0432:12:303,launch,303,,,DATE:ten years,,,,False,0.55
wn-0433,2,discovery,found,A team,,14,"A team of astrophysicists led by James Greenwood of Wesleyan University in Connecticut analyzed samples collected on the Apollo 11, 12, 14, and 17 missions and found that the chemical properties of traces of lunar water in these samples differ from water typical of Earth.",wn-0433:2:68,find,68,,,DATE:14,,,,False,0.6
wn-0434,2,failure,accident,,bicycle,the weekend,"astronaut Tim Kopra, a crew member on the upcoming STS-133 Space Shuttle mission to the International Space Station (ISS), sustained an injury in a bicycle accident over the weekend, possibly breaking his hip.",wn-0434:2:32,accident,32,,,DATE:weekend,,,,False,0.6
wn-0434,4,launch,launch,,The mission,February 24,The mission is currently scheduled to launch on February 24.,wn-0434:4:79,launch,79,,,DATE:February 24,on,,,False,0.65
wn-0434,6,failure,accident,,bicycle,Saturday,"""Mission Specialist Tim Kopra was injured Saturday in a bicycle accident, but he will be OK.",wn-0434:6:129,accident,129,,,DATE:Saturday,,,,False,0.6
wn-0435,2,failure,accident,,bicycle,the weekend,"astronaut Tim Kopra, a crew member on the upcoming STS-133 Space Shuttle mission, who was injured over the weekend in a bicycle accident, has been replaced.",wn-0435:2:27,accident,27,,,DATE:weekend,,,,False,0.6
wn-0435,6,launch,launch,,,,"That extensive experience, coupled with some adjustments to the spread of duties among the crew, will allow for all mission objectives to be accomplished as originally planned in the current launch window.",wn-0435:6:127,launch,127,,,,,,,False,0.5
wn-0435,9,launch,launch,,,next month,"Although Kopra is expected to make a full recovery from his injury, Whitson commented that ""He will not be able to support the launch window next month.""",wn-0435:9:189,launch,189,,,DATE:next month,,,,False,0.55
wn-0435,10,launch,launch,,,,"She does note, however, that Kopra could possibly rejoin the crew if the launch date of STS-133 were to ""slip significantly.""",wn-0435:10:210,launch,210,,,,,,,False,0.5
wn-0435,10,delay,slip,the launch date,,,"She does note, however, that Kopra could possibly rejoin the crew if the launch date of STS-133 were to ""slip significantly.""",wn-0435:10:217,slip,217,,,,,,,False,0.55
wn-0435,11,launch,launch,,the mission,February 24,"Currently, the mission is scheduled to launch to the International Space Station on February 24.",wn-0435:11:228,launch,228,,,DATE:February 24,on,,,False,0.65
wn-0436,1,launch,took off,,Space Shuttle Discovery,4:53 p.m.,"At 4:53 p.m. (EDT), Space Shuttle Discovery took off from the Kennedy Space Center in Florida on its final mission, STS-133.",wn-0436:1:17,take,17,,SPACECRAFT:Space Shuttle Discovery,TIME:4:53 p.m.,at,Kennedy Space Center,FAC:Kennedy Space Center,False,0.8
wn-0436,6,launch,launch,,Discovery,4:50 p.m.,"The launch of Discovery, which was supposed to occur at 4:50 p.m., was delayed for three minutes due to a technical problem in the shuttle's command system and a chipped heat shield tile near the crew hatch which needed to be patched.",wn-0436:6:149,launch,149,,PRODUCT:Discovery,TIME:4:50 p.m.,,,,True,0.75
wn-0436,6,delay,delayed,,The launch,three minutes,"The launch of Discovery, which was supposed to occur at 4:50 p.m., was delayed for three minutes due to a technical problem in the shuttle's command system and a chipped heat shield tile near the crew hatch which needed to be patched.",wn-0436:6:163,delay,163,,,TIME:three minutes,for,,,False,0.65
wn-0436,7,launch,launch,,,November 1,The launch was also repeatedly postponed since November 1 due to various technical problems with the shuttle's systems and a hydrogen leak in the fuel tank along with cracks and bad weather.,wn-0436:7:195,launch,195,,,DATE:November 1,,,,True,0.55
wn-0436,7,delay,postponed,,The launch,November 1,The launch was also repeatedly postponed since November 1 due to various technical problems with the shuttle's systems and a hydrogen leak in the fuel tank along with cracks and bad weather.,wn-0436:7:199,postpone,199,,,DATE:November 1,since,,,False,0.65
wn-0436,8,launch,launch,,,,A small piece of foam broke off during the launch but NASA has reported that it is unlikely to cause problems.,wn-0436:8:237,launch,237,,,,,,,False,0.5
wn-0436,10,launch,launch,,,just hours,"The launch comes just hours after an unmanned automated European cargo spacecraft, ATV-2, docked with the orbiting outpost to deliver supplies and equipment to the crew.",wn-0436:10:281,launch,281,,,TIME:just hours,,,,False,0.55
wn-0436,10,docking,docked,an unmanned automated European cargo spacecraft,the orbiting outpost,just hours,"The launch comes just hours after an unmanned automated European cargo spacecraft, ATV-2, docked with the orbiting outpost to deliver supplies and equipment to the crew.",wn-0436:10:295,dock,295,,,TIME:just hours,,,,False,0.65
wn-0436,15,failure,disaster,,Challenger,,It was also the first shuttle to fly after the Challenger disaster and was the first shuttle to fly after the Space Shuttle Columbia disaster.,wn-0436:15:409,disaster,409,,ORG:Challenger,,,,,False,0.7
wn-0436,15,failure,disaster,,Space Shuttle Columbia,,It was also the first shuttle to fly after the Challenger disaster and was the first shuttle to fly after the Space Shuttle Columbia disaster.,wn-0436:15:422,disaster,422,,SPACECRAFT:Space Shuttle Columbia,,,,,False,0.7
wn-0437,1,docking,rendezvoused,Space Shuttle Discovery,,today,"The Space Shuttle Discovery, flying the STS-133 mission, has successfully rendezvoused and docked with the International Space Station (ISS) today at 18:14 UTC for what is scheduled to be the final time in its career.",wn-0437:1:14,rendezvous,14,SPACECRAFT:Space Shuttle Discovery,,DATE:today,,,,False,0.7
wn-0437,1,docking,docked,Space Shuttle Discovery,International Space Station,today,"The Space Shuttle Discovery, flying the STS-133 mission, has successfully rendezvoused and docked with the International Space Station (ISS) today at 18:14 UTC for what is scheduled to be the final time in its career.",wn-0437:1:16,dock,16,SPACECRAFT:Space Shuttle Discovery,SPACECRAFT:ISS,DATE:today,,UTC,ORG:UTC,False,0.9
wn-0437,3,docking,docking,,Discoverys 13th,two minutes ahead,"The docking, Discoverys 13th and final scheduled docking, occurred two minutes ahead of schedule, having been originally scheduled for 19:16 GMT today.",wn-0437:3:84,docking,84,,,TIME:two minutes ahead,,,,False,0.6
wn-0437,3,docking,docking,,,two minutes ahead,"The docking, Discoverys 13th and final scheduled docking, occurred two minutes ahead of schedule, having been originally scheduled for 19:16 GMT today.",wn-0437:3:91,docking,91,,,TIME:two minutes ahead,,,,False,0.55
wn-0437,7,delay,delay,,,the day,"There was a delay in the docking mechanism's ability to make a seal between the two spacecraft during docking operations, so activities occurring later on in the day, including the transfer of ELC-4, may be delayed.",wn-0437:7:230,delay,230,,,DATE:day,,,,False,0.55
wn-0437,7,docking,docking,,,the day,"There was a delay in the docking mechanism's ability to make a seal between the two spacecraft during docking operations, so activities occurring later on in the day, including the transfer of ELC-4, may be delayed.",wn-0437:7:233,docking,233,,,DATE:day,,,,False,0.55
wn-0437,7,docking,docking,,operations,the day,"There was a delay in the docking mechanism's ability to make a seal between the two spacecraft during docking operations, so activities occurring later on in the day, including the transfer of ELC-4, may be delayed.",wn-0437:7:246,dock,246,,,DATE:day,,,,False,0.65
wn-0437,7,delay,delayed,,activities,the day,"There was a delay in the docking mechanism's ability to make a seal between the two spacecraft during docking operations, so activities occurring later on in the day, including the transfer of ELC-4, may be delayed.",wn-0437:7:266,delay,266,,,DATE:day,,,,False,0.65
wn-0437,8,docking,docking,,,,This was primarily because of a mis-alignment between the docking systems of the shuttle and station due to gravitational effects.,wn-0437:8:279,docking,279,,,,,,,False,0.5
wn-0437,9,delay,delay,,,approximately 40 minutes,The entire delay took up approximately 40 minutes.,wn-0437:9:293,delay,293,,,TIME:approximately 40 minutes,,,,False,0.55
wn-0437,11,docking,docked,,six docked spacecraft,an additional day,"NASA officials are debating whether or not to extend the mission an additional day for a photo shoot of the International Space Station, as it is currently host to six docked spacecraft from the United States, Russia, Europe, and Japan.",wn-0437:11:374,dock,374,,,DATE:additional day,,,,False,0.65
wn-0438,0,landing,landed,,Space Shuttle Discovery,Wednesday,Space The Space Shuttle Discovery successfully landed Wednesday at the Kennedy Space Center in Florida at 11:57 AM EST (16:57 UTC) for what is scheduled to be the final time in its operational career.,wn-0438:0:6,land,6,,SPACECRAFT:Space Shuttle Discovery,DATE:Wednesday,,Kennedy Space Center,FAC:Kennedy Space Center,False,0.8
wn-0438,1,landing,landing,,,,"Upon landing, the shuttle and its six-person crew wrapped up the STS-133 mission, the Discoverys 39th and final flight into space.",wn-0438:1:39,landing,39,,,,,,,False,0.5
wn-0438,2,launch,launched,,STS-133,February 24,"STS-133 launched on February 24, after several launch delays since last November due to numerous technical issues.",wn-0438:2:65,launch,65,,,DATE:February 24,on,,,False,0.65
wn-0438,2,launch,launch,,,last November,"STS-133 launched on February 24, after several launch delays since last November due to numerous technical issues.",wn-0438:2:72,launch,72,,,DATE:last November,,,,False,0.55
wn-0438,2,delay,delays,,,last November,"STS-133 launched on February 24, after several launch delays since last November due to numerous technical issues.",wn-0438:2:73,delay,73,,,DATE:last November,since,,,False,0.55
wn-0438,7,docking,docked,Discovery,two different space stations,,"Discovery has docked with two different space stations, Mir and the ISS, and was the first shuttle to fly after both the Challenger and Columbia disasters.",wn-0438:7:215,dock,215,PRODUCT:Discovery,,,,,,False,0.7
wn-0438,7,failure,disasters,,Challenger,,"Discovery has docked with two different space stations, Mir and the ISS, and was the first shuttle to fly after both the Challenger and Columbia disasters.",wn-0438:7:240,disaster,240,,ORG:Challenger,,,,,False,0.7
wn-0438,12,landing,landing,,,Wednesday,"A NASA commentator describes Wednesday's landing as ""the end of a historic journey.",wn-0438:12:368,landing,368,,,DATE:Wednesday,,,,False,0.55
wn-0439,4,discovery,discovering,,the extent,2010,"Richard Gross, of NASA's Jet Propulsion Laboratory, was responsible for discovering the extent to which the Earth's axis had been shifted by the 2010 Chile earthquake.",wn-0439:4:142,discover,142,,,DATE:2010,,,,False,0.65
wn-0440,2,landing,Landing,,,,Landing occurred on the Kazakhstan Steppes.,wn-0440:2:35,landing,35,,,,,,,False,0.5
wn-0440,3,launch,launched,,The crew,October 7 of last year,"The crew, consisting of Commander Aleksandr Kaleri and Flight Engineers Oleg Skripochka and Scott Kelly, launched to space on October 7 of last year, docking to the station a couple days later.",wn-0440:3:60,launch,60,,,DATE:October 7 of last year,on,,,False,0.65
wn-0440,3,docking,docking,The crew,the station,a couple days later,"The crew, consisting of Commander Aleksandr Kaleri and Flight Engineers Oleg Skripochka and Scott Kelly, launched to space on October 7 of last year, docking to the station a couple days later.",wn-0440:3:70,dock,70,,,DATE:couple days later,,,,False,0.65
wn-0440,4,landing,landing,,,,"According to NASA officials, landing conditions were ""too cold, too windy, too arctic"" to set up a medical tent as is usually done after a Soyuz landing.",wn-0440:4:84,land,84,,,,,,,False,0.55
wn-0440,4,landing,landing,,Soyuz,,"According to NASA officials, landing conditions were ""too cold, too windy, too arctic"" to set up a medical tent as is usually done after a Soyuz landing.",wn-0440:4:110,landing,110,,SPACECRAFT:Soyuz,,,,,False,0.7
wn-0440,6,landing,landing,,,,"Despite the weather during landing and crew recovery operations, NASA spokesman Rob Navias says that the recovery teams are apt at recovering crews under such conditions.",wn-0440:6:137,landing,137,,,,,,,False,0.5
wn-0440,7,landing,landing,,,about thirty minutes,The three crewmembers exited the capsule about thirty minutes after a landing in deep snow.,wn-0440:7:172,landing,172,,,TIME:about thirty minutes,,,,False,0.55
wn-0440,8,launch,launch,,the next flight,,"The launch of the next flight to the ISS, Soyuz TMA-21, has been delayed due to technical problems, and is scheduled to lift-off no earlier than March 29.",wn-0440:8:179,launch,179,,,,,,,True,0.55
wn-0440,8,delay,delayed,,The launch,,"The launch of the next flight to the ISS, Soyuz TMA-21, has been delayed due to technical problems, and is scheduled to lift-off no earlier than March 29.",wn-0440:8:193,delay,193,,,,,,,False,0.6
wn-0440,8,launch,lift off,,The launch,,"The launch of the next flight to the ISS, Soyuz TMA-21, has been delayed due to technical problems, and is scheduled to lift-off no earlier than March 29.",wn-0440:8:203,lift,203,,,,,,,False,0.6
wn-0441,0,failure,lost,MySpace,over ten million users,between January and February 2011,"Internet Social networking website MySpace lost over ten million users between January and February 2011, according to comScore.",wn-0441:0:5,lose,5,ORG:MySpace,,DATE:between January and February 2011,,,,False,0.75
wn-0441,3,failure,losses,,user,one year,"In the space of one year, MySpace has also suffered a number of user losses approaching fifty million.",wn-0441:3:77,loss,77,,,DATE:one year,,,,False,0.6
wn-0442,4,launch,launched,,the MESSENGER spacecraft,2004,"Before arriving in orbit around Mercury, the MESSENGER spacecraft was launched in 2004, passed by Mercury twice in 2008 and once more in 2009.",wn-0442:4:87,launch,87,,,DATE:2004,in,,,False,0.65
wn-0442,11,discovery,observations,,the planet,April 4,"MESSENGER is scheduled to begin it's primary mission on April 4, consisting of various scientific and visual observations of the planet.",wn-0442:11:238,observation,238,,,DATE:April 4,,,,False,0.6
wn-0443,1,launch,lifted off,Yuri Gagarin,,"April 12, 1961","On April 12, 1961, Soviet cosmonaut Yuri Gagarin lifted off on Vostok 1, the first human spaceflight in history, completing one orbit of the Earth in just under two hours.",wn-0443:1:12,lift,12,PERSON:Yuri Gagarin,,"DATE:April 12, 1961",on,,,False,0.7
wn-0443,4,launch,launch,,Space Shuttle,"April 12, 1981","Yuri's Night, started in 2001 for fortieth anniversary celebrations, is a global celebration of the history of spaceflight, including the first Space Shuttle launch on April 12, 1981, the twentieth anniversary of Gagarin's flight.",wn-0443:4:97,launch,97,,SPACECRAFT:Space Shuttle,"DATE:April 12, 1981",on,,,False,0.75
wn-0443,7,launch,launch,,Sputnik,just four years,His trip to orbit came just four years after the launch of Sputnik 1 and the beginning of the space race between the United States and the Soviet Union (USSR).,wn-0443:7:163,launch,163,,,DATE:just four years,,,,False,0.6
wn-0444,0,launch,launch,,the first space shuttle,Tuesday,"NASA celebrated the launch of the first space shuttle Tuesday at an event at the Kennedy Space Center (KSC) in Cape Canaveral, Florida.",wn-0444:0:3,launch,3,,,DATE:Tuesday,,,,False,0.6
wn-0444,1,launch,lifted off,,Space Shuttle Columbia,"April 12, 1981","On April 12, 1981, Space Shuttle Columbia lifted off from the Kennedy Space Center on STS-1, the first space shuttle mission.",wn-0444:1:36,lift,36,,SPACECRAFT:Space Shuttle Columbia,"DATE:April 12, 1981",on,Kennedy Space Center,FAC:Kennedy Space Center,False,0.8
wn-0444,8,launch,launch,,which,the end of the month,"Space Shuttle Endeavour, which will launch on STS-134 at the end of the month on April 29, will be sent to the California Science Center in Los Angeles, California following its retirement.",wn-0444:8:231,launch,231,,,DATE:end of the month,at,,,False,0.65
wn-0444,9,launch,launches,,which,June 28,"Finally, Atlantis will go on display at the Kennedy Space Center Visitor Complex following the orbiter's last flight which launches June 28.",wn-0444:9:282,launch,282,,,DATE:June 28,,,,False,0.65
wn-0444,10,failure,lost,,Columbia,"February 1, 2003","Columbia was lost tragically back on February 1, 2003 when it disintegrated during re-entry killing all seven astronauts aboard.",wn-0444:10:289,lose,289,,ORG:Columbia,"DATE:February 1, 2003",on,,,False,0.8
wn-0444,10,failure,disintegrated,,it,"February 1, 2003","Columbia was lost tragically back on February 1, 2003 when it disintegrated during re-entry killing all seven astronauts aboard.",wn-0444:10:299,disintegrate,299,,,"DATE:February 1, 2003",,,,False,0.65
wn-0444,11,failure,lost,,Space Shuttle Challenger,73 seconds,"Space Shuttle Challenger was lost when it exploded 73 seconds after liftoff back on January 28, 1986 killing all six aboard.",wn-0444:11:314,lose,314,,SPACECRAFT:Space Shuttle Challenger,TIME:73 seconds,,,,False,0.8
wn-0444,11,failure,exploded,,it,73 seconds,"Space Shuttle Challenger was lost when it exploded 73 seconds after liftoff back on January 28, 1986 killing all six aboard.",wn-0444:11:317,explode,317,,,TIME:73 seconds,,,,False,0.65
wn-0444,26,landing,landing,,a retired shuttle,,"In a statement, Governor of Washington Chris Gregoire said, “The Museum of Flight put a tremendous amount of effort into landing a retired shuttle in the Pacific Northwest.",wn-0444:26:723,land,723,,,,,,,False,0.6
wn-0444,37,launch,lifted off,Yuri Gagarin,,,The 30th anniversary of the first shuttle mission coincided with the 50th anniversary of the first manned space flight when Yuri Gagarin lifted off aboard Vostok 1 into space.,wn-0444:37:1058,lift,1058,PERSON:Yuri Gagarin,,,,,,False,0.65
wn-0445,1,launch,launched,,Space Shuttle Endeavour,8:56 AM EDT,"The Space Shuttle Endeavour launched on its final mission, STS-134, at 8:56 AM EDT Monday.",wn-0445:1:6,launch,6,,SPACECRAFT:Space Shuttle Endeavour,TIME:8:56 AM EDT,at,,,False,0.8
wn-0445,3,launch,launched,The shuttle,six crewmembers,,"The shuttle launched from the Kennedy Space Center in Florida with six crewmembers aboard, including mission commander Mark Kelly, pilot Gregory Johnson, and mission specialists Roberto Vittori, Andrew Feustel, and Gregory Chamitoff.",wn-0445:3:58,launch,58,,,,,Kennedy Space Center,FAC:Kennedy Space Center,False,0.6
wn-0445,4,docking,dock,The shuttle,ISS,Wednesday morning,The shuttle is scheduled to arrive and dock with the ISS on Wednesday morning (EDT) to begin a two-week stay aboard the orbiting laboratory.,wn-0445:4:102,dock,102,,SPACECRAFT:ISS,TIME:Wednesday morning,on,,,False,0.8
wn-0445,6,landing,land,,Endeavour,June 1st,Endeavour is scheduled to land for the final time on June 1st.,wn-0445:6:159,land,159,,,DATE:June 1st,on,,,False,0.65
wn-0445,8,launch,launch,,,,Rep. Giffords flew to Kennedy Space Center to witness the launch.,wn-0445:8:201,launch,201,,,,,,,False,0.5
wn-0445,9,launch,launch,,,April 29,"The launch was originally scheduled for April 29, but was delayed hours before the launch after the discovery of a technical problem that required that the launch be scrubbed in order to be fixed.",wn-0445:9:205,launch,205,,,DATE:April 29,,,,False,0.55
wn-0445,9,delay,delayed,,The launch,hours,"The launch was originally scheduled for April 29, but was delayed hours before the launch after the discovery of a technical problem that required that the launch be scrubbed in order to be fixed.",wn-0445:9:215,delay,215,,,TIME:hours,,,,False,0.65
wn-0445,9,launch,launch,,,hours,"The launch was originally scheduled for April 29, but was delayed hours before the launch after the discovery of a technical problem that required that the launch be scrubbed in order to be fixed.",wn-0445:9:219,launch,219,,,TIME:hours,,,,False,0.55
wn-0445,9,discovery,discovery,,a technical problem,hours,"The launch was originally scheduled for April 29, but was delayed hours before the launch after the discovery of a technical problem that required that the launch be scrubbed in order to be fixed.",wn-0445:9:222,discovery,222,,,TIME:hours,,,,False,0.6
wn-0445,9,launch,launch,,,hours,"The launch was originally scheduled for April 29, but was delayed hours before the launch after the discovery of a technical problem that required that the launch be scrubbed in order to be fixed.",wn-0445:9:231,launch,231,,,TIME:hours,,,,True,0.55
wn-0445,9,delay,scrubbed,,the launch,hours,"The launch was originally scheduled for April 29, but was delayed hours before the launch after the discovery of a technical problem that required that the launch be scrubbed in order to be fixed.",wn-0445:9:233,scrub,233,,,TIME:hours,,,,False,0.65
wn-0445,10,launch,liftoff,,,,"Before liftoff, commander Mark Kelly shared his thoughts on the mission: ""As Americans, we endeavour to build a better life than the generation before and endeavour to be a united nation.",wn-0445:10:242,liftoff,242,,,,,,,False,0.5
wn-0445,16,launch,launch,,,,"Approximately 500,000 spectators came to Kennedy Space Center in Florida for the launch, but a passenger aboard a commercial flight from New York to Palm Beach, Stefanie Gordon, obtained video from her seat on the airplane.",wn-0445:16:332,launch,332,,,,,,,False,0.5
wn-0445,18,failure,disaster,,,1986,"Endeavour, NASA's youngest space shuttle, was originally built to replace the Space Shuttle Challenger after the 1986 disaster that killed its seven crewmembers during the ill-fated launch of the STS-51-L mission.",wn-0445:18:406,disaster,406,,,DATE:1986,,,,False,0.55
wn-0445,18,launch,launch,,the STS-51-L mission,1986,"Endeavour, NASA's youngest space shuttle, was originally built to replace the Space Shuttle Challenger after the 1986 disaster that killed its seven crewmembers during the ill-fated launch of the STS-51-L mission.",wn-0445:18:417,launch,417,,,DATE:1986,,,,False,0.6
wn-0445,21,launch,launch,,,July,"That mission, using Space Shuttle Atlantis, is currently scheduled for a July launch.",wn-0445:21:465,launch,465,,,DATE:July,,,,False,0.55
wn-0445,22,launch,launch,,Endeavour,Today,"""Today's final launch of Endeavour is a testament to American ingenuity and leadership in human spaceflight,"" commented NASA Administrator Charles Bolden, who is a former astronaut and veteran of four spaceflights himself.",wn-0445:22:472,launch,472,,GPE:Endeavour,DATE:Today,,,,False,0.75
wn-0445,24,launch,launch,,,the past 50 years,"The presence of Congresswoman Gabrielle Giffords at the launch inspired us all, just as America's space program has done for the past 50 years.""",wn-0445:24:556,launch,556,,,DATE:past 50 years,,,,False,0.55
wn-0447,2,landing,landed,,The crew,last December,"The crew landed in Kazakhstan aboard the Soyuz TMA-20 spacecraft, the same craft they launched on last December.",wn-0447:2:22,land,22,,,DATE:last December,,Kazakhstan,GPE:Kazakhstan,False,0.65
wn-0447,2,launch,launched,,they,last December,"The crew landed in Kazakhstan aboard the Soyuz TMA-20 spacecraft, the same craft they launched on last December.",wn-0447:2:35,launch,35,,,DATE:last December,on,,,False,0.65
wn-0447,4,landing,landing,,,,"After landing, recovery teams helped the crew exit their Soyuz capsule and adjust to surface gravity again.",wn-0447:4:70,landing,70,,,,,,,False,0.5
wn-0447,9,launch,launch,,Three new crew members,June 7,Three new crew members are expected to launch on June 7 to join their colleagues aboard the orbital outpost.,wn-0447:9:210,launch,210,,,DATE:June 7,on,,,False,0.65
wn-0448,5,landing,landing,,,2004,"Opportunity has passed several craters since landing on Mars in 2004, including one of the youngest craters yet investigated by the rover, named ""Skylab"" after the US' first space station.",wn-0448:5:84,land,84,,,DATE:2004,in,Mars,CELESTIAL:Mars,False,0.6
wn-0448,7,failure,lost,it,communication,March 2010,"Opportunitys sister rover, Spirit, traveled about 4.8 across the Martian surface before it lost communication with Earth in March 2010; last month, NASA ceased attempts to regain contact with the rover.",wn-0448:7:154,lose,154,,,DATE:March 2010,in,,,False,0.65
wn-0448,8,discovery,discoveries,,,April 2004,"Both the Opportunity and Spirit rovers have greatly surpassed their intended operational lifespan—which ended in April 2004—and have helped researchers make discoveries about the history of Mars, as well as the possibility that microbial life could have once been supported on the fourth planet from the sun.",wn-0448:8:201,discovery,201,,,DATE:April 2004,,,,False,0.55
wn-0449,0,landing,landed,,Space Shuttle Endeavour,2:34 a.m. EDT,"Space Space Shuttle Endeavour landed for the final time at 2:34 a.m. EDT (0534 UTC) at Cape Canaveral, Florida, U.S. Wednesday, marking the end of its nineteen-year operational career.",wn-0449:0:4,land,4,,SPACECRAFT:Space Shuttle Endeavour,TIME:2:34 a.m. EDT,at,Cape Canaveral,FAC:Cape Canaveral,False,0.8
wn-0449,2,landing,touchdown,,,,"The commander of the mission, Mark Kelly, paid tribute to the spaceship shortly after touchdown, saying, ""It's sad to see her land for the last time, but she really has a great legacy.""",wn-0449:2:80,touchdown,80,,,,,,,False,0.5
wn-0449,3,launch,launched,,Endeavour,earlier this month,Endeavour launched earlier this month on a mission to carry the Alpha Magnetic Spectrometer (AMS) and several spare parts to the International Space Station (ISS).,wn-0449:3:107,launch,107,,,DATE:earlier this month,,,,False,0.65
wn-0449,8,launch,launch,,,May 16,"Giffords watched the launch from the Kennedy Space Center on May 16, but was asleep in a hospital during the early morning landing, according to Kelly.",wn-0449:8:235,launch,235,,,DATE:May 16,,Kennedy Space Center,FAC:Kennedy Space Center,False,0.55
wn-0449,8,landing,landing,,,the early morning,"Giffords watched the launch from the Kennedy Space Center on May 16, but was asleep in a hospital during the early morning landing, according to Kelly.",wn-0449:8:255,landing,255,,,TIME:early morning,,,,False,0.55
wn-0449,14,failure,exploded,,Space Shuttle Challenger,1986,Space Shuttle Endeavour began service after the Space Shuttle Challenger exploded shortly after lifting off in 1986; all seven astronauts aboard died as a result of the disaster.,wn-0449:14:452,explode,452,,SPACECRAFT:Space Shuttle Challenger,DATE:1986,,,,False,0.8
wn-0449,14,launch,lifting off,,,1986,Space Shuttle Endeavour began service after the Space Shuttle Challenger exploded shortly after lifting off in 1986; all seven astronauts aboard died as a result of the disaster.,wn-0449:14:455,lift,455,,,DATE:1986,in,,,False,0.6
wn-0449,14,failure,disaster,,,1986,Space Shuttle Endeavour began service after the Space Shuttle Challenger exploded shortly after lifting off in 1986; all seven astronauts aboard died as a result of the disaster.,wn-0449:14:470,disaster,470,,,DATE:1986,,,,False,0.55
wn-0449,15,launch,launched,,Endeavour,May 1992,"Endeavour launched on its maiden flight, STS-49, in May 1992.",wn-0449:15:473,launch,473,,,DATE:May 1992,in,,,False,0.65
wn-0449,25,launch,launch,,The final mission,July 8,"The final mission in the Space Shuttle program, STS-135, is scheduled to launch on July 8.",wn-0449:25:697,launch,697,,,DATE:July 8,on,,,False,0.65
wn-0450,4,discovery,discovery,,,,"The discovery was made by the Herschel Space Observatory, of the European Space Agency.",wn-0450:4:122,discovery,122,,,,,,,False,0.5
wn-0450,6,discovery,detected,,Both oxygen and hydrogen atoms,,Both oxygen and hydrogen atoms were detected and are believed to be created inside the star.,wn-0450:6:173,detect,173,,,,,,,False,0.6
wn-0451,1,discovery,discovered,Cassini,evidence,,NASA's Cassini–Huygens spacecraft has discovered evidence for a large-scale saltwater reservoir beneath the icy crust of Saturn's moon Enceladus.,wn-0451:1:9,discover,9,SPACECRAFT:Cassini,,,,,,False,0.7
wn-0451,5,discovery,found,Cassini,,,"Closer to the moon's surface, Cassini found that relatively large grains rich with sodium and potassium dominate the plumes.",wn-0451:5:109,find,109,SPACECRAFT:Cassini,,,,,,False,0.65
wn-0451,10,discovery,observations,,distinct jets,2010,"These observations of distinct jets, from a 2010 flyby, are consistent with results showing a difference in composition of ice grains close to the moon's surface and those that made it out to the E ring, the outermost ring that gets its material primarily from Enceladean jets.",wn-0451:10:250,observation,250,,,DATE:2010,,,,False,0.6
wn-0451,10,flyby,flyby,,,2010,"These observations of distinct jets, from a 2010 flyby, are consistent with results showing a difference in composition of ice grains close to the moon's surface and those that made it out to the E ring, the outermost ring that gets its material primarily from Enceladean jets.",wn-0451:10:258,flyby,258,,,DATE:2010,,,,False,0.55
wn-0451,16,failure,lost,,Roughly 400 pounds,,"Roughly 400 pounds (200 kilograms) of water vapor is lost every second in the plumes, with smaller amounts being lost as ice grains.",wn-0451:16:465,lose,465,,,,,,,False,0.6
wn-0451,16,failure,lost,,smaller amounts,,"Roughly 400 pounds (200 kilograms) of water vapor is lost every second in the plumes, with smaller amounts being lost as ice grains.",wn-0451:16:476,lose,476,,,,,,,False,0.6
wn-0451,19,discovery,discovered,The Cassini mission,Enceladus' water-vapor and ice jets,2005,The Cassini mission discovered Enceladus' water-vapor and ice jets in 2005.,wn-0451:19:539,discover,539,,,DATE:2005,in,,,False,0.65
wn-0451,20,discovery,found,,some sodium salts,2009,"In 2009, scientists working with the cosmic dust analyzer examined some sodium salts found in ice grains of Saturn's E ring but the link to subsurface salt water was not definitive.",wn-0451:20:565,find,565,,,DATE:2009,,,,False,0.65
wn-0451,21,flyby,flybys,,Enceladus,2008,"The new paper analyzes three Enceladus flybys in 2008 and 2009 with the same instrument, focusing on the composition of freshly ejected plume grains.",wn-0451:21:591,flyby,591,,CELESTIAL:Enceladus,DATE:2008,,,,False,0.75
wn-0451,22,discovery,discovered,Cassini,"a high ""density",2008,"In 2008, Cassini discovered a high ""density of volatile gases, water vapor, carbon dioxide and carbon monoxide, as well as organic materials, some 20 times denser than expected"" in geysers erupting from the moon.",wn-0451:22:615,discover,615,SPACECRAFT:Cassini,,DATE:2008,in,,,False,0.75
wn-0451,26,discovery,finding,,,,"""This finding is a crucial new piece of evidence showing that environmental conditions favorable to the emergence of life can be sustained on icy bodies orbiting gas giant planets,"" said Nicolas Altobelli, the European Space Agency's project scientist for Cassini.",wn-0451:26:739,finding,739,,,,,,,False,0.5
wn-0452,6,docking,docked,six people,the station,,There are six people aboard the ISS and two Soyuz spacecrafts docked to the station.,wn-0452:6:194,dock,194,,,,,,,False,0.6
wn-0453,4,failure,destroyed,,it,,"He argues that had he not kept the camera, it would have been destroyed: ""It was government throwaways, government junk.",wn-0453:4:112,destroy,112,,,,,,,False,0.6
wn-0453,9,landing,landing,,,1971,"Mitchell, along with Commander Alan Shepard and Command Module Pilot Stuart Roosa, flew to the moon aboard the Apollo 14 mission in 1971, the third manned lunar landing.",wn-0453:9:237,landing,237,,,DATE:1971,,,,False,0.55
wn-0454,3,discovery,observed,,The White Spot storms,1876,The White Spot storms have been observed since 1876 and occur approximately every 30 years; only five previous storms have been seen in the last 137 years.,wn-0454:3:57,observe,57,,,DATE:1876,since,,,False,0.65
wn-0454,4,discovery,detected,instruments,The first signs,"December 5, 2010","The first signs were detected on December 5, 2010 by instruments aboard the Cassini spacecraft when it recorded lightening outbursts in a small bright area on Saturn's northern half.",wn-0454:4:84,detect,84,,,"DATE:December 5, 2010",on,,,False,0.65
wn-0454,6,discovery,identified,,It,the start of,It was later identified as a brewing storm during the start of Saturn spring.,wn-0454:6:131,identify,131,,,DATE:start of,during,,,False,0.65
wn-0454,10,discovery,observed,,This,Thursday,"This is the most intense yet seen and was observed in unprecedented detail, according to the journal Nature in two papers published Thursday.",wn-0454:10:189,observe,189,,,DATE:Thursday,,,,False,0.65
wn-0455,0,launch,launched,,Space Shuttle Atlantis,today,"Space At 11:29 AM EDT today, the Space Shuttle Atlantis launched on the final mission in NASA's Space Shuttle program, STS-135.",wn-0455:0:11,launch,11,,SPACECRAFT:Space Shuttle Atlantis,DATE:today,,,,False,0.8
wn-0455,2,launch,launch,,,,"The launch occurred despite weather concerns at Kennedy Space Center in Florida, United States.",wn-0455:2:96,launch,96,,,,,,,False,0.5
wn-0455,3,failure,glitch,,,T-31 seconds,"Although there was a short two and a half minute hold in the countdown at T-31 seconds while engineers worked out a small glitch, the launch was flawless.",wn-0455:3:134,glitch,134,,,TIME:T-31 seconds,,,,False,0.55
wn-0455,3,launch,launch,,,T-31 seconds,"Although there was a short two and a half minute hold in the countdown at T-31 seconds while engineers worked out a small glitch, the launch was flawless.",wn-0455:3:137,launch,137,,,TIME:T-31 seconds,,,,False,0.55
wn-0455,4,launch,lifting off,,,Eight and a half minutes,"Eight and a half minutes after lifting off for the final time, Atlantis reached its preliminary orbit, travelling over 17,000 miles per hour several hundreds of miles above the Earth.",wn-0455:4:148,lift,148,,,TIME:Eight and a half minutes,,,,False,0.6
wn-0455,12,launch,launch,,,,"An estimated 750,000 people crowded the launch site as Atlantis flexed ""its muscles one final time"", in the words of NASA ascent commentator Rob Navias.",wn-0455:12:359,launch,359,,,,,,,False,0.5
wn-0455,13,launch,launched,,The first mission,"April 12, 1981","The first mission of the Space Shuttle program, STS-1, launched on April 12, 1981.",wn-0455:13:394,launch,394,,,"DATE:April 12, 1981",on,,,False,0.65
wn-0455,14,launch,launched,,135 missions,30 years,"Since then, 135 missions over 30 years have been launched.",wn-0455:14:411,launch,411,,,DATE:30 years,,,,False,0.65
wn-0455,15,failure,failures,,,January 1986,"Out of these flights, two involved catastrophic failures, STS-51-L Challenger in January 1986 and STS-107 Columbia in February 2003, both killing all on board.",wn-0455:15:421,failure,421,,,DATE:January 1986,,,,False,0.55
wn-0455,18,docking,docking,the first shuttle,the Russian Mir space station,June 1995,"During her career spanning over 26 years, Atlantis flew on 33 flights, including the first shuttle docking to the Russian Mir space station on STS-71 in June 1995, the first launch with a camera mounted on the exterior of the external fuel tank on STS-112 in October 2002, and the final servicing mission to the Hubble Space Telescope on STS-125 in May 2009.",wn-0455:18:491,dock,491,,,DATE:June 1995,in,,,False,0.65
wn-0455,18,launch,launch,,,June 1995,"During her career spanning over 26 years, Atlantis flew on 33 flights, including the first shuttle docking to the Russian Mir space station on STS-71 in June 1995, the first launch with a camera mounted on the exterior of the external fuel tank on STS-112 in October 2002, and the final servicing mission to the Hubble Space Telescope on STS-125 in May 2009.",wn-0455:18:506,launch,506,,,DATE:June 1995,,,,False,0.55
wn-0455,19,launch,launch,,Space Shuttle,,The final Space Shuttle launch marks the end of an era for NASA and the United States amid uncertainty about the American space program's and NASA's future.,wn-0455:19:546,launch,546,,SPACECRAFT:Space Shuttle,,,,,False,0.7
wn-0455,20,launch,launch,,,,"Before the launch, mission commander Christopher Ferguson made a statement conveying his thoughts about the program's end: ""The shuttle is always going to be a reflection of what a great nation can do when it dares to be bold and commits to follow through.",wn-0455:20:575,launch,575,,,,,,,False,0.5
wn-0456,0,landing,landing,,,,"Space Space Shuttle Atlantis has completed its last journey with a landing at Kennedy Space Center, located in Florida, United States.",wn-0456:0:11,landing,11,,,,,Kennedy Space Center,FAC:Kennedy Space Center,False,0.5
wn-0456,1,landing,landing,,Atlantis,yesterday,"Two thousand employees, including employees, families and friends, witnessed the landing of Atlantis at 0557 EDT (0957 UTC) yesterday.",wn-0456:1:37,landing,37,,PRODUCT:Atlantis,DATE:yesterday,,,,False,0.75
wn-0456,2,landing,landing,,,,"This landing has brought mission STS-135 to a close, as well as the Space Shuttle program from NASA.",wn-0456:2:50,landing,50,,,,,,,False,0.5
wn-0456,4,landing,landing,,,,"During the landing, Christopher Ferguson, the flight's commander, commented that ""the space shuttle changed the way we view the world and it changed the way we view the universe"".",wn-0456:4:99,landing,99,,,,,,,False,0.5
wn-0456,5,landing,landing,,,,"Citing ""a lot of emotion"" in relation to this landing, Ferguson clarified that ""one thing's indisputable: America's not going to stop exploring"".",wn-0456:5:144,landing,144,,,,,,,False,0.5
wn-0456,6,landing,landing,,,,"Amongst the aftermath of the landing, NASA Administrator Charles F. Bolden, Jr. produced a speech while standing in front of the spacecraft and its crew and spoke of ""the rare opportunity to witness history"".",wn-0456:6:170,landing,170,,,,,,,False,0.5
wn-0456,7,launch,launched,,Atlantis,July 8 this year,Atlantis launched for the final time on July 8 this year.,wn-0456:7:205,launch,205,,PRODUCT:Atlantis,DATE:July 8 this year,on,,,False,0.8
wn-0456,11,failure,lose,,their occupations,,"Due to the program's conclusion, in excess of three thousand space shuttle operation contributions are now anticipated to lose their occupations.",wn-0456:11:305,lose,305,,,,,,,False,0.6
wn-0457,1,launch,launched,,NASA's newest spacecraft,12:25 a.m. EDT,"On Friday at 12:25 a.m. EDT, NASA's newest spacecraft, Juno, launched into orbit from Cape Canaveral, Florida, on its way to Jupiter.",wn-0457:1:16,launch,16,,,TIME:12:25 a.m. EDT,,Cape Canaveral,FAC:Cape Canaveral,False,0.65
wn-0458,1,discovery,found,,These molecules,,"These molecules, known as nucleobases, are key components of DNA and have been found in meteorites several times before.",wn-0458:1:57,find,57,,,,,,,False,0.6
wn-0458,2,landing,landed,,they,,"However, until now, scientists could never be certain that these compounds were native to the meteorites or if they were simply contamination from the terrestrial environment in which they landed.",wn-0458:2:96,land,96,,,,,,,False,0.6
wn-0458,3,discovery,found,researchers,,,"To this end, researchers analyzed eleven different organic-rich meteorites, called carbonaceous chondrites, for the presence of nucleobases and found that three of these molecules are very rare on Earth.",wn-0458:3:121,find,121,,,,,,,False,0.55
wn-0458,4,discovery,found,,none,,"Additionally, none of these nucleobases were found in the soil or ice in close proximity to where the meteorites were found.",wn-0458:4:141,find,141,,,,,,,False,0.6
wn-0458,4,discovery,found,,the meteorites,,"Additionally, none of these nucleobases were found in the soil or ice in close proximity to where the meteorites were found.",wn-0458:4:155,find,155,,,,,,,False,0.6
wn-0459,4,discovery,discovered,NASA scientists,which,early February,"As they continue to search for long-term funding, the Institute plans to use the money to study several Kepler planets, which were discovered by NASA scientists in early February.",wn-0459:4:141,discover,141,,,DATE:early February,in,,,False,0.65
wn-0460,4,failure,failures,,spacecraft,,"A statement released along with the report warns that, according to some computer models, the debris ""has reached a tipping point, with enough currently in orbit to continually collide and create even more debris, raising the risk of spacecraft failures"".",wn-0460:4:137,failure,137,,,,,,,False,0.55
wn-0460,10,flyby,encounter,,,June,"The International Space Station sometimes has to dodge larger fragments, and in June its crew was forced to prepare to evacuate due to a close encounter with debris.",wn-0460:10:288,encounter,288,,,DATE:June,,,,False,0.55
wn-0460,17,failure,failed,,The Chinese government,,The Chinese government has so far failed to respond to Wikinewss queries regarding the incident.,wn-0460:17:544,fail,544,,,,,,,False,0.6
wn-0460,21,flyby,encounters,,,,"Although commercial projections of close encounters (commonly called conjunctions) were available, the accuracy of those projections was not sufficient to allow collision avoidance action to be taken.""",wn-0460:21:646,encounter,646,,,,,,,False,0.5
wn-0460,28,failure,loss,,a single satellite,a period of months if not years,"Because of the resilient and distributed nature of the Iridium constellation, the effects of the loss of a single satellite were relatively minor"", and that ""any other system, commercial or military, which experienced the loss of a satellite, would have suffered significant operational degradation for a period of months if not years.""",wn-0460:28:861,loss,861,,,DATE:period of months if not years,,,,False,0.6
wn-0460,28,failure,loss,,a satellite,a period of months if not years,"Because of the resilient and distributed nature of the Iridium constellation, the effects of the loss of a single satellite were relatively minor"", and that ""any other system, commercial or military, which experienced the loss of a satellite, would have suffered significant operational degradation for a period of months if not years.""",wn-0460:28:885,loss,885,,,DATE:period of months if not years,,,,False,0.6
wn-0460,33,discovery,findings,,,,"The report makes more than thirty findings, and more than twenty recommendations to NASA.",wn-0460:33:957,finding,957,,,,,,,False,0.5
wn-0460,37,discovery,observed,George J. Gleghorn,,,"George J. Gleghorn, vice chair of the committee, observed that ""the Cold War is over, but the acute sensitivity regarding satellite technology remains"".",wn-0460:37:1044,observe,1044,PERSON:George J. Gleghorn,,,,,,False,0.65
wn-0460,44,discovery,identify,it,,,"A spokesperson for the UK Space Agency told Wikinews that the organisation ""does not have any plans to get directly involved with the clean-up initiative but through its involvement with NASA in the Inter-Agency Space Debris Coordination Committee, it is conducting studies to identify which objects present the biggest hazard and how many objects may need to be removed and from where.""",wn-0460:44:1262,identify,1262,,,,,,,False,0.55
wn-0460,47,failure,break up,,they,,"It is best to treat the root cause, the presence of debris in orbit, and remove the large objects before they can break up into many thousands of uncontrolled fragments capable of destroying a satellite on impact.",wn-0460:47:1348,break,1348,,,,,,,False,0.6
wn-0460,47,failure,destroying,,a satellite,,"It is best to treat the root cause, the presence of debris in orbit, and remove the large objects before they can break up into many thousands of uncontrolled fragments capable of destroying a satellite on impact.",wn-0460:47:1358,destroy,1358,,,,,,,False,0.6
wn-0461,1,failure,failed,,its engines,,"The spacecraft was designed to retrieve soil samples from the largest moon of Mars, Phobos, but its engines failed and it had remained in Earth orbit ever since.",wn-0461:1:49,fail,49,,,,,,,False,0.6
wn-0461,6,failure,accident,,,,Russian authorities plan to determine the reasons behind the accident.,wn-0461:6:157,accident,157,,,,,,,False,0.5
wn-0461,7,failure,failure,,the mission,,The failure of the mission is being considered as a major setback in Russia’s interplanetary programme.,wn-0461:7:160,failure,160,,,,,,,False,0.55
wn-0462,2,discovery,discovered,,The rocks,,"The rocks, discovered in Morocco, were likely ejected off the surface of the planet during an ancient asteroid impact.",wn-0462:2:26,discover,26,,,,,Morocco,GPE:Morocco,False,0.6
wn-0462,3,discovery,observed,people,that,,This is believed to be the fifth time in history that people have observed what turned out to be chemically confirmed martian material falling to Earth.,wn-0462:3:59,observe,59,,,,,,,False,0.6
wn-0462,8,landing,landing,,,,"The sooner the rocks are recovered after landing on Earth, the less they are contaminated by its natural processes.",wn-0462:8:173,land,173,,,,,Earth,CELESTIAL:Earth,False,0.55
wn-0462,10,discovery,find,you,organics,,"""Because it's so fresh, if you find organics in this sample, you can be pretty sure those organics are Martian,"" Carl Agee, director of the Institute of Meteoritics at the University of New Mexico, told Space.com.",wn-0462:10:211,find,211,,,,,,,False,0.6
wn-0463,1,launch,launched,,which,Tuesday,"The Soyuz TMA-04M spacecraft, which launched on Tuesday, arrived at the International Space Station yesterday with three members of the Expedition 31 long duration mission.",wn-0463:1:9,launch,9,,,DATE:Tuesday,on,,,False,0.65
wn-0463,2,launch,launched,,The Soyuz rocket,May 15,The Soyuz rocket launched on May 15 at 3:01:23 UTC (9:01:23 AM local time) from the Baikonur Cosmodrome in Kazakhstan.,wn-0463:2:35,launch,35,,,DATE:May 15,on,Baikonur Cosmodrome,FAC:Baikonur Cosmodrome,False,0.65
wn-0463,4,launch,launch,,,approximately two days,"The Soyuz spacecraft arrived at the International Space Station on May 17, approximately two days after launch, at 4:36 UTC.",wn-0463:4:92,launch,92,,,DATE:approximately two days,,,,False,0.55
wn-0463,5,docking,docking,,,,"After docking, the Soyuz crew joined fellow Expedition 31 crew members Oleg Kononenko, European Space Agency astronaut Andre Kuipers, and NASA astronaut Donald Pettit, who wished Acaba a happy 45th birthday.",wn-0463:5:99,docking,99,,,,,,,False,0.5
wn-0464,1,landing,touching down,,,pre-dawn hours,"Three astronauts return to Earth today, after touching down safely in Kazakhstan aboard their Soyuz capsule in the pre-dawn hours of Monday morning.",wn-0464:1:10,touch,10,,,TIME:pre-dawn hours,in,Kazakhstan,GPE:Kazakhstan,False,0.6
wn-0464,2,landing,landing,,,127 day,"The landing marks the culmination of a 127 day mission to the international space station, and only the fourth time a Soyuz capsule has landed at night in its missions to the International Space Station (ISS).",wn-0464:2:30,landing,30,,,DATE:127 day,,,,False,0.55
wn-0464,2,landing,landed,,a Soyuz capsule,night,"The landing marks the culmination of a 127 day mission to the international space station, and only the fourth time a Soyuz capsule has landed at night in its missions to the International Space Station (ISS).",wn-0464:2:54,land,54,,,TIME:night,at,,,False,0.65
wn-0464,5,launch,launching,,The group,July 15,The group started their trip to the ISS on July 15 launching from the Baikonur Cosmodrome in Kazakhstan.,wn-0464:5:140,launch,140,,,DATE:July 15,,Baikonur Cosmodrome,FAC:Baikonur Cosmodrome,False,0.65
wn-0465,7,launch,launch,,The pair,the spring of 2015,The pair are to launch sometime in the spring of 2015 from the Baikonur Cosmodrome in Kazakhstan and return in spring 2016.,wn-0465:7:135,launch,135,,,DATE:spring of 2015,in,,,False,0.65
wn-0466,5,launch,launched,,collaboratively edited online encyclopedia,2001,"The official dedication of the name says: Wikipedia is a free, copyleft, collaboratively edited online encyclopedia launched in 2001.",wn-0466:5:121,launch,121,,,DATE:2001,in,,,False,0.65
wn-0466,8,discovery,discovered,the team,The asteroid,,The asteroid 274301 Wikipedia was discovered by the team of astronomers of Andrushivka Astronomical Observatory.,wn-0466:8:174,discover,174,,,,,,,False,0.6
wn-0466,9,discovery,observed,that team,it,"August 25, 2008","At first it was observed by that team on August 25, 2008 at 22:47 (UTC).",wn-0466:9:189,observe,189,,,"DATE:August 25, 2008",on,,,False,0.65
wn-0466,10,discovery,observed,,It,the next night,It was also observed on the next night and two weeks later on September 6.,wn-0466:10:207,observe,207,,,TIME:next night,on,,,False,0.65
wn-0466,13,discovery,spotted,observatories,The asteroid,,"The asteroid had been previously spotted by observatories including Caussols-ODAS in France, and Mt. Lemmon Survey and Steward Observatory in Arizona, US.",wn-0466:13:247,spot,247,,,,,,,False,0.6
wn-0467,0,launch,launched,,Space Soyuz TMA-08M,Thursday,"Space Soyuz TMA-08M, a Russian spacecraft with a crew of three aboard, launched from Kazakhstan to the International Space Station (ISS) Thursday at 20:43 UTC (2:43 AM Friday, local time) and docked with the orbital outpost at 2:28 UTC on Friday after following a flight plan enabling a docking in record time.",wn-0467:0:15,launch,15,,,DATE:Thursday,,Kazakhstan,GPE:Kazakhstan,False,0.65
wn-0467,0,docking,docked,Space Soyuz TMA-08M,the orbital outpost,Friday,"Space Soyuz TMA-08M, a Russian spacecraft with a crew of three aboard, launched from Kazakhstan to the International Space Station (ISS) Thursday at 20:43 UTC (2:43 AM Friday, local time) and docked with the orbital outpost at 2:28 UTC on Friday after following a flight plan enabling a docking in record time.",wn-0467:0:39,dock,39,,,DATE:Friday,on,UTC,ORG:UTC,False,0.65
wn-0467,0,docking,docking,,,Friday,"Space Soyuz TMA-08M, a Russian spacecraft with a crew of three aboard, launched from Kazakhstan to the International Space Station (ISS) Thursday at 20:43 UTC (2:43 AM Friday, local time) and docked with the orbital outpost at 2:28 UTC on Friday after following a flight plan enabling a docking in record time.",wn-0467:0:56,docking,56,,,DATE:Friday,,,,False,0.55
wn-0467,1,docking,dock,the spacecraft,ISS,approximately six hours,"Soyuz TMA-08M is the first manned Soyuz spaceflight to follow a new flight plan which allowed the spacecraft to dock with the ISS in a record-breaking time of approximately six hours, or four orbits, rather than the usual two days.",wn-0467:1:82,dock,82,,SPACECRAFT:ISS,TIME:approximately six hours,,,,False,0.8
wn-0467,2,launch,launch,three unmanned Progress cargo ships,,Thursday,"This new flight plan, described as ""a fast track to the International Space Station"" by NASA spokesman Josh Byerly, had been tested successfully prior to Thursday's launch by three unmanned Progress cargo ships delivering supplies to the station.",wn-0467:2:139,launch,139,,,DATE:Thursday,,,,False,0.55
wn-0467,6,docking,docked,The Soyuz spacecraft,ISS,Friday,"The Soyuz spacecraft docked with the ISS at 2:28 UTC on Friday, about four minutes ahead of schedule and just short of six hours after liftoff.",wn-0467:6:218,dock,218,,SPACECRAFT:ISS,DATE:Friday,on,UTC,ORG:UTC,False,0.8
wn-0467,7,docking,docking,,the station,,"After docking with the station, the hatches separating the Soyuz and the ISS were opened at 4:35 UTC, after which the new crewmembers were welcomed aboard by the three-man crew currently aboard the outpost, Russian cosmonaut Roman Romanenko, Canadian astronaut Chris Hadfield, and U.S. astronaut Thomas Marshburn.",wn-0467:7:244,dock,244,,,,,,,False,0.6
wn-0467,9,docking,undock,M,,April 15,The next of these is scheduled for April 15 when Progress M-17M is to undock from the station.,wn-0467:9:341,undock,341,,,DATE:April 15,,,,False,0.6
wn-0469,2,discovery,found,they,What,,What they found was unexpected: Sea anemones.,wn-0469:2:25,find,25,,,,,,,False,0.6
wn-0469,4,discovery,Discovered,the ANDRILL Antarctic Drilling project,the team,,"Discovered by the ANDRILL Antarctic Drilling project, the team was so unprepared for biological discoveries they did not have suitable preservatives and the only chemicals available obliterated the creature's DNA.",wn-0469:4:61,discover,61,,,,,,,False,0.6
wn-0469,4,discovery,discoveries,,,,"Discovered by the ANDRILL Antarctic Drilling project, the team was so unprepared for biological discoveries they did not have suitable preservatives and the only chemicals available obliterated the creature's DNA.",wn-0469:4:76,discovery,76,,,,,,,False,0.5
wn-0469,6,discovery,found,that,it,last month,"Named Edwardsiella andrillae after the drilling project that found it, the anemone was finally described in a PLOS ONE paper last month.",wn-0469:6:117,find,117,,,DATE:last month,,,,False,0.65
wn-0469,9,discovery,found,it,,,"Instead it found what ANDRILL director Frank Rack of the University of Nebraska–Lincoln, a co-author of the paper describing the find, called the ""total serendipity"" of ""a whole new ecosystem that no one had ever seen before"".",wn-0469:9:187,find,187,,,,,,,False,0.55
wn-0469,10,discovery,discovery,,,,The discovery raises many questions.,wn-0469:10:235,discovery,235,,,,,,,False,0.5
wn-0469,17,discovery,find,Daly,nothing,,"Genetic analysis being impossible, Daly turned to dissection of the specimens but could find nothing out of the ordinary.",wn-0469:17:400,find,400,PERSON:Daly,,,,,,False,0.7
wn-0469,19,discovery,observed,The cameras,worms,,"The cameras also observed worms, fish that swim inverted as if the icy roof was the sea floor, crustaceans and a cylindrical creature that used appendages on its ends to move and to grab hold of the anemones.",wn-0469:19:440,observe,440,,,,,,,False,0.6
wn-0469,23,failure,failed,,The ANDRILL team,,The ANDRILL team almost failed to get any samples at all.,wn-0469:23:535,fail,535,,,,,,,False,0.6
wn-0469,27,discovery,discovery,,,,Wikinews How did you come to be involved with this discovery?,wn-0469:27:640,discovery,640,,,,,,,False,0.5
wn-0469,40,discovery,find,,answers,,Talk us through the difficulties encountered when trying to find answers with the specimens on hand.,wn-0469:40:962,find,962,,,,,,,False,0.6
wn-0469,56,discovery,observations,,my,,"By comparing my observations to what my colleagues and predecessors had found, I figured out what group it belongs to, and was able to determine that within that group, it was a new species.",wn-0469:56:1431,observation,1431,,,,,,,False,0.55
wn-0469,56,discovery,found,my colleagues,what,,"By comparing my observations to what my colleagues and predecessors had found, I figured out what group it belongs to, and was able to determine that within that group, it was a new species.",wn-0469:56:1439,find,1439,,,,,,,False,0.6
wn-0469,60,failure,lost,,Some,,Some of that time was just lost time &amp;mdash; I had other projects in the queue that I needed to finish.,wn-0469:60:1533,lose,1533,,,,,,,False,0.6
wn-0469,74,discovery,finding,,,,"Without the animals in hand, or the capability of a ROV to get close up for pictures, it is hard to know what has been seen, and lacking a definitive ID, hard to have the finding appropriately indexed or contextualized.",wn-0469:74:1969,finding,1969,,,,,,,False,0.5
wn-0469,78,discovery,finding,,,,This finding certainly expands the realm of possible.,wn-0469:78:2034,finding,2034,,,,,,,False,0.5
wn-0470,2,landing,touched down,,The Chang'e 3 lander,37 years,"The Chang'e 3 lander, the first lunar lander for 37 years and of the third nationality, touched down and launched Jade Rabbit in December.",wn-0470:2:40,touch,40,,,DATE:37 years,,,,False,0.65
wn-0470,2,launch,launched,The Chang'e 3 lander,Jade Rabbit,December,"The Chang'e 3 lander, the first lunar lander for 37 years and of the third nationality, touched down and launched Jade Rabbit in December.",wn-0470:2:43,launch,43,,,DATE:December,in,,,False,0.65
wn-0470,3,discovery,discovered,,a fault,January 25,Jade Rabbit was designed to spend three months seeking out natural resources but has not functioned since a fault was discovered on January 25.,wn-0470:3:69,discover,69,,,DATE:January 25,on,,,False,0.65
wn-0470,5,failure,failed,,the rover,the 25th,The first lunar night of the mission was weathered successfully but Chinese scientists suspected the rover had failed on the 25th when the second night rolled in.,wn-0470:5:123,fail,123,,,DATE:25th,on,,,False,0.65
wn-0470,6,failure,failed,,reactivation efforts,Monday,"Communication could only be attempted when the night ended on Monday, but reactivation efforts failed and the rover is now confirmed derelict.",wn-0470:6:149,fail,149,,,DATE:Monday,,,,False,0.65
wn-0470,8,landing,landed,US,rovers,,"Only the US and ex-USSR had previously landed rovers on the moon, with China and the States fueling renewed interest in Earth's natural satellite as a possible source of minerals.",wn-0470:8:186,land,186,GPE:United States,,,,,,False,0.7
wn-0471,0,failure,anomalies,,hot flow,Tuesday,"date=2014-02-22 Space Space scientists located on three continents have published a survey of hot flow anomalies (HFAs) observed at the bow shock of Venus, in Journal of Geophysical Research on Tuesday.",wn-0471:0:19,anomaly,19,,,DATE:Tuesday,,,,False,0.6
wn-0471,0,discovery,observed,date=2014-02-22 Space Space scientists,,Tuesday,"date=2014-02-22 Space Space scientists located on three continents have published a survey of hot flow anomalies (HFAs) observed at the bow shock of Venus, in Journal of Geophysical Research on Tuesday.",wn-0471:0:23,observe,23,,,DATE:Tuesday,on,Journal of Geophysical Research,ORG:Journal of Geophysical Research,False,0.6
wn-0471,1,discovery,found,,HFAs,,"HFAs, discontinuities in the solar wind, were found to have much larger repercussions for Venus than for Earth.",wn-0471:1:48,find,48,,,,,,,False,0.6
wn-0471,3,failure,anomalies,,,,"Venus's ionosphere is generally in a sensitive balance with the outside pressure from the solar wind, and is regularly disrupted by the anomalies.",wn-0471:3:114,anomaly,114,,,,,,,False,0.5
wn-0471,5,failure,anomalies,,hot flow,2014,"""Not only are they gigantic,"" said Glyn Collinson of NASA, the first author of the papers published in 2012 and 2014, ""but as Venus doesn’t have a magnetic field to protect itself, the hot flow anomalies happen right on top of the planet.",wn-0471:5:202,anomaly,202,,,DATE:2014,,,,False,0.6
wn-0471,7,discovery,observed,,Seven events,,Seven events were observed during the surveyed time.,wn-0471:7:222,observe,222,,,,,,,False,0.6
wn-0472,0,discovery,discovery,,715 new exoplanets,Wednesday,"Space On Wednesday, NASA announced the confirmed discovery of 715 new exoplanets orbiting just over three hundred stars; this confirmed using data from the orbiting Kepler telescope.",wn-0472:0:8,discovery,8,,,DATE:Wednesday,,,,False,0.6
wn-0472,1,discovery,discoveries,,,the first two years,"Scientists made the discoveries by analyzing data from the first two years of the Kepler Telescope's operation, from May 2009 to March 2011.",wn-0472:1:33,discovery,33,,,DATE:first two years,,,,False,0.55
wn-0472,2,discovery,findings,,,,These findings have nearly doubled the total number of known exoplanets.,wn-0472:2:58,finding,58,,,,,,,False,0.5
wn-0472,3,discovery,discovery,a factor,,,"It is also the largest number of exoplanets ever confirmed at once, exceeding any previous discovery by a factor of 20.",wn-0472:3:85,discovery,85,,,,,,,False,0.5
wn-0472,5,discovery,discovered,,the newly discovered planets,,"Nearly all the newly discovered planets are smaller than Neptune; with several only 2.5 times the diameter of Earth, and located within their star's habitable zone.",wn-0472:5:132,discover,132,,,,,,,False,0.6
wn-0472,6,discovery,found,,Significant planets,,"Significant planets found include Kepler-296f, which is twice the size of earth and may have liquid water on the surface, although it is also possible it could be more similar to Neptune.",wn-0472:6:160,find,160,,,,,,,False,0.6
wn-0472,8,discovery,discovery,,,,The number of exoplanets confirmed via the Kepler telescope has increased nearly fourfold with this discovery.,wn-0472:8:233,discovery,233,,,,,,,False,0.5
wn-0472,9,discovery,findings,,,March 10,The findings are to be published in the The Astrophysical Journal on March 10.,wn-0472:9:237,finding,237,,,DATE:March 10,,,,False,0.55
wn-0473,0,docking,rendezvous,,,Tuesday,"Soyuz TMA-12M, a Russian spacecraft carrying a crew of three, arrived at the International Space Station (ISS) at 2353 UTC yesterday, after a technical setback prevented a planned rendezvous and docking on Tuesday.",wn-0473:0:34,rendezvous,34,,,DATE:Tuesday,,,,False,0.55
wn-0473,0,docking,docking,,,Tuesday,"Soyuz TMA-12M, a Russian spacecraft carrying a crew of three, arrived at the International Space Station (ISS) at 2353 UTC yesterday, after a technical setback prevented a planned rendezvous and docking on Tuesday.",wn-0473:0:36,dock,36,,,DATE:Tuesday,,,,False,0.6
wn-0473,1,launch,launched,,which,2117,"The spacecraft, which launched from the Baikonur Cosmodrome in Kazakhstan at 2117 UTC on Tuesday (3:17 AM, Wednesday local time), was originally scheduled to dock with the space station at 0304 UTC on Wednesday.",wn-0473:1:45,launch,45,,,DATE:2117,,Baikonur Cosmodrome,FAC:Baikonur Cosmodrome,False,0.65
wn-0473,1,docking,dock,The spacecraft,the space station,Wednesday,"The spacecraft, which launched from the Baikonur Cosmodrome in Kazakhstan at 2117 UTC on Tuesday (3:17 AM, Wednesday local time), was originally scheduled to dock with the space station at 0304 UTC on Wednesday.",wn-0473:1:70,dock,70,,,DATE:Wednesday,on,UTC,ORG:UTC,False,0.65
wn-0473,2,docking,docking,It,ISS,last year,"It was not in the proper orientation to execute one of the engine burns required as part of the expedited rendezvous procedure used since last year, however, and docking with the ISS was delayed until yesterday.",wn-0473:2:111,dock,111,,SPACECRAFT:ISS,DATE:last year,,,,False,0.8
wn-0473,2,delay,delayed,,It,yesterday,"It was not in the proper orientation to execute one of the engine burns required as part of the expedited rendezvous procedure used since last year, however, and docking with the ISS was delayed until yesterday.",wn-0473:2:116,delay,116,,,DATE:yesterday,until,,,False,0.65
wn-0473,3,docking,rendezvous,,,two-day,"The mission reverted to the flight plan used on Soyuz flights to the ISS previously: a longer, two-day, 34-orbit rendezvous.",wn-0473:3:146,rendezvous,146,,,DATE:two-day,,,,False,0.55
wn-0473,4,failure,malfunction,,,Wednesday,"The precise cause of the malfunction has not yet been publicly announced, but NASA said Wednesday, all systems aboard the Soyuz appeared to be functioning normally despite the setback which prevented a docking approximately six hours after launch.",wn-0473:4:154,malfunction,154,,,DATE:Wednesday,,,,False,0.55
wn-0473,4,docking,docking,,,approximately six hours,"The precise cause of the malfunction has not yet been publicly announced, but NASA said Wednesday, all systems aboard the Soyuz appeared to be functioning normally despite the setback which prevented a docking approximately six hours after launch.",wn-0473:4:183,docking,183,,,TIME:approximately six hours,,,,False,0.55
wn-0473,4,launch,launch,,,approximately six hours,"The precise cause of the malfunction has not yet been publicly announced, but NASA said Wednesday, all systems aboard the Soyuz appeared to be functioning normally despite the setback which prevented a docking approximately six hours after launch.",wn-0473:4:188,launch,188,,,TIME:approximately six hours,,,,False,0.55
wn-0473,6,docking,docked,Soyuz TMA-12M,=,yesterday,"Soyuz TMA-12M successfully docked with the station wiki=yes above Brazil at 2353 UTC yesterday, with hatch opening between the two spacecraft occurring at 0235 UTC today.",wn-0473:6:225,dock,225,,,DATE:yesterday,,UTC,ORG:UTC,False,0.65
wn-0473,11,launch,launched,,They,November of last year,They launched aboard Soyuz TMA-11M in November of last year and were the sole inhabitants of the station since the departure of Soyuz TMA-10M on March 11.,wn-0473:11:361,launch,361,,,DATE:November of last year,in,,,False,0.65
wn-0474,0,discovery,spotted,European Space Agency,a pair,,"The European Space Agency has spotted a pair of supermassive black holes orbiting one another, believed to be the product of two galaxies merging.",wn-0474:0:5,spot,5,ORG:ESA,,,,,,False,0.7
wn-0474,2,discovery,detected,The agency's XMM-Newton Observatory,X,,"The agency's XMM-Newton Observatory, which is in space, detected X-rays emitted from the black holes pulling a star to shreds.",wn-0474:2:51,detect,51,,,,,,,False,0.6
wn-0474,3,discovery,spotting,,black holes,,"Called 'tidal disruption events', items being consumed by black holes and giving off X-rays as they do are the primary method of spotting black holes.",wn-0474:3:93,spot,93,,,,,,,False,0.6
wn-0474,5,discovery,find,scientists,them,,"Mature systems, known as quiescent galaxies, only see items enter black holes from time to time and scientists have to be looking in the right place at the right time to find them.",wn-0474:5:164,find,164,,,,,,,False,0.6
wn-0474,6,discovery,discovery,,,June 2010,The discovery dates to June 2010 when Dr Fukun Liu from China's Peking University noticed an apparent tidal disruption coming from a galaxy known as J120136.,wn-0474:6:169,discovery,169,,,DATE:June 2010,,,,False,0.55
wn-0474,10,discovery,spot,ongoing work,tidal disruptions,,"She said ongoing work to spot tidal disruptions could lead to ""reliable statistics about the rate at which galaxies merge"".",wn-0474:10:263,spot,263,,,,,,,False,0.6
wn-0475,1,launch,launched,The Indian space agency,five foreign satellites,morning,"The Indian space agency, Indian Space Research Organisation (ISRO), launched five foreign satellites from the Sriharikota facility on Monday morning, using the PSLV-C23 launch vehicle.",wn-0475:1:14,launch,14,,,TIME:morning,on,,,False,0.65
wn-0475,1,launch,launch,,,morning,"The Indian space agency, Indian Space Research Organisation (ISRO), launched five foreign satellites from the Sriharikota facility on Monday morning, using the PSLV-C23 launch vehicle.",wn-0475:1:31,launch,31,,,TIME:morning,,,,False,0.55
wn-0475,2,discovery,observation,,earth,714&amp;nbsp;kg,The primary payload was an earth observation satellite from France called SPOT 7 which weighed 714&amp;nbsp;kg.,wn-0475:2:41,observation,41,,,DATE:714&amp;nbsp;kg,,,,False,0.6
wn-0475,4,launch,launch,,,9:52 AM,"The launch took place at 9:52 AM on Monday morning, delayed from the original schedule by three minutes to avoid space debris.",wn-0475:4:91,launch,91,,,TIME:9:52 AM,,,,False,0.55
wn-0475,4,delay,delayed,,The launch,morning,"The launch took place at 9:52 AM on Monday morning, delayed from the original schedule by three minutes to avoid space debris.",wn-0475:4:101,delay,101,,,TIME:morning,,,,False,0.65
wn-0475,5,launch,launch,,PSLV,,This was the 26th successful launch of a PSLV.,wn-0475:5:119,launch,119,,SPACECRAFT:PSLV,,,,,False,0.7
wn-0475,6,launch,launch,,,,"Along with the US, Russia, the European Union, China, and Japan, India is one of the few nations that offer commercial launch services.",wn-0475:6:150,launch,150,,,,,,,False,0.5
wn-0475,8,launch,launch,ISRO,,this month,ISRO's next major launch may be this month using a GSLV-III launch vehicle.,wn-0475:8:170,launch,170,ORG:ISRO,,DATE:this month,,,,False,0.65
wn-0475,8,launch,launch,,,this month,ISRO's next major launch may be this month using a GSLV-III launch vehicle.,wn-0475:8:180,launch,180,,,DATE:this month,,,,False,0.55
wn-0475,9,launch,launch,,,,The Indian Prime Minister Narendra Modi was present at the launch site.,wn-0475:9:194,launch,194,,,,,,,False,0.5
wn-0475,10,launch,launch,,,,"He addressed the scientists after the launch congratulating them, and asked them to build a satellite suitable for use by all the nations of the South Asian Association for Regional Cooperation (SAARC).",wn-0475:10:203,launch,203,,,,,,,False,0.5
wn-0475,12,launch,launch,,,,"Phillipe Ghesquiers of Airbus Space and Defense Systems, the builders of SPOT 7, expressed satisfaction at the launch and stated they may use India's launch services again in the future.",wn-0475:12:265,launch,265,,,,,,,False,0.5
wn-0475,12,launch,launch,,,,"Phillipe Ghesquiers of Airbus Space and Defense Systems, the builders of SPOT 7, expressed satisfaction at the launch and stated they may use India's launch services again in the future.",wn-0475:12:273,launch,273,,,,,,,False,0.5
wn-0476,5,discovery,found,The researchers,,,The researchers found that the bulk density 1.7±0.7 g/cm³ of the asteroid is approximately two times lower than the value required for self-gravity to balance out the centrifugal forces caused by rotation.,wn-0476:5:94,find,94,,,,,,,False,0.55
wn-0476,6,discovery,find,I,a high-density metallic asteroid,,"As Ben Rozitis, a planetary scientist and a co-author of the study, told Space.com: ""I was expecting to find a high-density metallic asteroid, as such an asteroid wouldn't require cohesive forces to hold itself together under its fast rotation.",wn-0476:6:153,find,153,,,,,,,False,0.6
wn-0476,7,discovery,found,we,the opposite,,Instead we found the opposite! ...,wn-0476:7:181,find,181,,,,,,,False,0.6
wn-0476,9,discovery,observations,,1950DA,,Spectral observations of 1950DA indicated that it is either an E- or M-type asteroid in the Tholen classification.,wn-0476:9:212,observation,212,,,,,,,False,0.55
wn-0476,12,discovery,observations,,Rosetta,,"It would have been puzzling, if it was not for the Rosetta observations of 21 Lutetia, which is also an M-type asteroid with very similar low radar albedo.",wn-0476:12:301,observation,301,,SPACECRAFT:Rosetta,,,,,False,0.7
wn-0476,13,discovery,found,,which,,"Researchers have used for 1950DA the same meteorite analogue which was earlier found to fit best 21 Lutetia: enstatite chondrite with grain density of 3.55 g/cm³. It allowed to calculate macro-porosity of 51±19%, indicating that 1950DA is a rubble-pile asteroid.",wn-0476:13:333,find,333,,,,,,,False,0.6
wn-0476,15,failure,loss,,material,,Negative ambient gravity near the equator of the asteroid (48±24% of its surface) requires existence of cohesive forces to prevent loss of material.,wn-0476:15:422,loss,422,,,,,,,False,0.55
wn-0476,17,discovery,found,,Lunar regolith,1974,Lunar regolith was found to be highly cohesive because of van der Waals forces between grains by the Apollo 17 expedition in 1974.,wn-0476:17:446,find,446,,,DATE:1974,,,,False,0.65
wn-0476,18,discovery,found,We,a low-density rubble pile,,"As Ben Rozitis explained: ""We found a low-density rubble pile that traditionally would be unable to hold itself together unless cohesive forces were present.",wn-0476:18:475,find,475,,,,,,,False,0.6
wn-0476,22,failure,lost,,they,1950DA,"Unlike Itokawa, 1950DA does not have large boulders on the surface; they may have been lost as 1950DA's rotation accelerated due to YORP effect.",wn-0476:22:580,lose,580,,,DATE:1950DA,,,,False,0.65
wn-0476,25,discovery,find,The researchers,,,"The researchers find that a rubble-pile asteroid may have a high rotation rate, if it is held together by cohesive forces between the grains.",wn-0476:25:650,find,650,,,,,,,False,0.55
wn-0476,27,discovery,findings,,,,The findings may have implications for asteroid impact avoidance.,wn-0476:27:707,finding,707,,,,,,,False,0.5
wn-0476,35,failure,break up,,it,,"A small rubble-pile asteroid would be harder to interact with and collect, as it can easily deform or break up when subject to external forces.",wn-0476:35:926,break,926,,,,,,,False,0.6
wn-0477,1,launch,launch,,,Tuesday,A launch failure occurred at NASA's Wallops Flight Facility in Virginia on Tuesday.,wn-0477:1:3,launch,3,,,DATE:Tuesday,,,,False,0.55
wn-0477,1,failure,failure,,launch,Tuesday,A launch failure occurred at NASA's Wallops Flight Facility in Virginia on Tuesday.,wn-0477:1:4,failure,4,,,DATE:Tuesday,,,,False,0.6
wn-0477,2,failure,failure,,,6:22 p.m.,"The failure occurred when Orbital Sciences Corporation's Antares rocket, which was carrying the Cygnus vehicle with cargo of 5,000 pounds (about 2,300 kg), exploded after liftoff at 6:22 p.m. local time (2222 UTC), creating a massive fireball in the sky.",wn-0477:2:19,failure,19,,,TIME:6:22 p.m.,,,,False,0.55
wn-0477,2,failure,exploded,,Orbital Sciences Corporation's Antares rocket,6:22 p.m.,"The failure occurred when Orbital Sciences Corporation's Antares rocket, which was carrying the Cygnus vehicle with cargo of 5,000 pounds (about 2,300 kg), exploded after liftoff at 6:22 p.m. local time (2222 UTC), creating a massive fireball in the sky.",wn-0477:2:46,explode,46,,,TIME:6:22 p.m.,at,,,False,0.65
wn-0477,2,launch,liftoff,,,6:22 p.m.,"The failure occurred when Orbital Sciences Corporation's Antares rocket, which was carrying the Cygnus vehicle with cargo of 5,000 pounds (about 2,300 kg), exploded after liftoff at 6:22 p.m. local time (2222 UTC), creating a massive fireball in the sky.",wn-0477:2:48,liftoff,48,,,TIME:6:22 p.m.,,,,False,0.55
wn-0477,3,failure,explosion,,,,"Nobody was reported injured during the explosion, but the rocket was destroyed.",wn-0477:3:73,explosion,73,,,,,,,False,0.5
wn-0477,3,failure,destroyed,,the rocket,,"Nobody was reported injured during the explosion, but the rocket was destroyed.",wn-0477:3:79,destroy,79,,,,,,,False,0.6
wn-0477,5,failure,explosion,,,Tuesday,"Despite the explosion, the astronauts working on the ISS will not run out of food or supplies, according to a NASA statement released on Tuesday.",wn-0477:5:96,explosion,96,,,DATE:Tuesday,,,,False,0.55
wn-0477,6,failure,failure,,,,Orbital's vice president Frank Culbertson said the contractor's spacecraft will not fly until the cause of the failure is determined.,wn-0477:6:142,failure,142,,,,,,,False,0.5
wn-0477,8,launch,launch,,The rocket,Monday night,"The rocket was to launch on Monday night, but a boat entered the hazard area, delaying the launch until the following night.",wn-0477:8:170,launch,170,,,TIME:Monday night,on,,,False,0.65
wn-0477,8,delay,delaying,a boat,the launch,the following night,"The rocket was to launch on Monday night, but a boat entered the hazard area, delaying the launch until the following night.",wn-0477:8:183,delay,183,,,TIME:following night,until,,,False,0.65
wn-0477,8,launch,launch,,,the following night,"The rocket was to launch on Monday night, but a boat entered the hazard area, delaying the launch until the following night.",wn-0477:8:185,launch,185,,,TIME:following night,,,,True,0.55
wn-0477,9,failure,explosion,,,,The cause of the explosion is under investigation by NASA and Orbital Sciences.,wn-0477:9:196,explosion,196,,,,,,,False,0.5
wn-0478,1,landing,landed,,Scientists,yesterday,"Scientists from the European Space Agency (ESA) announced yesterday the Philae space probe, as part of the Rosetta mission, has landed on a comet called Comet 67P/Churyumov–Gerasimenko.",wn-0478:1:26,land,26,,,DATE:yesterday,,,,False,0.65
wn-0478,2,landing,landing,,,,It is the first time ever a controlled landing has been made on a comet.,wn-0478:2:46,landing,46,,,,,,,False,0.5
wn-0478,3,failure,malfunctioned,,the anchors,,Scientists say the anchors that hold the probe on the comet's surface malfunctioned and they are investigating this.,wn-0478:3:68,malfunction,68,,,,,,,False,0.6
wn-0478,4,failure,malfunctioned,,the anchors,,"Although the anchors malfunctioned, many have treated the mission as a success.",wn-0478:4:78,malfunction,78,,,,,,,False,0.6
wn-0479,3,launch,launched off,,The Orion crew module,37,The Orion crew module was launched off from Space Launch Complex 37 at the Cape Canaveral Air Force Station in Florida mounted on top of a United Launch Alliance Delta IV Heavy rocket.,wn-0479:3:52,launch,52,,,DATE:37,,Cape Canaveral Air Force Station,FAC:Cape Canaveral Air Force Station,False,0.65
wn-0479,4,landing,landed,,the space module,Four and a half hours later,"Four and a half hours later, the space module landed in the Pacific Ocean.",wn-0479:4:91,land,91,,,DATE:Four and a half hours later,,the Pacific Ocean,LOC:Pacific Ocean,False,0.65
wn-0479,12,launch,launched,the Space Launch System rocket,the next Orion spacecraft,,"The Orion program manager hopes NASA will look at information from this spaceflight and apply it to the next Orion spacecraft, to be launched by the Space Launch System rocket.",wn-0479:12:316,launch,316,,,,,,,False,0.6
wn-0480,2,discovery,discovery,,the inability,,"The discovery could clarify how black holes merge and galaxies evolve, and could also provide a better understanding of the so-called ""final parsec problem"" &amp;mdash; the inability of theories to predict how, or even how quickly, the final phases of black hole mergers happen.",wn-0480:2:40,discovery,40,,,,,,,False,0.55
wn-0480,3,discovery,discovered,The team,the light,,"The team discovered the light coming from quasar PG 1302-102 in data from the Catalina Real-time Transient Survey (CTRS), which is able to study light sources from four fifths of the night sky using three ground-based US and Australian telescopes.",wn-0480:3:96,discover,96,,,,,,,False,0.6
wn-0480,5,discovery,identified,CTRS,20 quasars,about every five years,"CTRS has so far identified 20 quasars with similar signals, but Graham said this one is the best example because it has a clear signal that recurs about every five years, similar to a sine wave (see the 2D graph shown on the left).",wn-0480:5:171,identify,171,,,DATE:about every five years,,,,False,0.65
wn-0481,0,launch,launched,SpaceX,their fifth Dragon resupply vehicle,yesterday,Space Space transport services company SpaceX launched their fifth Dragon resupply vehicle to the International Space Station yesterday.,wn-0481:0:6,launch,6,ORG:SpaceX,,DATE:yesterday,,,,False,0.75
wn-0481,1,launch,launch,,,early tomorrow,"The spacecraft &amp;mdash; containing more than 2,200kg (5,000 pounds) of food, experiments, and spare parts &amp;mdash; successfully decoupled from the launch rocket and should reach the station early tomorrow.",wn-0481:1:48,launch,48,,,DATE:early tomorrow,,,,False,0.55
wn-0481,2,launch,launch,,,Tuesday,The launch was postponed from Tuesday because of a technical issue on the second stage of the rocket.,wn-0481:2:60,launch,60,,,DATE:Tuesday,,,,True,0.55
wn-0481,2,delay,postponed,,The launch,Tuesday,The launch was postponed from Tuesday because of a technical issue on the second stage of the rocket.,wn-0481:2:62,postpone,62,,,DATE:Tuesday,from,,,False,0.65
wn-0481,3,failure,destroyed,,replacements,October,"The shipment includes replacements for cargo aboard the spaceship Cygnus, destroyed during a failed launch in October.",wn-0481:3:89,destroy,89,,,DATE:October,,,,False,0.65
wn-0481,3,failure,failed,,a failed launch,October,"The shipment includes replacements for cargo aboard the spaceship Cygnus, destroyed during a failed launch in October.",wn-0481:3:92,fail,92,,,DATE:October,,,,False,0.65
wn-0481,3,launch,launch,,,October,"The shipment includes replacements for cargo aboard the spaceship Cygnus, destroyed during a failed launch in October.",wn-0481:3:93,launch,93,,,DATE:October,in,,,False,0.55
wn-0481,5,landing,land,SpaceX,the Falcon 9 delivery rocket,,SpaceX tried unsuccessfully to land the Falcon 9 delivery rocket for reuse.,wn-0481:5:111,land,111,ORG:SpaceX,,,,,,False,0.7
wn-0481,6,landing,landed,,The rocket,,"The rocket reached an unmanned barge in the Atlantic, but landed too hard.",wn-0481:6:131,land,131,,,,,,,False,0.6
wn-0481,7,landing,landing,,,,"SpaceX CEO Elon Musk said the landing ""bodes well for the future, though"".",wn-0481:7:141,landing,141,,,,,,,False,0.5
wn-0481,11,landing,landing,,,Last year,Last year saw two successful SpaceX splashdowns but landing on such a small target as a ship is unique.,wn-0481:11:205,land,205,,,DATE:Last year,,,,False,0.6
wn-0482,0,discovery,found,they,an ancient solar system,Tuesday,space Astronomers reported on Tuesday in The Astrophysical Journal they have found an ancient solar system with several Earth-like planets.,wn-0482:0:11,find,11,,,DATE:Tuesday,,,,False,0.65
wn-0482,2,discovery,found,They,,about 117 light years,"They found the planets orbiting around Kepler-444, about 117 light years from Earth.",wn-0482:2:40,find,40,,,TIME:about 117 light years,,,,False,0.6
wn-0482,8,discovery,found,the number,,This month,"This month, the number of exoplanets found using the Kepler telescope passed 1,000.",wn-0482:8:205,find,205,,,DATE:This month,,,,False,0.6
wn-0483,3,launch,launched,,It,"January 19, 2006","It was launched about nine-and-a-half years ago on January 19, 2006 to collect data about the dwarf planet, amongst other targets.",wn-0483:3:21,launch,21,,,"DATE:January 19, 2006",on,,,False,0.65
wn-0483,4,flyby,flyby,,its,Tuesday,With its flyby on Tuesday it became the first spacecraft to explore Pluto closely.,wn-0483:4:51,flyby,51,,,DATE:Tuesday,on,,,False,0.6
wn-0483,8,flyby,flyby,,,Wednesday,Scientists released images from the flyby on Wednesday.,wn-0483:8:111,flyby,111,,,DATE:Wednesday,,,,False,0.55
wn-0483,9,discovery,found,We,a single impact crater,,"Mission scientist John Spencer said, ""We have not found a single impact crater on this image.",wn-0483:9:125,find,125,,,,,,,True,0.6
wn-0483,14,flyby,flew,the space probe,Jupiter,February 2007,In February 2007 the space probe flew by Jupiter.,wn-0483:14:197,fly,197,,CELESTIAL:Jupiter,DATE:February 2007,in,,,False,0.8
wn-0484,8,discovery,observed,The Deseret News,,,"The Deseret News observed that the hashtag on Twitter, #IStandWithAhmed, had become an international phenomenon.",wn-0484:8:179,observe,179,,,,,,,False,0.55
wn-0485,1,discovery,found,,signs,Monday,"On Monday, NASA announced that signs of liquid water have been found on Mars.",wn-0485:1:21,find,21,,,DATE:Monday,,Mars,CELESTIAL:Mars,False,0.65
wn-0485,2,discovery,found,The Mars Reconnaissance Orbiter spacecraft,evidence,,"The Mars Reconnaissance Orbiter spacecraft found evidence of the liquid on the Martian surface, in long dark spots on the Red Planet thought to be formed because of water flow.",wn-0485:2:30,find,30,,,,,,,False,0.6
wn-0485,4,failure,lost,it,its water,,"but something has happened to Mars, it lost its water.",wn-0485:4:103,lose,103,,,,,,,False,0.6
wn-0485,11,discovery,found,,,,"Moreover, the recurring slope lineae (RSL) on the surface of Mars are found to slide down the slope in the hotter season indicating the presence of water.",wn-0485:11:236,find,236,,,,,,,False,0.55
wn-0485,12,discovery,observations,,,,NASA's associate administrator John Grunsfeld said those observations gave a better picture about the planet's resources that could be helpful in the future.,wn-0485:12:261,observation,261,,,,,,,False,0.5
wn-0485,15,discovery,find out,,,,Someday we wil find out on our #JourneyToMars.,wn-0485:15:297,find,297,,,,,,,False,0.55
wn-0485,16,discovery,discovery,,,,"To mark this discovery, Google created a doodle in which Mars is sipping water.",wn-0485:16:308,discovery,308,,,,,,,False,0.5
wn-0487,4,discovery,found,,The lowest elevation,,"The lowest elevation, at 5.38 kilometers (3.34 miles) below Mercury’s average, is found on the floor of the Rachmaninoff basin, a double-ring impact basin suspected to host some of the most recent volcanic deposits on the planet.",wn-0487:4:148,find,148,,,,,,,False,0.6
wn-0487,5,launch,launched,,The MESSENGER spacecraft,2004,"The MESSENGER spacecraft was launched in 2004 to study Mercury, including its chemical composition, geology, and magnetic field.",wn-0487:5:182,launch,182,,,DATE:2004,in,,,False,0.65
wn-0488,4,launch,launched,,its core module,2018,"The telescope is part of a series of ventures into space exploration by China, including planning another robotic Moon mission and creating a Chinese space station, with its core module set to be launched into space in 2018.",wn-0488:4:105,launch,105,,,DATE:2018,in,,,False,0.65
wn-0488,15,discovery,detected,a special type,,,"Its possible uses include exploration for pulsars, a special type of neutron stars detected through their emission of radio pulses.",wn-0488:15:353,detect,353,,,,,,,False,0.55
wn-0488,16,discovery,discover,"FAST's ""potential",an alien civilization,,"Scientists have also described the telescope's potential to explore alien civilization, with NAO Radio Astronomy Technology Laboratory director Peng Bo saying FAST's ""potential to discover an alien civilization will be 5 to 10 times that of current equipment, as it can see farther and darker planets"".",wn-0488:16:389,discover,389,,,,,,,False,0.6
wn-0489,1,launch,launched,,It,almost five years ago,"It was launched almost five years ago to investigate the largest planet of the Solar System, especially its past.",wn-0489:1:15,launch,15,,,DATE:almost five years ago,,,,False,0.65
wn-0489,12,launch,launched,,Galileo,1989,"NASA's Galileo, launched in 1989, found evidence of saline water on Jovian satellites Europa, Ganymede, and Callisto.",wn-0489:12:216,launch,216,,PRODUCT:Galileo,DATE:1989,in,,,False,0.8
wn-0489,12,discovery,found,Galileo,evidence,1989,"NASA's Galileo, launched in 1989, found evidence of saline water on Jovian satellites Europa, Ganymede, and Callisto.",wn-0489:12:220,find,220,PRODUCT:Galileo,,DATE:1989,,,,False,0.75
wn-0490,0,failure,crashing,Space,Rosetta,Friday,"Space On Friday, European Space Agency's (ESA) spacecraft Rosetta ended its mission, crashing into Jupiter-family comet 67P/Churyumov–Gerasimenko.",wn-0490:0:17,crash,17,,SPACECRAFT:Rosetta,DATE:Friday,,,,False,0.8
wn-0490,4,landing,landed,,Rosetta,Almost two years ago,"Almost two years ago, in November 2014, Rosetta successfully landed a probe called Philae onto 67P/Churyumov–Gerasimenko, with amongst its goals better understanding how the Solar System was formed.",wn-0490:4:123,land,123,,SPACECRAFT:Rosetta,DATE:Almost two years ago,,,,False,0.8
wn-0490,5,discovery,discoveries,,Philae,,Philae's discoveries included the presence of molecular oxygen and nitrogen on the comet.,wn-0490:5:150,discovery,150,,SPACECRAFT:Philae,,,,,False,0.7
wn-0490,6,discovery,discovered,It,water,,"It also discovered water on the comet which, according to the scientists, had a different distribution of hydrogen isotopes from the water on earth.",wn-0490:6:165,discover,165,,,,,,,False,0.6
wn-0491,4,landing,landings,,,1963,He was an aviator in the United States Navy and logged more than 200 landings on aircraft carriers before becoming an astronaut in 1963.,wn-0491:4:105,landing,105,,,DATE:1963,,,,False,0.55
wn-0491,6,landing,descent,,,1969,"In 1969 Cernan flew aboard Apollo 10, a flight to the Moon that rehearsed a descent but purposefully did not land in preparation for the Apollo 11 landing.",wn-0491:6:146,descent,146,,,DATE:1969,,,,False,0.55
wn-0491,6,landing,land,,that,1969,"In 1969 Cernan flew aboard Apollo 10, a flight to the Moon that rehearsed a descent but purposefully did not land in preparation for the Apollo 11 landing.",wn-0491:6:151,land,151,,,DATE:1969,,,,True,0.65
wn-0491,6,landing,landing,,Apollo 11,1969,"In 1969 Cernan flew aboard Apollo 10, a flight to the Moon that rehearsed a descent but purposefully did not land in preparation for the Apollo 11 landing.",wn-0491:6:158,landing,158,,SPACECRAFT:Apollo 11,DATE:1969,,,,False,0.75
wn-0491,7,landing,landing,,,three days,"Cernan's final flight into space was as commander of Apollo 17, the final lunar landing mission of the Apollo program, in which he spent three days exploring the lunar surface along with Harrison Schmitt.",wn-0491:7:176,landing,176,,,DATE:three days,,,,False,0.55
wn-0491,10,failure,lost,America,a patriot,,"""Truly, America has lost a patriot and pioneer who helped shape our country's bold ambitions to do things that humankind had never before achieved,"" NASA Administrator Charles Bolden said in a statement.",wn-0491:10:268,lose,268,GPE:America,,,,,,False,0.7
wn-0492,0,discovery,discovery,,an exoplanet,Monday,"space On Monday, astronomers at the Ohio State University, Columbus, revealed the discovery of an exoplanet, named KELT-9b and according to the university's astronomy professor Scott Gaudi, it is ""the hottest gas giant planet that has ever been discovered"".",wn-0492:0:15,discovery,15,,,DATE:Monday,,,,False,0.6
wn-0492,0,discovery,discovered,,that,Monday,"space On Monday, astronomers at the Ohio State University, Columbus, revealed the discovery of an exoplanet, named KELT-9b and according to the university's astronomy professor Scott Gaudi, it is ""the hottest gas giant planet that has ever been discovered"".",wn-0492:0:45,discover,45,,,DATE:Monday,,,,False,0.65
wn-0492,1,discovery,discovery,,,,The discovery was reported online in the Nature journal.,wn-0492:1:49,discovery,49,,,,,,,False,0.5
wn-0492,8,discovery,observed,,This pattern,,"This pattern was observed once every one and a half days, implying the planet comes in between the line of sight of the star from Earth, meaning the planet completes one revolution in that time period.",wn-0492:8:220,observe,220,,,,,,,False,0.6
wn-0492,9,discovery,Observations,,,,"Observations using the Hubble telescope could reveal whether the planet possesses a comet-like tail, which could help the astronomers estimate how long the planet may live.",wn-0492:9:256,observation,256,,,,,,,False,0.5
wn-0492,11,discovery,discovered,the team,the planet,2014,He said the team discovered the planet in 2014.,wn-0492:11:316,discover,316,,,DATE:2014,in,,,False,0.65
wn-0492,15,failure,loses,the planet,planetary material,,"Its close proximity to its parent star exposes it to ultraviolet radiation, and according to the calculations, the planet loses planetary material anywhere between ten billion to ten trillion grams each second.",wn-0492:15:439,lose,439,,,,,,,False,0.6
wn-0492,19,discovery,discovery,,,,"The discovery was a collaboration between Ohio State University, Vanderbilt University, Lehigh University, and the South African Astronomical Observatory.",wn-0492:19:540,discovery,540,,,,,,,False,0.5
wn-0493,0,discovery,findings,,,Friday,"In findings published Friday in Science, a multinational team of scientists led by Antoine Strugarek of the University of Montreal announced the Sun may not be the cosmic oddball amongst solar-type stars some astronomers had believed it to be.",wn-0493:0:1,finding,1,,,DATE:Friday,,,,False,0.55
wn-0493,1,discovery,found,They,,,"They found that, although the Sun's cycles appear to differ from those of other stars of its type, they are governed by the same laws working in the same way.",wn-0493:1:44,find,44,,,,,,,False,0.55
wn-0493,11,discovery,found,They,,,"They found the Sun operated on the same basic principles as other stars: The activity of all stars in the system was found to be driven by their luminosity, their rotation, and nothing else.",wn-0493:11:295,find,295,,,,,,,False,0.55
wn-0493,11,discovery,found,,The activity,,"They found the Sun operated on the same basic principles as other stars: The activity of all stars in the system was found to be driven by their luminosity, their rotation, and nothing else.",wn-0493:11:317,find,317,,,,,,,False,0.6
wn-0494,0,launch,launched,,the SpaceX Falcon Heavy rocket,3:45 p.m. Tuesday,"At 3:45 p.m. Tuesday, Eastern Time (2045 UTC), the SpaceX Falcon Heavy rocket launched from Kennedy Space Center in Florida, United States.",wn-0494:0:17,launch,17,,,TIME:3:45 p.m. Tuesday,,Kennedy Space Center,FAC:Kennedy Space Center,False,0.65
wn-0494,4,launch,launch,,,the day,"""It'll be a really huge downer if it blows up,"" Musk told the press the day before the launch, but went on to say, ""If something goes wrong, hopefully it goes wrong far into the mission so we at least learn as much as possible along the way.",wn-0494:4:115,launch,115,,,DATE:day,,,,False,0.55
wn-0494,10,landing,landing,,,about ten minutes,"After the rocket exited the Earth's atmosphere, two of these boosters detached from the main body of the rocket and, in a first for space technology, were successfully guided back down to the landing pad about ten minutes after launch.",wn-0494:10:316,landing,316,,,TIME:about ten minutes,,,,False,0.55
wn-0494,10,launch,launch,,,about ten minutes,"After the rocket exited the Earth's atmosphere, two of these boosters detached from the main body of the rocket and, in a first for space technology, were successfully guided back down to the landing pad about ten minutes after launch.",wn-0494:10:322,launch,322,,,TIME:about ten minutes,,,,False,0.55
wn-0494,11,landing,landed,,,,"The third was to have landed on a drone ship, but missed by around 100 yards (about 90 meters) and hit the ocean ""at around 200 miles per hour,"" according to Musk.",wn-0494:11:329,land,329,,,,,,,False,0.55
wn-0494,12,launch,launch,,,,The reusability of the boosters makes an enormous difference in the cost of the launch.,wn-0494:12:377,launch,377,,,,,,,False,0.5
wn-0494,14,launch,launching,,,2004,"Most recent space projects have focused on smaller, lighter machinery, such as Scaled Composites' SpaceShipOne in 2004, which reached space after being carried part of the way by a carrier jet instead of launching from the ground.",wn-0494:14:474,launch,474,,,DATE:2004,,,,False,0.6
wn-0494,16,launch,launch,,,,"It costs about US$435 million per launch, while SpaceX says the Falcon Heavy will cost US$90 million per launch.",wn-0494:16:509,launch,509,,,,,,,False,0.5
wn-0494,16,launch,launch,,,,"It costs about US$435 million per launch, while SpaceX says the Falcon Heavy will cost US$90 million per launch.",wn-0494:16:523,launch,523,,,,,,,False,0.5
wn-0494,17,delay,delays,,,,"NASA is also working on a heavy-duty rocket, the Space Launch System, but there have been delays.",wn-0494:17:546,delay,546,,,,,,,False,0.5
wn-0495,0,launch,launch,,MarCO,,SpaceDISPLAYTITLE:NASA's InSight lander and MarCO craft launch in new mission to Mars,wn-0495:0:9,launch,9,,PERSON:MarCO,,,,,False,0.7
wn-0495,1,launch,launched,United Launch Alliance,a Atlas V 401 rocket,Saturday,"On Saturday, United Launch Alliance launched a Atlas V 401 rocket carrying NASA's InSight Mars lander and two Mars Cube One (MarCO) miniature spacecraft known as cubesats.",wn-0495:1:22,launch,22,ORG:ULA,,DATE:Saturday,on,,,False,0.75
wn-0495,2,launch,launch,,,,"The pre-dawn launch from Vandenberg Air Force Base Space Launch Complex 3E in Lompoc, California was declared a success.",wn-0495:2:52,launch,52,,,,,,,False,0.5
wn-0495,2,launch,Launch,,,,"The pre-dawn launch from Vandenberg Air Force Base Space Launch Complex 3E in Lompoc, California was declared a success.",wn-0495:2:59,launch,59,,,,,,,False,0.5
wn-0495,3,launch,launch,,,,"This was the very first deep space launch from the west coast of the United States, and aimed to send a lander to the surface of the planet Mars to study its interior.",wn-0495:3:78,launch,78,,,,,the west coast,GPE:west coast,False,0.5
wn-0495,4,launch,Launched,,They,2008,"Launched alongside InSight were two MarCO cubesats, the first to be sent beyond Earth, nicknamed 'WALL-E' and 'Eve' after the protagonists of the 2008 animated science fiction film WALL-E. They were designed as a dual telecommunications relay for InSight during the spacecraft's descent through the Martian atmosphere.",wn-0495:4:107,launch,107,,,DATE:2008,,,,False,0.65
wn-0495,4,landing,descent,,the spacecraft,2008,"Launched alongside InSight were two MarCO cubesats, the first to be sent beyond Earth, nicknamed 'WALL-E' and 'Eve' after the protagonists of the 2008 animated science fiction film WALL-E. They were designed as a dual telecommunications relay for InSight during the spacecraft's descent through the Martian atmosphere.",wn-0495:4:160,descent,160,,,DATE:2008,,,,False,0.6
wn-0495,5,launch,launched,NASA,interplanetary spacecraft,,"Traditionally, NASA launched interplanetary spacecraft at Cape Canaveral Air Force Station in Florida on the United States' east coast.",wn-0495:5:170,launch,170,ORG:NASA,,,,Cape Canaveral Air Force Station,FAC:Cape Canaveral Air Force Station,False,0.7
wn-0495,7,launch,launch,,,,"Due to congestion on the launch calendar at Canaveral, NASA chose to launch the spacecraft from from Vandenberg Air Force Base on the country's west coast instead.",wn-0495:7:221,launch,221,,,,,,,False,0.5
wn-0495,7,launch,launch,NASA,the spacecraft,,"Due to congestion on the launch calendar at Canaveral, NASA chose to launch the spacecraft from from Vandenberg Air Force Base on the country's west coast instead.",wn-0495:7:229,launch,229,ORG:NASA,,,,Vandenberg Air Force Base,FAC:Vandenberg Air Force Base,False,0.7
wn-0495,8,launch,launch,,,,A launch eastward from Vandenberg would have been dangerous due to densely populated areas being located downrange.,wn-0495:8:247,launch,247,,,,,,,False,0.5
wn-0495,9,launch,launched,,rockets,,"Instead, rockets launched from Vandenberg were sent in a south-southeast trajectory.",wn-0495:9:267,launch,267,,,,,Vandenberg,FAC:Vandenberg,False,0.6
wn-0495,10,launch,launch,,,,"For Insight and MarCO, the spacecraft was placed in a temporary polar orbit after the launch, with the pair being shot towards Mars during a escape burn performed over the North Pole.",wn-0495:10:295,launch,295,,,,,,,False,0.5
wn-0495,11,launch,launch,,,,"Despite a heavy fog settling in at the rocket's launch pad in Lompoc, the United Launch Alliance declared a ""100% chance of favorable weather for liftoff"".",wn-0495:11:325,launch,325,,,,,,,False,0.5
wn-0495,11,launch,liftoff,,,,"Despite a heavy fog settling in at the rocket's launch pad in Lompoc, the United Launch Alliance declared a ""100% chance of favorable weather for liftoff"".",wn-0495:11:344,liftoff,344,,,,,,,False,0.5
wn-0495,12,launch,launch,,,1105,"Spectators in Lompoc were treated to a mostly obscured view of the launch, though they were witness nonetheless to the sound and shock waves of the Atlas V's Common Core first stage as it lifted the spacecraft off the ground on-schedule at 4:05 PDT (1105 UTC).",wn-0495:12:359,launch,359,,,DATE:1105,,,,False,0.55
wn-0495,15,launch,launch,,,,"The recently-inaugurated Administrator of NASA, Jim Bridenstine, congratulated the InSight team in an address televised live on NASA TV after the launch, along with the United Launch Alliance on what was their 128th successful launch in a row.",wn-0495:15:490,launch,490,,,,,,,False,0.5
wn-0495,15,launch,launch,,,,"The recently-inaugurated Administrator of NASA, Jim Bridenstine, congratulated the InSight team in an address televised live on NASA TV after the launch, along with the United Launch Alliance on what was their 128th successful launch in a row.",wn-0495:15:504,launch,504,,,,,,,False,0.5
wn-0495,17,launch,launch,,It,2010,It was selected to launch in the program after beating the Comet Hopper and Titan Mare Explorer proposals amongst responses to a 2010 request.,wn-0495:17:534,launch,534,,,DATE:2010,,,,False,0.65
wn-0495,22,landing,landing,,,November 26,"NASA scheduled a November 26 landing for InSight on a broad plain in the planet's northern hemisphere, known as Elysium Planitia.",wn-0495:22:659,landing,659,,,DATE:November 26,,,,False,0.55
wn-0496,0,discovery,discovery,,ten small satellites,Tuesday,"Space On Tuesday, astronomers of the Carnegie Institution for Science in Washington, DC, United States, announced the discovery of ten small satellites orbiting Jupiter.",wn-0496:0:21,discovery,21,,,DATE:Tuesday,,,,False,0.6
wn-0496,1,discovery,discovery,,,,"With this discovery, Jupiter now has 79 known satellites.",wn-0496:1:31,discovery,31,,,,,,,False,0.5
wn-0496,2,discovery,discovered,The team,,Tuesday,"The team led by Scott Sheppard had discovered twelve of the 79 Jovian satellites, including Tuesday's ten, mostly using a Blanco 4-meter telescope of Chile's Cerro Tololo Inter-American Observatory.",wn-0496:2:48,discover,48,,,DATE:Tuesday,,,,False,0.6
wn-0496,4,discovery,observed,,The tiny satellites,2017,"The tiny satellites, none more than five kilometres in diameter, were first observed in 2017.",wn-0496:4:107,observe,107,,,DATE:2017,in,,,False,0.65
wn-0496,6,discovery,observations,,,,"Williams explained, ""It takes several observations to confirm an object actually orbits around Jupiter ...",wn-0496:6:138,observation,138,,,,,,,False,0.5
wn-0496,11,discovery,discovered,the team,the twelve satellites,,"Of the twelve satellites discovered by the team, nine were found to be retrograde, revolving around the gas giant in the direction opposite to the planet's spin.",wn-0496:11:232,discover,232,,,,,,,False,0.6
wn-0496,11,discovery,found,,,,"Of the twelve satellites discovered by the team, nine were found to be retrograde, revolving around the gas giant in the direction opposite to the planet's spin.",wn-0496:11:239,find,239,,,,,,,False,0.55
wn-0496,15,discovery,discovery,,,,"Sheppard said, ""Our other discovery is a real oddball and has an orbit like no other known Jovian moon ...",wn-0496:15:335,discovery,335,,,,,,,False,0.5
wn-0497,3,discovery,observe,,the eclipse,,"People were able to observe the eclipse from Australia, Africa, Asia, Europe, and South America.",wn-0497:3:71,observe,71,,,,,,,False,0.6
wn-0497,8,discovery,observation,,,"July 31, 2018","Panoramica Luna de Sangre, Marte y la Via Lactea (42842944115).jpg|An observation from Alt Empordà in Girona, Catalonia, Spain, featuring the Moon, Mars and Milky Way, uploaded on July 31, 2018.",wn-0497:8:202,observation,202,,,"DATE:July 31, 2018",,,,False,0.55
wn-0498,0,failure,abort,,Soyuz,six-month,"Space Soyuz MS-10, a manned Russian space mission bound for the International Space Station (ISS) for a six-month stay, was forced to abort by a booster rocket failure Thursday morning.",wn-0498:0:28,abort,28,,SPACECRAFT:Soyuz,DATE:six-month,,,,False,0.8
wn-0498,0,failure,failure,,booster rocket,morning,"Space Soyuz MS-10, a manned Russian space mission bound for the International Space Station (ISS) for a six-month stay, was forced to abort by a booster rocket failure Thursday morning.",wn-0498:0:33,failure,33,,,TIME:morning,,,,False,0.6
wn-0498,1,landing,landed,,they,,"Rescue teams successfully recovered both crew members, Russian cosmonaut Aleksey Ovchinin and United States astronaut Nick Hague, shortly after they landed safely in Kazakhstan.",wn-0498:1:59,land,59,,,,,Kazakhstan,GPE:Kazakhstan,False,0.6
wn-0498,2,launch,launch,,,About two minutes,"About two minutes after launch from the Baikonur Cosmodrome in Kazakhstan, which took place at 8:40 UTC on Thursday, a problem arose with the rocket boosters attached to the Soyuz rocket, during the process of booster separation.",wn-0498:2:69,launch,69,,,TIME:About two minutes,,Baikonur Cosmodrome,FAC:Baikonur Cosmodrome,False,0.55
wn-0498,3,launch,launch,,,a few moments earlier,"As the abort rocket system had been jettisoned a few moments earlier per normal launch procedure, the crew used the Soyuz capsule's steering rockets to direct the spacecraft into a ballistic descent trajectory.",wn-0498:3:120,launch,120,,,TIME:few moments earlier,,,,False,0.55
wn-0498,3,landing,descent,,,a few moments earlier,"As the abort rocket system had been jettisoned a few moments earlier per normal launch procedure, the crew used the Soyuz capsule's steering rockets to direct the spacecraft into a ballistic descent trajectory.",wn-0498:3:139,descent,139,,,TIME:few moments earlier,,,,False,0.55
wn-0498,4,landing,descent,,,,"During the descent, Ovchinin and Hague reportedly were subjected to forces of six to seven times Earth's gravity.",wn-0498:4:144,descent,144,,,,,,,False,0.5
wn-0498,5,landing,descent,,,approximately an hour and a half,"Ovchinin and Hague were safely recovered along with the spacecraft's descent module about 12 east of Jezkazgan, Kazakhstan, and 250 from the launch site, approximately an hour and a half after lift-off.",wn-0498:5:174,descent,174,,,TIME:approximately an hour and a half,,,,False,0.55
wn-0498,5,launch,launch,,,approximately an hour and a half,"Ovchinin and Hague were safely recovered along with the spacecraft's descent module about 12 east of Jezkazgan, Kazakhstan, and 250 from the launch site, approximately an hour and a half after lift-off.",wn-0498:5:188,launch,188,,,TIME:approximately an hour and a half,,,,False,0.55
wn-0498,6,discovery,observation,,,overnight,"Both were taken to a hospital in Baikonur, Kazakhstan, for overnight observation as a precaution.",wn-0498:6:215,observation,215,,,TIME:overnight,,,,False,0.55
wn-0498,7,discovery,detected,ISS mission controllers,,nearly a month and a half,"The incident, which is only the third mishap involving a manned Soyuz rocket since 1975 and the first since 1983, neither of which resulted in a fatality, comes nearly a month and a half after ISS mission controllers detected an air leak aboard the Soyuz MS-09 capsule presently docked at the ISS.",wn-0498:7:262,detect,262,,,DATE:nearly a month and a half,,,,False,0.6
wn-0498,7,docking,docked,an air leak,,nearly a month and a half,"The incident, which is only the third mishap involving a manned Soyuz rocket since 1975 and the first since 1983, neither of which resulted in a fatality, comes nearly a month and a half after ISS mission controllers detected an air leak aboard the Soyuz MS-09 capsule presently docked at the ISS.",wn-0498:7:272,dock,272,,,DATE:nearly a month and a half,,,,False,0.6
wn-0498,8,discovery,found,Astronauts,,,Astronauts later found the leak to be the result of a drilled hole in the capsule's wall before repairing it.,wn-0498:8:279,find,279,,,,,,,False,0.55
wn-0498,9,failure,abort,,,Thursday,"Shortly after Thursday's abort, the Russian government announced the formation of a state commission to investigate the launch failure.",wn-0498:9:303,abort,303,,,DATE:Thursday,,,,False,0.55
wn-0498,9,launch,launch,,,Thursday,"Shortly after Thursday's abort, the Russian government announced the formation of a state commission to investigate the launch failure.",wn-0498:9:318,launch,318,,,DATE:Thursday,,,,False,0.55
wn-0498,9,failure,failure,,launch,Thursday,"Shortly after Thursday's abort, the Russian government announced the formation of a state commission to investigate the launch failure.",wn-0498:9:319,failure,319,,,DATE:Thursday,,,,False,0.6
wn-0498,10,failure,accident,,,,"Director General of Roscosmos Dmitry Rogozin tweeted, ""To clarify the cause of the accident at the Soyuz-FG LV, by my decision, a state commission was formed ...",wn-0498:10:337,accident,337,,,,,,,False,0.5
wn-0498,12,failure,accident,,,,Rescue services work sic from the first second of the accident.,wn-0498:12:370,accident,370,,,,,,,False,0.5
wn-0498,16,launch,launch,,Soyuz,December,"The next manned Soyuz launch to the ISS, Soyuz MS-11, was originally slated for December, though it is now unclear when that mission will be launched, pending the Russian investigation.",wn-0498:16:427,launch,427,,SPACECRAFT:Soyuz,DATE:December,,,,False,0.75
wn-0498,16,launch,launched,,that mission,December,"The next manned Soyuz launch to the ISS, Soyuz MS-11, was originally slated for December, though it is now unclear when that mission will be launched, pending the Russian investigation.",wn-0498:16:451,launch,451,,,DATE:December,,,,False,0.65
wn-0499,12,failure,loss,,GDP,the end of the 21st century,"The report says by the end of the 21st century, the United States economy may face a roughly ten percent loss of GDP.",wn-0499:12:342,loss,342,,,DATE:end of the 21st century,,,,False,0.6
wn-0499,13,discovery,findings,,,,"A federal advisory committee was mandated to use the NCA reports' scientific studies, findings, and data to make public policy recommendations states could implement.",wn-0499:13:362,finding,362,,,,,,,False,0.5
