node_id,node_type,label,category,doc_count,mention_count,time_value,doc_id,negated
SPACECRAFT:Hubble Space Telescope,entity,Hubble Space Telescope,SPACECRAFT,7,9,,,False
ORG:Wide Field Camera 3,entity,Wide Field Camera 3,ORG,1,1,,,False
SPACECRAFT:Delta IV Heavy,entity,Delta IV Heavy,SPACECRAFT,2,2,,,False
ORG:Boeing,entity,Boeing,ORG,2,4,,,False
SPACECRAFT:Delta IV,entity,Delta IV,SPACECRAFT,3,5,,,False
ORG:U.S. Air Force Research Laboratory,entity,U.S. Air Force Research Laboratory,ORG,2,2,,,False
SPACECRAFT:Cassini,entity,Cassini,SPACECRAFT,15,31,,,False
CELESTIAL:Saturn,entity,Saturn,CELESTIAL,7,9,,,False
SPACECRAFT:Cassini-Huygens,entity,Cassini-Huygens,SPACECRAFT,4,7,,,False
ORG:NASA,entity,NASA,ORG,64,75,,,False
SPACECRAFT:Huygens,entity,Huygens,SPACECRAFT,2,2,,,False
CELESTIAL:Titan,entity,Titan,CELESTIAL,5,7,,,False
SPACECRAFT:Shenzhou,entity,Shenzhou,SPACECRAFT,4,6,,,False
CELESTIAL:Earth,entity,Earth,CELESTIAL,12,13,,,False
SPACECRAFT:Rover Opportunity,entity,Rover Opportunity,SPACECRAFT,1,2,,,False
ORG:Goddard Space Flight Center,entity,Goddard Space Flight Center,ORG,1,1,,,False
SPACECRAFT:Swift,entity,Swift,SPACECRAFT,4,11,,,False
SPACECRAFT:Ariane 5,entity,Ariane 5,SPACECRAFT,5,7,,,False
ORG:ESA,entity,ESA,ORG,13,13,,,False
SPACECRAFT:Mars Express,entity,Mars Express,SPACECRAFT,5,5,,,False
SPACECRAFT:Spitzer Space Telescope,entity,Spitzer Space Telescope,SPACECRAFT,5,7,,,False
ORG:JPL,entity,JPL,ORG,3,3,,,False
SPACECRAFT:Mars Reconnaissance Orbiter,entity,Mars Reconnaissance Orbiter,SPACECRAFT,5,7,,,False
SPACECRAFT:PSLV,entity,PSLV,SPACECRAFT,5,7,,,False
ORG:ISRO,entity,ISRO,ORG,3,4,,,False
SPACECRAFT:Deep Impact,entity,Deep Impact,SPACECRAFT,2,5,,,False
CELESTIAL:Tempel 1,entity,Tempel 1,CELESTIAL,1,2,,,False
SPACECRAFT:Orbiter Discovery,entity,Orbiter Discovery,SPACECRAFT,1,3,,,False
GPE:People's Republic of China,entity,People's Republic of China,GPE,2,3,,,False
GPE:China,entity,China,GPE,6,6,,,False
SPACECRAFT:Venus Express,entity,Venus Express,SPACECRAFT,3,3,,,False
CELESTIAL:Venus,entity,Venus,CELESTIAL,1,1,,,False
CELESTIAL:Mars,entity,Mars,CELESTIAL,13,16,,,False
SPACECRAFT:Stardust,entity,Stardust,SPACECRAFT,3,5,,,False
FAC:Cape Canaveral,entity,Cape Canaveral,FAC,1,1,,,False
SPACECRAFT:Mars Global Surveyor,entity,Mars Global Surveyor,SPACECRAFT,4,7,,,False
PERSON:Altimeter,entity,Altimeter,PERSON,1,1,,,False
SPACECRAFT:Mars Odyssey,entity,Mars Odyssey,SPACECRAFT,2,2,,,False
SPACECRAFT:Voyager 1,entity,Voyager 1,SPACECRAFT,1,2,,,False
SPACECRAFT:shuttle Discovery,entity,shuttle Discovery,SPACECRAFT,5,5,,,False
SPACECRAFT:Space Shuttle Discovery,entity,Space Shuttle Discovery,SPACECRAFT,15,17,,,False
FAC:Kennedy Space Center,entity,Kennedy Space Center,FAC,4,4,,,False
SPACECRAFT:ISS,entity,ISS,SPACECRAFT,32,40,,,False
GPE:Woomera,entity,Woomera,GPE,1,1,,,False
LOC:South Australia,entity,South Australia,LOC,1,1,,,False
SPACECRAFT:Space Shuttle Atlantis,entity,Space Shuttle Atlantis,SPACECRAFT,21,27,,,False
SPACECRAFT:James Webb Space Telescope,entity,James Webb Space Telescope,SPACECRAFT,1,2,,,False
PERSON:Andrew Ingersoll,entity,Andrew Ingersoll,PERSON,1,1,,,False
PERSON:Ellen Stofan,entity,Ellen Stofan,PERSON,1,1,,,False
SPACECRAFT:Chandra X-ray Observatory,entity,Chandra X-ray Observatory,SPACECRAFT,1,1,,,False
SPACECRAFT:Phoenix,entity,Phoenix,SPACECRAFT,10,18,,,False
PERSON:Canadarm,entity,Canadarm,PERSON,1,2,,,False
SPACECRAFT:Space Shuttle,entity,Space Shuttle,SPACECRAFT,13,15,,,False
GPE:India,entity,India,GPE,2,3,,,False
SPACECRAFT:Spirit Rover,entity,Spirit Rover,SPACECRAFT,2,3,,,False
SPACECRAFT:Spitzer,entity,Spitzer,SPACECRAFT,2,2,,,False
SPACECRAFT:Proton,entity,Proton,SPACECRAFT,5,16,,,False
ORG:Breeze M,entity,Breeze M,ORG,1,1,,,False
FAC:Baikonur Cosmodrome,entity,Baikonur Cosmodrome,FAC,7,7,,,False
FAC:Baikonur,entity,Baikonur,FAC,1,1,,,False
GPE:Kazakhstan,entity,Kazakhstan,GPE,3,3,,,False
PERSON:Whitson,entity,Whitson,PERSON,1,1,,,False
ORG:STS-122,entity,STS-122,ORG,3,3,,,False
SPACECRAFT:MESSENGER,entity,MESSENGER,SPACECRAFT,3,4,,,False
FAC:Satish Dhawan Space Centre,entity,Satish Dhawan Space Centre,FAC,2,2,,,False
ORG:Roscosmos,entity,Roscosmos,ORG,1,2,,,False
PERSON:Rex Walheim,entity,Rex Walheim,PERSON,1,1,,,False
PERSON:Stan Love,entity,Stan Love,PERSON,1,1,,,False
PERSON:Reisman,entity,Reisman,PERSON,1,1,,,False
SPACECRAFT:Atlas V,entity,Atlas V,SPACECRAFT,2,4,,,False
FAC:Vandenberg,entity,Vandenberg,FAC,1,1,,,False
ORG:SES Americom,entity,SES Americom,ORG,1,1,,,False
SPACECRAFT:Soyuz,entity,Soyuz,SPACECRAFT,9,13,,,False
ORG:Pirs,entity,Pirs,ORG,1,1,,,False
SPACECRAFT:Titan IV,entity,Titan IV,SPACECRAFT,1,3,,,False
ORG:National Reconnaissance Office,entity,National Reconnaissance Office,ORG,1,1,,,False
GPE:America,entity,America,GPE,3,3,,,False
ORG:Russo-European,entity,Russo-European,ORG,1,1,,,False
SPACECRAFT:Progress,entity,Progress,SPACECRAFT,3,5,,,False
PERSON:Sergei Volkov,entity,Sergei Volkov,PERSON,1,1,,,False
PERSON:Oleg Kononenko,entity,Oleg Kononenko,PERSON,2,2,,,False
PERSON:Garrett Reisman,entity,Garrett Reisman,PERSON,1,1,,,False
SPACECRAFT:Space Shuttle Endeavour,entity,Space Shuttle Endeavour,SPACECRAFT,9,12,,,False
ORG:Japanese Experiment Module,entity,Japanese Experiment Module,ORG,2,3,,,False
GPE:STS-124,entity,STS-124,GPE,3,3,,,False
SPACECRAFT:Long March,entity,Long March,SPACECRAFT,2,2,,,False
ORG:ChinaThe Chinese National Space Administration,entity,ChinaThe Chinese National Space Administration,ORG,1,2,,,False
SPACECRAFT:Delta II,entity,Delta II,SPACECRAFT,4,8,,,False
FAC:134th,entity,134th,FAC,1,1,,,False
ORG:Block,entity,Block,ORG,1,1,,,False
SPACECRAFT:Ulysses,entity,Ulysses,SPACECRAFT,1,1,,,False
ORG:Inertial Upper Stage,entity,Inertial Upper Stage,ORG,1,1,,,False
ORG:ChinaSat,entity,ChinaSat,ORG,1,1,,,False
ORG:ECA,entity,ECA,ORG,1,1,,,False
SPACECRAFT:Project Mercury,entity,Project Mercury,SPACECRAFT,1,3,,,False
PERSON:Gordon Cooper,entity,Gordon Cooper,PERSON,1,1,,,False
PERSON:James Doohan,entity,James Doohan,PERSON,1,1,,,False
PERSON:Montgomery Scott,entity,Montgomery Scott,PERSON,1,1,,,False
SPACECRAFT:Falcon 1,entity,Falcon 1,SPACECRAFT,2,4,,,False
ORG:UTC,entity,UTC,ORG,1,1,,,False
ORG:Ronald Reagan Ballistic Missile Defense Test Site,entity,Ronald Reagan Ballistic Missile Defense Test Site,ORG,1,1,,,False
SPACECRAFT:Chandrayaan-1,entity,Chandrayaan-1,SPACECRAFT,2,2,,,False
SPACECRAFT:Herschel,entity,Herschel,SPACECRAFT,1,2,,,False
SPACECRAFT:Planck,entity,Planck,SPACECRAFT,1,2,,,False
ORG:Poisk,entity,Poisk,ORG,1,1,,,False
ORG:ExPRESS Logistics Carriers,entity,ExPRESS Logistics Carriers,ORG,1,1,,,False
PERSON:Fyodor Yurchikhin,entity,Fyodor Yurchikhin,PERSON,1,2,,,False
PERSON:Shannon Walker,entity,Shannon Walker,PERSON,1,1,,,False
PERSON:Douglas Wheelock,entity,Douglas Wheelock,PERSON,1,1,,,False
PERSON:Tim Kopra,entity,Tim Kopra,PERSON,2,3,,,False
ORG:ExPRESS Logistics,entity,ExPRESS Logistics,ORG,1,1,,,False
CELESTIAL:Mercury,entity,Mercury,CELESTIAL,3,3,,,False
GPE:STS-134,entity,STS-134,GPE,1,1,,,False
ORG:Alpha Magnetic Spectrometer,entity,Alpha Magnetic Spectrometer,ORG,1,1,,,False
ORG:Robotic Refueling Mission,entity,Robotic Refueling Mission,ORG,1,1,,,False
ORG:RRM,entity,RRM,ORG,1,1,,,False
PERSON:Andre Kuipers,entity,Andre Kuipers,PERSON,1,1,,,False
SPACECRAFT:Dragon,entity,Dragon,SPACECRAFT,2,2,,,False
ORG:SpaceX,entity,SpaceX,ORG,2,4,,,False
PERSON:Kevin Ford,entity,Kevin Ford,PERSON,1,1,,,False
SPACECRAFT:Orion,entity,Orion,SPACECRAFT,1,2,,,False
FAC:Cape Canaveral Air Force Station,entity,Cape Canaveral Air Force Station,FAC,1,1,,,False
ORG:Space Launch System,entity,Space Launch System,ORG,1,1,,,False
SPACECRAFT:spacecraft Juno,entity,spacecraft Juno,SPACECRAFT,1,1,,,False
CELESTIAL:Jupiter,entity,Jupiter,CELESTIAL,3,3,,,False
SPACECRAFT:Rosetta,entity,Rosetta,SPACECRAFT,2,4,,,False
SPACECRAFT:Apollo 17,entity,Apollo 17,SPACECRAFT,1,1,,,False
CELESTIAL:Moon,entity,Moon,CELESTIAL,4,4,,,False
SPACECRAFT:Falcon Heavy,entity,Falcon Heavy,SPACECRAFT,1,2,,,False
GPE:Florida,entity,Florida,GPE,1,1,,,False
SPACECRAFT:Saturn V,entity,Saturn V,SPACECRAFT,1,1,,,False
SPACECRAFT:Project Apollo,entity,Project Apollo,SPACECRAFT,1,2,,,False
SPACECRAFT:SpaceShipOne,entity,SpaceShipOne,SPACECRAFT,1,1,,,False
ORG:Scaled Composites,entity,Scaled Composites,ORG,1,1,,,False
ORG:United Space Alliance,entity,United Space Alliance,ORG,1,1,,,False
SPACECRAFT:InSight,entity,InSight,SPACECRAFT,1,3,,,False
ORG:ULA,entity,ULA,ORG,1,2,,,False
wn-0000:7:315,event,discovery: discovered,discovery,1,1,2005-01-06,wn-0000,False
LOC:Telescope,entity,Telescope,LOC,1,1,,,False
wn-0000:8:333,event,discovery: discovery,discovery,1,1,2005-01-06,wn-0000,False
wn-0000:12:427,event,discovery: discovery,discovery,1,1,2005-01-06,wn-0000,False
wn-0001:0:1,event,launch: launch,launch,1,1,2004-12-21,wn-0001,False
wn-0001:0:21,event,failure: failed,failure,1,1,2004-12-21,wn-0001,False
wn-0001:0:36,event,launch: launch,launch,1,1,2004-12-21,wn-0001,False
wn-0001:1:60,event,launch: launch,launch,1,1,2005-01-07,wn-0001,False
wn-0001:1:95,event,failure: lost,failure,1,1,2005-01-07,wn-0001,False
wn-0001:2:114,event,failure: malfunction,failure,1,1,2005-01-07,wn-0001,False
wn-0001:3:137,event,failure: lost,failure,1,1,2005-01-07,wn-0001,False
wn-0001:4:177,event,launch: launch,launch,1,1,2005-01-07,wn-0001,False
wn-0001:5:197,event,launch: launch,launch,1,1,2006,wn-0001,False
wn-0001:7:241,event,launch: launch,launch,1,1,2005-01-07,wn-0001,False
wn-0001:7:252,event,launch: Launch,launch,1,1,2005-01-07,wn-0001,False
wn-0001:8:288,event,launch: launch,launch,1,1,2005,wn-0001,False
ORG:Defense Support Program,entity,Defense Support Program,ORG,2,2,,,False
wn-0001:12:331,event,launch: lifted off,launch,1,1,2004-12-21,wn-0001,False
wn-0001:13:353,event,launch: launch,launch,1,1,2005-12,wn-0001,True
wn-0001:13:355,event,delay: delayed,delay,1,1,2005-12,wn-0001,False
wn-0001:13:366,event,failure: glitches,failure,1,1,2005-12,wn-0001,False
wn-0001:14:383,event,launch: launch,launch,1,1,2005-08,wn-0001,False
wn-0001:14:384,event,discovery: detection,discovery,1,1,2005-08,wn-0001,False
wn-0001:15:405,event,launch: launch,launch,1,1,2005-12,wn-0001,False
wn-0002:0:1,event,launch: launch,launch,1,1,2004-12-21,wn-0002,False
wn-0002:0:21,event,failure: failed,failure,1,1,2004-12-21,wn-0002,False
wn-0002:0:35,event,launch: launch,launch,1,1,2004-12-21,wn-0002,False
wn-0002:1:59,event,launch: launch,launch,1,1,2005-01-08,wn-0002,False
wn-0002:1:94,event,failure: lost,failure,1,1,2005-01-08,wn-0002,False
wn-0002:2:113,event,failure: malfunction,failure,1,1,2005-01-08,wn-0002,False
wn-0002:3:136,event,failure: lost,failure,1,1,2005-01-08,wn-0002,False
wn-0002:4:177,event,launch: launch,launch,1,1,2005-01-08,wn-0002,False
wn-0002:5:197,event,launch: launch,launch,1,1,2006,wn-0002,False
wn-0002:7:241,event,launch: launch,launch,1,1,2005-01-08,wn-0002,False
wn-0002:7:252,event,launch: Launch,launch,1,1,2005-01-08,wn-0002,False
wn-0002:8:288,event,launch: launch,launch,1,1,2005,wn-0002,False
wn-0002:12:331,event,launch: lifted off,launch,1,1,2004-12-21,wn-0002,False
wn-0002:13:353,event,launch: launch,launch,1,1,2005-12,wn-0002,True
wn-0002:13:355,event,delay: delayed,delay,1,1,2005-12,wn-0002,False
wn-0002:13:366,event,failure: glitches,failure,1,1,2005-12,wn-0002,False
wn-0002:14:383,event,launch: launch,launch,1,1,2005-08,wn-0002,False
wn-0002:14:384,event,discovery: detection,discovery,1,1,2005-08,wn-0002,False
wn-0002:15:405,event,launch: launch,launch,1,1,2005-12,wn-0002,False
wn-0003:2:65,event,discovery: found,discovery,1,1,2005-01-09,wn-0003,False
wn-0003:5:102,event,flyby: fly,flyby,1,1,2007-09,wn-0003,False
CELESTIAL:Iapetus,entity,Iapetus,CELESTIAL,3,3,,,False
wn-0003:8:162,event,discovery: discovered,discovery,1,1,,wn-0003,False
wn-0004:0:8,event,failure: crash,failure,1,1,2005-01-12,wn-0004,False
wn-0004:0:16,event,launch: launch,launch,1,1,2005-01-12,wn-0004,False
wn-0004:3:93,event,failure: crash,failure,1,1,PT4H,wn-0004,False
wn-0004:5:157,event,failure: destroyed,failure,1,1,2005-01-09,wn-0004,True
wn-0004:5:169,event,failure: crash,failure,1,1,2005-01-09,wn-0004,False
wn-0004:6:205,event,failure: crash,failure,1,1,2005-01-09,wn-0004,False
wn-0004:9:269,event,failure: destroy,failure,1,1,2005-01-09,wn-0004,False
wn-0004:11:315,event,launch: launched,launch,1,1,2005-01-09,wn-0004,False
wn-0005:0:2,event,landing: descent,landing,1,1,2005-01-13,wn-0005,False
wn-0005:4:61,event,landing: descent,landing,1,1,PT5H,wn-0005,False
wn-0005:5:83,event,landing: touch down,landing,1,1,2005-01-13T11:30,wn-0005,False
wn-0005:7:111,event,landing: descent,landing,1,1,PT30M,wn-0005,False
wn-0005:7:113,event,landing: landing,landing,1,1,PT30M,wn-0005,False
wn-0005:8:117,event,launch: launched,launch,1,1,1997-10-15,wn-0005,False
wn-0005:15:262,event,discovery: discovered,discovery,1,1,,wn-0005,False
wn-0005:16:280,event,discovery: discovered,discovery,1,1,2005-01-13,wn-0005,False
wn-0006:0:18,event,landing: landed,landing,1,1,2005-01-14T11:38,wn-0006,False
wn-0006:2:60,event,failure: failures,failure,1,1,1988-01-14,wn-0006,False
wn-0006:7:172,event,landing: descent,landing,1,1,2005-01-14,wn-0006,False
wn-0006:9:232,event,landing: descent,landing,1,1,2005-01-14,wn-0006,False
wn-0007:2:79,event,launch: launch,launch,1,1,2005-01-20,wn-0007,False
wn-0007:3:122,event,landing: landed,landing,1,1,2003-10,wn-0007,False
wn-0007:5:177,event,landing: land,landing,1,1,,wn-0007,False
wn-0008:0:7,event,discovery: found,discovery,1,1,2005-01-20,wn-0008,False
wn-0008:0:24,event,landing: landing,landing,1,1,2005-01-20,wn-0008,False
wn-0008:1:39,event,discovery: identified,discovery,1,1,2005-01-20,wn-0008,False
wn-0008:5:130,event,discovery: found,discovery,1,1,2005-01-20,wn-0008,False
wn-0009:0:11,event,discovery: detected,discovery,1,1,2005-01-17,wn-0009,False
wn-0009:0:26,event,failure: explosions,failure,1,1,2005-01-17,wn-0009,False
wn-0009:1:41,event,failure: exploding,failure,1,1,PT200S,wn-0009,False
wn-0009:2:88,event,discovery: detected,discovery,1,1,2005-01-21,wn-0009,False
wn-0009:8:225,event,discovery: detect,discovery,1,1,PT1M,wn-0009,False
wn-0009:11:266,event,discovery: detects,discovery,1,1,2005-01-21,wn-0009,False
ORG:BAT,entity,BAT,ORG,2,4,,,False
wn-0009:12:298,event,discovery: detecting,discovery,1,1,2004-12,wn-0009,False
wn-0009:12:305,event,discovery: detection,discovery,1,1,2004-12-19,wn-0009,False
wn-0009:13:317,event,discovery: detection,discovery,1,1,2005-01-21,wn-0009,False
wn-0009:13:322,event,discovery: detection,discovery,1,1,2005-01-21,wn-0009,False
ORG:XRT,entity,XRT,ORG,1,1,,,False
wn-0009:14:350,event,discovery: detected,discovery,1,1,2005-01-21,wn-0009,False
wn-0009:16:383,event,failure: explosion,failure,1,1,2005-01-21,wn-0009,False
wn-0009:21:459,event,failure: explosions,failure,1,1,2005-01-21,wn-0009,False
wn-0009:26:529,event,failure: explosion,failure,1,1,2005-01-21,wn-0009,False
wn-0009:29:571,event,launch: launched,launch,1,1,2004-11-20,wn-0009,False
wn-0010:4:87,event,landing: landing,landing,1,1,2005-01-25,wn-0010,False
wn-0010:5:107,event,discovery: observation,discovery,1,1,2005-01-25,wn-0010,False
wn-0013:10:326,event,failure: failure,failure,1,1,2005-01-26,wn-0013,False
wn-0013:12:380,event,failure: fail,failure,1,1,2005-01-26,wn-0013,False
wn-0013:17:465,event,launch: launch,launch,1,1,1990,wn-0013,False
wn-0013:17:491,event,discovery: discoveries,discovery,1,1,1990,wn-0013,False
wn-0014:0:10,event,launch: launch,launch,1,1,2004-11,wn-0014,False
wn-0014:4:126,event,discovery: observation,discovery,1,1,2005-02-02,wn-0014,False
wn-0014:6:148,event,discovery: observed,discovery,1,1,2005-02-02,wn-0014,False
wn-0014:7:168,event,discovery: detect,discovery,1,1,2005-02-02,wn-0014,False
wn-0014:8:187,event,discovery: detected,discovery,1,1,2005-01-17,wn-0014,False
wn-0014:9:230,event,discovery: detects,discovery,1,1,2005-02-02,wn-0014,False
wn-0014:9:260,event,discovery: observations,discovery,1,1,2005-02-02,wn-0014,False
wn-0015:0:11,event,discovery: found,discovery,1,1,2005-02-04,wn-0015,False
wn-0015:3:106,event,discovery: found,discovery,1,1,2005-02-04,wn-0015,False
wn-0015:8:245,event,discovery: detected,discovery,1,1,2005-02-04,wn-0015,False
wn-0015:8:276,event,discovery: detection,discovery,1,1,2005-02-04,wn-0015,False
wn-0015:9:299,event,discovery: detected,discovery,1,1,2005-02-04,wn-0015,False
wn-0015:9:302,event,discovery: observations,discovery,1,1,2005-02-04,wn-0015,False
GPE:Chandra,entity,Chandra,GPE,1,1,,,False
wn-0015:13:413,event,discovery: finding,discovery,1,1,2005-02-04,wn-0015,False
GPE:Nicastro,entity,Nicastro,GPE,1,1,,,False
wn-0015:14:429,event,discovery: observed,discovery,1,1,2000-05,wn-0015,False
PERSON:Mkn 421,entity,Mkn 421,PERSON,1,1,,,False
wn-0016:0:15,event,failure: lose out,failure,1,1,2006,wn-0016,False
wn-0016:3:88,event,failure: cancelled,failure,1,1,2005-02-08,wn-0016,False
wn-0016:3:95,event,failure: disaster,failure,1,1,2005-02-08,wn-0016,False
ORG:Columbia,entity,Columbia,ORG,13,13,,,False
wn-0016:4:115,event,failure: fail,failure,1,1,2007,wn-0016,False
wn-0017:0:12,event,discovery: discovery,discovery,1,1,2005-02-08,wn-0017,False
wn-0017:0:17,event,discovery: detected,discovery,1,1,2005-02-08,wn-0017,False
wn-0017:1:35,event,discovery: found,discovery,1,1,1992,wn-0017,False
PERSON:Wolszczan,entity,Wolszczan,PERSON,1,1,,,False
wn-0017:4:119,event,discovery: discovered,discovery,1,1,2005-02-08,wn-0017,False
wn-0017:6:183,event,discovery: discovered,discovery,1,1,2005-02-08,wn-0017,False
wn-0017:7:199,event,discovery: observations,discovery,1,1,2005-02-08,wn-0017,False
wn-0017:8:272,event,discovery: discovery,discovery,1,1,1992,wn-0017,False
wn-0017:9:300,event,discovery: discovery,discovery,1,1,2005-02-08,wn-0017,False
wn-0018:0:2,event,flyby: encounter,flyby,1,1,2005-02-09,wn-0018,False
wn-0018:1:31,event,discovery: detected,discovery,1,1,2005-02-09,wn-0018,False
wn-0019:3:49,event,launch: Launched,launch,1,1,2005-02-13,wn-0019,False
wn-0019:4:112,event,launch: launch,launch,1,1,2005-02-13,wn-0019,False
wn-0019:5:125,event,launch: launch,launch,1,1,2002-12,wn-0019,False
wn-0019:5:136,event,launch: launch,launch,1,1,2002-12,wn-0019,False
wn-0019:5:137,event,failure: failure,failure,1,1,2002-12,wn-0019,False
wn-0021:0:4,event,discovery: discovered,discovery,1,1,2005-02-23,wn-0021,False
wn-0021:1:18,event,discovery: found,discovery,1,1,,wn-0021,False
wn-0021:4:91,event,discovery: discovery,discovery,1,1,P5Y,wn-0021,False
wn-0021:5:117,event,discovery: detected,discovery,1,1,2005-02-23,wn-0021,False
wn-0021:6:150,event,discovery: found,discovery,1,1,2005-02-23,wn-0021,False
wn-0021:10:261,event,discovery: discovery,discovery,1,1,2005-02-23,wn-0021,False
wn-0022:0:7,event,launch: launch,launch,1,1,2005-03-11T16:42,wn-0022,False
wn-0022:0:11,event,launch: launched,launch,1,1,2005-03-11T16:42,wn-0022,False
wn-0022:2:46,event,launch: launch,launch,1,1,2005-03-11,wn-0022,False
wn-0022:3:56,event,delay: scrub,delay,1,1,2005-03-10,wn-0022,False
wn-0022:4:82,event,launch: launch,launch,1,1,2005-03-11,wn-0022,False
wn-0022:4:92,event,launch: launch,launch,1,1,2005-03-11,wn-0022,False
wn-0022:19:448,event,launch: launch,launch,1,1,2005-03-10,wn-0022,False
wn-0022:19:457,event,launch: launch,launch,1,1,2005-03-10,wn-0022,False
wn-0022:21:497,event,launch: launch,launch,1,1,2005-03-11,wn-0022,False
wn-0022:22:505,event,delay: delay,delay,1,1,2005-03-11,wn-0022,False
wn-0022:22:507,event,launch: launching,launch,1,1,2005-03-11,wn-0022,False
wn-0022:22:512,event,delay: delays,delay,1,1,2005-03-11,wn-0022,False
wn-0022:22:521,event,launch: launched,launch,1,1,2005-03-11,wn-0022,False
wn-0022:22:528,event,delay: delay,delay,1,1,2005-03-11,wn-0022,False
wn-0022:23:552,event,delay: delays,delay,1,1,2005-03-11,wn-0022,False
wn-0022:24:559,event,launch: launch,launch,1,1,PT1H,wn-0022,False
wn-0022:25:605,event,launch: launch,launch,1,1,2005-03-11,wn-0022,False
wn-0022:26:636,event,launch: launch,launch,1,1,2005-03-11,wn-0022,False
wn-0022:27:654,event,failure: destroyed,failure,1,1,2005-03-11,wn-0022,True
wn-0022:27:658,event,launch: launch,launch,1,1,2005-03-11,wn-0022,False
wn-0024:9:256,event,discovery: discovered,discovery,1,1,2005-03-17,wn-0024,False
wn-0024:10:292,event,discovery: discovery,discovery,1,1,2005-03-17,wn-0024,False
wn-0024:12:343,event,discovery: found,discovery,1,1,2005-03-17,wn-0024,False
wn-0024:16:462,event,discovery: findings,discovery,1,1,1991,wn-0024,False
wn-0024:18:495,event,discovery: detect,discovery,1,1,2005-05,wn-0024,False
wn-0024:19:510,event,discovery: found,discovery,1,1,2005-03-17,wn-0024,False
wn-0024:19:517,event,discovery: finding,discovery,1,1,2005-03-17,wn-0024,False
wn-0024:20:540,event,discovery: discovered,discovery,1,1,2005-03-17,wn-0024,False
wn-0024:21:551,event,discovery: discovery,discovery,1,1,2005-02,wn-0024,False
wn-0024:23:590,event,discovery: discoveries,discovery,1,1,2005-03-17,wn-0024,False
wn-0025:0:9,event,discovery: discovered,discovery,1,1,2005-03-19,wn-0025,False
wn-0025:1:22,event,discovery: discovery,discovery,1,1,2005-03-19,wn-0025,False
wn-0025:3:86,event,discovery: detected,discovery,1,1,2005-02-17,wn-0025,False
wn-0025:3:93,event,flyby: flybys,flyby,1,1,2005-02-17,wn-0025,False
CELESTIAL:Enceladus,entity,Enceladus,CELESTIAL,3,4,,,False
wn-0025:5:124,event,discovery: detected,discovery,1,1,2005-03-19,wn-0025,False
wn-0025:6:150,event,discovery: observations,discovery,1,1,2005-03-19,wn-0025,False
wn-0025:6:154,event,flyby: flybys,flyby,1,1,2005-03-19,wn-0025,False
wn-0025:10:276,event,landing: landed,landing,1,1,2005-01-14,wn-0025,False
wn-0026:6:147,event,launch: launch,launch,1,1,2008,wn-0026,False
wn-0026:8:200,event,launch: launch,launch,1,1,1975,wn-0026,False
wn-0028:0:6,event,discovery: discovery,discovery,1,1,2005-03-23,wn-0028,False
wn-0028:11:261,event,discovery: observations,discovery,1,1,2005-03-23,wn-0028,False
wn-0028:14:340,event,discovery: discovered,discovery,1,1,P10Y,wn-0028,False
wn-0028:16:350,event,discovery: findings,discovery,1,1,2005-03-23,wn-0028,False
wn-0028:17:380,event,launch: launched,launch,1,1,2003-08-25,wn-0028,False
wn-0029:0:15,event,docking: rendezvous,docking,1,1,2005-07-04,wn-0029,False
wn-0029:2:54,event,launch: launch,launch,1,1,2005-03-26,wn-0029,False
wn-0029:4:115,event,launch: launch,launch,1,1,2005-03-26,wn-0029,False
wn-0029:8:206,event,flyby: encounter,flyby,1,1,2005-03-26,wn-0029,False
wn-0029:10:217,event,discovery: observe,discovery,1,1,2005-03-26,wn-0029,False
wn-0029:16:377,event,flyby: flyby,flyby,1,1,2005-03-26,wn-0029,False
wn-0029:17:391,event,flyby: flyby,flyby,1,1,PT24H,wn-0029,False
wn-0029:18:419,event,flyby: flyby,flyby,1,1,P1D,wn-0029,False
wn-0029:22:523,event,discovery: observe,discovery,1,1,2005-03-26,wn-0029,False
PERSON:Chandra,entity,Chandra,PERSON,1,1,,,False
wn-0029:23:549,event,launch: launched,launch,1,1,2005-01-12,wn-0029,False
wn-0030:0:2,event,discovery: discovered,discovery,1,1,2005-03-26,wn-0030,False
wn-0030:1:22,event,discovery: discovery,discovery,1,1,2005-03-26,wn-0030,False
wn-0030:6:124,event,discovery: observations,discovery,1,1,2005-03-26,wn-0030,False
wn-0030:9:189,event,discovery: Discovered,discovery,1,1,2005-03-26,wn-0030,False
wn-0030:11:296,event,discovery: identified,discovery,1,1,2005-03-26,wn-0030,False
wn-0030:12:301,event,discovery: observations,discovery,1,1,2005-03-26,wn-0030,False
wn-0031:0:52,event,launch: launched,launch,1,1,PT5H,wn-0031,False
PERSON:Leroy Chiao,entity,Leroy Chiao,PERSON,2,2,,,False
wn-0031:2:86,event,docking: docking,docking,1,1,,wn-0031,False
wn-0031:2:110,event,docking: rendezvous,docking,1,1,2006,wn-0031,False
ORG:ATV,entity,ATV,ORG,2,2,,,False
wn-0031:2:112,event,docking: docking,docking,1,1,2006,wn-0031,False
wn-0031:8:230,event,failure: loss,failure,1,1,,wn-0031,False
wn-0032:1:39,event,discovery: discovery,discovery,1,1,2005-04-02,wn-0032,False
wn-0032:3:76,event,discovery: observed,discovery,1,1,2005-04-02,wn-0032,False
wn-0032:7:179,event,discovery: detection,discovery,1,1,2005-04-01,wn-0032,False
wn-0032:14:356,event,discovery: detection,discovery,1,1,2005-04-02,wn-0032,False
wn-0032:15:385,event,discovery: discovery,discovery,1,1,2005-04-02,wn-0032,False
wn-0033:6:232,event,discovery: detected,discovery,1,1,2005-04,wn-0033,False
SPACECRAFT:Voyager 2,entity,Voyager 2,SPACECRAFT,1,1,,,False
wn-0033:7:270,event,launch: launch,launch,1,1,1977,wn-0033,False
wn-0034:18:374,event,launch: launch,launch,1,1,2005,wn-0034,False
wn-0034:18:381,event,delay: delayed,delay,1,1,2005,wn-0034,False
wn-0035:1:47,event,discovery: discoveries,discovery,1,1,2005-04-06,wn-0035,False
wn-0036:0:14,event,launch: launch,launch,1,1,2005-04-06,wn-0036,False
wn-0036:1:47,event,discovery: discovered,discovery,1,1,2006-04-05,wn-0036,False
wn-0036:3:103,event,launch: launch,launch,1,1,,wn-0036,False
wn-0036:3:112,event,launch: launch,launch,1,1,,wn-0036,False
wn-0036:4:122,event,launch: launch,launch,1,1,2005-06-03,wn-0036,False
wn-0036:7:226,event,launch: launch,launch,1,1,PT8M,wn-0036,False
wn-0037:3:77,event,discovery: detect,discovery,1,1,2005-04-06,wn-0037,False
wn-0037:8:207,event,failure: explosions,failure,1,1,2005-04-06,wn-0037,False
wn-0037:8:228,event,failure: explosion,failure,1,1,2005-04-06,wn-0037,False
wn-0037:10:254,event,discovery: detect,discovery,1,1,PT1M,wn-0037,False
wn-0037:11:288,event,discovery: detect,discovery,1,1,,wn-0037,False
wn-0037:13:337,event,discovery: detected,discovery,1,1,2005-03-18,wn-0037,False
wn-0037:17:419,event,discovery: detected,discovery,1,1,2005-04-06,wn-0037,False
wn-0037:18:434,event,discovery: detected,discovery,1,1,,wn-0037,False
ORG:UVOT,entity,UVOT,ORG,1,2,,,False
wn-0037:19:442,event,discovery: detection,discovery,1,1,2005-04-06,wn-0037,False
wn-0037:20:483,event,discovery: detected,discovery,1,1,2005-04-06,wn-0037,False
wn-0037:21:491,event,discovery: detected,discovery,1,1,,wn-0037,False
wn-0038:2:56,event,launch: launch,launch,1,1,,wn-0038,False
PRODUCT:Discovery,entity,Discovery,PRODUCT,9,10,,,False
wn-0038:6:108,event,launch: launch,launch,1,1,2005-04-11T20:46,wn-0038,False
PERSON:John Phillips,entity,John Phillips,PERSON,1,1,,,False
wn-0038:11:238,event,failure: accident,failure,1,1,2003-02,wn-0038,False
GPE:Colombia,entity,Colombia,GPE,1,1,,,False
wn-0038:15:313,event,launch: launch,launch,1,1,2004-05-15,wn-0038,False
wn-0039:0:8,event,failure: accident,failure,1,1,2005-04-13,wn-0039,False
wn-0039:6:177,event,discovery: discoveries,discovery,1,1,2005-04-13,wn-0039,False
wn-0039:9:261,event,launch: launched,launch,1,1,2010,wn-0039,True
wn-0040:2:92,event,launch: launch,launch,1,1,2005-04-15,wn-0040,False
wn-0040:5:117,event,launch: launch,launch,1,1,2005-04-15,wn-0040,False
wn-0040:8:199,event,docking: dock,docking,1,1,2005-04-15T22:19,wn-0040,False
wn-0040:9:214,event,docking: docking,docking,1,1,2005-04-16,wn-0040,False
wn-0041:1:65,event,launch: launch,launch,1,1,2005-06-03,wn-0041,False
wn-0041:7:263,event,discovery: discovery,discovery,1,1,,wn-0041,False
wn-0041:17:561,event,failure: Disaster,failure,1,1,2003-02-01,wn-0041,False
SPACECRAFT:Space Shuttle Columbia,entity,Space Shuttle Columbia,SPACECRAFT,12,12,,,False
wn-0042:3:41,event,docking: docked,docking,1,1,2005-04-17T22:20,wn-0042,False
PERSON:Sergei Krikalev,entity,Sergei Krikalev,PERSON,1,1,,,False
wn-0042:8:156,event,landing: landing,landing,1,1,2005-04-17T18:08,wn-0042,False
wn-0042:9:202,event,failure: accident,failure,1,1,2005-04-17,wn-0042,False
wn-0042:11:278,event,docking: docked,docking,1,1,2005-04-17,wn-0042,False
wn-0043:0:13,event,discovery: discovered,discovery,1,1,2005-04-22,wn-0043,False
wn-0043:1:48,event,discovery: found,discovery,1,1,,wn-0043,False
wn-0043:6:175,event,discovery: observations,discovery,1,1,2005-04-22,wn-0043,False
wn-0044:0:39,event,landing: landed,landing,1,1,2005-04-25T18:08,wn-0044,False
wn-0044:1:66,event,launch: launched,launch,1,1,P8D,wn-0044,False
wn-0044:5:152,event,launch: launched,launch,1,1,2004-10-13,wn-0044,False
wn-0044:14:325,event,launch: launched,launch,1,1,2005-04-14,wn-0044,False
NORP:Vittori,entity,Vittori,NORP,1,1,,,False
wn-0045:2:83,event,discovery: detected,discovery,1,1,2005-04-30,wn-0045,False
wn-0045:2:90,event,discovery: observation,discovery,1,1,2005-04-30,wn-0045,False
wn-0045:5:208,event,discovery: Detection,discovery,1,1,,wn-0045,False
wn-0045:5:233,event,discovery: detect,discovery,1,1,,wn-0045,False
wn-0046:1:47,event,launch: Launching,launch,1,1,2005-08-10,wn-0046,False
wn-0046:3:87,event,landing: landing,landing,1,1,2005-05-04,wn-0046,False
wn-0046:3:92,event,landing: landings,landing,1,1,2005-05-04,wn-0046,False
wn-0046:5:175,event,launch: launch,launch,1,1,2005-05-04,wn-0046,False
wn-0046:10:285,event,launch: launch,launch,1,1,P7MO,wn-0046,False
wn-0046:12:344,event,launch: launch,launch,1,1,2005-05-04,wn-0046,False
wn-0046:15:407,event,launch: launch,launch,1,1,2005-05-04,wn-0046,False
wn-0048:0:12,event,discovery: discovery,discovery,1,1,2005-05-04,wn-0048,False
wn-0048:0:26,event,discovery: discovered,discovery,1,1,2005-05-04,wn-0048,False
wn-0048:1:34,event,discovery: discovery,discovery,1,1,2004-12-12,wn-0048,False
wn-0048:2:61,event,discovery: observations,discovery,1,1,2005-01,wn-0048,False
wn-0048:3:93,event,discovery: discovered,discovery,1,1,2001,wn-0048,False
wn-0048:4:120,event,discovery: discovered,discovery,1,1,2005-05-04,wn-0048,False
wn-0049:1:29,event,discovery: discovered,discovery,1,1,2005-05-06,wn-0049,False
ORG:Rover,entity,Rover,ORG,1,1,,,False
wn-0049:3:67,event,discovery: discover,discovery,1,1,2005-05-06,wn-0049,False
wn-0049:8:208,event,landing: landed,landing,1,1,2004-01-03,wn-0049,False
wn-0050:0:3,event,launch: launched,launch,1,1,,wn-0050,False
wn-0050:3:89,event,launch: launched,launch,1,1,2005-05-05,wn-0050,False
wn-0051:13:465,event,discovery: found,discovery,1,1,2005-05-08,wn-0051,False
wn-0051:16:561,event,discovery: find,discovery,1,1,2005-05-08,wn-0051,False
wn-0052:1:15,event,launch: launched,launch,1,1,1977,wn-0052,False
wn-0052:14:335,event,launch: launched,launch,1,1,,wn-0052,False
wn-0052:19:478,event,discovery: discovery,discovery,1,1,2005-05-24,wn-0052,False
wn-0053:2:53,event,launch: launching,launch,1,1,2005-06-21,wn-0053,False
wn-0053:3:81,event,launch: launched,launch,1,1,2005-06-02,wn-0053,False
wn-0053:10:234,event,launch: launched,launch,1,1,2005-06-02,wn-0053,False
wn-0054:20:426,event,landing: landing,landing,1,1,2004-01,wn-0054,False
wn-0054:20:432,event,discovery: found,discovery,1,1,2004-01,wn-0054,False
wn-0054:21:448,event,discovery: find,discovery,1,1,2006-06-06,wn-0054,True
ORG:Spirit,entity,Spirit,ORG,2,3,,,False
wn-0055:0:14,event,discovery: discovered,discovery,1,1,2005-06-14,wn-0055,False
wn-0055:1:36,event,discovery: discovered,discovery,1,1,2005-06-14,wn-0055,False
wn-0055:1:51,event,discovery: discovered,discovery,1,1,2005-06-14,wn-0055,False
wn-0055:3:84,event,discovery: detected,discovery,1,1,2005-06-14,wn-0055,False
wn-0055:3:111,event,discovery: discovered,discovery,1,1,2005-06-14,wn-0055,False
wn-0055:5:129,event,discovery: discovered,discovery,1,1,2005-06-14,wn-0055,False
wn-0055:7:209,event,discovery: found,discovery,1,1,2005-06-14,wn-0055,False
wn-0055:12:325,event,discovery: detecting,discovery,1,1,2005-06-14,wn-0055,False
wn-0055:14:396,event,discovery: Found,discovery,1,1,2005-06-14,wn-0055,False
wn-0056:0:15,event,failure: lost,failure,1,1,2005-06-23,wn-0056,False
wn-0056:1:37,event,launch: launched,launch,1,1,PT83S,wn-0056,False
wn-0056:1:60,event,failure: failed,failure,1,1,PT83S,wn-0056,False
wn-0056:4:141,event,discovery: find,discovery,1,1,2005-06-23,wn-0056,False
wn-0057:3:112,event,discovery: observe,discovery,1,1,2005-07-04,wn-0057,False
wn-0057:6:186,event,flyby: fly by,flyby,1,1,2005-07-04,wn-0057,False
wn-0057:8:235,event,launch: launch,launch,1,1,2005-01-12,wn-0057,False
wn-0057:9:295,event,flyby: flyby,flyby,1,1,2005-07-03,wn-0057,False
wn-0057:12:415,event,discovery: spotted,discovery,1,1,2005-07-04,wn-0057,True
wn-0057:13:439,event,flyby: flyby,flyby,1,1,2005-07-04,wn-0057,False
wn-0057:15:503,event,discovery: observed,discovery,1,1,2005-07-04,wn-0057,False
wn-0058:1:86,event,failure: explosion,failure,1,1,P1D,wn-0058,False
wn-0058:3:143,event,failure: crashed,failure,1,1,2005-07-04,wn-0058,False
wn-0058:3:160,event,failure: explosion,failure,1,1,2005-07-04,wn-0058,False
wn-0059:0:8,event,launch: launch,launch,1,1,2005-07-13,wn-0059,False
wn-0059:0:27,event,discovery: detect,discovery,1,1,2005-07-13,wn-0059,False
wn-0059:2:52,event,launch: launch,launch,1,1,2005-07-13,wn-0059,False
wn-0059:2:60,event,delay: scrub,delay,1,1,2005-07-13,wn-0059,False
wn-0059:3:82,event,launch: launch,launch,1,1,2005-07-13,wn-0059,False
wn-0059:5:114,event,failure: fail,failure,1,1,2005-07-13,wn-0059,False
wn-0059:6:139,event,discovery: detected,discovery,1,1,2005-07-13,wn-0059,False
wn-0059:7:172,event,failure: faulty,failure,1,1,2005-07-13,wn-0059,False
wn-0059:12:258,event,launch: launch,launch,1,1,2003-02,wn-0059,False
wn-0059:12:276,event,launch: launch,launch,1,1,2003-02,wn-0059,False
wn-0059:12:285,event,failure: crash,failure,1,1,2003-02,wn-0059,False
wn-0059:14:324,event,launch: launch,launch,1,1,2005-07-13,wn-0059,False
wn-0059:15:372,event,delay: delays,delay,1,1,2005-07-13,wn-0059,False
wn-0060:0:20,event,failure: accident,failure,1,1,2005-07-13,wn-0060,False
wn-0060:0:23,event,launch: launch,launch,1,1,2005-07-12,wn-0060,False
wn-0060:4:114,event,delay: delay,delay,1,1,PT1H,wn-0060,False
wn-0060:5:139,event,launch: launch,launch,1,1,2005-07-13,wn-0060,False
wn-0060:5:149,event,failure: broke up,failure,1,1,2003-02,wn-0060,False
SPACECRAFT:Columbia Orbiter,entity,Columbia Orbiter,SPACECRAFT,1,1,,,False
wn-0060:6:162,event,failure: lost,failure,1,1,2005-07-13,wn-0060,False
wn-0060:7:208,event,launch: take off,launch,1,1,,wn-0060,False
wn-0060:8:222,event,delay: delay,delay,1,1,2005-07-13,wn-0060,False
wn-0060:8:225,event,launch: launch,launch,1,1,2005-07-13,wn-0060,False
wn-0061:0:9,event,launch: launch,launch,1,1,2005-07-15,wn-0061,False
wn-0061:2:61,event,launch: launch,launch,1,1,P4D,wn-0061,False
wn-0061:6:78,event,launch: Launch,launch,1,1,,wn-0061,False
wn-0061:6:85,event,launch: launch,launch,1,1,,wn-0061,False
wn-0062:0:25,event,launch: launch,launch,1,1,2005-07-25,wn-0062,False
wn-0062:1:38,event,launch: launch,launch,1,1,2005-07-19,wn-0062,False
wn-0062:1:67,event,failure: explosion,failure,1,1,1986,wn-0062,False
ORG:Challenger,entity,Challenger,ORG,4,4,,,False
wn-0062:7:177,event,launch: launch,launch,1,1,,wn-0062,False
wn-0062:7:183,event,failure: disaster,failure,1,1,,wn-0062,False
wn-0063:0:22,event,launch: launch,launch,1,1,P2W,wn-0063,True
wn-0063:0:24,event,delay: scrubbed,delay,1,1,P2W,wn-0063,False
wn-0063:0:28,event,failure: faulty,failure,1,1,P2W,wn-0063,False
wn-0063:1:32,event,launch: launch,launch,1,1,2005-08-07,wn-0063,False
wn-0064:0:9,event,launch: launched,launch,1,1,2005-07-27,wn-0064,False
wn-0064:1:44,event,failure: destroyed,failure,1,1,2005-07-27,wn-0064,False
wn-0064:1:71,event,landing: reentry,landing,1,1,2005-07-27,wn-0064,False
wn-0064:4:180,event,landing: landing,landing,1,1,2005-07-27,wn-0064,False
wn-0065:1:17,event,discovery: findings,discovery,1,1,,wn-0065,False
wn-0065:1:42,event,launch: launch,launch,1,1,,wn-0065,False
wn-0065:1:59,event,docking: docked,docking,1,1,2005-07-28,wn-0065,False
wn-0065:2:86,event,launch: launch,launch,1,1,2005-07-28,wn-0065,False
wn-0065:3:107,event,launch: launches,launch,1,1,2005-07-28,wn-0065,False
wn-0065:4:149,event,failure: loss,failure,1,1,2003-01,wn-0065,False
wn-0065:4:157,event,landing: reentry,landing,1,1,2003-01,wn-0065,False
wn-0066:1:33,event,discovery: found,discovery,1,1,2005-07-30,wn-0066,False
wn-0066:5:121,event,discovery: found,discovery,1,1,2005-07-30,wn-0066,False
wn-0066:7:157,event,discovery: discoveries,discovery,1,1,2004,wn-0066,False
wn-0066:7:164,event,discovery: found,discovery,1,1,2004,wn-0066,False
wn-0066:9:219,event,discovery: found,discovery,1,1,2003,wn-0066,False
wn-0066:16:442,event,discovery: found,discovery,1,1,2005-07-30,wn-0066,False
CELESTIAL:Pluto,entity,Pluto,CELESTIAL,3,3,,,False
wn-0066:18:485,event,discovery: discovery,discovery,1,1,2005-07-30,wn-0066,False
wn-0066:22:590,event,discovery: identify,discovery,1,1,2005-07-30,wn-0066,False
wn-0066:22:607,event,discovery: discovery,discovery,1,1,2005-07-30,wn-0066,False
wn-0066:23:613,event,discovery: discovery,discovery,1,1,2003,wn-0066,False
wn-0066:27:727,event,discovery: found,discovery,1,1,2004,wn-0066,False
wn-0066:28:754,event,discovery: discovery,discovery,1,1,2005-07-30,wn-0066,False
wn-0066:35:898,event,discovery: discovery,discovery,1,1,2003,wn-0066,False
wn-0066:41:1022,event,discovery: discovery,discovery,1,1,2005-07-23,wn-0066,False
wn-0066:42:1044,event,discovery: discovery,discovery,1,1,2003,wn-0066,False
wn-0066:44:1080,event,discovery: discovery,discovery,1,1,2003,wn-0066,False
wn-0066:46:1120,event,discovery: discovery,discovery,1,1,2003,wn-0066,False
wn-0067:0:7,event,delay: postponed,delay,1,1,2005-07-30,wn-0067,False
wn-0067:0:9,event,landing: landing,landing,1,1,2005-07-30,wn-0067,True
wn-0067:1:25,event,delay: delayed,delay,1,1,2005-08-08,wn-0067,False
wn-0067:1:27,event,landing: landing,landing,1,1,2005-08-08,wn-0067,True
wn-0067:1:31,event,failure: cancelled,failure,1,1,2005-08-08,wn-0067,False
wn-0067:1:54,event,landing: landing,landing,1,1,2005-08-08,wn-0067,False
wn-0067:3:59,event,landing: Landing,landing,1,1,2005-08-08,wn-0067,False
wn-0067:3:68,event,landing: landing,landing,1,1,2005-08-08,wn-0067,False
wn-0067:4:78,event,landing: landing,landing,1,1,2005-08-08,wn-0067,False
wn-0067:4:94,event,landing: descent,landing,1,1,2005-08-08,wn-0067,False
wn-0067:5:109,event,landing: landing,landing,1,1,2005-08-08,wn-0067,False
wn-0067:8:154,event,landing: landing,landing,1,1,2005-08-09,wn-0067,False
wn-0067:9:186,event,landing: landing,landing,1,1,2005-08-08,wn-0067,False
wn-0067:9:203,event,landing: landing,landing,1,1,2005-08-08,wn-0067,False
wn-0067:10:213,event,landing: land,landing,1,1,2005-08-09,wn-0067,False
wn-0068:0:12,event,landing: landing,landing,1,1,2005-08-09T08:11,wn-0068,False
wn-0068:0:21,event,landing: touching down,landing,1,1,2005-08-09T08:11,wn-0068,False
wn-0069:2:74,event,failure: loss,failure,1,1,2005-08-16,wn-0069,False
wn-0069:6:209,event,failure: loss,failure,1,1,2005-08-16,wn-0069,False
wn-0070:0:28,event,failure: exploded,failure,1,1,2005-08-18,wn-0070,False
wn-0070:1:46,event,failure: explosion,failure,1,1,2005-08-18,wn-0070,False
wn-0071:5:125,event,delay: delayed,delay,1,1,2006,wn-0071,False
wn-0071:6:157,event,launch: launch,launch,1,1,2005-08-19,wn-0071,False
wn-0073:0:2,event,discovery: discovered,discovery,1,1,P25Y,wn-0073,False
wn-0073:1:39,event,discovery: discovery,discovery,1,1,1981,wn-0073,False
wn-0073:2:77,event,discovery: found,discovery,1,1,2005-09-07,wn-0073,False
wn-0073:3:94,event,discovery: discovered,discovery,1,1,2005-09-07,wn-0073,False
wn-0073:5:164,event,discovery: observed,discovery,1,1,,wn-0073,False
PRODUCT:Galileo,entity,Galileo,PRODUCT,3,4,,,False
wn-0073:7:221,event,discovery: discoveries,discovery,1,1,2005-09-05,wn-0073,False
wn-0074:0:4,event,delay: delay,delay,1,1,2006,wn-0074,False
wn-0074:2:109,event,launch: launches,launch,1,1,2005-09-09,wn-0074,False
ORG:Shuttle,entity,Shuttle,ORG,1,1,,,False
wn-0074:4:156,event,failure: disaster,failure,1,1,2005-09-09,wn-0074,False
wn-0074:11:310,event,failure: losses,failure,1,1,2005-09-09,wn-0074,False
wn-0074:12:314,event,failure: lost,failure,1,1,2005-09-09,wn-0074,False
wn-0075:3:92,event,discovery: discovery,discovery,1,1,2005-09-13,wn-0075,False
wn-0076:1:51,event,discovery: observations,discovery,1,1,2008,wn-0076,False
wn-0076:4:106,event,discovery: observations,discovery,1,1,2005-09-17,wn-0076,False
wn-0076:11:239,event,discovery: observation,discovery,1,1,2005-09-17,wn-0076,False
wn-0076:14:318,event,discovery: observations,discovery,1,1,,wn-0076,False
wn-0077:5:84,event,launch: launched,launch,1,1,2005-09-19,wn-0077,False
wn-0077:10:195,event,landing: landing,landing,1,1,2005-09-19,wn-0077,False
wn-0077:16:253,event,launch: launch,launch,1,1,2005-09-19,wn-0077,False
wn-0077:17:275,event,launch: launched,launch,1,1,2005-09-19,wn-0077,False
wn-0077:17:279,event,launch: Launch,launch,1,1,2005-09-19,wn-0077,False
wn-0077:22:363,event,launch: Launch,launch,1,1,2005-09-19,wn-0077,False
wn-0077:23:391,event,failure: exploding,failure,1,1,2005-09-19,wn-0077,False
wn-0077:24:421,event,docking: dock,docking,1,1,2005-09-19,wn-0077,False
ORG:CEV,entity,CEV,ORG,1,1,,,False
wn-0077:33:516,event,landing: set down,landing,1,1,2005-09-19,wn-0077,False
wn-0077:34:525,event,landing: land,landing,1,1,2005-09-19,wn-0077,False
wn-0078:0:13,event,launch: launched,launch,1,1,2005-10-12,wn-0078,False
wn-0078:1:43,event,launch: launch,launch,1,1,2005-10-12,wn-0078,False
wn-0079:0:4,event,landing: touched down,landing,1,1,2032,wn-0079,False
wn-0080:0:9,event,launch: launched,launch,1,1,2005-11-09,wn-0080,False
wn-0080:1:43,event,launch: launch,launch,1,1,PT90M,wn-0080,False
wn-0081:4:113,event,landing: land,landing,1,1,2005-08,wn-0081,False
wn-0081:6:126,event,discovery: find out,discovery,1,1,2005-11-12,wn-0081,False
wn-0082:0:1,event,launch: launch,launch,1,1,2005-11-13,wn-0082,True
wn-0082:0:10,event,delay: postponed,delay,1,1,2005-11-13,wn-0082,False
wn-0082:1:32,event,launch: launch,launch,1,1,2005-11-12,wn-0082,False
wn-0082:2:68,event,launch: launch,launch,1,1,2005-11-13,wn-0082,False
wn-0082:5:137,event,failure: disaster,failure,1,1,2002,wn-0082,False
wn-0082:6:170,event,launch: launched,launch,1,1,2005-02,wn-0082,False
wn-0083:0:17,event,landing: touching down,landing,1,1,2005-11-26,wn-0083,False
wn-0083:1:50,event,failure: aborted,failure,1,1,2005-11-26,wn-0083,False
wn-0083:1:56,event,failure: loss,failure,1,1,2005-11-26,wn-0083,False
wn-0084:0:6,event,delay: delayed,delay,1,1,2005-11-26,wn-0084,False
wn-0084:0:8,event,launch: launch,launch,1,1,2005-11-26,wn-0084,False
wn-0084:0:22,event,launch: launch,launch,1,1,2005-11-26,wn-0084,False
wn-0084:1:29,event,launch: launch,launch,1,1,2005-11-28,wn-0084,False
wn-0084:2:56,event,launch: launch,launch,1,1,2005-11-28,wn-0084,True
wn-0084:2:58,event,delay: delayed,delay,1,1,2005-11-28,wn-0084,True
wn-0084:2:62,event,failure: cancelled,failure,1,1,2005-11-28,wn-0084,False
wn-0084:4:109,event,delay: scrub,delay,1,1,2005-11-28,wn-0084,False
wn-0084:4:116,event,discovery: discovered,discovery,1,1,2005-11-28,wn-0084,False
wn-0084:5:129,event,launch: launched,launch,1,1,2005-01,wn-0084,False
wn-0084:5:143,event,delay: delays,delay,1,1,2005-01,wn-0084,False
wn-0084:6:162,event,launch: launched,launch,1,1,2005-11-28,wn-0084,False
wn-0084:7:183,event,launch: launch,launch,1,1,2005-11-28,wn-0084,False
wn-0084:9:232,event,launch: launch,launch,1,1,2005-11-28,wn-0084,False
wn-0084:9:248,event,launch: launch,launch,1,1,2005-11-28,wn-0084,False
wn-0085:3:71,event,launch: launch,launch,1,1,2005-12-19,wn-0085,False
wn-0085:8:156,event,launch: launch,launch,1,1,2007,wn-0085,False
wn-0085:9:169,event,launch: launching,launch,1,1,2005-12-19,wn-0085,False
wn-0085:11:197,event,launch: launch,launch,1,1,2006,wn-0085,False
NORP:Chinese,entity,Chinese,NORP,3,3,,,False
wn-0087:0:6,event,discovery: discovered,discovery,1,1,2005-12,wn-0087,False
wn-0088:1:29,event,discovery: discover,discovery,1,1,2006-01-11,wn-0088,False
wn-0088:3:80,event,landing: lands,landing,1,1,P7Y,wn-0088,False
wn-0088:10:290,event,landing: descent,landing,1,1,2006-01-11,wn-0088,False
wn-0088:10:317,event,landing: landing,landing,1,1,2006-01-11,wn-0088,False
wn-0088:11:324,event,failure: crashed,failure,1,1,2004,wn-0088,False
wn-0088:11:332,event,failure: failed,failure,1,1,2004,wn-0088,False
wn-0088:12:362,event,failure: destroyed,failure,1,1,P3Y,wn-0088,False
wn-0088:13:384,event,failure: disaster,failure,1,1,P6MO,wn-0088,False
SPACECRAFT:Columbia shuttle,entity,Columbia shuttle,SPACECRAFT,1,1,,,False
wn-0089:1:19,event,landing: land,landing,1,1,2006-01-15,wn-0089,False
wn-0089:21:620,event,discovery: identify,discovery,1,1,2006-01-11,wn-0089,False
wn-0089:24:690,event,failure: explosions,failure,1,1,2006-01-11,wn-0089,False
wn-0089:25:704,event,discovery: found,discovery,1,1,2006-01-11,wn-0089,False
wn-0089:26:735,event,discovery: find,discovery,1,1,2006-01-11,wn-0089,False
wn-0089:32:889,event,discovery: find,discovery,1,1,2006-01-11,wn-0089,False
wn-0089:35:954,event,discovery: find,discovery,1,1,2006-01-11,wn-0089,False
wn-0089:38:1029,event,discovery: spotting,discovery,1,1,2006-01-11,wn-0089,False
wn-0089:43:1159,event,discovery: finding,discovery,1,1,2006-01-11,wn-0089,False
wn-0089:44:1172,event,discovery: find,discovery,1,1,2006-01-11,wn-0089,False
wn-0089:44:1193,event,discovery: discovery,discovery,1,1,2006-01-11,wn-0089,False
wn-0089:49:1326,event,launch: launched,launch,1,1,1999-02-07,wn-0089,False
wn-0090:0:10,event,flyby: encounter,flyby,1,1,2006-01-11,wn-0090,False
wn-0090:2:96,event,flyby: encounter,flyby,1,1,2004,wn-0090,False
wn-0090:4:166,event,discovery: found,discovery,1,1,2006-01-11,wn-0090,False
wn-0091:9:146,event,failure: exploded,failure,1,1,2006-01-11,wn-0091,False
wn-0091:10:171,event,landing: landed,landing,1,1,2006-01-11,wn-0091,False
wn-0091:11:185,event,landing: landed,landing,1,1,2006-01-11,wn-0091,False
wn-0091:17:279,event,landing: landed,landing,1,1,2006-01-11,wn-0091,False
wn-0092:0:6,event,landing: touchdown,landing,1,1,2006-01-11,wn-0092,False
wn-0092:1:26,event,landing: landed,landing,1,1,2006-01-11,wn-0092,False
wn-0092:4:101,event,landing: landing,landing,1,1,2006-01-11,wn-0092,False
wn-0092:12:232,event,failure: crashed,failure,1,1,2004,wn-0092,False
ORG:Genesis,entity,Genesis,ORG,1,1,,,False
wn-0092:13:250,event,landing: landed,landing,1,1,2006-01-11,wn-0092,False
wn-0092:14:277,event,discovery: observations,discovery,1,1,2006-01-11T05:10,wn-0092,False
wn-0092:15:324,event,landing: landed,landing,1,1,2006-01-18,wn-0092,False
wn-0092:16:332,event,discovery: find,discovery,1,1,2006-01-11,wn-0092,False
wn-0092:19:462,event,landing: landing,landing,1,1,2006-01-11,wn-0092,False
wn-0092:20:515,event,launch: launched,launch,1,1,2006-01-11,wn-0092,False
wn-0092:21:520,event,launch: launched,launch,1,1,1999,wn-0092,False
wn-0093:7:200,event,discovery: discovery,discovery,1,1,,wn-0093,False
wn-0093:9:287,event,discovery: findings,discovery,1,1,,wn-0093,False
wn-0093:9:335,event,failure: lost,failure,1,1,,wn-0093,False
wn-0093:12:367,event,discovery: discovered,discovery,1,1,2006-01-14,wn-0093,False
wn-0093:16:450,event,discovery: discovery,discovery,1,1,1990,wn-0093,False
wn-0093:16:458,event,discovery: discoveries,discovery,1,1,1990,wn-0093,False
wn-0093:17:477,event,discovery: discovered,discovery,1,1,1994,wn-0093,False
wn-0093:18:496,event,discovery: identified,discovery,1,1,2006-01-14,wn-0093,False
wn-0093:19:541,event,discovery: discovery,discovery,1,1,2006-01-14,wn-0093,False
wn-0093:21:626,event,discovery: found,discovery,1,1,2001,wn-0093,False
wn-0093:22:672,event,discovery: discovery,discovery,1,1,2006-01-14,wn-0093,False
wn-0093:22:692,event,discovery: detected,discovery,1,1,2006-01-14,wn-0093,False
wn-0093:22:700,event,discovery: identified,discovery,1,1,2006-01-14,wn-0093,False
PERSON:Juric,entity,Juric,PERSON,1,1,,,False
wn-0094:0:14,event,launch: lifted off,launch,1,1,2006-01-19,wn-0094,False
wn-0094:0:46,event,delay: scrubbed,delay,1,1,,wn-0094,False
wn-0094:0:47,event,launch: liftoffs,launch,1,1,P2D,wn-0094,False
wn-0094:6:205,event,flyby: fly,flyby,1,1,2015-07-14,wn-0094,False
wn-0094:6:221,event,flyby: flyby,flyby,1,1,2015-07-14,wn-0094,False
wn-0094:9:278,event,launch: launch,launch,1,1,2006-01-19,wn-0094,False
wn-0094:9:283,event,failure: accident,failure,1,1,2006-01-19,wn-0094,False
wn-0094:10:299,event,failure: disaster,failure,1,1,2006-01-19,wn-0094,False
wn-0094:11:317,event,launch: liftoff,launch,1,1,2006-01-17,wn-0094,True
wn-0094:11:319,event,delay: postponed,delay,1,1,2006-01-17,wn-0094,False
wn-0094:11:326,event,launch: launch,launch,1,1,2006-01-17,wn-0094,False
wn-0094:12:331,event,launch: launch,launch,1,1,2006-01-18,wn-0094,False
wn-0095:11:295,event,discovery: found,discovery,1,1,2006-01-27,wn-0095,False
PERSON:Smith,entity,Smith,PERSON,1,1,,,False
wn-0095:15:405,event,discovery: discovered,discovery,1,1,2006-01-27,wn-0095,False
ORG:Smith,entity,Smith,ORG,1,1,,,False
wn-0095:36:919,event,launch: launched,launch,1,1,2003-09,wn-0095,False
wn-0097:0:7,event,launch: launched,launch,1,1,2006-02-18,wn-0097,False
ORG:JAXA,entity,Japan Aerospace Exploration Agency,ORG,2,2,,,False
wn-0097:4:87,event,launch: launched,launch,1,1,2006-02-18T15:55,wn-0097,False
wn-0097:6:138,event,launch: launched,launch,1,1,2006-01-18,wn-0097,False
wn-0098:0:3,event,delay: postponed,delay,1,1,2006-02-21,wn-0098,False
wn-0098:0:5,event,launch: launch,launch,1,1,2006-02-21,wn-0098,True
wn-0098:0:19,event,launch: launch,launch,1,1,2006-02-21,wn-0098,False
wn-0098:1:29,event,delay: delay,delay,1,1,2005-11-11,wn-0098,False
wn-0098:2:64,event,launch: launch,launch,1,1,2006-02-21,wn-0098,False
wn-0098:2:73,event,launch: launch,launch,1,1,2006-02-21,wn-0098,False
wn-0098:3:98,event,failure: destroyed,failure,1,1,2006-02-21,wn-0098,False
wn-0098:3:105,event,failure: malfunction,failure,1,1,2006-02-21,wn-0098,False
wn-0098:4:130,event,failure: destroyed,failure,1,1,2006-02-21,wn-0098,False
wn-0098:4:137,event,failure: malfunction,failure,1,1,2006-02-21,wn-0098,False
wn-0098:5:144,event,failure: failure,failure,1,1,2006-02-28,wn-0098,False
wn-0100:6:138,event,launch: launched,launch,1,1,2005-08-10,wn-0100,False
wn-0101:2:58,event,landing: landing,landing,1,1,2006-03-12,wn-0101,False
wn-0101:6:156,event,failure: failed,failure,1,1,2006-03-12,wn-0101,False
wn-0101:7:191,event,failure: failed,failure,1,1,2006-03-12,wn-0101,False
wn-0101:10:273,event,launch: launch,launch,1,1,2006-03-12,wn-0101,False
wn-0102:1:22,event,launch: launched,launch,1,1,2006-03-12,wn-0102,False
ORG:Google,entity,Google,ORG,1,1,,,False
wn-0102:7:223,event,landing: landings,landing,1,1,2006-03-13,wn-0102,False
wn-0103:0:8,event,discovery: found,discovery,1,1,2006-03-14,wn-0103,False
wn-0103:3:82,event,discovery: found,discovery,1,1,2006-03-14,wn-0103,False
wn-0103:4:115,event,discovery: discovery,discovery,1,1,2006-03-14,wn-0103,False
wn-0104:0:30,event,failure: crashing,failure,1,1,2006-04-10,wn-0104,False
wn-0104:3:95,event,landing: land,landing,1,1,2006-04-10,wn-0104,False
wn-0104:11:276,event,launch: launch,launch,1,1,2008-10,wn-0104,False
ORG:LRO,entity,LRO,ORG,1,2,,,False
wn-0104:14:352,event,failure: crash,failure,1,1,2006-04-10,wn-0104,False
wn-0104:15:380,event,failure: crash,failure,1,1,2006-04-10,wn-0104,False
wn-0104:15:398,event,discovery: observe,discovery,1,1,2006-04-10,wn-0104,False
wn-0105:3:72,event,launch: launched,launch,1,1,1977-09-05,wn-0105,False
wn-0106:0:8,event,launch: launch,launch,1,1,2006-07,wn-0106,False
wn-0106:0:26,event,launch: launch,launch,1,1,2006-07,wn-0106,False
wn-0106:1:37,event,discovery: found,discovery,1,1,2006-04-29,wn-0106,False
wn-0106:1:58,event,launch: launch,launch,1,1,2006-04-29,wn-0106,False
wn-0106:2:84,event,failure: loss,failure,1,1,2006-04-29,wn-0106,False
wn-0106:7:206,event,failure: broke up,failure,1,1,2003-02,wn-0106,False
SPACECRAFT:shuttle Columbia,entity,shuttle Columbia,SPACECRAFT,2,2,,,False
wn-0106:10:292,event,launch: taking off,launch,1,1,2006-04-29,wn-0106,False
wn-0107:10:316,event,failure: destroyed,failure,1,1,1958,wn-0107,False
wn-0108:0:10,event,launch: launched,launch,1,1,2006-05-01,wn-0108,False
wn-0108:2:69,event,discovery: observe,discovery,1,1,2006-05-01,wn-0108,False
wn-0109:1:53,event,launch: launch,launch,1,1,PT7H,wn-0109,False
wn-0109:3:68,event,launch: launch,launch,1,1,2006-05,wn-0109,False
wn-0109:3:85,event,failure: faulty,failure,1,1,2006-05,wn-0109,False
wn-0109:5:126,event,failure: disaster,failure,1,1,2006-05-19,wn-0109,False
wn-0109:6:130,event,failure: accident,failure,1,1,2006-05-19,wn-0109,False
wn-0109:7:149,event,launch: launch,launch,1,1,2005,wn-0109,False
wn-0109:9:193,event,discovery: detected,discovery,1,1,2006-05-19,wn-0109,False
wn-0109:9:224,event,landing: landed,landing,1,1,2006-05-19,wn-0109,False
wn-0109:10:232,event,launch: launch,launch,1,1,2006-07-19,wn-0109,False
wn-0110:3:38,event,launch: launched,launch,1,1,1999,wn-0110,False
wn-0110:11:220,event,launch: launch,launch,1,1,2006-05-28,wn-0110,False
wn-0110:11:258,event,launch: launch,launch,1,1,2006-05-28,wn-0110,False
wn-0110:17:309,event,discovery: find,discovery,1,1,2006-05-28,wn-0110,False
wn-0110:26:529,event,discovery: found,discovery,1,1,2006-05-28,wn-0110,False
wn-0110:31:584,event,discovery: detect,discovery,1,1,2006-05-28,wn-0110,False
PERSON:Eberhard Gruen,entity,Eberhard Gruen,PERSON,1,1,,,False
wn-0110:51:1020,event,discovery: discoveries,discovery,1,1,2006-05-28,wn-0110,False
wn-0110:52:1031,event,discovery: find,discovery,1,1,2006-05-28,wn-0110,False
wn-0110:53:1056,event,discovery: find,discovery,1,1,2006-05-28,wn-0110,False
wn-0110:58:1141,event,launch: launch,launch,1,1,,wn-0110,False
wn-0110:58:1153,event,launch: launch,launch,1,1,,wn-0110,False
wn-0110:60:1183,event,launch: launched,launch,1,1,2006-05-28,wn-0110,False
wn-0110:65:1273,event,delay: delays,delay,1,1,2006-05-28,wn-0110,False
wn-0110:68:1376,event,discovery: uncovered,discovery,1,1,2006-05-28,wn-0110,False
wn-0110:69:1404,event,delay: delay,delay,1,1,2006-05-28,wn-0110,False
wn-0110:72:1503,event,delay: delay,delay,1,1,2006-05-28,wn-0110,False
wn-0110:114:2249,event,discovery: finding,discovery,1,1,2006-05-28,wn-0110,False
wn-0110:121:2388,event,failure: lost,failure,1,1,2006-05-28,wn-0110,False
wn-0110:121:2390,event,failure: destroyed,failure,1,1,2006-05-28,wn-0110,False
wn-0110:125:2481,event,failure: loss,failure,1,1,2006-05-28,wn-0110,False
wn-0110:126:2500,event,failure: disaster,failure,1,1,2006-05-28,wn-0110,False
wn-0110:147:2956,event,discovery: found,discovery,1,1,2006-05-28,wn-0110,False
wn-0110:148:2969,event,discovery: finding,discovery,1,1,2006-05-28,wn-0110,False
wn-0110:149:2978,event,discovery: identifies,discovery,1,1,2006-05-28,wn-0110,False
wn-0110:150:3055,event,discovery: discover,discovery,1,1,2006-05-28,wn-0110,False
wn-0111:0:2,event,discovery: found,discovery,1,1,2006-06-03,wn-0111,False
wn-0112:11:204,event,landing: landed,landing,1,1,1904,wn-0112,False
wn-0112:12:223,event,landing: landed,landing,1,1,2006-06-07,wn-0112,False
wn-0112:13:240,event,discovery: find,discovery,1,1,2006-06-12,wn-0112,False
wn-0113:0:5,event,launch: launched,launch,1,1,2006-06-15,wn-0113,False
wn-0113:0:9,event,discovery: observation,discovery,1,1,2006-06-15,wn-0113,False
wn-0113:1:43,event,failure: disasters,failure,1,1,2006-06-15,wn-0113,False
wn-0113:2:52,event,launch: lifted off,launch,1,1,2006-06-15,wn-0113,False
wn-0113:10:308,event,discovery: identifying,discovery,1,1,2006-06-15,wn-0113,False
wn-0113:11:319,event,launch: launches,launch,1,1,,wn-0113,False
wn-0113:12:338,event,launch: launch,launch,1,1,2006-06-15,wn-0113,False
wn-0113:12:355,event,launch: launch,launch,1,1,2006-06-15,wn-0113,False
wn-0114:0:3,event,discovery: discovered,discovery,1,1,2006-06-23,wn-0114,False
wn-0114:1:36,event,discovery: discovered,discovery,1,1,2005,wn-0114,False
wn-0114:2:107,event,discovery: discovery,discovery,1,1,2006-06-23,wn-0114,False
wn-0114:3:111,event,discovery: discovery,discovery,1,1,P27Y,wn-0114,False
wn-0114:3:117,event,discovery: discovery,discovery,1,1,P27Y,wn-0114,False
CELESTIAL:Charon,entity,Charon,CELESTIAL,1,1,,,False
wn-0115:4:82,event,discovery: identified,discovery,1,1,2006-06-25,wn-0115,True
wn-0115:7:139,event,failure: malfunction,failure,1,1,2006-06-25,wn-0115,False
wn-0115:7:143,event,failure: faulty,failure,1,1,2006-06-25,wn-0115,False
wn-0115:13:250,event,launch: launched,launch,1,1,1990-04,wn-0115,False
wn-0116:0:3,event,launch: launch,launch,1,1,2006-07-01T03:48,wn-0116,False
wn-0116:0:24,event,failure: loss,failure,1,1,2003,wn-0116,False
wn-0116:4:116,event,delay: delayed,delay,1,1,2006-07-02,wn-0116,False
wn-0116:4:118,event,launch: launch,launch,1,1,2006-07-02,wn-0116,True
wn-0116:4:126,event,launch: launch,launch,1,1,2006-07-01T15:26,wn-0116,False
wn-0117:1:50,event,discovery: discovered,discovery,1,1,2004,wn-0117,False
wn-0117:6:191,event,discovery: found,discovery,1,1,2006-07-02,wn-0117,False
wn-0118:0:11,event,launch: launch,launch,1,1,2006-07-04T14:38,wn-0118,False
wn-0118:1:26,event,launch: launch,launch,1,1,2006-07-04,wn-0118,True
wn-0118:1:37,event,delay: delayed,delay,1,1,2006-07-04,wn-0118,False
wn-0118:3:96,event,discovery: found,discovery,1,1,,wn-0118,False
wn-0118:4:118,event,launch: launch,launch,1,1,2006-07-04,wn-0118,False
wn-0118:9:228,event,launch: launch,launch,1,1,2006-07-04,wn-0118,False
wn-0118:10:245,event,launch: launch,launch,1,1,2006-07-04,wn-0118,False
wn-0118:11:272,event,failure: disaster,failure,1,1,2003,wn-0118,False
wn-0118:12:287,event,launch: launch,launch,1,1,2006-07-04,wn-0118,False
wn-0119:0:6,event,launch: launched,launch,1,1,2006-07-04,wn-0119,False
wn-0119:1:27,event,failure: loss,failure,1,1,2003-02-01,wn-0119,False
wn-0119:3:77,event,launch: Launch,launch,1,1,2006-07-04T14:38,wn-0119,False
wn-0119:4:105,event,launch: launch,launch,1,1,PT3M,wn-0119,False
wn-0119:8:178,event,launch: launch,launch,1,1,2006-07,wn-0119,False
wn-0120:0:3,event,landing: landed,landing,1,1,2006-07-18T09:14,wn-0120,False
wn-0120:3:86,event,landing: descent,landing,1,1,2006-07-18,wn-0120,False
wn-0120:3:96,event,landing: landing,landing,1,1,2006-07-18,wn-0120,False
wn-0120:5:143,event,landing: landing,landing,1,1,2006-07-18,wn-0120,False
wn-0120:6:151,event,landing: landing,landing,1,1,2006-07-18,wn-0120,False
wn-0120:7:193,event,landing: landed,landing,1,1,2006-07-18,wn-0120,False
wn-0120:12:302,event,failure: disaster,failure,1,1,2006-07-18,wn-0120,False
wn-0121:2:61,event,failure: loss,failure,1,1,P4Y,wn-0121,False
wn-0121:5:127,event,launch: launch,launch,1,1,2006-08-28,wn-0121,False
wn-0121:6:143,event,launch: launch,launch,1,1,2006-08-27,wn-0121,False
wn-0122:0:19,event,failure: exploding,failure,1,1,2006-07-25,wn-0122,False
wn-0122:1:43,event,failure: explosion,failure,1,1,2006-07-25,wn-0122,False
wn-0122:2:89,event,discovery: found,discovery,1,1,2006-07-25,wn-0122,False
wn-0123:1:31,event,discovery: findings,discovery,1,1,2006-07-30,wn-0123,False
wn-0123:7:206,event,discovery: found,discovery,1,1,2006-07-30,wn-0123,False
wn-0124:0:7,event,landing: landing,landing,1,1,2006-08-05,wn-0124,False
wn-0124:1:44,event,discovery: found,discovery,1,1,2006-08-05,wn-0124,False
wn-0124:4:126,event,landing: landings,landing,1,1,2006-08-05,wn-0124,False
wn-0124:14:344,event,discovery: found,discovery,1,1,2006-08-05,wn-0124,False
wn-0124:15:386,event,discovery: found,discovery,1,1,2006-10,wn-0124,False
wn-0125:0:11,event,landing: landings,landing,1,1,2006-08-05,wn-0125,False
wn-0125:9:318,event,discovery: found,discovery,1,1,2006-08-14,wn-0125,False
wn-0125:14:489,event,discovery: found,discovery,1,1,2006-08-14,wn-0125,False
wn-0126:2:134,event,discovery: observation,discovery,1,1,2006-08-16,wn-0126,False
wn-0126:10:391,event,discovery: discovery,discovery,1,1,2005,wn-0126,False
wn-0126:18:604,event,discovery: discovered,discovery,1,1,1930,wn-0126,False
wn-0127:1:24,event,launch: launch,launch,1,1,2006-08-16,wn-0127,False
wn-0127:2:49,event,launch: launch,launch,1,1,,wn-0127,False
wn-0127:10:174,event,launch: launch,launch,1,1,2006-08-18,wn-0127,False
wn-0127:14:266,event,launch: launch,launch,1,1,2006-08-18,wn-0127,False
wn-0127:17:346,event,launch: launch,launch,1,1,2006-08-18,wn-0127,False
wn-0128:0:7,event,launch: launched,launch,1,1,2008,wn-0128,False
wn-0128:1:37,event,launch: launch,launch,1,1,2006-08-21,wn-0128,False
wn-0128:3:68,event,launch: launch,launch,1,1,P2W,wn-0128,False
wn-0128:6:161,event,launch: launch,launch,1,1,2006-08-21,wn-0128,False
wn-0128:8:202,event,launch: launch,launch,1,1,2006-03,wn-0128,False
wn-0128:8:214,event,failure: failed,failure,1,1,2006-03,wn-0128,False
wn-0128:10:243,event,launch: launch,launch,1,1,2008,wn-0128,False
wn-0128:11:263,event,launch: launch,launch,1,1,2006-10,wn-0128,False
wn-0128:17:381,event,launch: launch,launch,1,1,2006-08-21,wn-0128,False
wn-0128:19:428,event,launch: launches,launch,1,1,2006-08-21,wn-0128,False
wn-0128:22:461,event,launch: launch,launch,1,1,2006-08-21,wn-0128,False
wn-0129:0:1,event,discovery: observations,discovery,1,1,2006-08-21,wn-0129,False
wn-0129:2:96,event,discovery: observation,discovery,1,1,2006-08-21,wn-0129,False
wn-0129:2:116,event,discovery: detected,discovery,1,1,2006-08-21,wn-0129,False
wn-0129:2:118,event,discovery: observing,discovery,1,1,2006-08-21,wn-0129,False
wn-0129:6:197,event,discovery: detect,discovery,1,1,2006-08-21,wn-0129,False
wn-0129:8:245,event,discovery: discovery,discovery,1,1,,wn-0129,False
wn-0130:0:50,event,discovery: discovered,discovery,1,1,2006-08-22,wn-0130,False
wn-0130:2:82,event,discovery: discovery,discovery,1,1,2006-08-22,wn-0130,False
wn-0130:3:97,event,discovery: found,discovery,1,1,2006-08-22,wn-0130,False
wn-0130:3:106,event,discovery: detects,discovery,1,1,2006-08-22,wn-0130,False
wn-0130:6:177,event,discovery: finding,discovery,1,1,2006-08-22,wn-0130,False
wn-0130:8:197,event,discovery: discover,discovery,1,1,2006-08-22,wn-0130,False
wn-0130:15:448,event,discovery: discovered,discovery,1,1,2006-08-22,wn-0130,False
wn-0130:16:473,event,discovery: discovered,discovery,1,1,2006-08-22,wn-0130,False
wn-0130:18:498,event,discovery: found,discovery,1,1,P2Y,wn-0130,False
wn-0130:19:517,event,discovery: found,discovery,1,1,2006-08-22,wn-0130,False
wn-0130:20:530,event,discovery: observes,discovery,1,1,2006-08-22,wn-0130,False
wn-0131:4:67,event,failure: loses,failure,1,1,2006-08-24,wn-0131,False
wn-0131:8:165,event,discovery: discovery,discovery,1,1,2006-08-24,wn-0131,False
wn-0131:9:186,event,discovery: findings,discovery,1,1,2006-08-24,wn-0131,False
wn-0131:21:437,event,discovery: discovery,discovery,1,1,1930,wn-0131,False
ORG:American Clyde Tombaugh,entity,American Clyde Tombaugh,ORG,1,1,,,False
wn-0131:21:463,event,discovery: discovered,discovery,1,1,1930,wn-0131,False
wn-0132:2:43,event,discovery: found,discovery,1,1,2006-08-25,wn-0132,False
wn-0132:4:112,event,failure: lost,failure,1,1,2006-08-05,wn-0132,False
wn-0132:10:235,event,discovery: found,discovery,1,1,2006-08-25,wn-0132,False
wn-0133:0:10,event,discovery: observed,discovery,1,1,2006-08-31,wn-0133,False
wn-0133:1:25,event,failure: explosion,failure,1,1,2006-08-31,wn-0133,False
wn-0133:1:33,event,failure: explosion,failure,1,1,2006-08-31,wn-0133,False
wn-0133:3:69,event,discovery: detected,discovery,1,1,2006-02-18,wn-0133,False
wn-0133:3:71,event,failure: explosion,failure,1,1,2006-02-18,wn-0133,False
wn-0133:7:161,event,discovery: observations,discovery,1,1,2006-08-31,wn-0133,False
wn-0133:12:290,event,launch: launched,launch,1,1,2005-11,wn-0133,False
wn-0134:0:4,event,launch: launch,launch,1,1,2006-09-06,wn-0134,False
SPACECRAFT:shuttle Atlantis,entity,shuttle Atlantis,SPACECRAFT,2,2,,,False
wn-0134:1:20,event,launch: launch,launch,1,1,2006-09-03,wn-0134,False
wn-0134:2:35,event,launch: launch,launch,1,1,2006-08-31,wn-0134,False
wn-0134:8:124,event,delay: delay,delay,1,1,2006-09-06,wn-0134,False
wn-0134:8:130,event,launch: launch,launch,1,1,2006-09-06,wn-0134,True
wn-0134:8:138,event,launch: launch,launch,1,1,P2D,wn-0134,False
wn-0134:9:151,event,launch: launch,launch,1,1,2006-08-31,wn-0134,False
wn-0134:9:157,event,delay: delay,delay,1,1,2006-08-31,wn-0134,False
wn-0134:9:160,event,launch: launch,launch,1,1,2006-08-31,wn-0134,True
wn-0135:9:181,event,failure: crash,failure,1,1,2006-09-05,wn-0135,False
wn-0135:9:182,event,landing: landing,landing,1,1,2006-09-05,wn-0135,False
wn-0137:1:4,event,delay: delayed,delay,1,1,2006-09-07,wn-0137,False
wn-0137:1:6,event,launch: launch,launch,1,1,2006-09-07,wn-0137,True
wn-0137:1:17,event,failure: anomaly,failure,1,1,2006-09-07,wn-0137,False
wn-0137:8:140,event,discovery: discovered,discovery,1,1,2006-09-07,wn-0137,False
wn-0137:10:189,event,launch: lift off,launch,1,1,2006-09-07,wn-0137,False
wn-0137:11:220,event,launch: launch,launch,1,1,PT24H,wn-0137,False
PRODUCT:Atlantis,entity,Atlantis,PRODUCT,12,22,,,False
wn-0137:12:226,event,launch: launching,launch,1,1,2006-09-08,wn-0137,False
wn-0137:13:242,event,launch: launch,launch,1,1,2006-09-08,wn-0137,True
wn-0137:13:251,event,launch: launch,launch,1,1,2006-10,wn-0137,False
wn-0138:0:1,event,launch: launch,launch,1,1,PT24H,wn-0138,True
wn-0138:0:13,event,delay: delayed,delay,1,1,PT24H,wn-0138,False
GPE:STS-115,entity,STS-115,GPE,1,1,,,False
wn-0138:2:59,event,delay: delay,delay,1,1,2006-09-07,wn-0138,False
wn-0138:3:81,event,delay: delayed,delay,1,1,2006-08-27,wn-0138,False
wn-0138:4:100,event,launch: launch,launch,1,1,2006-09-08,wn-0138,False
wn-0138:5:139,event,failure: anomaly,failure,1,1,PT24H,wn-0138,False
wn-0138:6:179,event,launch: launch,launch,1,1,2006-09-08,wn-0138,False
wn-0138:7:197,event,launch: launch,launch,1,1,,wn-0138,False
wn-0138:8:211,event,launch: launch,launch,1,1,2006-09-07T11:41,wn-0138,False
wn-0139:0:4,event,launch: launched,launch,1,1,,wn-0139,False
wn-0139:1:13,event,launch: Liftoff,launch,1,1,2006-09-09,wn-0139,False
wn-0139:3:77,event,failure: loss,failure,1,1,2003-02,wn-0139,False
wn-0139:4:112,event,failure: disaster,failure,1,1,1998,wn-0139,False
wn-0140:1:33,event,failure: lost,failure,1,1,2004,wn-0140,False
wn-0140:2:68,event,failure: lost,failure,1,1,2006-09-14,wn-0140,False
wn-0140:3:74,event,failure: lost,failure,1,1,2006-09-14,wn-0140,False
LOC:Arctic,entity,Arctic,LOC,1,1,,,False
wn-0140:4:127,event,failure: lost,failure,1,1,2006-04,wn-0140,False
wn-0140:10:347,event,failure: loss,failure,1,1,2005,wn-0140,False
wn-0140:11:362,event,discovery: find,discovery,1,1,2006-09-14,wn-0140,False
wn-0141:6:118,event,docking: rendezvous,docking,1,1,2006-09-15,wn-0141,False
wn-0142:6:209,event,discovery: find,discovery,1,1,2006-09-15,wn-0142,False
wn-0143:0:6,event,discovery: discovered,discovery,1,1,2006-09-18,wn-0143,False
wn-0143:2:51,event,discovery: observations,discovery,1,1,2006-09-18,wn-0143,False
wn-0143:2:60,event,discovery: found,discovery,1,1,2006-09-18,wn-0143,False
wn-0143:10:252,event,discovery: detected,discovery,1,1,2004-12,wn-0143,False
GPE:VIMS,entity,VIMS,GPE,1,1,,,False
wn-0143:10:256,event,flyby: flybys,flyby,1,1,2004-12,wn-0143,False
wn-0144:2:10,event,discovery: observed,discovery,1,1,2006-09-19,wn-0144,False
GPE:United States,entity,U.S.A,GPE,3,4,,,False
wn-0144:5:97,event,discovery: observed,discovery,1,1,2006-09-19,wn-0144,False
wn-0144:6:117,event,discovery: observed,discovery,1,1,2006-09-19T02:45,wn-0144,False
wn-0144:8:161,event,landing: land,landing,1,1,2006-09-20,wn-0144,False
wn-0144:8:193,event,landing: landing,landing,1,1,2006-09-19T11:32,wn-0144,False
wn-0144:11:311,event,landing: landing,landing,1,1,,wn-0144,False
wn-0145:1:15,event,landing: land,landing,1,1,2006-09-14,wn-0145,False
wn-0145:2:36,event,discovery: spotted,discovery,1,1,2006-09-21,wn-0145,False
wn-0145:4:57,event,discovery: found,discovery,1,1,2006-09-21,wn-0145,False
wn-0145:6:151,event,discovery: found,discovery,1,1,2006-09-21,wn-0145,False
wn-0146:0:24,event,discovery: discovery,discovery,1,1,2006-10-03,wn-0146,False
wn-0146:9:211,event,discovery: discovery,discovery,1,1,1978,wn-0146,False
ORG:Arno Penzias,entity,Arno Penzias,ORG,1,1,,,False
ORG:Cosmic Microwave Background,entity,the Cosmic Microwave Background,ORG,1,1,,,False
wn-0147:2:74,event,discovery: discoveries,discovery,1,1,2006-10-04,wn-0147,False
wn-0147:5:169,event,discovery: identified,discovery,1,1,2006-10-04,wn-0147,False
wn-0147:9:224,event,discovery: discovery,discovery,1,1,2006-10-04,wn-0147,False
wn-0147:10:246,event,discovery: found,discovery,1,1,2006-10-04,wn-0147,False
wn-0147:11:283,event,discovery: find,discovery,1,1,2000,wn-0147,False
wn-0147:13:338,event,discovery: findings,discovery,1,1,2006-10-04,wn-0147,False
wn-0147:18:481,event,launch: launched,launch,1,1,2013,wn-0147,False
wn-0147:20:504,event,discovery: found,discovery,1,1,2006-10-04,wn-0147,False
wn-0147:21:520,event,discovery: finds,discovery,1,1,2006-09,wn-0147,False
wn-0148:0:5,event,discovery: found,discovery,1,1,2006-10-06,wn-0148,False
wn-0149:1:57,event,discovery: found,discovery,1,1,2006-10-11,wn-0149,False
wn-0149:2:75,event,discovery: finding,discovery,1,1,2006-10-11,wn-0149,False
wn-0149:4:125,event,discovery: detected,discovery,1,1,1970,wn-0149,False
wn-0149:5:145,event,discovery: detected,discovery,1,1,2006-10-11,wn-0149,True
wn-0149:7:199,event,discovery: observations,discovery,1,1,2006-10-11,wn-0149,False
wn-0149:11:307,event,discovery: found,discovery,1,1,2006-10-11,wn-0149,False
GPE:Kesden,entity,Kesden,GPE,1,1,,,False
wn-0150:3:101,event,discovery: observing,discovery,1,1,2006-10-19,wn-0150,False
wn-0150:3:103,event,failure: disasters,failure,1,1,2006-10-19,wn-0150,False
wn-0150:5:165,event,launch: launched,launch,1,1,2006-09,wn-0150,False
wn-0150:7:191,event,launch: launch,launch,1,1,2006-10-19,wn-0150,False
wn-0150:8:227,event,failure: failed,failure,1,1,2004-12,wn-0150,False
wn-0150:8:229,event,launch: take off,launch,1,1,2005-02,wn-0150,True
wn-0150:17:407,event,failure: fails,failure,1,1,2006-10-19,wn-0150,False
wn-0150:19:463,event,failure: destroying,failure,1,1,2006-10-18,wn-0150,False
wn-0152:0:21,event,discovery: detected,discovery,1,1,2006-11-07,wn-0152,False
wn-0152:1:34,event,discovery: discovered,discovery,1,1,2006-11-07,wn-0152,False
wn-0152:3:80,event,discovery: detected,discovery,1,1,2006-11-07,wn-0152,False
wn-0152:5:118,event,discovery: detected,discovery,1,1,2006-11-07,wn-0152,False
wn-0153:9:214,event,discovery: found,discovery,1,1,,wn-0153,False
PERSON:Cook,entity,Cook,PERSON,1,1,,,False
LOC:east coast,entity,east coast,LOC,1,1,,,False
wn-0153:13:319,event,discovery: detect,discovery,1,1,2006-11-08,wn-0153,False
wn-0154:2:33,event,discovery: observed,discovery,1,1,2006-11-11,wn-0154,True
wn-0154:4:74,event,discovery: find out,discovery,1,1,2006-11-11,wn-0154,False
wn-0154:7:177,event,discovery: found,discovery,1,1,2006-11-11,wn-0154,False
wn-0156:2:73,event,failure: disasters,failure,1,1,2006-12-02,wn-0156,False
wn-0158:3:84,event,discovery: observations,discovery,1,1,2006-12-07,wn-0158,False
wn-0158:8:318,event,discovery: discovery,discovery,1,1,2006-12-07,wn-0158,False
wn-0158:18:569,event,failure: lost,failure,1,1,2006-11,wn-0158,False
wn-0159:0:2,event,delay: scrubbed,delay,1,1,2006-12-08,wn-0159,False
wn-0159:0:4,event,launch: launch,launch,1,1,2006-12-08,wn-0159,True
wn-0159:0:33,event,launch: launch,launch,1,1,2006-12-08,wn-0159,False
wn-0159:1:52,event,launch: launch,launch,1,1,2006,wn-0159,False
wn-0159:1:62,event,launch: launch,launch,1,1,2006,wn-0159,False
GPE:Shuttle,entity,Shuttle,GPE,2,2,,,False
wn-0159:1:86,event,delay: rescheduled,delay,1,1,2006-12-08T02:35,wn-0159,False
wn-0159:2:91,event,launch: launch,launch,1,1,2006-12-09,wn-0159,False
wn-0159:3:104,event,delay: scrub,delay,1,1,PT5M,wn-0159,False
wn-0159:3:118,event,launch: launch,launch,1,1,PT5M,wn-0159,False
wn-0160:4:140,event,discovery: observe,discovery,1,1,2006-12-10,wn-0160,False
wn-0161:0:6,event,docking: docked,docking,1,1,2006-12-11,wn-0161,False
wn-0161:4:132,event,launch: liftoff,launch,1,1,2006-12-11,wn-0161,False
wn-0161:5:157,event,docking: docking,docking,1,1,2006-12-11,wn-0161,False
wn-0163:0:4,event,discovery: find,discovery,1,1,2006-12-27,wn-0163,False
wn-0163:0:14,event,launch: launched,launch,1,1,2006-12-27,wn-0163,False
wn-0163:3:95,event,discovery: find,discovery,1,1,P2Y,wn-0163,False
wn-0163:7:154,event,delay: puts off,delay,1,1,2006-12-27,wn-0163,False
wn-0163:8:184,event,discovery: find,discovery,1,1,2006-12-27,wn-0163,False
wn-0163:12:274,event,discovery: find,discovery,1,1,2006-12-27,wn-0163,False
wn-0163:13:316,event,discovery: detection,discovery,1,1,2006-12-27,wn-0163,False
wn-0163:14:325,event,discovery: find,discovery,1,1,2006-12-27,wn-0163,False
wn-0164:14:352,event,flyby: flybys,flyby,1,1,2007-01-04,wn-0164,False
wn-0164:15:358,event,flyby: flyby,flyby,1,1,2007-01,wn-0164,False
wn-0165:2:79,event,landing: landed,landing,1,1,2007-01-06,wn-0165,False
wn-0166:0:14,event,failure: crashed,failure,1,1,,wn-0166,False
wn-0167:4:119,event,failure: destroy,failure,1,1,2007-01-18,wn-0167,False
wn-0167:5:133,event,launch: launched,launch,1,1,1999,wn-0167,False
wn-0167:9:246,event,failure: lost,failure,1,1,2007-01-18,wn-0167,False
wn-0167:9:259,event,failure: loss,failure,1,1,2007-01-18,wn-0167,False
wn-0168:2:61,event,landing: landing,landing,1,1,2007-01-19,wn-0168,False
wn-0168:3:71,event,discovery: observe,discovery,1,1,2007-01-19,wn-0168,False
wn-0168:12:246,event,discovery: identified,discovery,1,1,1997,wn-0168,False
ORG:US Air Force,entity,the US Air Force,ORG,1,1,,,False
wn-0170:1:32,event,discovery: find,discovery,1,1,2007-01-24,wn-0170,False
wn-0170:8:216,event,discovery: find,discovery,1,1,2007-01-24,wn-0170,False
wn-0171:3:68,event,failure: crash,failure,1,1,2007-01-26,wn-0171,False
wn-0171:22:272,event,landing: descent,landing,1,1,2007-01-26,wn-0171,False
wn-0172:7:171,event,discovery: identifying,discovery,1,1,2007-01-30,wn-0172,False
wn-0172:9:237,event,failure: fails,failure,1,1,2007-01-30,wn-0172,False
wn-0173:3:95,event,failure: failure,failure,1,1,,wn-0173,False
wn-0173:5:158,event,failure: malfunction,failure,1,1,2006-06-30,wn-0173,False
wn-0173:7:182,event,discovery: findings,discovery,1,1,2007-03-02,wn-0173,False
wn-0173:9:227,event,discovery: detect,discovery,1,1,2007-01-30,wn-0173,False
wn-0173:14:329,event,failure: failure,failure,1,1,2007-01-30,wn-0173,False
ORG:ACS,entity,ACS,ORG,1,1,,,False
wn-0174:0:21,event,failure: exploded,failure,1,1,,wn-0174,False
wn-0174:0:26,event,launch: launch,launch,1,1,,wn-0174,False
wn-0174:0:36,event,launch: launch,launch,1,1,,wn-0174,False
wn-0174:2:79,event,failure: destroyed,failure,1,1,2007-01-30,wn-0174,False
wn-0174:3:86,event,launch: Launch,launch,1,1,2007-01-30,wn-0174,False
wn-0174:3:91,event,launch: launch,launch,1,1,2007-01-30,wn-0174,False
wn-0174:4:97,event,launch: launch,launch,1,1,2007-01-30,wn-0174,False
wn-0174:4:109,event,launch: Launch,launch,1,1,2007-01-30,wn-0174,False
wn-0174:6:137,event,launch: launch,launch,1,1,2007-01-30,wn-0174,False
wn-0174:6:138,event,failure: failure,failure,1,1,2007-01-30,wn-0174,False
wn-0175:0:11,event,discovery: spotted,discovery,1,1,2007-02-02T17:30,wn-0175,False
wn-0176:1:8,event,discovery: discovered,discovery,1,1,2007-02-08,wn-0176,False
wn-0176:2:25,event,discovery: discovery,discovery,1,1,2007-02-08,wn-0176,False
wn-0176:3:67,event,discovery: found,discovery,1,1,2007-02-08,wn-0176,False
wn-0176:6:196,event,discovery: found,discovery,1,1,2007-02-08,wn-0176,True
wn-0176:7:228,event,discovery: discovery,discovery,1,1,2007-02-08,wn-0176,False
wn-0176:8:257,event,discovery: found,discovery,1,1,2007-02-08,wn-0176,False
wn-0176:8:260,event,failure: accident,failure,1,1,2007-02-08,wn-0176,False
wn-0176:11:305,event,discovery: found,discovery,1,1,2007-02-08,wn-0176,False
wn-0176:22:592,event,discovery: findings,discovery,1,1,2007-02-08,wn-0176,False
wn-0177:0:4,event,launch: blasted off,launch,1,1,2007-02-17,wn-0177,False
wn-0177:0:11,event,launch: launch,launch,1,1,2007-02-17,wn-0177,False
wn-0177:1:33,event,launch: launch,launch,1,1,2007-02-17,wn-0177,True
wn-0177:1:37,event,delay: delayed,delay,1,1,2007-02-17,wn-0177,False
wn-0177:8:192,event,discovery: find out,discovery,1,1,2007-02-17,wn-0177,False
wn-0178:0:6,event,discovery: discovered,discovery,1,1,2007-02-17,wn-0178,False
wn-0178:2:93,event,discovery: observations,discovery,1,1,2007-02-17,wn-0178,False
wn-0178:2:95,event,discovery: identify,discovery,1,1,2007-02-17,wn-0178,False
wn-0178:3:133,event,discovery: find,discovery,1,1,2007-02-17,wn-0178,False
wn-0178:4:166,event,discovery: found,discovery,1,1,2007-02-17,wn-0178,False
wn-0178:19:531,event,discovery: observations,discovery,1,1,2007-02-17,wn-0178,False
wn-0179:0:28,event,discovery: detect,discovery,1,1,2007-02-23,wn-0179,False
wn-0179:1:49,event,discovery: observed,discovery,1,1,2007-02-23,wn-0179,False
wn-0179:3:146,event,discovery: found,discovery,1,1,2007-02-23,wn-0179,False
wn-0179:4:190,event,discovery: found,discovery,1,1,2007-02-23,wn-0179,False
PERSON:Mark Swain,entity,Mark Swain,PERSON,1,1,,,False
wn-0179:8:298,event,discovery: found,discovery,1,1,2007-02-23,wn-0179,False
wn-0179:8:305,event,discovery: found,discovery,1,1,2007-02-23,wn-0179,False
wn-0179:11:393,event,discovery: detected,discovery,1,1,2007-02-23,wn-0179,False
wn-0179:13:405,event,discovery: observations,discovery,1,1,2007-02-23,wn-0179,False
wn-0179:15:462,event,launch: launch,launch,1,1,2007-02-23,wn-0179,False
wn-0179:17:479,event,launch: launched,launch,1,1,2006-08,wn-0179,False
wn-0179:18:499,event,discovery: observations,discovery,1,1,P1D,wn-0179,False
wn-0179:18:513,event,discovery: find,discovery,1,1,P1D,wn-0179,False
wn-0180:1:38,event,launch: launched,launch,1,1,2007-02-25,wn-0180,False
wn-0180:4:89,event,launch: launch,launch,1,1,2007-02-25,wn-0180,False
wn-0180:14:319,event,launch: launched,launch,1,1,2005,wn-0180,False
wn-0180:16:342,event,launch: launch,launch,1,1,2005,wn-0180,False
wn-0182:3:67,event,launch: launch,launch,1,1,2007-03-09,wn-0182,False
wn-0182:6:114,event,discovery: observed,discovery,1,1,2007-03-09,wn-0182,False
wn-0182:12:223,event,discovery: found,discovery,1,1,2007-03-09,wn-0182,False
wn-0182:18:352,event,discovery: observed,discovery,1,1,2007-01,wn-0182,False
wn-0182:19:375,event,failure: explosion,failure,1,1,2007-03-09,wn-0182,False
wn-0182:26:479,event,discovery: found,discovery,1,1,2007-03-09,wn-0182,False
wn-0182:29:548,event,discovery: found,discovery,1,1,2007-03-09,wn-0182,False
wn-0182:33:653,event,discovery: identified,discovery,1,1,1980,wn-0182,False
wn-0182:41:838,event,discovery: discovery,discovery,1,1,2007-03-09,wn-0182,False
wn-0183:0:64,event,discovery: found,discovery,1,1,2005,wn-0183,True
wn-0183:3:142,event,discovery: found,discovery,1,1,2007-03-13,wn-0183,False
wn-0183:13:471,event,discovery: findings,discovery,1,1,2007-03-13,wn-0183,False
wn-0183:14:523,event,flyby: flyby,flyby,1,1,2008,wn-0183,False
wn-0184:0:9,event,discovery: discovered,discovery,1,1,2007-03-16,wn-0184,False
wn-0185:11:179,event,launch: launched,launch,1,1,1997,wn-0185,False
wn-0186:1:4,event,launch: launched,launch,1,1,2007-03-21,wn-0186,False
wn-0186:2:14,event,launch: Liftoff,launch,1,1,2007-03-21T18:00,wn-0186,False
wn-0186:2:24,event,launch: launch,launch,1,1,2007-03-21,wn-0186,False
wn-0186:2:25,event,failure: aborts,failure,1,1,2007-03-21,wn-0186,False
wn-0186:5:82,event,failure: lost,failure,1,1,2007-03-21,wn-0186,False
wn-0186:6:93,event,launch: launch,launch,1,1,2007-03-21,wn-0186,False
wn-0186:6:106,event,launch: launch,launch,1,1,2007-03-21,wn-0186,False
wn-0186:7:113,event,launch: launch,launch,1,1,PT35S,wn-0186,False
wn-0186:7:122,event,failure: failed,failure,1,1,PT35S,wn-0186,False
wn-0186:7:129,event,failure: crashed,failure,1,1,PT35S,wn-0186,False
wn-0186:7:133,event,launch: launch,launch,1,1,PT35S,wn-0186,False
wn-0187:0:6,event,failure: failed,failure,1,1,2007-03-21,wn-0187,False
wn-0187:1:25,event,launch: launched,launch,1,1,2007-03-21T01:10,wn-0187,False
wn-0187:1:47,event,failure: failed,failure,1,1,,wn-0187,False
wn-0187:1:51,event,launch: launch,launch,1,1,,wn-0187,False
wn-0187:2:67,event,launch: launch,launch,1,1,PT5M,wn-0187,False
wn-0187:2:90,event,failure: lost,failure,1,1,PT5M,wn-0187,False
wn-0187:4:125,event,discovery: observed,discovery,1,1,2007-03-21,wn-0187,False
wn-0187:6:158,event,failure: lost,failure,1,1,2007-03-21,wn-0187,False
wn-0188:0:8,event,discovery: discovered,discovery,1,1,2007-03-22,wn-0188,False
GPE:California,entity,California,GPE,1,1,,,False
wn-0188:4:160,event,failure: anomaly,failure,1,1,2007-03-22,wn-0188,False
wn-0188:5:173,event,failure: anomaly,failure,1,1,2007-03-22,wn-0188,False
wn-0188:6:243,event,discovery: found,discovery,1,1,2007-03-22,wn-0188,False
wn-0188:6:270,event,discovery: discovery,discovery,1,1,2007-03-22,wn-0188,False
wn-0188:8:303,event,discovery: find,discovery,1,1,2007-03-22,wn-0188,False
wn-0188:9:322,event,discovery: found,discovery,1,1,2007-03-22,wn-0188,False
wn-0188:10:336,event,discovery: found,discovery,1,1,2007-03-22,wn-0188,False
wn-0189:2:39,event,discovery: sightings,discovery,1,1,1954,wn-0189,False
wn-0189:3:71,event,discovery: identified,discovery,1,1,2007-03-23,wn-0189,False
wn-0189:11:226,event,failure: crashed,failure,1,1,PT3H,wn-0189,False
wn-0190:5:178,event,discovery: detected,discovery,1,1,2007-04-12,wn-0190,False
wn-0191:2:74,event,launch: launch,launch,1,1,2007-08,wn-0191,False
wn-0191:2:79,event,landing: touch down,landing,1,1,2008-05,wn-0191,False
wn-0192:0:20,event,failure: failure,failure,1,1,P5MO,wn-0192,False
wn-0192:0:25,event,failure: loss,failure,1,1,2006,wn-0192,False
wn-0192:1:41,event,discovery: Findings,discovery,1,1,2007-04-13,wn-0192,False
wn-0192:8:241,event,landing: landing,landing,1,1,P10Y,wn-0192,False
wn-0192:9:247,event,failure: loss,failure,1,1,P5MO,wn-0192,False
wn-0192:9:271,event,failure: failure,failure,1,1,P5MO,wn-0192,False
wn-0193:20:531,event,failure: lost,failure,1,1,2003,wn-0193,False
wn-0194:1:47,event,landing: landing,landing,1,1,P14D,wn-0194,False
wn-0194:2:76,event,landing: landing,landing,1,1,2007-04-14,wn-0194,False
wn-0194:4:132,event,landing: landing,landing,1,1,2007-04-21,wn-0194,False
wn-0194:5:144,event,landing: landing,landing,1,1,2007-04-21,wn-0194,False
wn-0194:5:164,event,landing: landed,landing,1,1,2007-04-21,wn-0194,False
wn-0194:9:239,event,discovery: find,discovery,1,1,2007-04-21,wn-0194,False
wn-0195:0:14,event,launch: launch,launch,1,1,2007-04-23,wn-0195,False
ORG:Polar Satellite Launch Vehicle,entity,the Polar Satellite Launch Vehicle,ORG,1,1,,,False
wn-0195:4:120,event,launch: launch,launch,1,1,2007-04-23,wn-0195,False
wn-0196:1:30,event,discovery: discovered,discovery,1,1,2007-04-24,wn-0196,False
NORP:Gliese,entity,Gliese,NORP,1,1,,,False
wn-0196:5:121,event,discovery: discovered,discovery,1,1,2007-04-24,wn-0196,False
wn-0196:6:140,event,discovery: discovered,discovery,1,1,2007-04-24,wn-0196,False
wn-0196:11:303,event,discovery: discovered,discovery,1,1,2007-04-24,wn-0196,False
wn-0198:0:9,event,discovery: discovered,discovery,1,1,2007-05-08,wn-0198,False
wn-0198:1:44,event,discovery: observed,discovery,1,1,,wn-0198,True
wn-0198:2:52,event,discovery: observations,discovery,1,1,2007-05-08,wn-0198,False
wn-0198:7:187,event,failure: exploded,failure,1,1,2007-05-08,wn-0198,False
ORG:Eta Carinae,entity,Eta Carinae,ORG,1,1,,,False
wn-0198:8:215,event,failure: exploding,failure,1,1,2007-05-08,wn-0198,False
wn-0198:8:227,event,failure: explode,failure,1,1,2007-05-08,wn-0198,False
wn-0199:0:18,event,discovery: found,discovery,1,1,,wn-0199,False
wn-0199:0:32,event,discovery: found,discovery,1,1,,wn-0199,False
wn-0200:3:81,event,discovery: find,discovery,1,1,2007-05-11,wn-0200,False
wn-0200:7:191,event,launch: launch,launch,1,1,2013,wn-0200,False
wn-0200:7:198,event,launch: launch,launch,1,1,2013,wn-0200,False
wn-0201:11:235,event,discovery: found,discovery,1,1,2007-05-12,wn-0201,False
wn-0203:0:11,event,discovery: discovered,discovery,1,1,2007-05-17,wn-0203,False
wn-0203:1:33,event,discovery: discovered,discovery,1,1,2007-05-17,wn-0203,False
wn-0203:4:122,event,discovery: discovered,discovery,1,1,2007-05-17,wn-0203,False
wn-0203:13:330,event,discovery: discovered,discovery,1,1,2004,wn-0203,False
PRODUCT:436b,entity,436b,PRODUCT,1,1,,,False
wn-0203:13:342,event,discovery: found,discovery,1,1,2004,wn-0203,False
wn-0203:14:363,event,discovery: discovered,discovery,1,1,2007-04,wn-0203,False
wn-0204:0:7,event,discovery: found,discovery,1,1,2007-05-22,wn-0204,False
wn-0204:2:59,event,discovery: discovery,discovery,1,1,2007-05-22,wn-0204,False
wn-0204:3:66,event,discovery: found,discovery,1,1,P200D,wn-0204,False
wn-0204:5:139,event,discovery: found,discovery,1,1,2007-05-22,wn-0204,False
wn-0204:6:150,event,discovery: findings,discovery,1,1,2007-05-22,wn-0204,False
wn-0204:7:173,event,discovery: discovery,discovery,1,1,2007-05-22,wn-0204,False
wn-0204:9:219,event,discovery: discovery,discovery,1,1,2007-05-22,wn-0204,False
wn-0204:10:228,event,discovery: discoveries,discovery,1,1,2007-05-22,wn-0204,False
wn-0204:11:238,event,discovery: found,discovery,1,1,,wn-0204,False
wn-0204:12:272,event,discovery: discovery,discovery,1,1,P3Y,wn-0204,False
wn-0204:15:336,event,discovery: discovery,discovery,1,1,2007-05-22,wn-0204,False
wn-0204:16:370,event,discovery: found,discovery,1,1,2007-05-22,wn-0204,False
wn-0204:21:522,event,discovery: discoveries,discovery,1,1,2004,wn-0204,False
wn-0205:0:3,event,launch: launch,launch,1,1,P3MO,wn-0205,False
wn-0205:0:4,event,delay: delayed,delay,1,1,P3MO,wn-0205,False
wn-0205:0:30,event,launch: launch,launch,1,1,2007-06-08,wn-0205,False
wn-0205:3:108,event,launch: launch,launch,1,1,2007-06-03,wn-0205,False
wn-0205:3:155,event,launch: launching,launch,1,1,2007-06-03,wn-0205,False
wn-0205:4:173,event,launch: launch,launch,1,1,2007-06-03,wn-0205,False
wn-0206:1:13,event,launch: blasted off,launch,1,1,2007-06-08,wn-0206,False
wn-0206:2:38,event,launch: lifted off,launch,1,1,2007-06-09T19:38,wn-0206,False
wn-0206:2:50,event,launch: launch,launch,1,1,,wn-0206,False
wn-0206:3:60,event,launch: launch,launch,1,1,2003-02-01,wn-0206,False
wn-0206:3:74,event,launch: launch,launch,1,1,2003-02-01,wn-0206,False
wn-0206:3:83,event,failure: disaster,failure,1,1,2003-02-01,wn-0206,False
wn-0206:4:94,event,docking: dock,docking,1,1,2007-06-10,wn-0206,False
wn-0206:9:221,event,launch: launch,launch,1,1,2008-03,wn-0206,False
wn-0206:11:287,event,failure: crash,failure,1,1,2007-06-09,wn-0206,False
wn-0206:12:302,event,launch: launch,launch,1,1,2007-06-08,wn-0206,False
wn-0206:14:333,event,delay: delay,delay,1,1,2007-06-09,wn-0206,False
wn-0206:14:336,event,launch: launch,launch,1,1,2007-06-09,wn-0206,False
wn-0207:1:38,event,launch: took off,launch,1,1,2007-06-08,wn-0207,False
wn-0207:7:177,event,launch: launch,launch,1,1,2007-06-09,wn-0207,False
wn-0207:8:230,event,discovery: found,discovery,1,1,2007-06-09T14:00,wn-0207,False
wn-0207:8:238,event,docking: dock,docking,1,1,2007-06-09T14:00,wn-0207,False
wn-0208:2:5,event,docking: docked,docking,1,1,2007-06-10,wn-0208,False
wn-0208:3:30,event,docking: docked,docking,1,1,2007-06-11T15:36,wn-0208,False
wn-0209:2:44,event,failure: glitch,failure,1,1,2007-06-12,wn-0209,False
wn-0209:3:47,event,failure: anomaly,failure,1,1,2007-06-05,wn-0209,False
wn-0209:5:122,event,launch: liftoff,launch,1,1,2003-02-01,wn-0209,False
wn-0209:5:128,event,failure: disintegrate,failure,1,1,2003-02-01,wn-0209,False
wn-0209:6:154,event,failure: accident,failure,1,1,2007-06-12,wn-0209,False
wn-0209:8:231,event,failure: anomaly,failure,1,1,2007-06-12,wn-0209,False
wn-0210:0:39,event,launch: liftoff,launch,1,1,2007-06-08,wn-0210,False
wn-0210:2:58,event,discovery: discovered,discovery,1,1,2007-06-12,wn-0210,False
wn-0210:5:155,event,failure: disaster,failure,1,1,2003,wn-0210,False
wn-0210:5:168,event,failure: lost,failure,1,1,2003,wn-0210,False
wn-0211:0:23,event,discovery: found,discovery,1,1,2007-06-12,wn-0211,False
wn-0211:11:278,event,discovery: discovery,discovery,1,1,2007-04,wn-0211,False
wn-0213:1:48,event,failure: failed,failure,1,1,P2D,wn-0213,False
wn-0213:2:64,event,failure: failure,failure,1,1,2007-06-14,wn-0213,False
wn-0213:9:225,event,failure: fail,failure,1,1,2007-06-14,wn-0213,False
wn-0213:10:244,event,failure: failure,failure,1,1,2007-06-14,wn-0213,False
wn-0213:10:248,event,discovery: observed,discovery,1,1,2007-06-14,wn-0213,True
wn-0213:14:416,event,launch: liftoff,launch,1,1,2007-06-08,wn-0213,False
wn-0215:1:24,event,failure: crashed,failure,1,1,,wn-0215,False
wn-0215:3:85,event,failure: failed,failure,1,1,2007-06-16,wn-0215,False
wn-0215:16:312,event,failure: fail,failure,1,1,2007-06-16,wn-0215,False
wn-0216:0:2,event,landing: landing,landing,1,1,2007-06-21,wn-0216,True
wn-0216:0:11,event,delay: postponed,delay,1,1,2007-06-21,wn-0216,False
wn-0216:0:22,event,landing: landing,landing,1,1,2007-06-21,wn-0216,False
wn-0216:2:61,event,landing: landing,landing,1,1,2007-06-21,wn-0216,False
wn-0216:3:80,event,landing: landing,landing,1,1,2007-06-21,wn-0216,False
wn-0216:4:89,event,landing: land,landing,1,1,P3D,wn-0216,False
wn-0216:5:101,event,landing: land,landing,1,1,2007-06-22,wn-0216,False
wn-0216:9:166,event,delay: postpone,delay,1,1,2007-06-24,wn-0216,False
wn-0216:9:167,event,landing: landing,landing,1,1,2007-06-24,wn-0216,True
wn-0216:9:180,event,landing: landing,landing,1,1,2007-06-24,wn-0216,False
wn-0216:12:256,event,landing: landing,landing,1,1,2007-06-20,wn-0216,False
wn-0216:13:276,event,discovery: found,discovery,1,1,2007-06-19,wn-0216,False
wn-0216:13:288,event,discovery: found,discovery,1,1,2007-06-19,wn-0216,False
wn-0216:13:294,event,docking: docked,docking,1,1,2007-06-19,wn-0216,False
wn-0216:14:305,event,discovery: found,discovery,1,1,2007-06-21,wn-0216,False
wn-0217:0:8,event,landing: landing,landing,1,1,2007-06-22,wn-0217,False
wn-0217:1:64,event,landing: landing,landing,1,1,PT20H,wn-0217,False
wn-0217:2:69,event,landing: landing,landing,1,1,2007-06-22,wn-0217,False
wn-0217:2:94,event,delay: postpone,delay,1,1,2007-06-22,wn-0217,False
wn-0217:2:96,event,landing: landing,landing,1,1,2007-06-22,wn-0217,True
wn-0217:2:107,event,failure: cancel,failure,1,1,2007-06-22,wn-0217,False
wn-0217:2:114,event,landing: land,landing,1,1,2007-06-22,wn-0217,False
wn-0217:3:127,event,landing: landing,landing,1,1,2007-06-22,wn-0217,False
wn-0217:6:200,event,delay: delay,delay,1,1,2007-10-20,wn-0217,False
wn-0217:6:208,event,discovery: identified,discovery,1,1,2007-10-20,wn-0217,False
wn-0217:12:384,event,failure: failure,failure,1,1,2007-06-22,wn-0217,False
wn-0217:14:463,event,delay: delayed,delay,1,1,2007-06-22,wn-0217,False
wn-0217:14:467,event,launch: launch,launch,1,1,2007-06-22,wn-0217,True
wn-0217:14:483,event,discovery: discovery,discovery,1,1,2007-06-22,wn-0217,False
wn-0217:14:490,event,docking: docked,docking,1,1,2007-06-22,wn-0217,False
wn-0218:6:146,event,delay: delay,delay,1,1,PT40M,wn-0218,False
wn-0219:0:5,event,launch: launch,launch,1,1,2007-07-10,wn-0219,False
wn-0219:1:25,event,launch: launch,launch,1,1,2007-08-03,wn-0219,False
wn-0219:2:53,event,landing: land,landing,1,1,2007-07-10,wn-0219,False
wn-0219:3:81,event,launch: launch,launch,1,1,2007-08-03,wn-0219,False
wn-0219:3:100,event,launch: launch,launch,1,1,2007-08-24,wn-0219,False
wn-0219:5:144,event,landing: landing,landing,1,1,2008-05-28,wn-0219,False
wn-0219:6:161,event,discovery: identified,discovery,1,1,2002,wn-0219,False
wn-0219:7:191,event,discovery: find,discovery,1,1,2007-07-10,wn-0219,False
wn-0219:7:200,event,landing: landing,landing,1,1,2007-07-10,wn-0219,False
wn-0220:2:55,event,launch: taken off,launch,1,1,2007-07-11,wn-0220,False
wn-0221:0:11,event,discovery: detected,discovery,1,1,,wn-0221,False
wn-0221:1:42,event,discovery: found,discovery,1,1,2007-07-12,wn-0221,False
wn-0221:2:56,event,discovery: identified,discovery,1,1,2007-07-12,wn-0221,False
wn-0221:4:153,event,discovery: observed,discovery,1,1,2007-07-12,wn-0221,False
wn-0221:5:173,event,discovery: Finding,discovery,1,1,2007-07-12,wn-0221,False
wn-0222:1:41,event,discovery: identified,discovery,1,1,2007-07-26,wn-0222,False
wn-0222:6:110,event,discovery: detect,discovery,1,1,2007-07-26,wn-0222,False
wn-0223:4:104,event,discovery: found,discovery,1,1,2007-07-27,wn-0223,False
wn-0223:4:111,event,failure: explosion,failure,1,1,2007-07-27,wn-0223,False
wn-0223:5:146,event,failure: explosion,failure,1,1,2007-07-27,wn-0223,False
wn-0223:8:194,event,failure: accident,failure,1,1,,wn-0223,False
wn-0224:3:104,event,failure: failure,failure,1,1,2007-07-31,wn-0224,False
wn-0224:4:134,event,flyby: encounter,flyby,1,1,2007-07-31,wn-0224,False
wn-0225:0:8,event,discovery: discovered,discovery,1,1,,wn-0225,False
wn-0225:7:188,event,discovery: find,discovery,1,1,2007-08-07,wn-0225,False
wn-0226:0:10,event,discovery: found,discovery,1,1,2007-08-11,wn-0226,False
wn-0226:1:27,event,discovery: spotted,discovery,1,1,2007-08-11,wn-0226,False
wn-0226:2:55,event,discovery: found,discovery,1,1,2007-08-11,wn-0226,False
wn-0226:9:198,event,discovery: found,discovery,1,1,2007-08-11,wn-0226,False
wn-0226:10:230,event,launch: launched,launch,1,1,2006-10-08,wn-0226,False
wn-0226:12:292,event,launch: took off,launch,1,1,2007-08-11,wn-0226,False
wn-0228:4:77,event,discovery: Sightings,discovery,1,1,2007-08-13,wn-0228,False
wn-0229:2:56,event,landing: landing,landing,1,1,2007-08-21,wn-0229,False
wn-0229:3:70,event,landing: landing,landing,1,1,2007-08-21T14:06,wn-0229,False
wn-0229:4:92,event,landing: landing,landing,1,1,2007-08-21,wn-0229,False
wn-0230:0:7,event,launch: launch,launch,1,1,2007-09-05,wn-0230,False
wn-0230:0:16,event,launch: lifted off,launch,1,1,2007-09-05,wn-0230,False
wn-0230:0:30,event,failure: failed,failure,1,1,2007-09-05,wn-0230,False
wn-0230:0:33,event,failure: loss,failure,1,1,2007-09-05,wn-0230,False
wn-0230:1:42,event,launch: launch,launch,1,1,2007-09-05,wn-0230,False
wn-0230:2:63,event,launch: launched,launch,1,1,2007-09-05,wn-0230,False
wn-0230:3:75,event,launch: launch,launch,1,1,2007-09-05,wn-0230,False
wn-0230:3:76,event,failure: failure,failure,1,1,2007-09-05,wn-0230,False
wn-0230:3:81,event,launch: launch,launch,1,1,2007-09-05,wn-0230,False
wn-0230:5:133,event,failure: failure,failure,1,1,2007-09-05,wn-0230,False
wn-0230:6:170,event,launch: launch,launch,1,1,2007-09-05,wn-0230,False
wn-0230:8:192,event,failure: crash,failure,1,1,2007-09-05,wn-0230,False
wn-0231:0:9,event,flyby: flyby,flyby,1,1,2007-09-10,wn-0231,False
wn-0231:3:67,event,discovery: discovered,discovery,1,1,2004,wn-0231,False
wn-0231:3:75,event,flyby: flyby,flyby,1,1,2004,wn-0231,False
wn-0231:5:112,event,flyby: flyby,flyby,1,1,2007-09-10,wn-0231,False
wn-0231:5:131,event,flyby: flyby,flyby,1,1,2007-09-10,wn-0231,False
wn-0231:6:138,event,discovery: observation,discovery,1,1,2007-09-10,wn-0231,False
wn-0231:7:158,event,discovery: discovered,discovery,1,1,,wn-0231,False
wn-0231:8:178,event,discovery: discovering,discovery,1,1,2007-09-10,wn-0231,False
wn-0231:9:193,event,flyby: flyby,flyby,1,1,2007-09-10,wn-0231,False
wn-0231:9:200,event,flyby: flyby,flyby,1,1,2007-09-10,wn-0231,False
wn-0232:0:18,event,landing: lands,landing,1,1,2007-09-13,wn-0232,False
wn-0233:0:23,event,launch: launched,launch,1,1,2007-09-14,wn-0233,False
wn-0233:1:39,event,launch: launch,launch,1,1,2007-09-19T01:31,wn-0233,False
wn-0233:7:225,event,delay: delay,delay,1,1,P1D,wn-0233,False
wn-0233:7:227,event,launch: launch,launch,1,1,P1D,wn-0233,True
wn-0233:7:234,event,launch: launch,launch,1,1,P1D,wn-0233,False
wn-0234:0:10,event,launch: launch,launch,1,1,2007-09-26,wn-0234,False
SPACECRAFT:Dawn probe,entity,Dawn probe,SPACECRAFT,1,1,,,False
wn-0234:2:44,event,launch: launch,launch,1,1,2008-06,wn-0234,False
wn-0234:2:61,event,delay: delays,delay,1,1,2008-06,wn-0234,False
wn-0234:2:72,event,delay: delay,delay,1,1,2008-06,wn-0234,False
wn-0234:3:85,event,launch: launch,launch,1,1,2007-09-12,wn-0234,False
wn-0234:3:99,event,launch: launch,launch,1,1,2007-09-12,wn-0234,False
wn-0234:4:116,event,launch: launch,launch,1,1,2007-09-26,wn-0234,False
wn-0234:5:136,event,launch: launches,launch,1,1,2007-09-19,wn-0234,False
wn-0234:18:435,event,discovery: observations,discovery,1,1,2007-09-19,wn-0234,False
wn-0234:22:571,event,launch: launch,launch,1,1,2007-09-26,wn-0234,False
wn-0235:3:91,event,discovery: found,discovery,1,1,2007-09-20,wn-0235,False
wn-0235:7:162,event,failure: crashed,failure,1,1,2007-09-20,wn-0235,False
wn-0235:9:191,event,discovery: found,discovery,1,1,2007-09-20,wn-0235,False
wn-0235:14:372,event,failure: explosion,failure,1,1,2007-09-20,wn-0235,False
wn-0235:15:408,event,discovery: find,discovery,1,1,2007-09-20,wn-0235,True
PERSON:Caroline Smith,entity,Caroline Smith,PERSON,1,1,,,False
wn-0236:0:9,event,discovery: found,discovery,1,1,2007-09-15,wn-0236,False
wn-0236:1:47,event,discovery: found,discovery,1,1,2007-09-21,wn-0236,False
PERSON:Jose Ishitsuka,entity,Jose Ishitsuka,PERSON,1,1,,,False
wn-0236:2:82,event,failure: exploding,failure,1,1,2007-09-21,wn-0236,False
wn-0237:10:348,event,discovery: find,discovery,1,1,2007-09-24,wn-0237,False
wn-0238:1:35,event,discovery: discovery,discovery,1,1,2007-10-04,wn-0238,False
wn-0238:10:330,event,discovery: found,discovery,1,1,2007-10-04,wn-0238,False
wn-0238:13:399,event,discovery: observe,discovery,1,1,2007-10-04,wn-0238,False
wn-0238:14:418,event,discovery: detect,discovery,1,1,2007-10-04,wn-0238,False
wn-0239:0:43,event,discovery: detecting,discovery,1,1,2007-10-05,wn-0239,False
wn-0239:7:232,event,launch: launch,launch,1,1,2007-10-05,wn-0239,False
PERSON:Sputnik,entity,Sputnik,PERSON,1,1,,,False
wn-0240:0:7,event,launch: launched,launch,1,1,2007-10-24,wn-0240,False
wn-0240:1:36,event,launch: lifted off,launch,1,1,2007-10-24T18:05,wn-0240,False
wn-0240:3:73,event,launch: launch,launch,1,1,2007-10-24,wn-0240,False
wn-0240:10:231,event,launch: launched,launch,1,1,2007-09,wn-0240,False
GPE:Japan,entity,Japan,GPE,1,1,,,False
wn-0240:13:346,event,failure: explosion,failure,1,1,2007-01,wn-0240,False
wn-0241:1:55,event,discovery: found,discovery,1,1,2004,wn-0241,False
wn-0241:1:91,event,failure: destroyed,failure,1,1,2004,wn-0241,False
wn-0241:7:267,event,discovery: discovered,discovery,1,1,2007-10-24,wn-0241,False
wn-0242:11:321,event,discovery: discovered,discovery,1,1,1892-11-06,wn-0242,False
PERSON:Edwin Holmes,entity,Edwin Holmes,PERSON,1,1,,,False
wn-0242:12:358,event,discovery: discovered,discovery,1,1,2007-10-27,wn-0242,False
wn-0243:1:32,event,failure: disaster,failure,1,1,2007-11-05,wn-0243,False
wn-0243:2:55,event,launch: launched,launch,1,1,2007-10-23,wn-0243,False
wn-0243:5:124,event,discovery: detected,discovery,1,1,2007-11-05,wn-0243,False
wn-0243:8:178,event,landing: land,landing,1,1,2007-11-05T13:02,wn-0243,False
wn-0244:12:339,event,launch: lift off,launch,1,1,2007-12-06,wn-0244,False
wn-0244:12:351,event,docking: dock,docking,1,1,2007-12-06,wn-0244,False
ORG:Harmony,entity,Harmony,ORG,1,1,,,False
wn-0245:18:350,event,launch: launch,launch,1,1,2007-11-28,wn-0245,False
ORG:Landsat Data Continuity Mission,entity,the Landsat Data Continuity Mission,ORG,1,1,,,False
wn-0246:1:28,event,discovery: findings,discovery,1,1,2007-11-22,wn-0246,False
wn-0246:10:298,event,discovery: findings,discovery,1,1,2007-11-29,wn-0246,False
wn-0247:5:116,event,discovery: identified,discovery,1,1,2007-12-05,wn-0247,False
wn-0247:8:175,event,failure: failed,failure,1,1,2007-12-05,wn-0247,False
wn-0248:0:6,event,launch: launch,launch,1,1,2007-12-09,wn-0248,True
wn-0248:0:32,event,delay: delayed,delay,1,1,2008-01-02,wn-0248,False
wn-0248:0:43,event,delay: scrubbing,delay,1,1,2007-12-09,wn-0248,False
wn-0248:0:46,event,launch: launch,launch,1,1,2007-12-09,wn-0248,False
wn-0248:1:61,event,delay: scrub,delay,1,1,2007-12-09T07:24,wn-0248,False
wn-0248:1:63,event,launch: launch,launch,1,1,2007-12-09T07:24,wn-0248,False
wn-0248:3:124,event,failure: malfunctioning,failure,1,1,2007-12-09,wn-0248,False
wn-0248:3:128,event,launch: launch,launch,1,1,2007-12-09,wn-0248,False
wn-0248:3:145,event,launch: launch,launch,1,1,2007-12-09,wn-0248,False
wn-0248:4:166,event,delay: postponement,delay,1,1,2007-01-02,wn-0248,False
wn-0248:6:209,event,delay: delay,delay,1,1,2007-12-09,wn-0248,False
wn-0248:6:211,event,launch: launch,launch,1,1,2007-12-09,wn-0248,False
wn-0249:7:219,event,discovery: found,discovery,1,1,2007-12-13,wn-0249,False
wn-0249:8:232,event,failure: exploding,failure,1,1,2007-12-13,wn-0249,False
wn-0249:9:270,event,discovery: observations,discovery,1,1,2007-12-13,wn-0249,False
PRODUCT:Voyager,entity,Voyager,PRODUCT,1,1,,,False
wn-0250:0:6,event,delay: postponed,delay,1,1,2007-12-23,wn-0250,False
wn-0250:0:23,event,launch: took off,launch,1,1,2007-12-23,wn-0250,False
wn-0250:3:103,event,launch: launched,launch,1,1,2007-12-18T09:15,wn-0250,False
wn-0250:5:130,event,launch: launch,launch,1,1,2007-12-18,wn-0250,False
wn-0250:5:135,event,landing: landed,landing,1,1,2007-12-18,wn-0250,False
wn-0251:0:2,event,discovery: discovered,discovery,1,1,2008,wn-0251,False
wn-0251:1:34,event,discovery: discovery,discovery,1,1,2007,wn-0251,False
wn-0251:8:239,event,flyby: fly,flyby,1,1,2007-12-24,wn-0251,False
wn-0252:0:5,event,launch: launch,launch,1,1,2008-01,wn-0252,True
wn-0252:0:18,event,delay: postponed,delay,1,1,2008-01,wn-0252,False
wn-0252:1:33,event,delay: delay,delay,1,1,2007-12,wn-0252,False
wn-0252:1:39,event,failure: faulty,failure,1,1,2007-12,wn-0252,False
wn-0252:1:51,event,launch: launch,launch,1,1,2007-12,wn-0252,False
wn-0252:2:70,event,launch: launch,launch,1,1,2007-01-24,wn-0252,False
wn-0252:3:118,event,discovery: findings,discovery,1,1,2008-01-04,wn-0252,False
wn-0252:4:133,event,launch: launch,launch,1,1,2007-12-06,wn-0252,False
wn-0252:4:143,event,failure: failed,failure,1,1,2007-12-06,wn-0252,False
wn-0252:4:152,event,launch: launch,launch,1,1,2007-12-09,wn-0252,False
wn-0252:5:193,event,failure: explosion,failure,1,1,2008-01-04,wn-0252,False
wn-0252:6:217,event,failure: faulty,failure,1,1,2008-01-04,wn-0252,False
wn-0253:0:10,event,discovery: identified,discovery,1,1,2008-01-04,wn-0253,False
wn-0253:4:103,event,discovery: identified,discovery,1,1,1972-01-05,wn-0253,False
wn-0254:5:138,event,failure: exploding,failure,1,1,2008-01-13,wn-0254,False
wn-0254:8:232,event,discovery: discovered,discovery,1,1,1963,wn-0254,False
wn-0254:9:241,event,discovery: found,discovery,1,1,2008-01-13,wn-0254,False
wn-0254:18:481,event,discovery: found,discovery,1,1,2008-01-13,wn-0254,False
wn-0255:5:118,event,flyby: encounter,flyby,1,1,2011-03,wn-0255,False
wn-0255:6:148,event,flyby: flyby,flyby,1,1,2008-01-14,wn-0255,False
wn-0255:7:160,event,flyby: flyby,flyby,1,1,2008-01-14,wn-0255,False
wn-0255:11:238,event,flyby: flyby,flyby,1,1,2008-01-14,wn-0255,False
wn-0255:12:295,event,flyby: flyby,flyby,1,1,2008-01-14,wn-0255,False
ORG:Mariner,entity,Mariner,ORG,1,1,,,False
wn-0255:14:325,event,flyby: flyby,flyby,1,1,2008-01-14,wn-0255,False
wn-0255:14:335,event,discovery: observations,discovery,1,1,2008-01-14,wn-0255,False
wn-0255:15:352,event,flyby: flyby,flyby,1,1,2008-01-14,wn-0255,False
wn-0255:16:373,event,launch: launched,launch,1,1,2004-08-03,wn-0255,False
wn-0255:17:393,event,flyby: flown,flyby,1,1,2008-01-14,wn-0255,False
wn-0255:19:443,event,flyby: encounter,flyby,1,1,2011,wn-0255,False
wn-0256:0:5,event,launch: Launch,launch,1,1,2008-01-21,wn-0256,False
wn-0256:0:10,event,launch: launch,launch,1,1,2008-01-21,wn-0256,False
wn-0256:1:26,event,launch: launch,launch,1,1,2008-01-21,wn-0256,False
wn-0256:2:31,event,launch: launched,launch,1,1,2008-01-21,wn-0256,False
GPE:Israel,entity,Israel,GPE,1,1,,,False
wn-0256:3:54,event,launch: launched,launch,1,1,2008-01-21T03:45,wn-0256,False
wn-0256:4:73,event,launch: launch,launch,1,1,2008-01-21T04:05,wn-0256,False
wn-0256:5:95,event,launch: launch,launch,1,1,PT80M,wn-0256,False
wn-0256:6:110,event,launch: launch,launch,1,1,2008-01-21,wn-0256,True
wn-0256:6:112,event,delay: delayed,delay,1,1,2008-01-21,wn-0256,False
wn-0256:7:128,event,launch: launch,launch,1,1,2008-01-21,wn-0256,True
wn-0256:7:131,event,failure: cancelled,failure,1,1,2008-01-21,wn-0256,False
wn-0256:14:359,event,launch: launch,launch,1,1,P45Y,wn-0256,False
wn-0257:2:79,event,discovery: discovered,discovery,1,1,2007-10-11,wn-0257,False
ORG:Catalina Sky Survey,entity,the Catalina Sky Survey,ORG,1,1,,,False
wn-0257:4:148,event,discovery: discovered,discovery,1,1,2008-01-24,wn-0257,False
wn-0257:10:298,event,discovery: observe,discovery,1,1,2008-01-23,wn-0257,False
wn-0257:10:311,event,discovery: observe,discovery,1,1,2008-01-23,wn-0257,False
wn-0258:4:103,event,failure: loss,failure,1,1,2008-01-27,wn-0258,False
wn-0258:14:311,event,discovery: identified,discovery,1,1,2008-01-27,wn-0258,False
ORG:NRO,entity,NRO,ORG,1,1,,,False
wn-0258:15:322,event,launch: launched,launch,1,1,2006-12,wn-0258,False
wn-0258:16:340,event,failure: lost,failure,1,1,2008-01-27,wn-0258,False
wn-0259:0:11,event,launch: launched,launch,1,1,,wn-0259,False
wn-0259:1:33,event,launch: Launch,launch,1,1,2008-01-28,wn-0259,False
wn-0259:3:103,event,launch: launch,launch,1,1,2008,wn-0259,False
wn-0259:8:204,event,failure: malfunctioned,failure,1,1,2006,wn-0259,False
wn-0260:0:16,event,failure: disaster,failure,1,1,2008-02-02,wn-0260,False
wn-0260:1:26,event,failure: broke up,failure,1,1,2003-02-01,wn-0260,False
wn-0260:1:45,event,landing: landing,landing,1,1,PT16M,wn-0260,False
wn-0260:3:88,event,landing: landing,landing,1,1,2008-02-02,wn-0260,False
wn-0260:4:115,event,failure: disasters,failure,1,1,2008-02-02,wn-0260,False
wn-0260:30:577,event,failure: disaster,failure,1,1,2008-01-28,wn-0260,False
wn-0262:0:15,event,launch: launched,launch,1,1,2008-02-05,wn-0262,False
wn-0262:1:32,event,launch: Liftoff,launch,1,1,2008-02-05T13:02,wn-0262,False
wn-0262:2:60,event,docking: dock,docking,1,1,2008-02-07,wn-0262,False
wn-0262:2:75,event,launch: launch,launch,1,1,,wn-0262,False
wn-0262:4:120,event,launch: launched,launch,1,1,P1Y,wn-0262,False
wn-0262:4:129,event,launch: launched,launch,1,1,P1Y,wn-0262,False
wn-0262:5:162,event,launch: launch,launch,1,1,2008-02-04,wn-0262,False
wn-0262:5:176,event,docking: undocking,docking,1,1,2008-02-04,wn-0262,False
wn-0262:8:231,event,launch: launch,launch,1,1,2008,wn-0262,False
wn-0263:0:16,event,launch: launch,launch,1,1,2008-02-06,wn-0263,False
wn-0263:0:44,event,launch: launch,launch,1,1,2008-02-06,wn-0263,False
wn-0263:1:50,event,launch: launch,launch,1,1,2008-02-06,wn-0263,False
wn-0263:3:132,event,launch: launch,launch,1,1,2008-01-31,wn-0263,False
wn-0263:7:222,event,launch: launched,launch,1,1,2008-02-07,wn-0263,False
wn-0264:0:4,event,launch: launched,launch,1,1,2008-02-07,wn-0264,False
wn-0264:1:27,event,launch: Liftoff,launch,1,1,2008-02-07,wn-0264,False
wn-0264:1:40,event,launch: launch,launch,1,1,2008-02-07,wn-0264,False
wn-0264:3:74,event,launch: launch,launch,1,1,P7Y,wn-0264,False
wn-0264:3:89,event,launch: launched,launch,1,1,P7Y,wn-0264,False
PERSON:Destiny,entity,Destiny,PERSON,1,1,,,False
wn-0264:4:95,event,docking: Docking,docking,1,1,2008-02-09,wn-0264,False
wn-0264:4:105,event,docking: docking,docking,1,1,2008-02-09,wn-0264,False
wn-0264:5:119,event,docking: docked,docking,1,1,2008-02-07,wn-0264,False
ORG:ISS,entity,the Space Station,ORG,1,1,,,False
wn-0264:7:171,event,launch: launch,launch,1,1,2008-02-07,wn-0264,True
wn-0264:7:175,event,delay: delayed,delay,1,1,2008-02-07,wn-0264,False
wn-0264:8:198,event,launch: launch,launch,1,1,2008-02-07,wn-0264,False
wn-0264:9:210,event,launch: launch,launch,1,1,2008-02-07,wn-0264,False
wn-0264:9:224,event,discovery: observed,discovery,1,1,2008-02-07,wn-0264,False
wn-0264:10:261,event,launch: launch,launch,1,1,2008,wn-0264,False
wn-0264:11:297,event,landing: landing,landing,1,1,2008-02-19,wn-0264,False
wn-0265:0:9,event,docking: docked,docking,1,1,2008-02-09,wn-0265,False
wn-0265:0:13,event,docking: docking,docking,1,1,2008-02-09,wn-0265,False
wn-0265:1:31,event,launch: launched,launch,1,1,2008-02-07,wn-0265,False
wn-0265:2:49,event,docking: docking,docking,1,1,2008-02-09T17:35,wn-0265,False
wn-0265:3:71,event,docking: docked,docking,1,1,2007-10,wn-0265,False
wn-0265:4:92,event,docking: docking,docking,1,1,2008-02-09,wn-0265,False
wn-0265:6:157,event,discovery: discovered,discovery,1,1,2008-02-08,wn-0265,False
wn-0265:9:236,event,launch: launch,launch,1,1,2008-02-09,wn-0265,False
wn-0266:8:249,event,delay: delayed,delay,1,1,2008-02-13,wn-0266,False
wn-0267:0:4,event,launch: launch,launch,1,1,2008,wn-0267,False
wn-0267:0:21,event,launch: launched,launch,1,1,2008,wn-0267,False
wn-0267:1:41,event,launch: Liftoff,launch,1,1,2008-02-11,wn-0267,False
wn-0267:1:56,event,launch: launch,launch,1,1,2008-02-11,wn-0267,False
wn-0267:8:202,event,launch: launch,launch,1,1,2007,wn-0267,True
wn-0267:8:204,event,delay: delayed,delay,1,1,2007,wn-0267,False
wn-0267:8:209,event,failure: failure,failure,1,1,2007,wn-0267,False
wn-0267:8:216,event,delay: scrubbed,delay,1,1,2008-02-10,wn-0267,False
wn-0267:8:229,event,discovery: detected,discovery,1,1,2008-02-10,wn-0267,False
wn-0268:6:140,event,discovery: find,discovery,1,1,2008-02-13,wn-0268,False
wn-0269:1:46,event,launch: launched,launch,1,1,2008-02-13,wn-0269,False
wn-0269:8:231,event,landing: Landing,landing,1,1,2008-02-20,wn-0269,False
wn-0269:9:263,event,delay: delayed,delay,1,1,2008-02-13,wn-0269,False
wn-0270:3:100,event,failure: failed,failure,1,1,2008-02-15,wn-0270,False
wn-0271:0:13,event,failure: destroy,failure,1,1,2006-12,wn-0271,False
wn-0271:0:20,event,failure: failed,failure,1,1,2006-12,wn-0271,False
wn-0271:0:23,event,launch: launch,launch,1,1,2006-12,wn-0271,False
wn-0271:1:29,event,launch: launch,launch,1,1,2008-02-15,wn-0271,False
wn-0271:2:76,event,failure: destroy,failure,1,1,2008-02-15,wn-0271,False
wn-0271:4:113,event,failure: failed,failure,1,1,2008-02-15,wn-0271,False
wn-0271:4:116,event,launch: launch,launch,1,1,2008-02-15,wn-0271,False
wn-0271:6:180,event,failure: explode,failure,1,1,2008-02-15,wn-0271,False
wn-0271:7:186,event,failure: Destroying,failure,1,1,2008-02-15,wn-0271,False
wn-0271:9:268,event,launch: launched,launch,1,1,2008-02-15,wn-0271,False
wn-0271:12:343,event,landing: reentry,landing,1,1,2008-02-15,wn-0271,False
wn-0271:15:399,event,failure: destroy,failure,1,1,2008-02-15,wn-0271,False
wn-0271:18:467,event,failure: destroyed,failure,1,1,2008-02-15,wn-0271,True
wn-0271:18:482,event,landing: landed,landing,1,1,2008-02-15,wn-0271,False
wn-0272:0:4,event,docking: undocked,docking,1,1,2008-02-18,wn-0272,False
wn-0272:2:39,event,docking: Undocking,docking,1,1,2008-02-18T09:24,wn-0272,False
wn-0272:3:64,event,landing: land,landing,1,1,2008-02-20,wn-0272,False
wn-0272:4:74,event,landing: land,landing,1,1,2008-02-18,wn-0272,False
wn-0272:4:111,event,landing: landing,landing,1,1,2008-02-18,wn-0272,False
wn-0272:5:123,event,landing: landing,landing,1,1,2008-02-18,wn-0272,False
wn-0272:5:142,event,failure: destroy,failure,1,1,2008-02-18,wn-0272,False
wn-0272:5:144,event,failure: failed,failure,1,1,2008-02-18,wn-0272,False
wn-0272:8:206,event,failure: failed,failure,1,1,2008-02-18,wn-0272,False
wn-0272:10:270,event,launch: launch,launch,1,1,2008-02-18,wn-0272,False
wn-0272:11:280,event,launch: Launch,launch,1,1,2008-02-18T04:26,wn-0272,False
wn-0272:12:334,event,flyby: flyby,flyby,1,1,2008-02-18,wn-0272,False
wn-0273:0:4,event,landing: landed,landing,1,1,2008-02-20,wn-0273,False
wn-0273:0:14,event,landing: Landing,landing,1,1,2008-02-20,wn-0273,False
wn-0273:1:30,event,landing: Landing,landing,1,1,2008-02-20,wn-0273,False
wn-0273:1:40,event,landing: touching down,landing,1,1,2008-02-20T14:07,wn-0273,False
wn-0273:7:181,event,launch: launched,launch,1,1,2008-02-20,wn-0273,False
PERSON:Léopold Eyharts,entity,Léopold Eyharts,PERSON,1,1,,,False
wn-0273:9:229,event,delay: delayed,delay,1,1,2008-12,wn-0273,False
wn-0273:9:233,event,launch: launching,launch,1,1,2008-12,wn-0273,False
wn-0273:10:239,event,landing: landing,landing,1,1,2008-02-20T03:30,wn-0273,False
wn-0273:10:254,event,failure: destroy,failure,1,1,2008-02-20T03:30,wn-0273,False
wn-0273:10:256,event,failure: failed,failure,1,1,2008-02-20T03:30,wn-0273,False
wn-0273:11:280,event,landing: landed,landing,1,1,2008-02-20,wn-0273,False
wn-0273:12:319,event,launch: launch,launch,1,1,2008-03,wn-0273,False
wn-0273:13:355,event,launch: launch,launch,1,1,2008-08,wn-0273,False
wn-0274:0:6,event,failure: destroyed,failure,1,1,2008-02-21,wn-0274,False
ORG:United States Navy,entity,The United States Navy,ORG,1,1,,,False
wn-0274:1:28,event,launch: launched,launch,1,1,2008-02-21T03:26,wn-0274,False
wn-0274:3:91,event,launch: launch,launch,1,1,2008-02-21,wn-0274,False
wn-0274:5:127,event,failure: destroyed,failure,1,1,2007-01-11,wn-0274,False
wn-0274:6:154,event,launch: launched,launch,1,1,2006-12,wn-0274,False
wn-0274:7:184,event,failure: failed,failure,1,1,,wn-0274,False
wn-0274:7:188,event,launch: launch,launch,1,1,,wn-0274,False
wn-0274:9:216,event,failure: destroying,failure,1,1,2008-02-21,wn-0274,False
wn-0274:9:234,event,landing: land,landing,1,1,2008-02-21,wn-0274,False
wn-0274:11:298,event,failure: destroyed,failure,1,1,P1D,wn-0274,False
wn-0274:13:361,event,failure: destroying,failure,1,1,2008-02-21,wn-0274,False
wn-0275:1:76,event,failure: destroy,failure,1,1,2008-03-04,wn-0275,False
wn-0275:4:164,event,launch: launched,launch,1,1,2008,wn-0275,False
wn-0276:3:96,event,delay: delays,delay,1,1,2008-03-05,wn-0276,False
wn-0276:4:118,event,launch: launch,launch,1,1,2008-09,wn-0276,False
wn-0276:5:159,event,launch: launches,launch,1,1,2008,wn-0276,False
wn-0277:0:5,event,launch: launched,launch,1,1,2008-03-09,wn-0277,False
PERSON:Automated Transfer Vehicle,entity,Automated Transfer Vehicle,PERSON,1,1,,,False
wn-0277:2:53,event,docking: docking,docking,1,1,2008-04,wn-0277,False
wn-0277:3:67,event,launch: launch,launch,1,1,P13Y,wn-0277,False
wn-0277:4:103,event,launch: launch,launch,1,1,2008-03-09,wn-0277,False
wn-0277:6:136,event,launch: Launch,launch,1,1,2008-03-09,wn-0277,False
wn-0277:8:201,event,launch: lifted off,launch,1,1,,wn-0277,False
wn-0277:12:282,event,launch: launch,launch,1,1,,wn-0277,False
NORP:European,entity,European,NORP,1,1,,,False
wn-0277:13:321,event,launch: launch,launch,1,1,2009,wn-0277,False
wn-0277:16:373,event,launch: launch,launch,1,1,P13Y,wn-0277,False
wn-0277:17:396,event,launch: launch,launch,1,1,2007-07,wn-0277,True
PERSON:Jules Verne,entity,Jules Verne,PERSON,1,1,,,False
wn-0277:17:403,event,delay: delayed,delay,1,1,2007-07,wn-0277,False
wn-0277:18:419,event,delay: delay,delay,1,1,2008-03-08,wn-0277,False
wn-0277:19:447,event,launch: launch,launch,1,1,2008-03-09,wn-0277,False
wn-0277:19:459,event,launch: launch,launch,1,1,2008-03-09,wn-0277,False
wn-0277:19:468,event,launch: launch,launch,1,1,2008-03-09,wn-0277,False
wn-0277:21:543,event,launch: launch,launch,1,1,2008-03-09,wn-0277,False
wn-0277:22:563,event,launch: launch,launch,1,1,P2D,wn-0277,False
wn-0277:22:571,event,launch: launch,launch,1,1,P2D,wn-0277,False
wn-0277:24:629,event,launch: launch,launch,1,1,,wn-0277,False
wn-0277:26:670,event,delay: delayed,delay,1,1,2008-03-09,wn-0277,False
wn-0277:26:672,event,failure: cancelled,failure,1,1,2008-03-09,wn-0277,False
wn-0277:27:685,event,launch: launch,launch,1,1,2008,wn-0277,False
wn-0277:28:699,event,launch: launched,launch,1,1,2008-03-09,wn-0277,False
wn-0278:0:4,event,launch: launched,launch,1,1,,wn-0278,False
wn-0278:4:116,event,launch: launched,launch,1,1,2008-02,wn-0278,False
wn-0278:8:195,event,docking: docking,docking,1,1,2008-05,wn-0278,False
wn-0278:8:221,event,launch: launch,launch,1,1,2008-05,wn-0278,False
wn-0278:16:389,event,launch: launch,launch,1,1,2008-03-11,wn-0278,False
wn-0278:16:391,event,landing: landing,landing,1,1,2008-03-11,wn-0278,False
wn-0278:16:425,event,launch: launch,launch,1,1,2008-03-11,wn-0278,False
wn-0278:18:487,event,failure: accident,failure,1,1,2008-03-11,wn-0278,False
wn-0278:19:496,event,launch: launch,launch,1,1,2008-03-11,wn-0278,False
wn-0278:20:505,event,failure: failed,failure,1,1,2008-03-11,wn-0278,False
PERSON:Flash Evaporator System,entity,Flash Evaporator System,PERSON,1,1,,,False
wn-0278:23:562,event,failure: failed,failure,1,1,2008-03-11,wn-0278,False
wn-0278:25:623,event,launch: launch,launch,1,1,PT10S,wn-0278,False
wn-0278:26:645,event,launch: launch,launch,1,1,,wn-0278,False
wn-0278:27:676,event,launch: launch,launch,1,1,2008,wn-0278,False
wn-0278:28:680,event,launch: Launch,launch,1,1,,wn-0278,False
wn-0278:28:692,event,launch: launch,launch,1,1,,wn-0278,False
wn-0278:29:700,event,launch: launch,launch,1,1,2009-02-14,wn-0278,False
wn-0278:29:714,event,delay: delayed,delay,1,1,2009-02-14,wn-0278,False
wn-0279:0:6,event,launch: launched,launch,1,1,2008-03-13,wn-0279,False
wn-0279:1:35,event,launch: Launch,launch,1,1,2008-03-13,wn-0279,False
wn-0279:3:94,event,launch: lifted off,launch,1,1,,wn-0279,False
wn-0279:3:103,event,launch: Launch,launch,1,1,,wn-0279,False
wn-0279:4:128,event,launch: launch,launch,1,1,2008-03-13,wn-0279,False
wn-0279:4:139,event,launch: launch,launch,1,1,2008-03-13,wn-0279,False
wn-0279:5:149,event,launch: launch,launch,1,1,2008,wn-0279,False
wn-0279:7:173,event,launch: launch,launch,1,1,2008-03-13,wn-0279,False
wn-0279:7:202,event,launch: launches,launch,1,1,2008-03-13,wn-0279,False
wn-0279:8:214,event,launch: launch,launch,1,1,2008-03-13,wn-0279,False
wn-0279:9:228,event,launch: launch,launch,1,1,P2Y,wn-0279,True
wn-0279:9:231,event,delay: delayed,delay,1,1,2006,wn-0279,False
wn-0279:11:279,event,discovery: detection,discovery,1,1,2008,wn-0279,False
wn-0279:11:284,event,launch: launch,launch,1,1,2008,wn-0279,False
wn-0279:13:328,event,launch: launch,launch,1,1,PT5M,wn-0279,False
wn-0279:13:334,event,launch: launch,launch,1,1,PT1H,wn-0279,False
wn-0279:13:347,event,launch: launch,launch,1,1,PT1H,wn-0279,False
wn-0279:14:360,event,launch: launch,launch,1,1,2008-03-15,wn-0279,False
wn-0279:15:377,event,launch: launch,launch,1,1,2008-04,wn-0279,False
WORK_OF_ART:Atlas,entity,Atlas,WORK_OF_ART,2,3,,,False
wn-0280:0:16,event,launch: launched,launch,1,1,,wn-0280,False
wn-0280:1:50,event,launch: lifted off,launch,1,1,2008-03-14,wn-0280,False
wn-0280:2:74,event,failure: anomaly,failure,1,1,PT40M,wn-0280,False
wn-0280:5:126,event,launch: launch,launch,1,1,2008,wn-0280,False
wn-0280:5:134,event,failure: fail,failure,1,1,2008,wn-0280,False
wn-0280:6:141,event,launch: launch,launch,1,1,2008-03-14,wn-0280,False
NORP:334th,entity,334th,NORP,1,1,,,False
wn-0280:6:150,event,launch: launch,launch,1,1,2008-03-14,wn-0280,False
wn-0280:6:151,event,failure: failure,failure,1,1,2008-03-14,wn-0280,False
wn-0280:6:157,event,launch: launch,launch,1,1,2008-03-14,wn-0280,False
NORP:Russian,entity,Russian,NORP,1,1,,,False
wn-0280:6:163,event,launch: launch,launch,1,1,2008-03-14,wn-0280,False
wn-0280:7:175,event,failure: failure,failure,1,1,,wn-0280,False
wn-0280:7:182,event,launch: launch,launch,1,1,,wn-0280,False
wn-0280:7:190,event,failure: malfunction,failure,1,1,,wn-0280,False
wn-0280:7:193,event,launch: launch,launch,1,1,2007-09,wn-0280,False
wn-0280:9:234,event,failure: malfunction,failure,1,1,2008-03-14,wn-0280,False
wn-0281:0:6,event,flyby: flyby,flyby,1,1,2008-03-12,wn-0281,False
wn-0281:3:114,event,failure: glitch,failure,1,1,2008-03-15,wn-0281,False
wn-0281:4:153,event,flyby: flyby,flyby,1,1,2008-03-15,wn-0281,False
wn-0281:12:344,event,launch: Launched,launch,1,1,1997,wn-0281,False
wn-0282:0:4,event,launch: launched,launch,1,1,2008-03-15T06:10,wn-0282,False
wn-0282:3:98,event,launch: Launch,launch,1,1,2008-03-15,wn-0282,False
wn-0282:5:138,event,launch: launched,launch,1,1,1992-09,wn-0282,False
wn-0282:6:158,event,launch: launch,launch,1,1,2008,wn-0282,False
wn-0282:6:168,event,launch: launch,launch,1,1,2008,wn-0282,False
wn-0283:11:446,event,discovery: observations,discovery,1,1,2007,wn-0283,False
wn-0283:18:691,event,launch: launch,launch,1,1,2015,wn-0283,False
wn-0284:0:9,event,discovery: detected,discovery,1,1,2008-03-19,wn-0284,False
wn-0284:0:26,event,discovery: discovery,discovery,1,1,2008-03-19,wn-0284,False
wn-0284:1:43,event,discovery: found,discovery,1,1,2008-03-19,wn-0284,False
wn-0284:7:232,event,discovery: detect,discovery,1,1,2008-03-19,wn-0284,False
wn-0284:7:239,event,discovery: find,discovery,1,1,2008-03-19,wn-0284,False
wn-0284:8:249,event,discovery: observation,discovery,1,1,2008-03-19,wn-0284,False
wn-0284:8:289,event,discovery: discovery,discovery,1,1,2008-03-19,wn-0284,False
wn-0284:11:358,event,discovery: found,discovery,1,1,2008-03-19,wn-0284,False
wn-0284:13:390,event,discovery: discovery,discovery,1,1,2007,wn-0284,False
wn-0284:13:406,event,discovery: found,discovery,1,1,2007,wn-0284,False
wn-0284:14:421,event,discovery: observation,discovery,1,1,2008-03-19,wn-0284,False
wn-0284:15:450,event,discovery: identify,discovery,1,1,2008-03-19,wn-0284,False
wn-0285:0:2,event,launch: Launch,launch,1,1,2008-03-20,wn-0285,False
wn-0285:0:7,event,launch: launched,launch,1,1,2008-03-20,wn-0285,False
wn-0285:1:20,event,launch: lifted off,launch,1,1,,wn-0285,False
wn-0285:1:27,event,launch: launch,launch,1,1,2008-03-19,wn-0285,False
wn-0285:2:61,event,launch: launch,launch,1,1,2008,wn-0285,False
wn-0285:2:69,event,launch: launch,launch,1,1,2008,wn-0285,False
wn-0285:2:85,event,launch: lofted,launch,1,1,2008,wn-0285,False
wn-0285:4:116,event,launch: Launch,launch,1,1,2007-11,wn-0285,True
wn-0285:4:119,event,delay: delayed,delay,1,1,2007-11,wn-0285,False
wn-0285:4:128,event,launch: launch,launch,1,1,2007-11,wn-0285,False
wn-0285:4:133,event,failure: failure,failure,1,1,2007-11,wn-0285,False
wn-0285:4:138,event,launch: launch,launch,1,1,2007-11,wn-0285,False
SPACECRAFT:Zenit,entity,Zenit,SPACECRAFT,4,6,,,False
wn-0285:5:140,event,delay: Delays,delay,1,1,2008-03,wn-0285,False
wn-0285:5:160,event,delay: delay,delay,1,1,P10D,wn-0285,False
wn-0285:5:168,event,delay: delay,delay,1,1,,wn-0285,False
wn-0285:8:241,event,launch: launch,launch,1,1,,wn-0285,False
wn-0285:9:249,event,launch: launch,launch,1,1,2008-03-18,wn-0285,False
wn-0285:12:308,event,launch: Launch,launch,1,1,2008-03-20,wn-0285,False
wn-0285:13:354,event,launch: launch,launch,1,1,2008-03-20,wn-0285,False
wn-0285:15:404,event,launch: Launch,launch,1,1,2008,wn-0285,False
wn-0285:15:409,event,launch: launches,launch,1,1,2008,wn-0285,False
wn-0285:16:426,event,launch: launch,launch,1,1,2008-03-20,wn-0285,False
wn-0285:16:440,event,launch: launch,launch,1,1,2008-03-20,wn-0285,False
PERSON:Land Launch,entity,Land Launch,PERSON,1,1,,,False
wn-0285:18:457,event,launch: Launch,launch,1,1,2008-05,wn-0285,False
LOC:Sea,entity,Sea,LOC,1,1,,,False
wn-0286:0:5,event,discovery: discovered,discovery,1,1,2008-03-21,wn-0286,False
wn-0286:2:75,event,discovery: findings,discovery,1,1,2008-03-21,wn-0286,False
wn-0286:2:93,event,discovery: found,discovery,1,1,2008-03-21,wn-0286,False
wn-0286:3:115,event,discovery: found,discovery,1,1,2008-03-21,wn-0286,False
wn-0286:7:211,event,discovery: observations,discovery,1,1,2008-03-21,wn-0286,False
wn-0286:8:252,event,flyby: flybys,flyby,1,1,2008-03-21,wn-0286,False
wn-0286:9:257,event,discovery: found,discovery,1,1,2008-03-21,wn-0286,False
wn-0287:0:6,event,launch: launched,launch,1,1,2008-03-27,wn-0287,False
wn-0287:2:41,event,launch: launch,launch,1,1,2008-03-27,wn-0287,False
wn-0287:2:59,event,delay: delayed,delay,1,1,2008-04-01,wn-0287,False
wn-0287:2:74,event,launch: launch,launch,1,1,2008-04-01,wn-0287,False
wn-0287:4:97,event,launch: launched,launch,1,1,2006-12,wn-0287,False
wn-0287:5:114,event,launch: launch,launch,1,1,2008-10,wn-0287,False
wn-0287:8:174,event,launch: launch,launch,1,1,1967,wn-0287,False
ORG:SAR-Lupe 4 marks,entity,SAR-Lupe 4 marks,ORG,1,1,,,False
wn-0287:9:190,event,launch: launch,launch,1,1,2008-03-27,wn-0287,False
wn-0287:10:203,event,launch: launch,launch,1,1,2008-03-27,wn-0287,False
wn-0287:11:222,event,launch: launch,launch,1,1,2008,wn-0287,False
wn-0288:0:4,event,landing: landed,landing,1,1,2008-03-27,wn-0288,False
wn-0288:1:26,event,landing: landing,landing,1,1,P15D,wn-0288,False
wn-0288:7:155,event,landing: Landing,landing,1,1,2008-03-27,wn-0288,False
wn-0288:8:188,event,landing: landing,landing,1,1,2008-03-27,wn-0288,False
wn-0288:8:202,event,landing: landing,landing,1,1,2008-03-27,wn-0288,False
wn-0288:9:211,event,delay: delay,delay,1,1,PT90M,wn-0288,False
wn-0288:9:213,event,landing: landing,landing,1,1,PT90M,wn-0288,False
wn-0288:10:218,event,landing: touchdown,landing,1,1,2008-03-27,wn-0288,False
wn-0288:10:231,event,landing: touchdown,landing,1,1,2008-03-27,wn-0288,False
wn-0288:14:285,event,launch: launch,launch,1,1,2008-05,wn-0288,False
wn-0288:15:297,event,launch: launched,launch,1,1,2008-04,wn-0288,False
wn-0289:0:6,event,discovery: discovered,discovery,1,1,2008-03-28,wn-0289,False
wn-0289:1:31,event,discovery: discovery,discovery,1,1,2008-03-12,wn-0289,False
wn-0289:1:36,event,flyby: flew,flyby,1,1,2008-03-12,wn-0289,False
wn-0289:11:334,event,discovery: find,discovery,1,1,2008-03-28,wn-0289,False
wn-0289:14:403,event,flyby: flyby,flyby,1,1,2008-08,wn-0289,False
wn-0290:0:16,event,launch: launched,launch,1,1,,wn-0290,False
ORG:United States Air Force,entity,the United States Air Force,ORG,1,1,,,False
wn-0290:1:43,event,delay: delays,delay,1,1,P1Y,wn-0290,False
wn-0290:3:105,event,launch: launches,launch,1,1,2008-04-02,wn-0290,False
PRODUCT:Minuteman,entity,Minuteman,PRODUCT,1,1,,,False
wn-0290:5:163,event,launch: launched,launch,1,1,2008-04-02,wn-0290,False
wn-0292:0:18,event,launch: launched,launch,1,1,,wn-0292,False
wn-0292:6:179,event,launch: lift off,launch,1,1,PT9M,wn-0292,False
wn-0292:7:182,event,docking: Docking,docking,1,1,2008-04-10,wn-0292,False
wn-0292:8:202,event,docking: docking,docking,1,1,2008-04-08T08:30,wn-0292,False
wn-0292:8:209,event,docking: undocked,docking,1,1,2008-04-08T08:30,wn-0292,False
wn-0292:11:288,event,landing: land in,landing,1,1,2008-04-08,wn-0292,False
wn-0292:12:314,event,launch: launched,launch,1,1,1967-04,wn-0292,False
wn-0292:13:342,event,launch: launch,launch,1,1,2008,wn-0292,False
wn-0293:0:8,event,launch: launched,launch,1,1,,wn-0293,False
wn-0293:2:49,event,launch: launch,launch,1,1,2008-04-14,wn-0293,False
wn-0293:2:58,event,launch: launches,launch,1,1,2008-04-14,wn-0293,False
wn-0293:3:74,event,launch: Launch,launch,1,1,PT1H,wn-0293,False
wn-0293:3:92,event,launch: launch,launch,1,1,PT1H,wn-0293,False
wn-0293:6:147,event,launch: launch,launch,1,1,2008-04-14,wn-0293,False
wn-0293:8:172,event,launch: launch,launch,1,1,2007,wn-0293,True
wn-0293:8:175,event,delay: delayed,delay,1,1,2007,wn-0293,False
wn-0293:8:183,event,delay: delays,delay,1,1,2007,wn-0293,False
wn-0293:8:190,event,launch: launching,launch,1,1,2007,wn-0293,False
wn-0293:8:200,event,failure: failure,failure,1,1,2007-06,wn-0293,False
wn-0293:8:205,event,launch: launch,launch,1,1,2007-06,wn-0293,False
wn-0293:10:234,event,launch: launched,launch,1,1,2008-04-14,wn-0293,False
wn-0293:10:248,event,launch: launched,launch,1,1,2008-04-14,wn-0293,False
wn-0293:11:259,event,launch: launch,launch,1,1,2008-04-14,wn-0293,False
wn-0293:11:278,event,launch: launch,launch,1,1,2008-04-14,wn-0293,False
wn-0293:12:312,event,launch: launch,launch,1,1,2008-04-14,wn-0293,False
wn-0293:13:348,event,launch: launch,launch,1,1,2008-04-14,wn-0293,False
wn-0293:15:413,event,launch: launch,launch,1,1,2008-04-14,wn-0293,False
wn-0293:16:428,event,launch: launch,launch,1,1,2008-04-14,wn-0293,False
wn-0293:17:470,event,launch: launch,launch,1,1,2008-04-14,wn-0293,False
wn-0293:18:489,event,launch: launch,launch,1,1,2008-07,wn-0293,False
wn-0294:0:9,event,launch: launched,launch,1,1,2008-04-16,wn-0294,False
wn-0294:0:29,event,delay: delayed,delay,1,1,2008-04-16,wn-0294,False
wn-0294:2:84,event,launch: launch,launch,1,1,2003,wn-0294,False
wn-0294:2:94,event,delay: delays,delay,1,1,2003,wn-0294,False
wn-0294:2:99,event,launch: launched,launch,1,1,2008-04-16T17:01,wn-0294,False
wn-0294:4:129,event,launch: launch,launch,1,1,2008-04-16,wn-0294,False
wn-0294:5:141,event,launch: launch,launch,1,1,P1Y,wn-0294,False
wn-0294:6:157,event,launch: launch,launch,1,1,2008-07,wn-0294,False
SPACECRAFT:Pegasus,entity,Pegasus,SPACECRAFT,1,2,,,False
wn-0294:7:168,event,launch: launch,launch,1,1,2008,wn-0294,False
ORG:C/NOFS,entity,C/NOFS,ORG,1,1,,,False
wn-0294:7:176,event,launch: launch,launch,1,1,2008,wn-0294,False
wn-0294:7:186,event,launch: launch,launch,1,1,2008,wn-0294,False
wn-0295:0:13,event,launch: launched,launch,1,1,2008-04-18T22:17,wn-0295,False
wn-0295:1:33,event,launch: launch,launch,1,1,2008-04-18,wn-0295,False
wn-0295:1:53,event,launch: launched,launch,1,1,2008-04-18,wn-0295,False
wn-0295:9:199,event,launch: launch,launch,1,1,1998,wn-0295,False
wn-0295:9:208,event,delay: delayed,delay,1,1,2005,wn-0295,False
wn-0295:10:228,event,launch: launched,launch,1,1,2008-04-18,wn-0295,False
wn-0295:14:309,event,launch: launch,launch,1,1,2008,wn-0295,False
wn-0295:15:328,event,launch: launch,launch,1,1,2008-04-18,wn-0295,False
ORG:182nd,entity,182nd,ORG,1,1,,,False
wn-0295:15:338,event,launch: launch,launch,1,1,2008-04-18,wn-0295,False
wn-0295:16:347,event,launch: launch,launch,1,1,2008-05,wn-0295,False
wn-0295:17:374,event,launch: launch,launch,1,1,2008-04-18,wn-0295,False
wn-0295:20:484,event,launch: launch,launch,1,1,2008-04-18,wn-0295,False
wn-0295:22:534,event,launch: launch,launch,1,1,2008-04-18,wn-0295,False
wn-0296:0:7,event,landing: landed,landing,1,1,,wn-0296,False
wn-0296:3:73,event,landing: Landing,landing,1,1,2008-04-19T08:30,wn-0296,False
wn-0296:3:84,event,failure: anomaly,failure,1,1,2008-04-19T08:30,wn-0296,False
wn-0296:5:124,event,landing: descent,landing,1,1,2008-04-19,wn-0296,False
wn-0296:6:167,event,failure: anomaly,failure,1,1,2008-04-19,wn-0296,False
wn-0296:6:169,event,discovery: detected,discovery,1,1,2008-04-19,wn-0296,False
wn-0296:8:202,event,landing: Landing,landing,1,1,2008-04-19,wn-0296,False
wn-0296:8:214,event,landing: landing,landing,1,1,2008-04-19,wn-0296,False
wn-0296:9:225,event,landing: landing,landing,1,1,2007-10,wn-0296,False
wn-0296:11:260,event,failure: loss,failure,1,1,2008-04-19,wn-0296,False
wn-0297:0:21,event,launch: lifted off,launch,1,1,,wn-0297,False
wn-0297:0:29,event,launch: launch,launch,1,1,,wn-0297,False
wn-0297:4:147,event,launch: launch,launch,1,1,2008-10,wn-0297,False
wn-0297:6:166,event,launch: launch,launch,1,1,2008,wn-0297,False
wn-0297:7:197,event,launch: launch,launch,1,1,2008-04,wn-0297,False
wn-0298:1:54,event,launch: launch,launch,1,1,2008-05,wn-0298,False
wn-0298:2:84,event,launch: launch,launch,1,1,P6W,wn-0298,False
wn-0298:3:138,event,launch: Launch,launch,1,1,,wn-0298,False
wn-0298:4:148,event,discovery: Discoverys,discovery,1,1,2008-04-26,wn-0298,False
wn-0299:0:0,event,launch: Launch,launch,1,1,,wn-0299,False
wn-0299:2:60,event,launch: launch,launch,1,1,2008-04-27,wn-0299,False
wn-0299:4:91,event,launch: launch,launch,1,1,2008-04-27,wn-0299,False
wn-0299:4:100,event,launch: launch,launch,1,1,2008-04-27,wn-0299,False
wn-0299:5:125,event,launch: launched,launch,1,1,1966-11,wn-0299,False
wn-0299:6:158,event,launch: launch,launch,1,1,2008-04-27,wn-0299,False
wn-0299:6:166,event,launch: launches,launch,1,1,2008-04-27,wn-0299,False
wn-0299:7:201,event,launch: launched,launch,1,1,2005-04,wn-0299,False
wn-0299:7:218,event,launch: launched,launch,1,1,2005-04,wn-0299,False
wn-0299:8:233,event,launch: Launch,launch,1,1,,wn-0299,False
wn-0299:8:252,event,launch: launches,launch,1,1,1999,wn-0299,False
wn-0299:9:268,event,launch: launched,launch,1,1,2008-04-27,wn-0299,False
wn-0299:10:274,event,launch: launch,launch,1,1,2009,wn-0299,False
wn-0299:11:315,event,launch: launches,launch,1,1,2008-04-27,wn-0299,False
wn-0300:0:22,event,launch: launched,launch,1,1,2008-04-27T04:16,wn-0300,False
wn-0300:1:43,event,launch: launch,launch,1,1,2008-04-27,wn-0300,False
wn-0300:1:62,event,launch: launches,launch,1,1,2008-04-27,wn-0300,False
wn-0300:4:121,event,launch: launched,launch,1,1,2005-12,wn-0300,False
ORG:GIOVE-A,entity,GIOVE-A,ORG,1,1,,,False
wn-0300:5:133,event,launch: launch,launch,1,1,2006-04,wn-0300,False
wn-0300:5:140,event,delay: delayed,delay,1,1,2006-04,wn-0300,False
wn-0300:6:150,event,launch: launch,launch,1,1,2010,wn-0300,False
wn-0300:6:165,event,launch: launched,launch,1,1,2010,wn-0300,False
wn-0300:7:172,event,launch: launch,launch,1,1,,wn-0300,False
wn-0300:8:201,event,launch: launch,launch,1,1,2008,wn-0300,False
wn-0300:8:210,event,launch: launch,launch,1,1,2008,wn-0300,False
wn-0301:0:12,event,launch: launched,launch,1,1,2008-04-28,wn-0301,False
ORG:Indian Polar Satellite Launch Vehicle,entity,An Indian Polar Satellite Launch Vehicle,ORG,1,1,,,False
wn-0301:1:22,event,launch: lifted off,launch,1,1,2008-04-28,wn-0301,False
wn-0301:1:27,event,launch: launch,launch,1,1,2008-04-28,wn-0301,False
wn-0301:7:178,event,launch: Launch,launch,1,1,2008-04-28,wn-0301,False
wn-0301:9:260,event,launch: launch,launch,1,1,2008,wn-0301,False
wn-0301:10:280,event,launch: launch,launch,1,1,2008-04-28,wn-0301,False
wn-0301:11:285,event,launch: launch,launch,1,1,2008-07,wn-0301,False
wn-0302:0:16,event,launch: lifted off,launch,1,1,2008-04-28T05:00,wn-0302,False
wn-0302:2:56,event,launch: launch,launch,1,1,,wn-0302,False
wn-0302:5:118,event,launch: launch,launch,1,1,2008-04-28,wn-0302,False
wn-0302:6:132,event,launch: Launch,launch,1,1,2007,wn-0302,False
wn-0302:6:142,event,delay: delayed,delay,1,1,2007,wn-0302,False
wn-0302:6:146,event,failure: exploded,failure,1,1,2007-01,wn-0302,False
wn-0302:6:149,event,launch: launch,launch,1,1,2007-01,wn-0302,False
wn-0302:7:158,event,delay: delay,delay,1,1,,wn-0302,False
wn-0302:7:171,event,launch: launch,launch,1,1,,wn-0302,False
wn-0302:7:173,event,failure: failed,failure,1,1,,wn-0302,False
wn-0302:8:187,event,launch: launch,launch,1,1,2008,wn-0302,False
wn-0302:9:194,event,launch: launch,launch,1,1,2008-05,wn-0302,False
wn-0302:10:215,event,launch: Launched,launch,1,1,2008,wn-0302,False
wn-0302:10:242,event,launch: launches,launch,1,1,2008,wn-0302,False
wn-0303:0:13,event,launch: lifted off,launch,1,1,,wn-0303,False
wn-0303:2:68,event,docking: dock,docking,1,1,2008-05-15T21:36,wn-0303,False
wn-0303:3:86,event,launch: launched,launch,1,1,,wn-0303,False
wn-0303:5:131,event,launch: launch,launch,1,1,,wn-0303,False
wn-0303:5:151,event,launch: launch,launch,1,1,,wn-0303,False
wn-0303:8:220,event,docking: undock,docking,1,1,,wn-0303,False
wn-0303:8:228,event,failure: destroyed,failure,1,1,,wn-0303,False
wn-0303:9:246,event,launch: launch,launch,1,1,2008,wn-0303,False
wn-0303:9:254,event,launch: launch,launch,1,1,,wn-0303,False
wn-0303:10:262,event,launch: launch,launch,1,1,2008-08,wn-0303,False
wn-0304:0:2,event,launch: Launch,launch,1,1,2008-05-21,wn-0304,False
wn-0304:0:7,event,launch: launched,launch,1,1,2008-05-21,wn-0304,False
wn-0304:4:95,event,launch: launch,launch,1,1,2007,wn-0304,True
wn-0304:4:100,event,delay: delayed,delay,1,1,2007,wn-0304,False
wn-0304:4:109,event,failure: explosion,failure,1,1,2007-01,wn-0304,False
wn-0304:4:116,event,launch: launch,launch,1,1,2007-01,wn-0304,False
wn-0304:6:137,event,launch: launch,launch,1,1,2008-05-21,wn-0304,False
wn-0304:8:177,event,launch: launch,launch,1,1,2008,wn-0304,False
wn-0304:8:184,event,launch: launch,launch,1,1,2008,wn-0304,False
wn-0304:9:197,event,launch: launch,launch,1,1,2008-07,wn-0304,False
wn-0304:10:213,event,launch: launch,launch,1,1,2008-08,wn-0304,False
wn-0305:0:9,event,failure: explosion,failure,1,1,2008-05-22,wn-0305,False
wn-0305:1:26,event,failure: explosion,failure,1,1,2008-05-22,wn-0305,False
wn-0305:1:29,event,discovery: found,discovery,1,1,2008-05-22,wn-0305,False
wn-0305:3:81,event,failure: exploding,failure,1,1,,wn-0305,False
wn-0305:3:85,event,discovery: finding,discovery,1,1,,wn-0305,False
wn-0305:6:116,event,discovery: Observations,discovery,1,1,,wn-0305,False
wn-0305:7:151,event,failure: explosion,failure,1,1,2008-05-22,wn-0305,False
wn-0305:7:160,event,failure: exploding,failure,1,1,2008-05-22,wn-0305,False
wn-0305:8:183,event,delay: delay,delay,1,1,2008-05-22,wn-0305,False
wn-0305:10:279,event,discovery: detection,discovery,1,1,2008-05-22,wn-0305,False
wn-0305:11:298,event,discovery: observations,discovery,1,1,,wn-0305,False
wn-0306:0:24,event,discovery: discovery,discovery,1,1,2008-05-22,wn-0306,False
wn-0306:2:110,event,discovery: discovery,discovery,1,1,2008-05-22,wn-0306,False
wn-0306:6:207,event,discovery: found,discovery,1,1,2008-05-22,wn-0306,False
wn-0306:7:233,event,discovery: found,discovery,1,1,2008-05-22,wn-0306,False
wn-0306:10:285,event,landing: landed,landing,1,1,2008-05-22,wn-0306,False
wn-0306:10:325,event,discovery: findings,discovery,1,1,2008-05-22,wn-0306,False
wn-0306:11:332,event,discovery: finding,discovery,1,1,2008-05-22,wn-0306,False
wn-0306:19:494,event,landing: landed,landing,1,1,2008-01,wn-0306,False
wn-0307:0:5,event,launch: launched,launch,1,1,2008-05-23,wn-0307,False
ORG:Russian Space Forces,entity,the Russian Space Forces,ORG,1,1,,,False
wn-0307:3:62,event,launch: launch,launch,1,1,2008-05-23,wn-0307,False
wn-0307:8:172,event,launch: launched,launch,1,1,2008-05-23,wn-0307,False
wn-0307:9:184,event,launch: launch,launch,1,1,2008-05-23,wn-0307,False
wn-0307:13:278,event,launch: launch,launch,1,1,2008-03,wn-0307,False
wn-0307:13:289,event,failure: failure,failure,1,1,2008-03,wn-0307,False
wn-0307:13:299,event,launch: launch,launch,1,1,2008-03,wn-0307,False
wn-0307:14:318,event,launch: launch,launch,1,1,2008,wn-0307,False
wn-0307:14:327,event,launch: launch,launch,1,1,2008,wn-0307,False
SPACECRAFT:Rokot,entity,Rokot,SPACECRAFT,1,2,,,False
wn-0307:15:335,event,launch: launch,launch,1,1,2008-09,wn-0307,False
wn-0308:0:5,event,landing: landed,landing,1,1,P10MO,wn-0308,False
wn-0308:1:17,event,landing: Landing,landing,1,1,2008-05-25,wn-0308,False
wn-0308:1:46,event,delay: delay,delay,1,1,2008-05-26,wn-0308,False
wn-0308:2:68,event,launch: launched,launch,1,1,2007-08,wn-0308,False
wn-0308:7:159,event,landing: landing,landing,1,1,2008-05-26,wn-0308,False
wn-0308:7:182,event,landing: landed,landing,1,1,2008-05-26,wn-0308,False
wn-0308:8:203,event,landing: landing,landing,1,1,2008-05-26T19:20,wn-0308,False
wn-0308:15:333,event,landing: landing,landing,1,1,2008-05-26,wn-0308,False
wn-0308:18:423,event,landing: Landing,landing,1,1,2008-05-26T23:38,wn-0308,False
wn-0308:19:432,event,landing: descent,landing,1,1,2001,wn-0308,False
wn-0308:20:465,event,landing: descent,landing,1,1,2008-05-26,wn-0308,False
wn-0308:20:473,event,landing: descent,landing,1,1,2008-05-26,wn-0308,False
wn-0308:20:488,event,failure: lost,failure,1,1,2008-05-26,wn-0308,False
wn-0308:21:506,event,landing: descent,landing,1,1,2008-05-26,wn-0308,False
wn-0308:25:567,event,landing: landed,landing,1,1,2008-05-26,wn-0308,False
wn-0308:28:619,event,failure: cancelled,failure,1,1,2001,wn-0308,False
wn-0308:29:645,event,launch: launched,launch,1,1,1999-01,wn-0308,False
ORG:MPL,entity,MPL,ORG,1,2,,,False
wn-0308:29:651,event,failure: failed,failure,1,1,1999-01,wn-0308,False
wn-0308:29:654,event,landing: descent,landing,1,1,1999-01,wn-0308,False
wn-0308:30:660,event,landing: Landing,landing,1,1,2008-05-26,wn-0308,False
wn-0308:30:684,event,landing: landing,landing,1,1,2008-05-26,wn-0308,False
wn-0308:31:710,event,failure: failed,failure,1,1,2008-05-26,wn-0308,False
wn-0308:32:731,event,launch: launched,launch,1,1,,wn-0308,False
wn-0308:33:760,event,landing: landing,landing,1,1,2008-05-26,wn-0308,False
wn-0308:34:776,event,landing: landing,landing,1,1,2008-05-26,wn-0308,False
wn-0308:34:789,event,landing: landed,landing,1,1,2008-05-26,wn-0308,False
wn-0308:34:809,event,landing: landing,landing,1,1,2008-05-26,wn-0308,False
wn-0309:0:6,event,launch: launched,launch,1,1,2008-05-27,wn-0309,False
wn-0309:1:35,event,launch: launched,launch,1,1,P12Y,wn-0309,False
wn-0309:2:44,event,launch: launch,launch,1,1,2008-05-27,wn-0309,False
wn-0309:7:150,event,launch: launched,launch,1,1,2008-05-27,wn-0309,False
wn-0309:8:158,event,launch: launch,launch,1,1,2008,wn-0309,False
wn-0309:8:164,event,launch: launch,launch,1,1,2008,wn-0309,False
NORP:106th,entity,106th,NORP,1,1,,,False
wn-0309:8:174,event,launch: launch,launch,1,1,2006,wn-0309,False
wn-0309:9:191,event,launch: launch,launch,1,1,2008-05-27,wn-0309,False
wn-0310:6:172,event,launch: launch,launch,1,1,2008-05-31,wn-0310,False
wn-0311:0:5,event,launch: launched,launch,1,1,2008-05-31,wn-0311,False
wn-0311:6:142,event,launch: launched,launch,1,1,,wn-0311,False
wn-0311:7:160,event,launch: launched,launch,1,1,2008-05-31,wn-0311,False
ORG:RMS,entity,RMS,ORG,1,1,,,False
wn-0311:12:262,event,launch: launch,launch,1,1,2008-05-31T11:30,wn-0311,False
wn-0311:12:270,event,launch: launch,launch,1,1,2008-05-31T11:30,wn-0311,False
wn-0311:14:300,event,launch: launch,launch,1,1,2008-05-31,wn-0311,False
wn-0311:15:312,event,launch: launch,launch,1,1,,wn-0311,False
wn-0311:17:355,event,launch: Launch,launch,1,1,2008-05-31,wn-0311,False
wn-0311:19:394,event,launch: launch,launch,1,1,2008-06-07,wn-0311,False
wn-0311:23:462,event,launch: launch,launch,1,1,2008-04,wn-0311,False
wn-0311:24:470,event,launch: launch,launch,1,1,P1W,wn-0311,False
wn-0311:25:485,event,launch: launch,launch,1,1,2008-05-31,wn-0311,False
wn-0311:29:576,event,discovery: Discovery,discovery,1,1,2008-05-31T11:50,wn-0311,False
wn-0311:29:583,event,launch: launch,launch,1,1,2008-05-31T11:50,wn-0311,False
wn-0311:31:617,event,failure: failures,failure,1,1,2008-05-31,wn-0311,False
wn-0311:31:623,event,delay: delays,delay,1,1,2008-05-31,wn-0311,False
wn-0311:31:627,event,launch: launch,launch,1,1,2008-05-31,wn-0311,False
NORP:Shuttle,entity,Shuttle,NORP,1,1,,,False
wn-0311:32:671,event,launch: launch,launch,1,1,2008-05-31,wn-0311,False
wn-0311:34:711,event,failure: accident,failure,1,1,2003,wn-0311,False
wn-0311:37:790,event,launch: launch,launch,1,1,2008-05-31,wn-0311,False
wn-0311:38:798,event,launch: launch,launch,1,1,2008-05-31T17:38,wn-0311,False
wn-0311:50:1028,event,launch: launch,launch,1,1,2008-05-31T21:08,wn-0311,False
wn-0311:50:1039,event,launch: launch,launch,1,1,2008-05-31T21:08,wn-0311,False
wn-0311:52:1065,event,launch: launch,launch,1,1,2008-05-31,wn-0311,False
wn-0311:52:1075,event,launch: launch,launch,1,1,2008-05-31,wn-0311,False
wn-0311:55:1155,event,launch: launch,launch,1,1,PT7M,wn-0311,False
wn-0311:56:1180,event,launch: launch,launch,1,1,PT4M,wn-0311,False
wn-0311:60:1271,event,launch: Launch,launch,1,1,2008-05-31,wn-0311,False
wn-0311:61:1299,event,launch: launch,launch,1,1,,wn-0311,False
wn-0311:65:1379,event,launch: launch,launch,1,1,2008-05-31,wn-0311,False
wn-0311:66:1399,event,launch: launch,launch,1,1,2008-05-31,wn-0311,False
wn-0311:66:1404,event,discovery: detected,discovery,1,1,2008-05-31,wn-0311,False
wn-0311:68:1452,event,failure: failure,failure,1,1,2008-05-31,wn-0311,False
wn-0311:68:1473,event,failure: malfunction,failure,1,1,2008-05-31,wn-0311,False
wn-0311:68:1478,event,failure: faulty,failure,1,1,2008-05-31,wn-0311,False
wn-0311:69:1485,event,failure: faulty,failure,1,1,2008-05-31,wn-0311,False
wn-0311:69:1503,event,failure: loss,failure,1,1,2008-05-31,wn-0311,False
wn-0311:72:1558,event,launch: launch,launch,1,1,2008-05-31,wn-0311,False
wn-0311:74:1597,event,launch: launch,launch,1,1,PT4H,wn-0311,False
wn-0311:74:1606,event,failure: anomalies,failure,1,1,PT4H,wn-0311,False
wn-0311:74:1607,event,discovery: detected,discovery,1,1,PT4H,wn-0311,False
wn-0311:75:1615,event,failure: anomalies,failure,1,1,,wn-0311,False
wn-0311:76:1639,event,failure: abort,failure,1,1,2008-05-31,wn-0311,False
wn-0311:76:1640,event,landing: landing,landing,1,1,2008-05-31,wn-0311,False
wn-0311:76:1649,event,failure: failure,failure,1,1,2008-05-31,wn-0311,False
wn-0311:78:1683,event,failure: abort,failure,1,1,2008-05-31,wn-0311,False
wn-0311:78:1688,event,launch: launch,launch,1,1,2008-05-31,wn-0311,False
wn-0311:84:1787,event,launch: launch,launch,1,1,2008,wn-0311,False
wn-0311:85:1797,event,launch: launch,launch,1,1,2008-05-31,wn-0311,False
wn-0311:86:1847,event,launch: launch,launch,1,1,2008-05-31,wn-0311,False
wn-0311:88:1933,event,launch: launch,launch,1,1,2008-05-25,wn-0311,False
wn-0311:88:1937,event,landing: landing,landing,1,1,2008-05-25,wn-0311,False
wn-0311:90:2048,event,launch: launch,launch,1,1,2008-05-31,wn-0311,False
wn-0311:91:2071,event,discovery: identified,discovery,1,1,2008-05-31,wn-0311,False
wn-0311:94:2181,event,launch: Launch,launch,1,1,2008-05-31,wn-0311,False
wn-0311:94:2196,event,launch: launch,launch,1,1,2008-05-31,wn-0311,False
wn-0311:97:2247,event,launch: Launch,launch,1,1,2008-05-31,wn-0311,False
wn-0311:97:2258,event,launch: launch,launch,1,1,2008-05-31,wn-0311,False
NORP:Fantastic,entity,Fantastic,NORP,1,1,,,False
wn-0311:99:2315,event,launch: launch,launch,1,1,2008-05-31,wn-0311,False
wn-0311:100:2342,event,launch: launched,launch,1,1,2008-05-31,wn-0311,False
SPACECRAFT:Shuttle Discovery,entity,Shuttle Discovery,SPACECRAFT,1,1,,,False
wn-0311:102:2413,event,launch: launch,launch,1,1,2008-05-31,wn-0311,False
wn-0312:0:21,event,landing: landing,landing,1,1,2008-06-01,wn-0312,False
wn-0312:3:60,event,landing: landed,landing,1,1,2008-06-01,wn-0312,False
wn-0312:5:120,event,discovery: found,discovery,1,1,2008-06-01,wn-0312,False
wn-0312:6:127,event,discovery: find,discovery,1,1,2008-06-01,wn-0312,False
wn-0313:7:178,event,landing: landed,landing,1,1,2008-06-02,wn-0313,False
wn-0313:9:227,event,discovery: find,discovery,1,1,2008-06-02,wn-0313,False
wn-0314:2:78,event,failure: failed,failure,1,1,2008-06-08,wn-0314,False
wn-0314:7:218,event,failure: break up,failure,1,1,2008-06-08,wn-0314,False
wn-0314:9:289,event,failure: break up,failure,1,1,2008-06-08,wn-0314,False
wn-0315:0:8,event,launch: launched,launch,1,1,2008-06-09,wn-0315,False
wn-0315:1:15,event,launch: lifted off,launch,1,1,2008-06-09T12:15,wn-0315,False
wn-0315:3:61,event,launch: launch,launch,1,1,2008-06-09,wn-0315,False
wn-0315:4:79,event,launch: lifted off,launch,1,1,PT20M,wn-0315,False
wn-0315:8:190,event,launch: launched,launch,1,1,,wn-0315,False
wn-0315:8:213,event,failure: lost,failure,1,1,2006,wn-0315,False
wn-0315:8:216,event,failure: failed,failure,1,1,2006,wn-0315,False
wn-0315:8:225,event,launch: launch,launch,1,1,2006,wn-0315,False
wn-0315:9:241,event,launch: launched,launch,1,1,2008-06-09,wn-0315,False
LAW:Echostar-CBM,entity,Echostar-CBM,LAW,1,1,,,False
wn-0315:9:246,event,failure: cancelled,failure,1,1,2008-06-09,wn-0315,False
wn-0315:11:267,event,launch: launch,launch,1,1,2008,wn-0315,False
wn-0315:11:281,event,launch: launch,launch,1,1,,wn-0315,False
wn-0315:12:291,event,launch: launch,launch,1,1,2008-08,wn-0315,False
wn-0315:12:306,event,launch: launch,launch,1,1,2008-08,wn-0315,False
wn-0316:0:14,event,launch: launched,launch,1,1,2008-06-11,wn-0316,False
wn-0316:2:58,event,launch: launch,launch,1,1,PT75M,wn-0316,False
wn-0316:3:66,event,launch: launch,launch,1,1,2008-06-11,wn-0316,False
wn-0316:6:146,event,launch: launched,launch,1,1,,wn-0316,False
wn-0316:13:268,event,launch: launch,launch,1,1,2008,wn-0316,False
wn-0316:14:287,event,launch: launch,launch,1,1,P1W,wn-0316,False
wn-0316:15:320,event,launch: launch,launch,1,1,2008-06-11,wn-0316,False
wn-0316:15:331,event,launch: launch,launch,1,1,2008-06-11,wn-0316,False
wn-0317:1:28,event,failure: break up,failure,1,1,2008-06-11,wn-0317,False
wn-0317:1:37,event,discovery: discovered,discovery,1,1,2008-06-11,wn-0317,False
wn-0317:6:138,event,discovery: observed,discovery,1,1,2008-06-11,wn-0317,False
wn-0317:10:249,event,failure: break up,failure,1,1,2008-06-11,wn-0317,False
wn-0317:13:312,event,discovery: discovered,discovery,1,1,,wn-0317,False
wn-0317:17:436,event,delay: put off,delay,1,1,2008-06-11,wn-0317,False
wn-0317:18:456,event,delay: rescheduled,delay,1,1,2007-06-12,wn-0317,False
wn-0318:1:15,event,launch: Liftoff,launch,1,1,,wn-0318,False
wn-0318:2:33,event,launch: launched,launch,1,1,2008-06-12,wn-0318,False
wn-0318:4:97,event,launch: launch,launch,1,1,2008-06-12,wn-0318,False
wn-0318:5:116,event,delay: delayed,delay,1,1,2009-05,wn-0318,False
wn-0318:5:123,event,discovery: found,discovery,1,1,2009-05,wn-0318,False
wn-0318:6:154,event,launch: launch,launch,1,1,,wn-0318,False
wn-0318:7:185,event,launch: launch,launch,1,1,PT31M,wn-0318,False
wn-0318:11:286,event,launch: launch,launch,1,1,2008,wn-0318,False
wn-0318:13:329,event,launch: launch,launch,1,1,2008-06-12,wn-0318,False
wn-0318:14:340,event,launch: launch,launch,1,1,,wn-0318,False
wn-0318:15:359,event,launch: launch,launch,1,1,2008-07,wn-0318,False
wn-0318:16:377,event,launch: launch,launch,1,1,2008-06-12,wn-0318,False
wn-0318:16:394,event,launch: launch,launch,1,1,2008-06-12,wn-0318,False
wn-0318:17:400,event,launch: launch,launch,1,1,2008-06-12,wn-0318,False
wn-0318:18:451,event,launch: launch,launch,1,1,2008-06-12,wn-0318,False
ORG:Arianespace,entity,Arianespace,ORG,1,1,,,False
wn-0318:19:478,event,launch: launch,launch,1,1,2008-06-12,wn-0318,False
wn-0318:21:551,event,launch: launch,launch,1,1,2008-06-12,wn-0318,False
wn-0319:0:5,event,launch: launched,launch,1,1,2008-06-19,wn-0319,False
wn-0319:1:25,event,launch: launch,launch,1,1,2008-06-19,wn-0319,False
wn-0319:2:43,event,launch: launch,launch,1,1,1999-04,wn-0319,False
wn-0319:4:73,event,launch: launched,launch,1,1,2008-06-19,wn-0319,False
wn-0319:5:114,event,launch: launched,launch,1,1,2008-06-19,wn-0319,False
wn-0319:5:122,event,launch: launch,launch,1,1,2008-06-19,wn-0319,False
wn-0319:6:132,event,launch: launch,launch,1,1,2008-06-19,wn-0319,False
wn-0319:7:158,event,launch: launch,launch,1,1,2008,wn-0319,False
wn-0319:8:181,event,launch: launch,launch,1,1,2008-07,wn-0319,False
wn-0320:0:16,event,launch: launched,launch,1,1,2008-06-20,wn-0320,False
wn-0320:1:29,event,launch: lifted off,launch,1,1,2008-06-20T07:46,wn-0320,False
wn-0320:6:134,event,launch: launch,launch,1,1,2008-06-20,wn-0320,False
wn-0320:7:145,event,launch: launch,launch,1,1,2008,wn-0320,False
wn-0320:8:172,event,launch: launch,launch,1,1,2008-08,wn-0320,False
wn-0320:8:190,event,launch: launch,launch,1,1,2008-07,wn-0320,False
wn-0320:8:193,event,delay: delayed,delay,1,1,2008-07,wn-0320,False
wn-0320:9:212,event,launch: launch,launch,1,1,2008,wn-0320,False
wn-0321:0:31,event,discovery: found,discovery,1,1,2008-06-15,wn-0321,False
wn-0321:5:143,event,landing: landing,landing,1,1,,wn-0321,False
wn-0321:7:185,event,discovery: uncovering,discovery,1,1,2008-06-20,wn-0321,False
wn-0321:8:198,event,discovery: uncovered,discovery,1,1,2008-06-20,wn-0321,False
wn-0322:1:23,event,landing: landed,landing,1,1,2008-05-25,wn-0322,False
wn-0322:1:40,event,discovery: found,discovery,1,1,2008-06-15,wn-0322,False
wn-0322:2:71,event,discovery: found,discovery,1,1,2008-06-23,wn-0322,False
wn-0322:3:149,event,landing: landing,landing,1,1,,wn-0322,False
wn-0322:8:275,event,discovery: find out,discovery,1,1,2008-06-23,wn-0322,False
wn-0322:12:385,event,discovery: discovered,discovery,1,1,2007-06,wn-0322,False
wn-0323:1:45,event,discovery: discovery,discovery,1,1,2008-06-26,wn-0323,False
wn-0323:5:137,event,discovery: discovery,discovery,1,1,2008-06-26,wn-0323,False
wn-0323:8:186,event,discovery: discovery,discovery,1,1,2008-06-26,wn-0323,False
wn-0323:9:203,event,landing: touched down,landing,1,1,2008-05-25,wn-0323,False
wn-0324:1:46,event,discovery: observation,discovery,1,1,1984,wn-0324,False
wn-0325:0:17,event,launch: launched,launch,1,1,2008-06-26,wn-0325,False
wn-0325:1:49,event,discovery: detection,discovery,1,1,2008-06-27,wn-0325,False
wn-0325:2:68,event,launch: launch,launch,1,1,2008-06-27,wn-0325,False
wn-0325:5:125,event,launch: launches,launch,1,1,,wn-0325,False
wn-0325:5:135,event,launch: launch,launch,1,1,2008-12,wn-0325,False
wn-0325:6:144,event,launch: launch,launch,1,1,2008-03,wn-0325,False
wn-0325:6:150,event,failure: failure,failure,1,1,2008-03,wn-0325,False
wn-0325:7:173,event,failure: malfunction,failure,1,1,2008-06-27,wn-0325,False
wn-0325:7:177,event,launch: launch,launch,1,1,2008-06-27,wn-0325,False
wn-0325:7:178,event,failure: failure,failure,1,1,2008-06-27,wn-0325,False
wn-0325:7:186,event,launch: launch,launch,1,1,2008-06-27,wn-0325,False
wn-0325:10:269,event,launch: launch,launch,1,1,2008,wn-0325,False
wn-0325:11:288,event,launch: launch,launch,1,1,2008-07,wn-0325,False
wn-0325:11:307,event,launch: launch,launch,1,1,2008-07,wn-0325,False
wn-0326:1:21,event,launch: launched,launch,1,1,1990-10,wn-0326,False
wn-0326:5:96,event,discovery: discoveries,discovery,1,1,2008-07-01,wn-0326,False
wn-0326:6:155,event,failure: failed,failure,1,1,,wn-0326,False
wn-0326:8:211,event,failure: fail,failure,1,1,2008-07-01,wn-0326,False
wn-0326:11:291,event,launch: launched,launch,1,1,2008-01-01,wn-0326,False
wn-0327:0:6,event,launch: launched,launch,1,1,2008-07-07,wn-0327,False
wn-0327:1:14,event,launch: lifted off,launch,1,1,2008-07-07T21:47,wn-0327,False
wn-0327:1:19,event,launch: Launch,launch,1,1,2008-07-07T21:47,wn-0327,False
wn-0327:6:137,event,launch: launch,launch,1,1,2008-07-07,wn-0327,False
wn-0327:6:154,event,failure: cancelled,failure,1,1,2008-07-07,wn-0327,False
wn-0327:11:259,event,failure: lost,failure,1,1,2006,wn-0327,False
wn-0327:11:263,event,launch: launch,launch,1,1,2006,wn-0327,False
wn-0327:11:264,event,failure: failure,failure,1,1,2006,wn-0327,False
wn-0327:13:318,event,launch: launch,launch,1,1,2008-07-07,wn-0327,False
wn-0327:14:322,event,launch: launched,launch,1,1,2008-07-07,wn-0327,False
wn-0327:15:363,event,launch: launch,launch,1,1,PT27M,wn-0327,False
wn-0327:16:410,event,launch: launch,launch,1,1,2008-07-07,wn-0327,False
wn-0327:16:415,event,launch: launch,launch,1,1,2008-07-07,wn-0327,False
wn-0327:18:452,event,launch: launch,launch,1,1,2008-07-07,wn-0327,False
wn-0327:21:527,event,launch: launches,launch,1,1,2008-07-07,wn-0327,False
wn-0327:22:547,event,launch: launch,launch,1,1,2009-06,wn-0327,False
wn-0327:22:557,event,delay: delays,delay,1,1,2009-06,wn-0327,False
wn-0327:22:562,event,launch: launch,launch,1,1,2008-07-04,wn-0327,False
PERSON:Ariane,entity,Ariane,PERSON,1,1,,,False
wn-0327:22:567,event,delay: rescheduled,delay,1,1,,wn-0327,False
wn-0327:22:577,event,delay: delayed,delay,1,1,,wn-0327,False
wn-0327:22:592,event,launch: launch,launch,1,1,,wn-0327,False
wn-0327:23:599,event,launch: launch,launch,1,1,2008,wn-0327,False
wn-0327:24:618,event,launch: launch,launch,1,1,,wn-0327,False
wn-0327:25:635,event,launch: launch,launch,1,1,2008-08,wn-0327,False
wn-0328:0:12,event,launch: launched,launch,1,1,,wn-0328,False
wn-0328:1:24,event,launch: Launch,launch,1,1,2008-07-16,wn-0328,False
wn-0328:1:30,event,launch: launch,launch,1,1,2008-07-16,wn-0328,False
wn-0328:2:38,event,launch: launch,launch,1,1,2008-07-16,wn-0328,False
wn-0328:6:120,event,launch: launched,launch,1,1,2008,wn-0328,False
wn-0328:6:124,event,failure: lost,failure,1,1,2008,wn-0328,False
wn-0328:6:127,event,launch: launch,launch,1,1,2008,wn-0328,False
wn-0328:6:128,event,failure: failure,failure,1,1,2008,wn-0328,False
wn-0328:12:240,event,launch: launch,launch,1,1,2008-07-16,wn-0328,False
wn-0328:12:251,event,launch: launch,launch,1,1,2008-07-16,wn-0328,False
wn-0328:15:320,event,launch: launch,launch,1,1,2008-07-16,wn-0328,False
wn-0328:17:383,event,launch: launch,launch,1,1,2008,wn-0328,False
wn-0328:18:393,event,launch: Launch,launch,1,1,,wn-0328,False
wn-0328:18:403,event,launch: launch,launch,1,1,,wn-0328,False
wn-0328:19:411,event,launch: launch,launch,1,1,2008-07-16,wn-0328,False
wn-0329:0:22,event,discovery: observing,discovery,1,1,,wn-0329,False
wn-0329:1:68,event,discovery: observe,discovery,1,1,1963,wn-0329,False
wn-0329:8:241,event,failure: loss,failure,1,1,2009,wn-0329,False
wn-0329:9:287,event,failure: loss,failure,1,1,2008-07-18,wn-0329,False
wn-0329:11:345,event,discovery: Detection,discovery,1,1,2008-07-18,wn-0329,False
wn-0329:11:351,event,discovery: detect,discovery,1,1,2008-07-18,wn-0329,False
wn-0329:13:385,event,discovery: discoveries,discovery,1,1,2008-07-18,wn-0329,False
wn-0329:16:444,event,discovery: discover,discovery,1,1,,wn-0329,False
PERSON:Aleksander Wolszczan,entity,Aleksander Wolszczan,PERSON,1,1,,,False
ORG:pulsar PSR B1257,entity,pulsar PSR B1257,ORG,1,1,,,False
wn-0329:16:455,event,discovery: discover,discovery,1,1,,wn-0329,False
wn-0329:19:543,event,discovery: observe,discovery,1,1,2008-07-18,wn-0329,False
wn-0329:22:608,event,discovery: find,discovery,1,1,2008-07-18,wn-0329,False
wn-0329:23:622,event,launch: launched,launch,1,1,1999,wn-0329,False
wn-0329:24:673,event,discovery: find,discovery,1,1,2008-07-18,wn-0329,False
wn-0329:30:867,event,discovery: find,discovery,1,1,2011,wn-0329,False
ORG:SETI@home,entity,SETI@home,ORG,1,1,,,False
wn-0329:32:918,event,discovery: find,discovery,1,1,2008-07-18,wn-0329,False
wn-0329:43:1306,event,discovery: identified,discovery,1,1,2008-07-18,wn-0329,False
ORG:Committee,entity,Committee,ORG,1,1,,,False
wn-0329:50:1560,event,discovery: find,discovery,1,1,2008-07-18,wn-0329,True
wn-0329:57:1727,event,discovery: discovery,discovery,1,1,2008-07-18,wn-0329,False
wn-0329:59:1803,event,discovery: found,discovery,1,1,,wn-0329,False
wn-0329:67:2088,event,discovery: find,discovery,1,1,2011,wn-0329,False
ORG:Cornell,entity,Cornell,ORG,1,1,,,False
wn-0330:0:7,event,launch: launched,launch,1,1,2008-07-22,wn-0330,False
wn-0330:1:32,event,launch: lifted off,launch,1,1,2008-07-22T02:20,wn-0330,False
wn-0330:2:60,event,discovery: detect,discovery,1,1,2008-07-22,wn-0330,False
wn-0330:3:92,event,launch: launched,launch,1,1,P2Y,wn-0330,False
wn-0330:4:103,event,launch: launched,launch,1,1,2006-12,wn-0330,False
wn-0330:5:129,event,launch: launched,launch,1,1,2008-03,wn-0330,False
wn-0330:8:179,event,launch: launch,launch,1,1,2008,wn-0330,False
wn-0330:8:200,event,launch: launch,launch,1,1,2008,wn-0330,False
wn-0330:9:210,event,launch: launch,launch,1,1,2008,wn-0330,False
NORP:Kosmos,entity,Kosmos,NORP,1,1,,,False
wn-0330:9:233,event,launch: launch,launch,1,1,2008,wn-0330,False
wn-0331:2:48,event,discovery: identify,discovery,1,1,,wn-0331,False
wn-0331:8:235,event,landing: landed,landing,1,1,2008-05-25,wn-0331,False
wn-0331:8:255,event,discovery: discovered,discovery,1,1,2008-05-25,wn-0331,False
wn-0331:9:260,event,discovery: found,discovery,1,1,2008-08-01,wn-0331,False
wn-0331:15:416,event,discovery: find,discovery,1,1,2008-08-01,wn-0331,False
wn-0332:0:6,event,failure: failed,failure,1,1,2008-08-03,wn-0332,False
wn-0332:1:23,event,launch: lifted off,launch,1,1,2008-08-03T03:34,wn-0332,False
wn-0332:2:88,event,failure: failed,failure,1,1,2008-08-03,wn-0332,False
wn-0332:2:98,event,launch: launch,launch,1,1,2008-08-03,wn-0332,False
wn-0332:3:116,event,failure: failure,failure,1,1,2008-08-03,wn-0332,False
wn-0332:9:286,event,landing: landing,landing,1,1,2008-08-03,wn-0332,False
wn-0332:10:301,event,failure: failure,failure,1,1,2001-09,wn-0332,False
wn-0332:10:312,event,failure: failed,failure,1,1,2001-09,wn-0332,False
wn-0332:10:314,event,launch: launch,launch,1,1,2001-09,wn-0332,False
PRODUCT:Taurus,entity,Taurus,PRODUCT,1,1,,,False
wn-0332:11:338,event,launch: launched,launch,1,1,2006,wn-0332,False
wn-0332:12:349,event,launch: launch,launch,1,1,2004,wn-0332,False
wn-0332:14:384,event,delay: delays,delay,1,1,2005,wn-0332,False
wn-0332:14:398,event,launch: Launch,launch,1,1,2005,wn-0332,False
wn-0332:14:412,event,launch: launch,launch,1,1,2005,wn-0332,False
wn-0332:14:420,event,launch: launch,launch,1,1,2005,wn-0332,False
wn-0332:15:434,event,failure: faulty,failure,1,1,2008-08-03,wn-0332,False
wn-0332:15:449,event,delay: delay,delay,1,1,2008-08-03,wn-0332,False
wn-0332:16:475,event,launch: launched,launch,1,1,2006-03,wn-0332,False
wn-0332:16:484,event,failure: failure,failure,1,1,PT1M,wn-0332,False
wn-0332:17:501,event,delay: delays,delay,1,1,2008-08-03,wn-0332,False
wn-0332:17:506,event,launch: launches,launch,1,1,2008-08-03,wn-0332,False
ORG:Falcon,entity,Falcon,ORG,1,1,,,False
wn-0332:18:537,event,launch: launched,launch,1,1,2007-03,wn-0332,False
wn-0332:18:544,event,failure: failed,failure,1,1,2007-03,wn-0332,False
wn-0332:19:570,event,failure: failure,failure,1,1,2008-08-03,wn-0332,False
wn-0332:19:588,event,launch: launch,launch,1,1,2008-08-03,wn-0332,False
wn-0332:20:609,event,launch: launched,launch,1,1,2008-08-03,wn-0332,False
wn-0332:20:615,event,failure: cancelled,failure,1,1,2008-08-03,wn-0332,False
wn-0332:21:650,event,launch: launch,launch,1,1,,wn-0332,False
wn-0332:23:673,event,launch: launch,launch,1,1,2009-06,wn-0332,False
wn-0332:23:687,event,delay: delayed,delay,1,1,2009-06,wn-0332,False
wn-0332:24:703,event,launch: launch,launch,1,1,2008-08-03,wn-0332,False
wn-0332:24:718,event,launch: launch,launch,1,1,PT5H,wn-0332,False
wn-0332:25:746,event,launch: launch,launch,1,1,2008-08-03T03:00,wn-0332,False
wn-0332:25:760,event,failure: abort,failure,1,1,,wn-0332,False
wn-0332:26:783,event,launch: launch,launch,1,1,2008-08-03,wn-0332,False
wn-0332:26:790,event,launch: lifted off,launch,1,1,2008-08-03,wn-0332,False
wn-0332:28:836,event,launch: launches,launch,1,1,2008-08-03,wn-0332,False
wn-0332:29:843,event,failure: failure,failure,1,1,2008-08-03,wn-0332,False
wn-0332:29:846,event,launch: launch,launch,1,1,2008-08-03,wn-0332,False
wn-0332:30:882,event,launch: launch,launch,1,1,2008-09,wn-0332,False
wn-0332:30:888,event,launch: launched,launch,1,1,2008-09,wn-0332,False
wn-0332:31:911,event,delay: delayed,delay,1,1,2008-08-03,wn-0332,False
wn-0332:31:914,event,failure: failure,failure,1,1,2008-08-03,wn-0332,False
wn-0332:32:923,event,failure: failure,failure,1,1,2009,wn-0332,False
wn-0332:33:955,event,launch: launch,launch,1,1,2008-08-03,wn-0332,False
wn-0332:33:960,event,launch: launch,launch,1,1,2008,wn-0332,False
wn-0332:33:978,event,failure: failure,failure,1,1,,wn-0332,False
wn-0333:0:12,event,discovery: found,discovery,1,1,2008-08-05,wn-0333,False
wn-0333:3:150,event,discovery: finding,discovery,1,1,2008-08-05,wn-0333,False
wn-0333:5:229,event,discovery: found,discovery,1,1,2008-08-05,wn-0333,False
wn-0333:8:267,event,discovery: detect,discovery,1,1,2008-08-05,wn-0333,False
wn-0333:8:297,event,discovery: discovered,discovery,1,1,2008-08-05,wn-0333,True
wn-0333:15:423,event,discovery: detect,discovery,1,1,2008-08-05,wn-0333,False
ORG:MECA,entity,MECA,ORG,1,1,,,False
wn-0334:1:12,event,launch: lifted off,launch,1,1,2008-08-07,wn-0334,False
wn-0334:1:17,event,launch: Launch,launch,1,1,2008-08-07,wn-0334,False
wn-0334:2:80,event,launch: launch,launch,1,1,2008-08-14,wn-0334,False
wn-0334:4:125,event,launch: launched,launch,1,1,2008-08-14,wn-0334,False
wn-0334:6:154,event,launch: launched,launch,1,1,2008-08-14,wn-0334,False
wn-0334:11:249,event,launch: launched,launch,1,1,2008-08-14,wn-0334,False
wn-0334:11:255,event,failure: lost,failure,1,1,2008-08-14,wn-0334,False
wn-0334:11:258,event,launch: launch,launch,1,1,2008-08-14,wn-0334,False
wn-0334:11:259,event,failure: failure,failure,1,1,2008-08-14,wn-0334,False
wn-0334:13:310,event,launch: launch,launch,1,1,PT3M,wn-0334,False
wn-0334:15:334,event,launch: launch,launch,1,1,2008-08-14,wn-0334,False
wn-0334:15:342,event,launch: Launch,launch,1,1,2008-08-14,wn-0334,False
wn-0334:16:349,event,launch: launch,launch,1,1,2008-08-14,wn-0334,False
wn-0334:17:394,event,launch: launch,launch,1,1,2008-08-14,wn-0334,False
wn-0334:18:420,event,launch: launch,launch,1,1,2008-08-14,wn-0334,False
wn-0334:19:427,event,launch: launch,launch,1,1,2008,wn-0334,False
wn-0334:20:451,event,launch: launches,launch,1,1,2008,wn-0334,False
wn-0334:20:460,event,launch: launch,launch,1,1,2008,wn-0334,False
wn-0334:21:470,event,launch: launch,launch,1,1,2008-10,wn-0334,False
wn-0335:1:23,event,launch: launched,launch,1,1,2008-08-17,wn-0335,False
wn-0335:3:61,event,launch: launch,launch,1,1,2008-08-21,wn-0335,False
wn-0335:5:138,event,launch: launched,launch,1,1,2008-08-28,wn-0335,True
wn-0335:5:146,event,launch: launched,launch,1,1,2008-08-28,wn-0335,False
wn-0335:6:155,event,launch: launch,launch,1,1,2008-08-21,wn-0335,False
wn-0335:6:178,event,launch: launched,launch,1,1,2008-08-21,wn-0335,False
wn-0335:9:226,event,launch: launch,launch,1,1,2008-07,wn-0335,False
wn-0335:10:259,event,launch: launch,launch,1,1,2008-08-21,wn-0335,False
wn-0335:11:295,event,launch: launch,launch,1,1,2008-08-21,wn-0335,False
wn-0335:12:318,event,launch: launch,launch,1,1,1992,wn-0335,False
wn-0335:13:337,event,launch: launch,launch,1,1,1988,wn-0335,False
wn-0335:14:356,event,launch: launch,launch,1,1,2008-08-21,wn-0335,False
wn-0335:15:392,event,launch: launch,launch,1,1,2008,wn-0335,False
wn-0335:16:419,event,failure: failed,failure,1,1,2008-08-19,wn-0335,False
wn-0336:1:59,event,failure: losses,failure,1,1,2010,wn-0336,False
wn-0338:1:13,event,launch: launched,launch,1,1,2008-09-28,wn-0338,False
wn-0338:1:25,event,launch: launched,launch,1,1,2008-09-28,wn-0338,False
wn-0338:2:54,event,launch: launch,launch,1,1,2008-09-29,wn-0338,False
wn-0338:2:67,event,launch: launched,launch,1,1,2008-09-29,wn-0338,False
wn-0338:3:76,event,launch: launch,launch,1,1,2008-09-29,wn-0338,False
wn-0338:3:81,event,failure: failure,failure,1,1,2008-09-29,wn-0338,False
wn-0338:8:221,event,failure: failure,failure,1,1,2008-09-29,wn-0338,False
wn-0338:9:255,event,launch: launch,launch,1,1,2008-09-29,wn-0338,False
wn-0338:10:282,event,launch: launch,launch,1,1,2008-09-29,wn-0338,False
wn-0338:25:703,event,failure: failed,failure,1,1,2008-09-29,wn-0338,False
wn-0338:25:704,event,launch: launch,launch,1,1,2008-09-29,wn-0338,False
wn-0338:26:718,event,launch: launch,launch,1,1,,wn-0338,False
wn-0338:27:784,event,launch: launch,launch,1,1,2008-09-29,wn-0338,False
wn-0339:0:21,event,launch: launched,launch,1,1,2008-10-19,wn-0339,False
ORG:Interstellar Boundary Explorer,entity,Interstellar Boundary Explorer,ORG,1,1,,,False
wn-0339:9:230,event,discovery: observations,discovery,1,1,1990,wn-0339,False
wn-0340:0:8,event,launch: launched,launch,1,1,,wn-0340,False
wn-0340:1:46,event,launch: launch,launch,1,1,2008-10-22,wn-0340,False
wn-0340:2:58,event,launch: launched,launch,1,1,2008-10-22T06:22,wn-0340,False
wn-0340:4:112,event,launch: launch,launch,1,1,2008-10-22,wn-0340,False
wn-0340:4:149,event,launch: launch,launch,1,1,2008-10-22,wn-0340,False
wn-0340:10:305,event,launch: launching,launch,1,1,2008-10-22,wn-0340,False
wn-0341:1:6,event,discovery: found,discovery,1,1,2008-10-29,wn-0341,False
wn-0341:2:38,event,discovery: discovery,discovery,1,1,2008-10-29,wn-0341,False
wn-0341:3:56,event,discovery: findings,discovery,1,1,2007-11,wn-0341,False
wn-0341:4:83,event,discovery: found,discovery,1,1,2008-10-29,wn-0341,False
SPACECRAFT:Spirit rover,entity,Spirit rover,SPACECRAFT,1,1,,,False
wn-0341:10:199,event,discovery: detected,discovery,1,1,2008-10-29,wn-0341,False
wn-0341:13:261,event,discovery: found,discovery,1,1,2008-10-29,wn-0341,False
wn-0341:14:290,event,discovery: found,discovery,1,1,2008-10-29,wn-0341,False
wn-0341:17:345,event,discovery: found,discovery,1,1,2008-10-29,wn-0341,False
wn-0341:19:388,event,discovery: discovery,discovery,1,1,2008-10-29,wn-0341,False
wn-0342:2:49,event,launch: launched,launch,1,1,2008-10-22,wn-0342,False
wn-0343:4:131,event,failure: fail,failure,1,1,2008-11-11,wn-0343,False
wn-0343:7:163,event,discovery: discoveries,discovery,1,1,2008-11-11,wn-0343,False
wn-0343:7:183,event,discovery: detected,discovery,1,1,2008-11-11,wn-0343,False
wn-0343:10:231,event,launch: launch,launch,1,1,2008-11-11,wn-0343,False
SPACECRAFT:Mars Science Laboratory,entity,Mars Science Laboratory,SPACECRAFT,2,2,,,False
wn-0344:0:18,event,landing: land,landing,1,1,,wn-0344,False
wn-0344:1:61,event,failure: crash,failure,1,1,2008-11-15,wn-0344,False
wn-0344:1:62,event,landing: landed,landing,1,1,2008-11-15,wn-0344,False
wn-0344:6:148,event,landing: landing,landing,1,1,2008-11-15,wn-0344,False
wn-0344:11:301,event,landing: descent,landing,1,1,2008-11-15,wn-0344,False
wn-0344:13:356,event,landing: landing,landing,1,1,2008-11-15,wn-0344,False
wn-0344:14:372,event,launch: launched,launch,1,1,2012,wn-0344,False
SPACECRAFT:Chandrayaan-2,entity,Chandrayaan-2,SPACECRAFT,1,1,,,False
wn-0344:15:383,event,launch: launched,launch,1,1,2008-10-22,wn-0344,False
wn-0344:16:400,event,launch: launch,launch,1,1,2008-11-15,wn-0344,False
wn-0345:1:62,event,launch: launch,launch,1,1,,wn-0345,False
wn-0345:4:155,event,launch: launch,launch,1,1,2008-11-24,wn-0345,False
wn-0345:9:313,event,launch: launch,launch,1,1,2008-11-24,wn-0345,False
wn-0345:13:421,event,launch: launches,launch,1,1,2008-11-24,wn-0345,False
wn-0345:15:492,event,launch: launch,launch,1,1,2008-11-24,wn-0345,False
wn-0345:16:511,event,launch: launch,launch,1,1,2009,wn-0345,False
wn-0346:1:12,event,landing: landing,landing,1,1,2008-12-01,wn-0346,False
wn-0346:2:38,event,landing: touched down,landing,1,1,2008-12-01T13:25,wn-0346,False
wn-0346:3:68,event,landing: land,landing,1,1,2008-12-01,wn-0346,False
wn-0346:5:110,event,launch: launched,launch,1,1,2008-11-14,wn-0346,False
wn-0346:8:176,event,landing: landing,landing,1,1,2008-12-01,wn-0346,False
wn-0347:1:9,event,delay: put off,delay,1,1,2008-12-05,wn-0347,False
wn-0347:1:12,event,launch: launch,launch,1,1,2008-12-05,wn-0347,False
wn-0347:2:33,event,delay: delayed,delay,1,1,2009,wn-0347,False
wn-0347:3:47,event,launch: launch,launch,1,1,2011,wn-0347,True
wn-0347:3:53,event,delay: postponed,delay,1,1,2011,wn-0347,False
wn-0347:4:58,event,delay: delay,delay,1,1,2008-12-05,wn-0347,False
wn-0347:5:110,event,launch: launch,launch,1,1,2008-12-05,wn-0347,False
wn-0348:0:3,event,delay: delay,delay,1,1,2008-12-11,wn-0348,False
wn-0348:1:29,event,launch: launch,launch,1,1,2009,wn-0348,False
wn-0348:1:34,event,launch: lift off,launch,1,1,2009,wn-0348,False
wn-0348:1:56,event,launch: launch,launch,1,1,2011,wn-0348,False
wn-0348:2:60,event,delay: delay,delay,1,1,P2MO,wn-0348,False
wn-0348:2:73,event,delay: delayed,delay,1,1,P2MO,wn-0348,False
wn-0348:3:84,event,delay: delay,delay,1,1,,wn-0348,False
ORG:MSL,entity,MSL,ORG,1,1,,,False
wn-0348:5:168,event,failure: lost,failure,1,1,2008-12-07,wn-0348,False
wn-0348:6:173,event,failure: loss,failure,1,1,2003,wn-0348,False
wn-0348:7:227,event,launch: launch,launch,1,1,2009-10,wn-0348,False
wn-0348:9:266,event,delay: postpone,delay,1,1,2008-12-07,wn-0348,False
wn-0348:11:283,event,delay: delays,delay,1,1,2008-12-07,wn-0348,False
wn-0348:12:327,event,delay: delay,delay,1,1,2008-12-07,wn-0348,False
wn-0349:0:12,event,failure: disaster,failure,1,1,2009-01-02,wn-0349,False
wn-0349:1:26,event,discovery: finds,discovery,1,1,2009-01-02,wn-0349,False
wn-0349:1:28,event,failure: accident,failure,1,1,2009-01-02,wn-0349,False
wn-0349:2:50,event,failure: accident,failure,1,1,2003,wn-0349,False
wn-0349:2:62,event,failure: crash,failure,1,1,,wn-0349,False
wn-0349:3:65,event,launch: launch,launch,1,1,2008-01-16,wn-0349,False
wn-0349:4:89,event,failure: broke up,failure,1,1,2008-02-01,wn-0349,False
wn-0349:5:121,event,failure: accident,failure,1,1,2009-01-02,wn-0349,False
wn-0349:10:268,event,failure: disaster,failure,1,1,2009-01-02,wn-0349,False
SPACECRAFT:Space Shuttle Challenger,entity,Space Shuttle Challenger,SPACECRAFT,3,3,,,False
wn-0349:12:323,event,failure: accident,failure,1,1,2009-01-02,wn-0349,False
wn-0351:0:0,event,failure: Disasters,failure,1,1,,wn-0351,False
wn-0351:2:59,event,launch: launched,launch,1,1,1997,wn-0351,False
wn-0351:4:108,event,failure: crash,failure,1,1,2009-02-13,wn-0351,False
wn-0352:0:14,event,launch: launched,launch,1,1,1997,wn-0352,False
wn-0352:0:27,event,launch: launched,launch,1,1,1993,wn-0352,False
wn-0352:1:52,event,discovery: spotted,discovery,1,1,P5D,wn-0352,False
wn-0352:3:121,event,failure: explosions,failure,1,1,2009-02-15,wn-0352,False
wn-0352:4:144,event,discovery: found,discovery,1,1,2009-02-15,wn-0352,False
wn-0352:5:162,event,failure: exploding,failure,1,1,2009-02-15,wn-0352,False
wn-0352:9:279,event,failure: explosions,failure,1,1,2009-02-13,wn-0352,False
wn-0352:14:409,event,landing: reentry,landing,1,1,2009-02-15,wn-0352,False
wn-0352:22:564,event,failure: explosion,failure,1,1,2009-02-15,wn-0352,False
wn-0352:23:582,event,failure: crash,failure,1,1,2009-02-15,wn-0352,False
wn-0353:1:34,event,launch: launch,launch,1,1,2009-02-16,wn-0353,False
wn-0353:2:50,event,launch: launched,launch,1,1,2009-02-16,wn-0353,False
wn-0353:5:162,event,launch: launch,launch,1,1,2009-02-16,wn-0353,False
wn-0353:6:177,event,launch: launched,launch,1,1,2006,wn-0353,False
wn-0353:6:193,event,failure: failed,failure,1,1,2006,wn-0353,False
wn-0354:0:16,event,discovery: spotted,discovery,1,1,2009-02-15,wn-0354,False
wn-0354:4:126,event,launch: launched,launch,1,1,1997,wn-0354,False
wn-0354:4:139,event,launch: launched,launch,1,1,1993,wn-0354,False
wn-0354:5:175,event,failure: explosions,failure,1,1,2009-02-13,wn-0354,False
wn-0354:8:280,event,discovery: detecting,discovery,1,1,2009-02-13,wn-0354,False
wn-0354:13:416,event,failure: explosions,failure,1,1,2009-02-15,wn-0354,False
wn-0354:14:442,event,discovery: found,discovery,1,1,2009-02-16,wn-0354,False
wn-0354:15:460,event,failure: exploding,failure,1,1,2009-02-16,wn-0354,False
wn-0354:23:609,event,discovery: identified,discovery,1,1,PT24H,wn-0354,False
wn-0354:25:652,event,failure: disintegrate,failure,1,1,2007,wn-0354,False
wn-0354:25:687,event,failure: destroyed,failure,1,1,2007,wn-0354,False
wn-0354:29:777,event,failure: explosion,failure,1,1,2009-02-16,wn-0354,False
wn-0354:30:795,event,failure: crash,failure,1,1,2009-02-16,wn-0354,False
wn-0355:0:10,event,discovery: detected,discovery,1,1,2009-02-17,wn-0355,False
wn-0355:2:112,event,discovery: detecting,discovery,1,1,1918,wn-0355,False
wn-0355:4:156,event,discovery: observation,discovery,1,1,2009-02-17,wn-0355,False
wn-0355:5:185,event,discovery: detect,discovery,1,1,2009-02-17,wn-0355,False
wn-0355:7:251,event,discovery: finding,discovery,1,1,2009-02-17,wn-0355,False
wn-0355:9:327,event,discovery: detected,discovery,1,1,2009-02-17,wn-0355,False
wn-0355:10:372,event,discovery: discovery,discovery,1,1,,wn-0355,False
wn-0356:0:15,event,delay: delay,delay,1,1,2009-02-27,wn-0356,False
wn-0356:0:17,event,launch: launch,launch,1,1,2009-02-27,wn-0356,True
wn-0356:2:52,event,launch: launch,launch,1,1,2009-03,wn-0356,False
wn-0356:4:91,event,launch: liftoff,launch,1,1,2010-02-12,wn-0356,False
wn-0356:4:122,event,launch: taking off,launch,1,1,2010-02-12,wn-0356,False
wn-0357:0:8,event,discovery: discovered,discovery,1,1,,wn-0357,False
wn-0357:1:41,event,discovery: discovered,discovery,1,1,2007,wn-0357,False
PERSON:Lulin,entity,Lulin,PERSON,1,1,,,False
wn-0357:12:339,event,discovery: discovered,discovery,1,1,2009-02-23,wn-0357,False
wn-0358:0:9,event,failure: crashed,failure,1,1,2009-02-24,wn-0358,False
wn-0358:0:17,event,discovery: observation,discovery,1,1,2009-02-24,wn-0358,False
wn-0358:1:31,event,failure: crash,failure,1,1,2009-02-24,wn-0358,False
wn-0358:1:38,event,failure: failed,failure,1,1,2009-02-24,wn-0358,False
wn-0358:2:64,event,launch: launch,launch,1,1,,wn-0358,False
wn-0358:2:73,event,failure: failed,failure,1,1,,wn-0358,False
wn-0358:3:96,event,landing: landed,landing,1,1,2009-02-24,wn-0358,False
wn-0358:4:109,event,failure: failure,failure,1,1,2009-02-24,wn-0358,False
wn-0358:4:114,event,failure: crash,failure,1,1,2009-02-24,wn-0358,False
wn-0358:5:136,event,launch: launch,launch,1,1,2009-02-24,wn-0358,False
wn-0358:5:137,event,failure: failure,failure,1,1,2009-02-24,wn-0358,False
wn-0358:6:160,event,failure: lost,failure,1,1,2009-02-24,wn-0358,False
wn-0358:8:191,event,launch: took off,launch,1,1,2009-02-24T04:55,wn-0358,False
wn-0358:9:220,event,failure: failed,failure,1,1,PT10M,wn-0358,False
wn-0359:0:5,event,delay: delay,delay,1,1,P2MO,wn-0359,False
wn-0359:0:14,event,launch: launch,launch,1,1,2008-03-11,wn-0359,False
wn-0359:1:31,event,delay: delayed,delay,1,1,2010-02-22,wn-0359,False
wn-0359:1:33,event,launch: launch,launch,1,1,2010-02-22,wn-0359,True
wn-0359:2:49,event,launch: Launch,launch,1,1,2009-02-25,wn-0359,True
wn-0359:2:53,event,delay: delayed,delay,1,1,2010-02-25,wn-0359,False
wn-0359:2:59,event,delay: delayed,delay,1,1,2009-02-22,wn-0359,False
wn-0359:5:116,event,launch: launch,launch,1,1,2009-03-08,wn-0359,False
wn-0359:7:154,event,launch: launch,launch,1,1,,wn-0359,False
wn-0359:10:217,event,launch: taking off,launch,1,1,2009-03-07,wn-0359,False
wn-0359:10:224,event,launch: launch,launch,1,1,2009-03-07,wn-0359,False
wn-0360:0:16,event,launch: launched,launch,1,1,2009-03-07T22:51,wn-0360,False
ORG:Kepler Telescope,entity,Kepler Telescope,ORG,1,1,,,False
wn-0360:2:88,event,discovery: discover,discovery,1,1,2009-03-07,wn-0360,False
wn-0360:4:156,event,discovery: detecting,discovery,1,1,2009-03-07,wn-0360,False
wn-0360:10:287,event,discovery: find,discovery,1,1,2009-03-07,wn-0360,False
wn-0360:12:353,event,discovery: detection,discovery,1,1,1988,wn-0360,False
wn-0360:13:373,event,discovery: discovered,discovery,1,1,2009-03-07,wn-0360,False
wn-0360:14:377,event,launch: launch,launch,1,1,,wn-0360,False
wn-0360:14:384,event,failure: failed,failure,1,1,,wn-0360,False
wn-0360:14:385,event,launch: launch,launch,1,1,,wn-0360,False
ORG:Orbiting Carbon Observatory,entity,the Orbiting Carbon Observatory,ORG,1,1,,,False
wn-0360:14:393,event,failure: crashed,failure,1,1,,wn-0360,False
wn-0361:4:126,event,launch: launch,launch,1,1,2009-03-10,wn-0361,False
wn-0361:4:145,event,launch: launch,launch,1,1,2009-03-10,wn-0361,False
wn-0361:5:157,event,launch: launch,launch,1,1,,wn-0361,False
wn-0361:6:211,event,launch: launch,launch,1,1,,wn-0361,False
wn-0362:0:4,event,delay: postpone,delay,1,1,,wn-0362,False
wn-0362:0:6,event,launch: launch,launch,1,1,,wn-0362,True
wn-0362:1:24,event,delay: delay,delay,1,1,2009-03-12,wn-0362,False
wn-0362:1:26,event,launch: launch,launch,1,1,2009-03-12,wn-0362,False
wn-0362:2:40,event,launch: liftoff,launch,1,1,2009-03-12,wn-0362,False
wn-0362:3:55,event,launch: launch,launch,1,1,2008-03-15,wn-0362,False
wn-0362:4:74,event,launch: Liftoff,launch,1,1,2008-03-15,wn-0362,False
wn-0362:5:87,event,launch: launch,launch,1,1,2009-03-12,wn-0362,False
wn-0362:8:166,event,launch: launch,launch,1,1,2008-07,wn-0362,False
wn-0362:11:199,event,delay: delayed,delay,1,1,2010-02-27,wn-0362,False
wn-0362:11:207,event,delay: delayed,delay,1,1,2009-02-20,wn-0362,False
wn-0362:11:214,event,discovery: discovered,discovery,1,1,2009-02-20,wn-0362,False
wn-0364:0:3,event,launch: launched,launch,1,1,2009-03-15,wn-0364,False
GPE:SpaceNASA,entity,SpaceNASA,GPE,1,1,,,False
wn-0364:0:12,event,delay: delays,delay,1,1,2009-03-15,wn-0364,False
wn-0364:1:15,event,launch: lifted off,launch,1,1,2009-03-15T19:43,wn-0364,False
wn-0364:1:47,event,launch: launch,launch,1,1,2009-03-15T19:43,wn-0364,False
wn-0364:2:54,event,failure: broke up,failure,1,1,2009-03-15,wn-0364,False
wn-0364:2:64,event,launch: launch,launch,1,1,2009-03-15,wn-0364,False
wn-0364:3:90,event,launch: launch,launch,1,1,PT40M,wn-0364,False
wn-0364:4:112,event,launch: launch,launch,1,1,2009-03-15,wn-0364,False
wn-0364:4:124,event,launch: launch,launch,1,1,2009-03-15,wn-0364,False
wn-0364:5:145,event,launch: launched,launch,1,1,2009-03-15,wn-0364,False
wn-0364:10:325,event,launch: launch,launch,1,1,2008-07,wn-0364,False
wn-0364:13:358,event,delay: delayed,delay,1,1,2010-02-27,wn-0364,False
wn-0364:13:366,event,delay: delayed,delay,1,1,2009-02-20,wn-0364,False
wn-0364:13:373,event,discovery: discovered,discovery,1,1,2009-02-20,wn-0364,False
wn-0366:1:35,event,discovery: identified,discovery,1,1,2009-03-27,wn-0366,True
wn-0367:0:7,event,launch: launch,launch,1,1,,wn-0367,False
GPE:North KoreaNorth Korea,entity,North KoreaNorth Korea,GPE,1,1,,,False
wn-0367:1:52,event,launch: launch,launch,1,1,2009-03-25,wn-0367,False
wn-0367:4:94,event,launch: launch,launch,1,1,2009-03-27,wn-0367,False
wn-0367:5:124,event,launch: launch,launch,1,1,2009-03-27,wn-0367,False
wn-0367:7:204,event,launch: launched,launch,1,1,2009-03-27,wn-0367,False
GPE:North Korea,entity,North Korea,GPE,1,2,,,False
wn-0367:8:240,event,launch: launches,launch,1,1,2009-03-27,wn-0367,False
wn-0367:10:253,event,launch: launch,launch,1,1,2006,wn-0367,False
wn-0367:10:265,event,failure: failure,failure,1,1,2006,wn-0367,False
wn-0367:10:274,event,failure: destroyed,failure,1,1,2006,wn-0367,False
wn-0368:0:4,event,landing: landed,landing,1,1,2009-03-28,wn-0368,False
wn-0368:1:33,event,landing: landing,landing,1,1,PT2H,wn-0368,True
wn-0368:1:35,event,delay: delayed,delay,1,1,PT2H,wn-0368,False
wn-0368:4:130,event,landing: landing,landing,1,1,2009-03-29,wn-0368,False
wn-0368:8:199,event,discovery: findings,discovery,1,1,2009-03-29,wn-0368,False
wn-0369:7:124,event,launch: taking off,launch,1,1,2009-03-31,wn-0369,False
wn-0369:14:248,event,failure: disintegrated,failure,1,1,2009-03-31,wn-0369,False
wn-0369:14:253,event,discovery: found,discovery,1,1,2009-03-31,wn-0369,False
wn-0370:2:70,event,failure: disintegrated,failure,1,1,2009-04-05,wn-0370,False
wn-0370:3:82,event,failure: lost,failure,1,1,2008-02,wn-0370,False
wn-0370:3:97,event,failure: loss,failure,1,1,2008-05,wn-0370,False
wn-0370:4:117,event,failure: lost,failure,1,1,2008,wn-0370,False
wn-0371:0:15,event,launch: launch,launch,1,1,2009-04-05,wn-0371,False
wn-0371:1:32,event,launch: lifted off,launch,1,1,2009-04-05,wn-0371,False
wn-0371:2:62,event,launch: launched,launch,1,1,2009-04-05,wn-0371,False
wn-0371:5:142,event,launch: launched,launch,1,1,2009-04-05,wn-0371,False
wn-0371:8:214,event,launch: launch,launch,1,1,2009-04-05,wn-0371,False
wn-0371:8:218,event,failure: failed,failure,1,1,2009-04-05,wn-0371,False
wn-0371:9:243,event,launch: launch,launch,1,1,2009-04-05,wn-0371,False
wn-0371:10:280,event,launch: launch,launch,1,1,2009-04-05T15:00,wn-0371,False
wn-0371:14:357,event,launch: launch,launch,1,1,2009-04-05,wn-0371,False
wn-0372:0:5,event,discovery: discoveries,discovery,1,1,2009-04-21,wn-0372,False
wn-0372:1:21,event,discovery: discovered,discovery,1,1,2007,wn-0372,False
wn-0372:1:39,event,discovery: discovered,discovery,1,1,2007,wn-0372,False
wn-0372:1:49,event,discovery: discovered,discovery,1,1,2007,wn-0372,False
wn-0372:3:100,event,discovery: detection,discovery,1,1,2009-04-21,wn-0372,False
wn-0372:4:156,event,discovery: discovered,discovery,1,1,,wn-0372,False
wn-0372:5:162,event,discovery: found,discovery,1,1,2009-04-21,wn-0372,False
wn-0372:12:299,event,discovery: found,discovery,1,1,2009-04-21,wn-0372,False
wn-0373:0:3,event,discovery: discovered,discovery,1,1,2009-04-29,wn-0373,False
wn-0373:8:200,event,launch: launched,launch,1,1,2007-02,wn-0373,False
wn-0373:11:283,event,failure: anomaly,failure,1,1,,wn-0373,False
wn-0373:13:370,event,discovery: findings,discovery,1,1,2009-04-29,wn-0373,False
wn-0374:0:10,event,launch: lifted off,launch,1,1,2009-05-12T14:01,wn-0374,False
wn-0374:3:98,event,failure: failed,failure,1,1,2004-08-03,wn-0374,False
wn-0374:13:325,event,launch: launch,launch,1,1,2009-05-12,wn-0374,False
wn-0375:0:9,event,launch: launched,launch,1,1,2009-05-14,wn-0375,False
wn-0375:1:50,event,launch: launched,launch,1,1,2009-05-15,wn-0375,False
wn-0375:4:128,event,launch: launch,launch,1,1,PT26M,wn-0375,False
wn-0375:8:227,event,discovery: discovered,discovery,1,1,,wn-0375,False
CELESTIAL:Uranus,entity,Uranus,CELESTIAL,1,1,,,False
wn-0375:10:290,event,discovery: detect,discovery,1,1,2009-05-15,wn-0375,False
wn-0375:12:343,event,discovery: detecting,discovery,1,1,2009-05-15,wn-0375,False
wn-0376:0:4,event,landing: landed,landing,1,1,2009-05-24,wn-0376,False
wn-0376:1:15,event,landing: landed,landing,1,1,2009-05-24T11:39,wn-0376,False
wn-0376:8:149,event,landing: landing,landing,1,1,2009-05-24,wn-0376,True
wn-0376:8:151,event,delay: scrubbed,delay,1,1,2009-05-24,wn-0376,False
wn-0376:8:159,event,landing: land,landing,1,1,2009-05-24,wn-0376,False
wn-0376:9:170,event,landing: land,landing,1,1,2009-05-28,wn-0376,False
wn-0376:13:224,event,failure: disaster,failure,1,1,2009-05-24,wn-0376,False
wn-0377:1:19,event,launch: launched,launch,1,1,2009-05-27,wn-0377,False
wn-0377:3:96,event,launch: launch,launch,1,1,PT8H,wn-0377,True
wn-0377:3:99,event,failure: cancelled,failure,1,1,PT8H,wn-0377,True
wn-0377:3:120,event,delay: delayed,delay,1,1,PT8H,wn-0377,False
wn-0377:5:145,event,launch: launch,launch,1,1,2009-05-28,wn-0377,False
wn-0377:5:152,event,launch: launch,launch,1,1,2009-05-28,wn-0377,False
wn-0377:5:158,event,launch: launch,launch,1,1,2009-05-28,wn-0377,False
wn-0378:0:2,event,failure: canceled,failure,1,1,2009-06-13,wn-0378,False
wn-0378:0:7,event,launch: launch,launch,1,1,,wn-0378,True
wn-0378:1:22,event,discovery: discovered,discovery,1,1,2009-06-13,wn-0378,False
wn-0378:2:39,event,delay: scrub,delay,1,1,2009-06-13T00:26,wn-0378,False
wn-0378:3:46,event,launch: Launch,launch,1,1,2009-06-13,wn-0378,False
wn-0378:4:73,event,discovery: detected,discovery,1,1,2009-06-13,wn-0378,False
wn-0378:5:106,event,launch: Launch,launch,1,1,2009-06-13T07:17,wn-0378,False
wn-0378:6:143,event,launch: launch,launch,1,1,2009-06-14,wn-0378,False
wn-0378:7:176,event,launch: lift off,launch,1,1,2008-06-17,wn-0378,False
ORG:Endeavor,entity,Endeavor,ORG,1,1,,,False
wn-0378:8:194,event,discovery: Observation,discovery,1,1,2009-06-13,wn-0378,False
wn-0378:8:201,event,launch: launch,launch,1,1,2009-06-13,wn-0378,False
wn-0378:9:220,event,launch: launch,launch,1,1,2009-08-06,wn-0378,False
wn-0378:10:237,event,launch: launch,launch,1,1,2009-03,wn-0378,False
wn-0378:11:255,event,launch: take off,launch,1,1,2009-06-13,wn-0378,False
wn-0379:1:3,event,launch: launched,launch,1,1,2009-06-18T17:32,wn-0379,False
ORG:Lunar Reconnaissance Orbiter,entity,the Lunar Reconnaissance Orbiter,ORG,1,1,,,False
wn-0379:2:56,event,launch: launch,launch,1,1,PT20M,wn-0379,True
wn-0379:2:58,event,delay: delayed,delay,1,1,PT20M,wn-0379,False
wn-0379:2:65,event,launch: launch,launch,1,1,PT20M,wn-0379,False
wn-0379:5:142,event,discovery: find,discovery,1,1,2009-06-18,wn-0379,False
wn-0379:5:144,event,landing: landing,landing,1,1,2009-06-18,wn-0379,False
wn-0379:6:177,event,launch: launch,launch,1,1,2009-06-18,wn-0379,False
wn-0379:7:236,event,discovery: detect,discovery,1,1,2009-06-18,wn-0379,False
wn-0379:7:248,event,failure: crash,failure,1,1,2009-06-18,wn-0379,False
wn-0379:9:295,event,launch: launch,launch,1,1,2009-06-17,wn-0379,False
wn-0379:9:303,event,delay: delayed,delay,1,1,2009-06-17,wn-0379,False
wn-0379:9:306,event,launch: launch,launch,1,1,2009-06-17,wn-0379,False
wn-0379:9:317,event,delay: delayed,delay,1,1,2009-06-17,wn-0379,False
wn-0380:0:16,event,discovery: discovery,discovery,1,1,2009-06-25,wn-0380,False
wn-0380:5:134,event,discovery: discovering,discovery,1,1,2009-06-25,wn-0380,False
wn-0380:6:195,event,flyby: flybys,flyby,1,1,2009-06-25,wn-0380,False
wn-0381:0:12,event,launch: launched,launch,1,1,2009-07-01,wn-0381,False
wn-0381:2:56,event,launch: launched,launch,1,1,2009-07-03,wn-0381,False
wn-0381:3:84,event,launch: launched,launch,1,1,2009-07-03,wn-0381,False
wn-0382:0:1,event,launch: launch,launch,1,1,PT24H,wn-0382,True
GPE:Endeavour,entity,Endeavour,GPE,3,3,,,False
wn-0382:0:6,event,delay: delayed,delay,1,1,PT24H,wn-0382,False
wn-0382:2:67,event,launch: launch,launch,1,1,2009-07-11,wn-0382,False
wn-0382:5:146,event,launch: launch,launch,1,1,2009-07-11,wn-0382,False
wn-0382:9:235,event,launch: launch,launch,1,1,2009-07-05,wn-0382,False
wn-0382:10:255,event,launch: lift off,launch,1,1,2009-07-11T07:39,wn-0382,False
wn-0382:10:264,event,delay: delays,delay,1,1,2010-06,wn-0382,False
wn-0383:0:3,event,launch: launched,launch,1,1,2009-07-15,wn-0383,False
wn-0383:2:57,event,launch: liftoff,launch,1,1,2009-07-17,wn-0383,False
wn-0383:4:85,event,launch: liftoff,launch,1,1,2009-07-17,wn-0383,False
wn-0383:5:119,event,launch: launched,launch,1,1,2009-06,wn-0383,False
ORG:Endeavour,entity,Endeavour,ORG,1,1,,,False
wn-0383:5:130,event,delay: postpone,delay,1,1,2009-06,wn-0383,False
wn-0383:6:143,event,delay: delays,delay,1,1,2009-07-17,wn-0383,False
wn-0383:10:232,event,docking: docked,docking,1,1,2009-07-17,wn-0383,False
wn-0384:0:9,event,landing: landing,landing,1,1,2009-07-20,wn-0384,False
wn-0384:1:16,event,launch: Launched,launch,1,1,1969-07-16,wn-0384,False
SPACECRAFT:Apollo 11,entity,Apollo 11,SPACECRAFT,2,3,,,False
wn-0384:1:25,event,landing: touched down,landing,1,1,2009-07-20,wn-0384,False
wn-0384:4:106,event,landing: landing,landing,1,1,2009-07-20,wn-0384,False
wn-0384:4:122,event,landing: landing,landing,1,1,2009-07-20,wn-0384,False
wn-0385:1:48,event,failure: crashing,failure,1,1,2009-07-19,wn-0385,False
wn-0385:1:59,event,discovery: observations,discovery,1,1,2009-07-19,wn-0385,False
wn-0385:2:102,event,discovery: observing,discovery,1,1,,wn-0385,False
wn-0385:3:137,event,discovery: observations,discovery,1,1,2009-07-21,wn-0385,False
wn-0385:5:213,event,discovery: observations,discovery,1,1,2009-07-21,wn-0385,False
wn-0385:8:272,event,discovery: observations,discovery,1,1,P5Y,wn-0385,False
wn-0385:8:277,event,discovery: observations,discovery,1,1,P5Y,wn-0385,False
wn-0385:8:286,event,discovery: observing,discovery,1,1,P5Y,wn-0385,False
wn-0385:10:296,event,discovery: observing,discovery,1,1,2009-07-21,wn-0385,False
PERSON:Wesley,entity,Wesley,PERSON,1,1,,,False
wn-0385:16:398,event,discovery: detected,discovery,1,1,2009-07-21,wn-0385,True
wn-0386:0:2,event,discovery: discovered,discovery,1,1,2009-08-27,wn-0386,False
wn-0386:3:46,event,discovery: discovery,discovery,1,1,2009-08-27,wn-0386,False
wn-0386:4:63,event,discovery: discovered,discovery,1,1,2009-08-27,wn-0386,False
wn-0386:6:102,event,failure: crash,failure,1,1,,wn-0386,False
wn-0386:13:222,event,discovery: discovered,discovery,1,1,2009-08-27,wn-0386,False
wn-0386:15:250,event,discovery: discovering,discovery,1,1,2009-08-27,wn-0386,False
wn-0387:7:183,event,discovery: discover,discovery,1,1,2009-09-22,wn-0387,False
wn-0387:13:303,event,launch: launched,launch,1,1,1997,wn-0387,False
wn-0388:1:4,event,discovery: found,discovery,1,1,2009-10-07,wn-0388,False
wn-0388:4:74,event,discovery: found,discovery,1,1,2009-10-07,wn-0388,False
wn-0388:11:239,event,discovery: found,discovery,1,1,2009-10-07,wn-0388,False
wn-0388:13:293,event,discovery: discovery,discovery,1,1,2009-10-07,wn-0388,False
wn-0388:17:347,event,launch: launched,launch,1,1,2003,wn-0388,False
wn-0388:19:380,event,discovery: discovery,discovery,1,1,2009-10-07,wn-0388,False
wn-0388:20:403,event,discovery: observed,discovery,1,1,,wn-0388,False
wn-0388:26:516,event,discovery: found,discovery,1,1,2009-10-07,wn-0388,False
wn-0388:29:545,event,discovery: discovery,discovery,1,1,2009-09,wn-0388,False
wn-0389:4:106,event,discovery: find,discovery,1,1,2009-10-18,wn-0389,False
wn-0390:1:18,event,delay: delaying,delay,1,1,PT24H,wn-0390,False
wn-0390:1:20,event,launch: launch,launch,1,1,PT24H,wn-0390,True
wn-0390:1:29,event,launch: lifted off,launch,1,1,2009-10-29T11:30,wn-0390,False
wn-0390:4:130,event,launch: launch,launch,1,1,2009-10-29,wn-0390,False
wn-0390:5:148,event,landing: descent,landing,1,1,2009-10-29,wn-0390,False
wn-0390:6:155,event,landing: splash down,landing,1,1,2009-10-29,wn-0390,False
wn-0390:6:163,event,launch: launch,launch,1,1,2009-10-29,wn-0390,False
wn-0390:12:341,event,landing: landing,landing,1,1,2009-10-29,wn-0390,False
wn-0392:1:28,event,launch: launched,launch,1,1,2009-11-14,wn-0392,False
wn-0392:2:43,event,discovery: discovery,discovery,1,1,P1Y,wn-0392,False
wn-0392:3:82,event,discovery: discovered,discovery,1,1,2008-09-24,wn-0392,False
wn-0392:5:116,event,launch: launched,launch,1,1,2008-10,wn-0392,False
wn-0392:5:131,event,failure: lost,failure,1,1,2009-08-30,wn-0392,False
wn-0392:7:199,event,failure: crashed,failure,1,1,2009-11-14,wn-0392,False
wn-0392:8:231,event,landing: landing,landing,1,1,,wn-0392,False
wn-0392:14:354,event,discovery: observation,discovery,1,1,2009-11-14,wn-0392,False
PERSON:lunar crater,entity,lunar crater,PERSON,1,1,,,False
wn-0392:22:494,event,discovery: find,discovery,1,1,2009-11-14,wn-0392,True
wn-0392:22:501,event,discovery: found,discovery,1,1,2009-11-14,wn-0392,False
wn-0392:28:616,event,discovery: found,discovery,1,1,2009-11-14,wn-0392,True
wn-0393:0:7,event,launch: launch,launch,1,1,P1Y,wn-0393,True
wn-0393:0:16,event,delay: delayed,delay,1,1,P1Y,wn-0393,False
wn-0393:2:49,event,delay: delay,delay,1,1,2009-11-18,wn-0393,False
wn-0393:2:54,event,launch: launch,launch,1,1,2009-11-18,wn-0393,False
wn-0393:5:129,event,launch: launch,launch,1,1,2010,wn-0393,False
wn-0393:8:212,event,launch: launching,launch,1,1,2009-11-18,wn-0393,False
wn-0394:4:74,event,launch: launch,launch,1,1,P11D,wn-0394,False
wn-0395:0:12,event,discovery: spotted,discovery,1,1,2009-12-10,wn-0395,False
wn-0395:6:169,event,discovery: detect,discovery,1,1,2009-12-10,wn-0395,False
wn-0395:17:373,event,discovery: observations,discovery,1,1,2009-12-10,wn-0395,False
wn-0396:1:7,event,flyby: flyby,flyby,1,1,2009-12-19,wn-0396,False
wn-0396:3:65,event,discovery: spot,discovery,1,1,2004,wn-0396,False
wn-0396:12:280,event,discovery: find out,discovery,1,1,2009-12-19,wn-0396,False
wn-0396:19:388,event,launch: launched,launch,1,1,2016,wn-0396,False
wn-0396:20:424,event,launch: launch,launch,1,1,2009-12-19,wn-0396,False
wn-0397:1:16,event,discovery: found,discovery,1,1,P2D,wn-0397,False
wn-0397:2:42,event,discovery: found,discovery,1,1,2009-03,wn-0397,False
wn-0397:2:61,event,launch: launch,launch,1,1,2009-03,wn-0397,False
wn-0397:12:349,event,discovery: found,discovery,1,1,2010-01-14,wn-0397,False
wn-0398:2:100,event,discovery: findings,discovery,1,1,,wn-0398,False
wn-0399:2:32,event,failure: crashed,failure,1,1,2010-03-07,wn-0399,False
wn-0399:5:82,event,discovery: discovered,discovery,1,1,2010-03-07,wn-0399,False
wn-0399:6:119,event,failure: crashes,failure,1,1,2010-03-07,wn-0399,False
wn-0399:7:148,event,discovery: found,discovery,1,1,2010-03-07,wn-0399,False
wn-0399:7:155,event,discovery: found,discovery,1,1,2010-03-07,wn-0399,False
wn-0399:7:167,event,failure: crash,failure,1,1,2010-03-07,wn-0399,False
wn-0399:11:244,event,failure: crash,failure,1,1,,wn-0399,False
wn-0399:12:291,event,failure: crash,failure,1,1,2010-03-07,wn-0399,False
wn-0400:0:18,event,launch: launch,launch,1,1,2010-03-29,wn-0400,False
wn-0400:3:93,event,launch: launch,launch,1,1,2010-03-29,wn-0400,False
wn-0400:4:113,event,launch: launch,launch,1,1,,wn-0400,False
wn-0400:9:249,event,failure: canceled,failure,1,1,2010-04-03,wn-0400,False
PERSON:Barack Obama,entity,Barack Obama,PERSON,2,2,,,False
ORG:Constellation Program,entity,the Constellation Program,ORG,1,1,,,False
wn-0401:2:104,event,launch: launch,launch,1,1,2011,wn-0401,False
wn-0401:10:351,event,landing: land,landing,1,1,2010-04-16,wn-0401,False
wn-0401:14:436,event,failure: losses,failure,1,1,2010-04-16,wn-0401,False
wn-0401:14:445,event,launch: launched,launch,1,1,2010-04-16,wn-0401,False
wn-0402:2:116,event,discovery: discovering,discovery,1,1,2010-04-25,wn-0402,False
wn-0402:5:193,event,launch: launch,launch,1,1,,wn-0402,False
wn-0402:7:229,event,discovery: discovery,discovery,1,1,2010-04-25,wn-0402,False
wn-0403:1:6,event,launch: launched,launch,1,1,2010-05-14,wn-0403,False
wn-0403:2:20,event,launch: lifted off,launch,1,1,2010-05-14T14:20,wn-0403,False
wn-0403:3:45,event,launch: launch,launch,1,1,2010-05-14,wn-0403,False
wn-0403:4:89,event,launch: took off,launch,1,1,2010-05-14,wn-0403,False
wn-0403:4:93,event,delay: delays,delay,1,1,2010-05-14,wn-0403,False
wn-0403:6:144,event,delay: delays,delay,1,1,2010-05-14,wn-0403,False
wn-0403:7:152,event,docking: dock,docking,1,1,2010-05-16,wn-0403,False
wn-0404:2:54,event,discovery: discovered,discovery,1,1,2005,wn-0404,False
wn-0405:0:3,event,landing: landed,landing,1,1,2010-05-26,wn-0405,False
wn-0405:1:35,event,landing: landed,landing,1,1,2010-05-27T08:48,wn-0405,False
wn-0405:2:62,event,landing: landing,landing,1,1,2010-05-27,wn-0405,False
wn-0405:7:143,event,landing: landing,landing,1,1,2010-05-27,wn-0405,False
wn-0405:8:183,event,docking: docking,docking,1,1,,wn-0405,False
wn-0406:2:12,event,launch: launched,launch,1,1,1845,wn-0406,False
wn-0406:4:82,event,launch: launch,launch,1,1,2010-06-04,wn-0406,False
wn-0406:7:175,event,launch: launches,launch,1,1,2010-06-04,wn-0406,False
wn-0406:8:200,event,launch: launch,launch,1,1,2010-06-04,wn-0406,False
wn-0406:9:242,event,launch: launches,launch,1,1,2010-06-04,wn-0406,False
wn-0406:10:257,event,launch: launch,launch,1,1,2010-06-04,wn-0406,False
wn-0406:14:345,event,launch: launch,launch,1,1,2010-06-04,wn-0406,False
wn-0406:14:356,event,failure: failure,failure,1,1,2010-06-04,wn-0406,False
wn-0406:15:395,event,launch: launch,launch,1,1,2010-06-04,wn-0406,False
SPACECRAFT:Falcon 9,entity,Falcon 9,SPACECRAFT,1,1,,,False
wn-0407:3:69,event,discovery: spotted,discovery,1,1,2009-07,wn-0407,False
wn-0407:5:109,event,failure: crashing,failure,1,1,2010-06-06,wn-0407,False
wn-0408:10:236,event,failure: fail,failure,1,1,2010-06-07,wn-0408,False
wn-0409:1:6,event,failure: lost,failure,1,1,PT137S,wn-0409,False
GPE:South Korea,entity,South Korea,GPE,1,3,,,False
wn-0409:2:25,event,failure: exploded,failure,1,1,2010-06-10,wn-0409,False
wn-0409:3:58,event,launch: launch,launch,1,1,2010-06-10,wn-0409,False
ORG:Korea Aerospace Research Institute,entity,Korea Aerospace Research Institute,ORG,1,1,,,False
wn-0409:4:67,event,delay: postponed,delay,1,1,2010-06-16,wn-0409,False
wn-0409:4:69,event,launch: launch,launch,1,1,2010-06-16,wn-0409,True
wn-0409:5:101,event,launch: launch,launch,1,1,2010-06-10,wn-0409,False
wn-0409:6:108,event,launch: lifted off,launch,1,1,,wn-0409,False
wn-0409:7:127,event,failure: exploded,failure,1,1,PT137S,wn-0409,False
wn-0409:7:131,event,launch: launch,launch,1,1,PT137S,wn-0409,False
wn-0409:7:147,event,failure: lost,failure,1,1,PT137S,wn-0409,False
wn-0409:8:150,event,failure: loss,failure,1,1,2010-06-10,wn-0409,False
wn-0409:10:187,event,failure: failure,failure,1,1,2010-06-10,wn-0409,False
wn-0409:11:208,event,launch: launch,launch,1,1,2010-06-10,wn-0409,False
PRODUCT:Naro-1,entity,Naro-1,PRODUCT,1,1,,,False
wn-0409:12:214,event,launch: launch,launch,1,1,2010-06-10,wn-0409,False
wn-0409:12:230,event,launch: launched,launch,1,1,2010-06-10,wn-0409,False
wn-0409:14:281,event,launch: launch,launch,1,1,2010-06-10,wn-0409,False
wn-0409:15:300,event,launch: launch,launch,1,1,2010-06-10,wn-0409,False
wn-0409:15:313,event,launch: launches,launch,1,1,2010-06-10,wn-0409,False
wn-0409:16:331,event,launch: launched,launch,1,1,1992,wn-0409,False
wn-0410:4:87,event,failure: losing out,failure,1,1,,wn-0410,False
ORG:MySpace,entity,MySpace,ORG,2,2,,,False
wn-0410:7:172,event,failure: failing,failure,1,1,2010-06-21,wn-0410,False
wn-0411:1:9,event,failure: failed,failure,1,1,2010-07-09,wn-0411,False
wn-0411:1:11,event,docking: dock,docking,1,1,2010-07-09,wn-0411,True
wn-0411:1:24,event,failure: failure,failure,1,1,2010-07-09,wn-0411,False
wn-0411:3:74,event,failure: abort,failure,1,1,2010-07-02,wn-0411,False
wn-0411:3:79,event,failure: malfunction,failure,1,1,2010-07-02,wn-0411,False
wn-0411:3:86,event,docking: docking,docking,1,1,2010-07-02,wn-0411,False
wn-0411:3:92,event,failure: loss,failure,1,1,2010-07-02,wn-0411,False
wn-0411:4:98,event,failure: malfunction,failure,1,1,2010-07-02,wn-0411,False
wn-0411:5:136,event,flyby: flew,flyby,1,1,2010-07-02,wn-0411,False
wn-0411:7:205,event,launch: launched,launch,1,1,2010-07-02,wn-0411,False
wn-0411:8:217,event,docking: docking,docking,1,1,2010-07-02,wn-0411,False
wn-0411:9:240,event,docking: docking,docking,1,1,PT48H,wn-0411,False
wn-0412:1:10,event,failure: failed,failure,1,1,,wn-0412,False
wn-0412:1:12,event,docking: dock,docking,1,1,,wn-0412,True
wn-0412:2:36,event,docking: docking,docking,1,1,2010-07-05,wn-0412,False
wn-0412:2:50,event,docking: docking,docking,1,1,P2D,wn-0412,False
wn-0412:3:69,event,failure: failure,failure,1,1,2009-10,wn-0412,False
wn-0412:5:122,event,failure: abort,failure,1,1,2010-07-09,wn-0412,False
wn-0412:5:129,event,failure: faulty,failure,1,1,2010-07-09,wn-0412,False
wn-0412:5:139,event,failure: loss,failure,1,1,2010-07-09,wn-0412,False
wn-0412:6:159,event,flyby: fly,flyby,1,1,2010-07-05,wn-0412,False
wn-0412:8:193,event,launch: launched,launch,1,1,2010-06-28,wn-0412,False
wn-0413:8:136,event,flyby: flyby,flyby,1,1,,wn-0413,False
wn-0413:13:278,event,flyby: flyby,flyby,1,1,2010-07-12,wn-0413,False
wn-0413:14:292,event,discovery: findings,discovery,1,1,2009-09,wn-0413,False
wn-0413:15:321,event,flyby: flew,flyby,1,1,2010-07-12,wn-0413,False
wn-0413:16:335,event,launch: Launched,launch,1,1,2004,wn-0413,False
wn-0414:1:5,event,discovery: discovered,discovery,1,1,2010-07-21,wn-0414,False
wn-0414:2:54,event,discovery: discovered,discovery,1,1,2010-07-21,wn-0414,False
wn-0414:4:82,event,discovery: discovered,discovery,1,1,2010-07-21,wn-0414,False
wn-0414:4:89,event,discovery: discovered,discovery,1,1,2010-07-21,wn-0414,False
wn-0414:6:142,event,failure: lose,failure,1,1,2010-07-21,wn-0414,False
wn-0414:7:174,event,failure: loss,failure,1,1,2010-07-21,wn-0414,False
wn-0414:9:202,event,discovery: discovery,discovery,1,1,2010-07-21,wn-0414,False
wn-0415:1:11,event,failure: broken down,failure,1,1,2010-08-06,wn-0415,False
wn-0415:2:33,event,failure: broke down,failure,1,1,2010-07-31,wn-0415,False
wn-0415:7:136,event,failure: failure,failure,1,1,2010-08-03,wn-0415,False
wn-0415:11:218,event,delay: postponed,delay,1,1,2010-07-30,wn-0415,False
wn-0416:6:162,event,discovery: detected,discovery,1,1,2010-02,wn-0416,False
ORG:Solar Dynamics Observatory,entity,Solar Dynamics Observatory,ORG,1,1,,,False
wn-0416:6:172,event,launch: launched,launch,1,1,2010-02,wn-0416,False
wn-0417:1:3,event,failure: faulty,failure,1,1,2010-08-07,wn-0417,False
wn-0417:1:7,event,delay: delayed,delay,1,1,2010-08-07,wn-0417,False
wn-0417:2:42,event,failure: faulty,failure,1,1,2010-07-31,wn-0417,False
wn-0417:2:47,event,failure: failed,failure,1,1,2010-07-31,wn-0417,False
wn-0417:3:53,event,failure: faulty,failure,1,1,2010-08-09,wn-0417,False
wn-0417:4:97,event,discovery: discovering,discovery,1,1,2010-08-09,wn-0417,False
wn-0419:2:34,event,discovery: discovered,discovery,1,1,2010-08-22,wn-0419,False
wn-0419:3:60,event,discovery: found,discovery,1,1,2010-08-22,wn-0419,False
wn-0419:6:146,event,discovery: identified,discovery,1,1,1970,wn-0419,False
wn-0420:1:4,event,discovery: discovered,discovery,1,1,2010-08-25,wn-0420,False
wn-0420:3:42,event,discovery: discovered,discovery,1,1,,wn-0420,False
wn-0420:4:68,event,discovery: discovery,discovery,1,1,,wn-0420,False
wn-0420:7:166,event,discovery: discovered,discovery,1,1,2010-08-25,wn-0420,False
wn-0420:8:184,event,discovery: discovered,discovery,1,1,2010-08-25,wn-0420,False
wn-0420:9:193,event,discovery: spotting,discovery,1,1,,wn-0420,False
wn-0420:10:214,event,discovery: discovery,discovery,1,1,2010-08-25,wn-0420,False
wn-0420:12:271,event,discovery: discovered,discovery,1,1,2010-08-25,wn-0420,False
wn-0420:12:286,event,discovery: discovered,discovery,1,1,2010-08-25,wn-0420,False
wn-0420:13:297,event,discovery: discoveries,discovery,1,1,2010-08-25,wn-0420,False
wn-0420:13:302,event,discovery: findings,discovery,1,1,2010-08-25,wn-0420,False
wn-0421:3:57,event,discovery: spot,discovery,1,1,2010-09-19,wn-0421,False
wn-0421:6:127,event,discovery: find,discovery,1,1,2010-09-19,wn-0421,False
wn-0421:12:225,event,flyby: encounters,flyby,1,1,P13MO,wn-0421,False
wn-0421:13:256,event,flyby: encounter,flyby,1,1,2010-09-19,wn-0421,False
wn-0422:3:55,event,failure: cancelled,failure,1,1,2010-10-01,wn-0422,False
wn-0422:7:160,event,failure: loss,failure,1,1,2010-10-01,wn-0422,False
wn-0422:12:315,event,launch: launch,launch,1,1,2010-10-01,wn-0422,False
wn-0423:0:10,event,discovery: discovered,discovery,1,1,2010-10-01,wn-0423,False
wn-0423:0:32,event,discovery: discovery,discovery,1,1,2010-10-01,wn-0423,False
wn-0423:0:39,event,discovery: finding,discovery,1,1,2010-10-01,wn-0423,False
wn-0423:1:46,event,discovery: found,discovery,1,1,2010-10-01,wn-0423,False
wn-0423:4:149,event,discovery: observed,discovery,1,1,2010-10-01,wn-0423,False
wn-0423:10:270,event,discovery: discovery,discovery,1,1,2010-10-01,wn-0423,False
wn-0423:10:276,event,discovery: discovered,discovery,1,1,2010-10-01,wn-0423,False
wn-0424:1:4,event,launch: launched,launch,1,1,2010-10-01,wn-0424,False
wn-0424:2:42,event,landing: landings,landing,1,1,2010-10-03,wn-0424,False
wn-0424:3:71,event,landing: landing,landing,1,1,2010-10-03,wn-0424,False
wn-0424:5:103,event,launch: Launched,launch,1,1,2007,wn-0424,False
wn-0424:8:186,event,landing: landing,landing,1,1,2010-10-03,wn-0424,False
wn-0425:0:11,event,launch: launch,launch,1,1,2010-10-07,wn-0425,False
wn-0425:1:43,event,launch: launch,launch,1,1,2010-10-09,wn-0425,False
wn-0425:2:67,event,docking: docked,docking,1,1,2010-10-06,wn-0425,False
wn-0426:1:7,event,launch: launched,launch,1,1,2010-10-07,wn-0426,False
wn-0426:2:41,event,launch: launched,launch,1,1,2010-10-09T05:10,wn-0426,False
wn-0426:3:62,event,launch: launched,launch,1,1,2010-10-09,wn-0426,False
wn-0426:5:98,event,docking: Docking,docking,1,1,2010-10-09T20:02,wn-0426,False
wn-0428:1:3,event,launch: launch,launch,1,1,,wn-0428,True
wn-0428:1:17,event,delay: delayed,delay,1,1,,wn-0428,False
wn-0428:2:21,event,launch: Launch,launch,1,1,2010-10-30T15:52,wn-0428,False
wn-0428:3:38,event,launch: launch,launch,1,1,2010-10-25,wn-0428,False
wn-0428:3:48,event,delay: delayed,delay,1,1,2010-10-31,wn-0428,False
wn-0428:3:60,event,discovery: discovered,discovery,1,1,2010-10-31,wn-0428,False
wn-0428:4:67,event,delay: delay,delay,1,1,2010-10-30,wn-0428,False
wn-0428:7:127,event,launch: launch,launch,1,1,2010-11-07,wn-0428,False
wn-0428:7:133,event,launch: launch,launch,1,1,2010-11-07,wn-0428,False
wn-0429:2:4,event,discovery: Discovery,discovery,1,1,2010-11-03,wn-0429,False
wn-0429:2:7,event,launch: launch,launch,1,1,2010-11-03,wn-0429,True
wn-0429:2:19,event,delay: delayed,delay,1,1,2010-11-03,wn-0429,False
wn-0429:3:26,event,launch: Launch,launch,1,1,2010-11-03T15:29,wn-0429,False
wn-0429:4:39,event,launch: launch,launch,1,1,2010-11-01,wn-0429,False
wn-0429:4:50,event,delay: delayed,delay,1,1,P2D,wn-0429,False
wn-0429:5:72,event,failure: glitches,failure,1,1,2010-11-02,wn-0429,False
wn-0429:5:73,event,discovery: discovered,discovery,1,1,2010-11-02,wn-0429,False
wn-0429:6:97,event,launch: launch,launch,1,1,2010-11-03,wn-0429,False
wn-0430:4:75,event,launch: launch,launch,1,1,2010-11-23,wn-0430,False
wn-0430:7:126,event,launch: launch,launch,1,1,2010-12-07,wn-0430,False
wn-0430:8:139,event,launch: launch,launch,1,1,2011-06,wn-0430,False
wn-0430:9:166,event,launch: launch,launch,1,1,2010-11-23,wn-0430,False
wn-0430:9:173,event,landing: splash down,landing,1,1,2010-11-23,wn-0430,False
wn-0430:10:222,event,launch: launch,launch,1,1,2010-11-23,wn-0430,False
wn-0431:1:7,event,landing: landed,landing,1,1,2010-11-26,wn-0431,False
wn-0431:3:46,event,landing: landed,landing,1,1,2010-11-26T23:46,wn-0431,False
wn-0431:4:76,event,launch: launched,launch,1,1,2010-06-15,wn-0431,False
wn-0431:6:109,event,landing: landing,landing,1,1,2010-11-30,wn-0431,False
wn-0432:0:14,event,launch: launched,launch,1,1,2010-12-09,wn-0432,False
wn-0432:1:60,event,launch: launched,launch,1,1,2010-12-17,wn-0432,False
wn-0432:1:67,event,docking: dock,docking,1,1,,wn-0432,False
wn-0432:2:82,event,launch: lifted off,launch,1,1,2010-12-16,wn-0432,False
wn-0432:2:99,event,launch: launch,launch,1,1,2010-12-16,wn-0432,False
wn-0432:7:179,event,launch: launched,launch,1,1,2010-12-16,wn-0432,False
wn-0432:8:191,event,launch: launch,launch,1,1,,wn-0432,False
wn-0432:8:206,event,delay: postponed,delay,1,1,,wn-0432,False
wn-0432:8:213,event,landing: reentry,landing,1,1,,wn-0432,False
wn-0432:11:300,event,launch: launch,launch,1,1,P2W,wn-0432,False
wn-0432:12:303,event,launch: launch,launch,1,1,P10Y,wn-0432,False
wn-0433:2:68,event,discovery: found,discovery,1,1,,wn-0433,False
wn-0434:2:32,event,failure: accident,failure,1,1,,wn-0434,False
wn-0434:4:79,event,launch: launch,launch,1,1,2011-02-24,wn-0434,False
wn-0434:6:129,event,failure: accident,failure,1,1,2011-01-22,wn-0434,False
wn-0435:2:27,event,failure: accident,failure,1,1,,wn-0435,False
wn-0435:6:127,event,launch: launch,launch,1,1,2011-01-21,wn-0435,False
wn-0435:9:189,event,launch: launch,launch,1,1,2011-02,wn-0435,False
wn-0435:10:210,event,launch: launch,launch,1,1,2011-01-21,wn-0435,False
wn-0435:10:217,event,delay: slip,delay,1,1,2011-01-21,wn-0435,False
wn-0435:11:228,event,launch: launch,launch,1,1,2011-02-24,wn-0435,False
wn-0436:1:17,event,launch: took off,launch,1,1,2011-02-25T16:53,wn-0436,False
wn-0436:6:149,event,launch: launch,launch,1,1,2011-02-25T16:50,wn-0436,True
wn-0436:6:163,event,delay: delayed,delay,1,1,PT3M,wn-0436,False
wn-0436:7:195,event,launch: launch,launch,1,1,2011-11-01,wn-0436,True
wn-0436:7:199,event,delay: postponed,delay,1,1,2011-11-01,wn-0436,False
wn-0436:8:237,event,launch: launch,launch,1,1,2011-02-25,wn-0436,False
wn-0436:10:281,event,launch: launch,launch,1,1,,wn-0436,False
wn-0436:10:295,event,docking: docked,docking,1,1,,wn-0436,False
wn-0436:15:409,event,failure: disaster,failure,1,1,2011-02-25,wn-0436,False
wn-0436:15:422,event,failure: disaster,failure,1,1,2011-02-25,wn-0436,False
wn-0437:1:14,event,docking: rendezvoused,docking,1,1,2011-02-26,wn-0437,False
wn-0437:1:16,event,docking: docked,docking,1,1,2011-02-26,wn-0437,False
wn-0437:3:84,event,docking: docking,docking,1,1,PT2M,wn-0437,False
wn-0437:3:91,event,docking: docking,docking,1,1,PT2M,wn-0437,False
wn-0437:7:230,event,delay: delay,delay,1,1,,wn-0437,False
wn-0437:7:233,event,docking: docking,docking,1,1,,wn-0437,False
wn-0437:7:246,event,docking: docking,docking,1,1,,wn-0437,False
wn-0437:7:266,event,delay: delayed,delay,1,1,,wn-0437,False
wn-0437:8:279,event,docking: docking,docking,1,1,2011-02-26,wn-0437,False
wn-0437:9:293,event,delay: delay,delay,1,1,PT40M,wn-0437,False
wn-0437:11:374,event,docking: docked,docking,1,1,,wn-0437,False
wn-0438:0:6,event,landing: landed,landing,1,1,2011-03-16,wn-0438,False
wn-0438:1:39,event,landing: landing,landing,1,1,2011-03-10,wn-0438,False
wn-0438:2:65,event,launch: launched,launch,1,1,2012-02-24,wn-0438,False
wn-0438:2:72,event,launch: launch,launch,1,1,2011-11,wn-0438,False
wn-0438:2:73,event,delay: delays,delay,1,1,2011-11,wn-0438,False
wn-0438:7:215,event,docking: docked,docking,1,1,2011-03-10,wn-0438,False
wn-0438:7:240,event,failure: disasters,failure,1,1,2011-03-10,wn-0438,False
wn-0438:12:368,event,landing: landing,landing,1,1,2011-03-09,wn-0438,False
wn-0439:4:142,event,discovery: discovering,discovery,1,1,2010,wn-0439,False
wn-0440:2:35,event,landing: Landing,landing,1,1,2011-03-17,wn-0440,False
wn-0440:3:60,event,launch: launched,launch,1,1,2010-10-07,wn-0440,False
wn-0440:3:70,event,docking: docking,docking,1,1,,wn-0440,False
wn-0440:4:84,event,landing: landing,landing,1,1,2011-03-17,wn-0440,False
wn-0440:4:110,event,landing: landing,landing,1,1,2011-03-17,wn-0440,False
wn-0440:6:137,event,landing: landing,landing,1,1,2011-03-17,wn-0440,False
wn-0440:7:172,event,landing: landing,landing,1,1,PT30M,wn-0440,False
wn-0440:8:179,event,launch: launch,launch,1,1,2011-03-17,wn-0440,True
wn-0440:8:193,event,delay: delayed,delay,1,1,2011-03-17,wn-0440,False
wn-0440:8:203,event,launch: lift off,launch,1,1,2011-03-17,wn-0440,False
wn-0441:0:5,event,failure: lost,failure,1,1,2011-02,wn-0441,False
wn-0441:3:77,event,failure: losses,failure,1,1,P1Y,wn-0441,False
wn-0442:4:87,event,launch: launched,launch,1,1,2004,wn-0442,False
wn-0442:11:238,event,discovery: observations,discovery,1,1,2011-04-04,wn-0442,False
wn-0443:1:12,event,launch: lifted off,launch,1,1,1961-04-12,wn-0443,False
PERSON:Yuri Gagarin,entity,Yuri Gagarin,PERSON,2,2,,,False
wn-0443:4:97,event,launch: launch,launch,1,1,1981-04-12,wn-0443,False
wn-0443:7:163,event,launch: launch,launch,1,1,P4Y,wn-0443,False
wn-0444:0:3,event,launch: launch,launch,1,1,2011-04-12,wn-0444,False
wn-0444:1:36,event,launch: lifted off,launch,1,1,1981-04-12,wn-0444,False
wn-0444:8:231,event,launch: launch,launch,1,1,,wn-0444,False
wn-0444:9:282,event,launch: launches,launch,1,1,2011-06-28,wn-0444,False
wn-0444:10:289,event,failure: lost,failure,1,1,2003-02-01,wn-0444,False
wn-0444:10:299,event,failure: disintegrated,failure,1,1,2003-02-01,wn-0444,False
wn-0444:11:314,event,failure: lost,failure,1,1,PT73S,wn-0444,False
wn-0444:11:317,event,failure: exploded,failure,1,1,PT73S,wn-0444,False
wn-0444:26:723,event,landing: landing,landing,1,1,2011-04-13,wn-0444,False
wn-0444:37:1058,event,launch: lifted off,launch,1,1,2011-04-13,wn-0444,False
wn-0445:1:6,event,launch: launched,launch,1,1,2011-05-18T08:56,wn-0445,False
wn-0445:3:58,event,launch: launched,launch,1,1,2011-05-18,wn-0445,False
wn-0445:4:102,event,docking: dock,docking,1,1,2011-05-25,wn-0445,False
wn-0445:6:159,event,landing: land,landing,1,1,2011-06-01,wn-0445,False
wn-0445:8:201,event,launch: launch,launch,1,1,2011-05-18,wn-0445,False
wn-0445:9:205,event,launch: launch,launch,1,1,2012-04-29,wn-0445,False
wn-0445:9:215,event,delay: delayed,delay,1,1,,wn-0445,False
wn-0445:9:219,event,launch: launch,launch,1,1,,wn-0445,False
wn-0445:9:222,event,discovery: discovery,discovery,1,1,,wn-0445,False
wn-0445:9:231,event,launch: launch,launch,1,1,,wn-0445,True
wn-0445:9:233,event,delay: scrubbed,delay,1,1,,wn-0445,False
wn-0445:10:242,event,launch: liftoff,launch,1,1,2011-05-18,wn-0445,False
wn-0445:16:332,event,launch: launch,launch,1,1,2011-05-18,wn-0445,False
wn-0445:18:406,event,failure: disaster,failure,1,1,1986,wn-0445,False
wn-0445:18:417,event,launch: launch,launch,1,1,1986,wn-0445,False
wn-0445:21:465,event,launch: launch,launch,1,1,2011-07,wn-0445,False
wn-0445:22:472,event,launch: launch,launch,1,1,2011-05-18,wn-0445,False
wn-0445:24:556,event,launch: launch,launch,1,1,P50Y,wn-0445,False
wn-0447:2:22,event,landing: landed,landing,1,1,2010-12,wn-0447,False
wn-0447:2:35,event,launch: launched,launch,1,1,2010-12,wn-0447,False
wn-0447:4:70,event,landing: landing,landing,1,1,2011-05-25,wn-0447,False
wn-0447:9:210,event,launch: launch,launch,1,1,2011-06-07,wn-0447,False
wn-0448:5:84,event,landing: landing,landing,1,1,2004,wn-0448,False
wn-0448:7:154,event,failure: lost,failure,1,1,2010-03,wn-0448,False
wn-0448:8:201,event,discovery: discoveries,discovery,1,1,2004-04,wn-0448,False
wn-0449:0:4,event,landing: landed,landing,1,1,2011-06-04T02:34,wn-0449,False
wn-0449:2:80,event,landing: touchdown,landing,1,1,2011-06-04,wn-0449,False
wn-0449:3:107,event,launch: launched,launch,1,1,2011-06,wn-0449,False
wn-0449:8:235,event,launch: launch,launch,1,1,2011-05-16,wn-0449,False
wn-0449:8:255,event,landing: landing,landing,1,1,,wn-0449,False
wn-0449:14:452,event,failure: exploded,failure,1,1,1986,wn-0449,False
wn-0449:14:455,event,launch: lifting off,launch,1,1,1986,wn-0449,False
wn-0449:14:470,event,failure: disaster,failure,1,1,1986,wn-0449,False
wn-0449:15:473,event,launch: launched,launch,1,1,1992-05,wn-0449,False
wn-0449:25:697,event,launch: launch,launch,1,1,2011-07-08,wn-0449,False
wn-0450:4:122,event,discovery: discovery,discovery,1,1,2011-06-17,wn-0450,False
wn-0450:6:173,event,discovery: detected,discovery,1,1,2011-06-17,wn-0450,False
wn-0451:1:9,event,discovery: discovered,discovery,1,1,2011-06-23,wn-0451,False
wn-0451:5:109,event,discovery: found,discovery,1,1,2011-06-23,wn-0451,False
wn-0451:10:250,event,discovery: observations,discovery,1,1,2010,wn-0451,False
wn-0451:10:258,event,flyby: flyby,flyby,1,1,2010,wn-0451,False
wn-0451:16:465,event,failure: lost,failure,1,1,2011-06-23,wn-0451,False
wn-0451:16:476,event,failure: lost,failure,1,1,2011-06-23,wn-0451,False
wn-0451:19:539,event,discovery: discovered,discovery,1,1,2005,wn-0451,False
wn-0451:20:565,event,discovery: found,discovery,1,1,2009,wn-0451,False
wn-0451:21:591,event,flyby: flybys,flyby,1,1,2008,wn-0451,False
wn-0451:22:615,event,discovery: discovered,discovery,1,1,2008,wn-0451,False
wn-0451:26:739,event,discovery: finding,discovery,1,1,2011-06-23,wn-0451,False
wn-0452:6:194,event,docking: docked,docking,1,1,2011-06-29,wn-0452,False
wn-0453:4:112,event,failure: destroyed,failure,1,1,2011-07-01,wn-0453,False
wn-0453:9:237,event,landing: landing,landing,1,1,1971,wn-0453,False
wn-0454:3:57,event,discovery: observed,discovery,1,1,1876,wn-0454,False
wn-0454:4:84,event,discovery: detected,discovery,1,1,2010-12-05,wn-0454,False
wn-0454:6:131,event,discovery: identified,discovery,1,1,,wn-0454,False
wn-0454:10:189,event,discovery: observed,discovery,1,1,2011-07-07,wn-0454,False
wn-0455:0:11,event,launch: launched,launch,1,1,2011-07-08,wn-0455,False
wn-0455:2:96,event,launch: launch,launch,1,1,2011-07-08,wn-0455,False
wn-0455:3:134,event,failure: glitch,failure,1,1,PT31S,wn-0455,False
wn-0455:3:137,event,launch: launch,launch,1,1,PT31S,wn-0455,False
wn-0455:4:148,event,launch: lifting off,launch,1,1,,wn-0455,False
wn-0455:12:359,event,launch: launch,launch,1,1,2011-07-08,wn-0455,False
wn-0455:13:394,event,launch: launched,launch,1,1,1981-04-12,wn-0455,False
wn-0455:14:411,event,launch: launched,launch,1,1,P30Y,wn-0455,False
wn-0455:15:421,event,failure: failures,failure,1,1,1986-01,wn-0455,False
wn-0455:18:491,event,docking: docking,docking,1,1,1995-06,wn-0455,False
wn-0455:18:506,event,launch: launch,launch,1,1,1995-06,wn-0455,False
wn-0455:19:546,event,launch: launch,launch,1,1,2011-07-08,wn-0455,False
wn-0455:20:575,event,launch: launch,launch,1,1,2011-07-08,wn-0455,False
wn-0456:0:11,event,landing: landing,landing,1,1,2011-07-22,wn-0456,False
wn-0456:1:37,event,landing: landing,landing,1,1,2011-07-21,wn-0456,False
wn-0456:2:50,event,landing: landing,landing,1,1,2011-07-22,wn-0456,False
wn-0456:4:99,event,landing: landing,landing,1,1,2011-07-22,wn-0456,False
wn-0456:5:144,event,landing: landing,landing,1,1,2011-07-22,wn-0456,False
wn-0456:6:170,event,landing: landing,landing,1,1,2011-07-22,wn-0456,False
wn-0456:7:205,event,launch: launched,launch,1,1,2011-07-08,wn-0456,False
wn-0456:11:305,event,failure: lose,failure,1,1,2011-07-22,wn-0456,False
wn-0457:1:16,event,launch: launched,launch,1,1,2011-08-06T00:25,wn-0457,False
wn-0458:1:57,event,discovery: found,discovery,1,1,2011-08-09,wn-0458,False
wn-0458:2:96,event,landing: landed,landing,1,1,2011-08-09,wn-0458,False
wn-0458:3:121,event,discovery: found,discovery,1,1,2011-08-09,wn-0458,False
wn-0458:4:141,event,discovery: found,discovery,1,1,2011-08-09,wn-0458,False
wn-0458:4:155,event,discovery: found,discovery,1,1,2011-08-09,wn-0458,False
wn-0459:4:141,event,discovery: discovered,discovery,1,1,2012-02,wn-0459,False
wn-0460:4:137,event,failure: failures,failure,1,1,2011-09-10,wn-0460,False
wn-0460:10:288,event,flyby: encounter,flyby,1,1,2012-06,wn-0460,False
wn-0460:17:544,event,failure: failed,failure,1,1,2011-09-10,wn-0460,False
wn-0460:21:646,event,flyby: encounters,flyby,1,1,2011-09-10,wn-0460,False
wn-0460:28:861,event,failure: loss,failure,1,1,,wn-0460,False
wn-0460:28:885,event,failure: loss,failure,1,1,,wn-0460,False
wn-0460:33:957,event,discovery: findings,discovery,1,1,2011-09-10,wn-0460,False
wn-0460:37:1044,event,discovery: observed,discovery,1,1,2011-09-10,wn-0460,False
PERSON:George J. Gleghorn,entity,George J. Gleghorn,PERSON,1,1,,,False
wn-0460:44:1262,event,discovery: identify,discovery,1,1,2011-09-10,wn-0460,False
wn-0460:47:1348,event,failure: break up,failure,1,1,2011-09-10,wn-0460,False
wn-0460:47:1358,event,failure: destroying,failure,1,1,2011-09-10,wn-0460,False
wn-0461:1:49,event,failure: failed,failure,1,1,2012-01-16,wn-0461,False
wn-0461:6:157,event,failure: accident,failure,1,1,2012-01-16,wn-0461,False
wn-0461:7:160,event,failure: failure,failure,1,1,2012-01-16,wn-0461,False
wn-0462:2:26,event,discovery: discovered,discovery,1,1,2012-01-18,wn-0462,False
wn-0462:3:59,event,discovery: observed,discovery,1,1,2012-01-18,wn-0462,False
wn-0462:8:173,event,landing: landing,landing,1,1,2012-01-18,wn-0462,False
wn-0462:10:211,event,discovery: find,discovery,1,1,2012-01-18,wn-0462,False
wn-0463:1:9,event,launch: launched,launch,1,1,2012-05-15,wn-0463,False
wn-0463:2:35,event,launch: launched,launch,1,1,2012-05-15,wn-0463,False
wn-0463:4:92,event,launch: launch,launch,1,1,P2D,wn-0463,False
wn-0463:5:99,event,docking: docking,docking,1,1,2012-05-18,wn-0463,False
wn-0464:1:10,event,landing: touching down,landing,1,1,,wn-0464,False
wn-0464:2:30,event,landing: landing,landing,1,1,P127D,wn-0464,False
wn-0464:2:54,event,landing: landed,landing,1,1,,wn-0464,False
wn-0464:5:140,event,launch: launching,launch,1,1,2012-07-15,wn-0464,False
wn-0465:7:135,event,launch: launch,launch,1,1,2015,wn-0465,False
wn-0466:5:121,event,launch: launched,launch,1,1,2001,wn-0466,False
wn-0466:8:174,event,discovery: discovered,discovery,1,1,2013-01-31,wn-0466,False
wn-0466:9:189,event,discovery: observed,discovery,1,1,2008-08-25,wn-0466,False
wn-0466:10:207,event,discovery: observed,discovery,1,1,,wn-0466,False
wn-0466:13:247,event,discovery: spotted,discovery,1,1,2013-01-31,wn-0466,False
wn-0467:0:15,event,launch: launched,launch,1,1,2013-03-28,wn-0467,False
wn-0467:0:39,event,docking: docked,docking,1,1,2013-03-22,wn-0467,False
wn-0467:0:56,event,docking: docking,docking,1,1,2013-03-22,wn-0467,False
wn-0467:1:82,event,docking: dock,docking,1,1,PT6H,wn-0467,False
wn-0467:2:139,event,launch: launch,launch,1,1,2013-03-28,wn-0467,False
wn-0467:6:218,event,docking: docked,docking,1,1,2013-03-22,wn-0467,False
wn-0467:7:244,event,docking: docking,docking,1,1,2013-03-29,wn-0467,False
wn-0467:9:341,event,docking: undock,docking,1,1,2013-04-15,wn-0467,False
wn-0469:2:25,event,discovery: found,discovery,1,1,2014-01-21,wn-0469,False
wn-0469:4:61,event,discovery: Discovered,discovery,1,1,2014-01-21,wn-0469,False
wn-0469:4:76,event,discovery: discoveries,discovery,1,1,2014-01-21,wn-0469,False
wn-0469:6:117,event,discovery: found,discovery,1,1,2013-12,wn-0469,False
wn-0469:9:187,event,discovery: found,discovery,1,1,2014-01-21,wn-0469,False
wn-0469:10:235,event,discovery: discovery,discovery,1,1,2014-01-21,wn-0469,False
wn-0469:17:400,event,discovery: find,discovery,1,1,2014-01-21,wn-0469,False
PERSON:Daly,entity,Daly,PERSON,1,1,,,False
wn-0469:19:440,event,discovery: observed,discovery,1,1,2014-01-21,wn-0469,False
wn-0469:23:535,event,failure: failed,failure,1,1,2014-01-21,wn-0469,False
wn-0469:27:640,event,discovery: discovery,discovery,1,1,2014-01-21,wn-0469,False
wn-0469:40:962,event,discovery: find,discovery,1,1,2014-01-21,wn-0469,False
wn-0469:56:1431,event,discovery: observations,discovery,1,1,2014-01-21,wn-0469,False
wn-0469:56:1439,event,discovery: found,discovery,1,1,2014-01-21,wn-0469,False
wn-0469:60:1533,event,failure: lost,failure,1,1,2014-01-21,wn-0469,False
wn-0469:74:1969,event,discovery: finding,discovery,1,1,2014-01-21,wn-0469,False
wn-0469:78:2034,event,discovery: finding,discovery,1,1,2014-01-21,wn-0469,False
wn-0470:2:40,event,landing: touched down,landing,1,1,P37Y,wn-0470,False
wn-0470:2:43,event,launch: launched,launch,1,1,2013-12,wn-0470,False
wn-0470:3:69,event,discovery: discovered,discovery,1,1,2014-01-25,wn-0470,False
wn-0470:5:123,event,failure: failed,failure,1,1,,wn-0470,False
wn-0470:6:149,event,failure: failed,failure,1,1,2014-02-10,wn-0470,False
wn-0470:8:186,event,landing: landed,landing,1,1,2014-02-12,wn-0470,False
wn-0471:0:19,event,failure: anomalies,failure,1,1,2014-02-18,wn-0471,False
wn-0471:0:23,event,discovery: observed,discovery,1,1,2014-02-18,wn-0471,False
wn-0471:1:48,event,discovery: found,discovery,1,1,2014-02-22,wn-0471,False
wn-0471:3:114,event,failure: anomalies,failure,1,1,2014-02-22,wn-0471,False
wn-0471:5:202,event,failure: anomalies,failure,1,1,2014,wn-0471,False
wn-0471:7:222,event,discovery: observed,discovery,1,1,2014-02-22,wn-0471,False
wn-0472:0:8,event,discovery: discovery,discovery,1,1,2014-02-26,wn-0472,False
wn-0472:1:33,event,discovery: discoveries,discovery,1,1,P2Y,wn-0472,False
wn-0472:2:58,event,discovery: findings,discovery,1,1,2014-03-01,wn-0472,False
wn-0472:3:85,event,discovery: discovery,discovery,1,1,2014-03-01,wn-0472,False
wn-0472:5:132,event,discovery: discovered,discovery,1,1,2014-03-01,wn-0472,False
wn-0472:6:160,event,discovery: found,discovery,1,1,2014-03-01,wn-0472,False
wn-0472:8:233,event,discovery: discovery,discovery,1,1,2014-03-01,wn-0472,False
wn-0472:9:237,event,discovery: findings,discovery,1,1,2014-03-10,wn-0472,False
wn-0473:0:34,event,docking: rendezvous,docking,1,1,2014-04-01,wn-0473,False
wn-0473:0:36,event,docking: docking,docking,1,1,2014-04-01,wn-0473,False
wn-0473:1:45,event,launch: launched,launch,1,1,,wn-0473,False
wn-0473:1:70,event,docking: dock,docking,1,1,2014-04-02,wn-0473,False
wn-0473:2:111,event,docking: docking,docking,1,1,2013,wn-0473,False
wn-0473:2:116,event,delay: delayed,delay,1,1,2014-03-27,wn-0473,False
wn-0473:3:146,event,docking: rendezvous,docking,1,1,P2D,wn-0473,False
wn-0473:4:154,event,failure: malfunction,failure,1,1,2014-03-26,wn-0473,False
wn-0473:4:183,event,docking: docking,docking,1,1,PT6H,wn-0473,False
wn-0473:4:188,event,launch: launch,launch,1,1,PT6H,wn-0473,False
wn-0473:6:225,event,docking: docked,docking,1,1,2014-03-27,wn-0473,False
wn-0473:11:361,event,launch: launched,launch,1,1,2013,wn-0473,False
wn-0474:0:5,event,discovery: spotted,discovery,1,1,2014-04-24,wn-0474,False
wn-0474:2:51,event,discovery: detected,discovery,1,1,2014-04-24,wn-0474,False
wn-0474:3:93,event,discovery: spotting,discovery,1,1,2014-04-24,wn-0474,False
wn-0474:5:164,event,discovery: find,discovery,1,1,2014-04-24,wn-0474,False
wn-0474:6:169,event,discovery: discovery,discovery,1,1,2010-06,wn-0474,False
wn-0474:10:263,event,discovery: spot,discovery,1,1,2014-04-24,wn-0474,False
wn-0475:1:14,event,launch: launched,launch,1,1,,wn-0475,False
wn-0475:1:31,event,launch: launch,launch,1,1,,wn-0475,False
wn-0475:2:41,event,discovery: observation,discovery,1,1,,wn-0475,False
wn-0475:4:91,event,launch: launch,launch,1,1,2014-07-03T09:52,wn-0475,False
wn-0475:4:101,event,delay: delayed,delay,1,1,,wn-0475,False
wn-0475:5:119,event,launch: launch,launch,1,1,2014-07-03,wn-0475,False
wn-0475:6:150,event,launch: launch,launch,1,1,2014-07-03,wn-0475,False
wn-0475:8:170,event,launch: launch,launch,1,1,2014-07,wn-0475,False
wn-0475:8:180,event,launch: launch,launch,1,1,2014-07,wn-0475,False
wn-0475:9:194,event,launch: launch,launch,1,1,2014-07-03,wn-0475,False
wn-0475:10:203,event,launch: launch,launch,1,1,2014-07-03,wn-0475,False
wn-0475:12:265,event,launch: launch,launch,1,1,2014-07-03,wn-0475,False
wn-0475:12:273,event,launch: launch,launch,1,1,2014-07-03,wn-0475,False
wn-0476:5:94,event,discovery: found,discovery,1,1,2014-08-16,wn-0476,False
wn-0476:6:153,event,discovery: find,discovery,1,1,2014-08-16,wn-0476,False
wn-0476:7:181,event,discovery: found,discovery,1,1,2014-08-16,wn-0476,False
wn-0476:9:212,event,discovery: observations,discovery,1,1,2014-08-16,wn-0476,False
wn-0476:12:301,event,discovery: observations,discovery,1,1,2014-08-16,wn-0476,False
wn-0476:13:333,event,discovery: found,discovery,1,1,2014-08-16,wn-0476,False
wn-0476:15:422,event,failure: loss,failure,1,1,2014-08-16,wn-0476,False
wn-0476:17:446,event,discovery: found,discovery,1,1,1974,wn-0476,False
wn-0476:18:475,event,discovery: found,discovery,1,1,2014-08-16,wn-0476,False
wn-0476:22:580,event,failure: lost,failure,1,1,,wn-0476,False
wn-0476:25:650,event,discovery: find,discovery,1,1,2014-08-16,wn-0476,False
wn-0476:27:707,event,discovery: findings,discovery,1,1,2014-08-16,wn-0476,False
wn-0476:35:926,event,failure: break up,failure,1,1,2014-08-16,wn-0476,False
wn-0477:1:3,event,launch: launch,launch,1,1,2014-10-28,wn-0477,False
wn-0477:1:4,event,failure: failure,failure,1,1,2014-10-28,wn-0477,False
wn-0477:2:19,event,failure: failure,failure,1,1,2014-10-30T18:22,wn-0477,False
wn-0477:2:46,event,failure: exploded,failure,1,1,2014-10-30T18:22,wn-0477,False
wn-0477:2:48,event,launch: liftoff,launch,1,1,2014-10-30T18:22,wn-0477,False
wn-0477:3:73,event,failure: explosion,failure,1,1,2014-10-30,wn-0477,False
wn-0477:3:79,event,failure: destroyed,failure,1,1,2014-10-30,wn-0477,False
wn-0477:5:96,event,failure: explosion,failure,1,1,2014-11-04,wn-0477,False
wn-0477:6:142,event,failure: failure,failure,1,1,2014-10-30,wn-0477,False
wn-0477:8:170,event,launch: launch,launch,1,1,2014-10-27,wn-0477,False
wn-0477:8:183,event,delay: delaying,delay,1,1,,wn-0477,False
wn-0477:8:185,event,launch: launch,launch,1,1,,wn-0477,True
wn-0477:9:196,event,failure: explosion,failure,1,1,2014-10-30,wn-0477,False
wn-0478:1:26,event,landing: landed,landing,1,1,2014-11-11,wn-0478,False
wn-0478:2:46,event,landing: landing,landing,1,1,2014-11-12,wn-0478,False
wn-0478:3:68,event,failure: malfunctioned,failure,1,1,2014-11-12,wn-0478,False
wn-0478:4:78,event,failure: malfunctioned,failure,1,1,2014-11-12,wn-0478,False
wn-0479:3:52,event,launch: launched off,launch,1,1,,wn-0479,False
wn-0479:4:91,event,landing: landed,landing,1,1,,wn-0479,False
wn-0479:12:316,event,launch: launched,launch,1,1,2014-12-08,wn-0479,False
wn-0480:2:40,event,discovery: discovery,discovery,1,1,2015-01-10,wn-0480,False
wn-0480:3:96,event,discovery: discovered,discovery,1,1,2015-01-10,wn-0480,False
wn-0480:5:171,event,discovery: identified,discovery,1,1,P5Y,wn-0480,False
wn-0481:0:6,event,launch: launched,launch,1,1,2015-01-10,wn-0481,False
wn-0481:1:48,event,launch: launch,launch,1,1,2015-01-12,wn-0481,False
wn-0481:2:60,event,launch: launch,launch,1,1,2015-01-06,wn-0481,True
wn-0481:2:62,event,delay: postponed,delay,1,1,2015-01-06,wn-0481,False
wn-0481:3:89,event,failure: destroyed,failure,1,1,2014-10,wn-0481,False
wn-0481:3:92,event,failure: failed,failure,1,1,2014-10,wn-0481,False
wn-0481:3:93,event,launch: launch,launch,1,1,2014-10,wn-0481,False
wn-0481:5:111,event,landing: land,landing,1,1,2015-01-11,wn-0481,False
wn-0481:6:131,event,landing: landed,landing,1,1,2015-01-11,wn-0481,False
wn-0481:7:141,event,landing: landing,landing,1,1,2015-01-11,wn-0481,False
wn-0481:11:205,event,landing: landing,landing,1,1,2014,wn-0481,False
wn-0482:0:11,event,discovery: found,discovery,1,1,2015-01-27,wn-0482,False
wn-0482:2:40,event,discovery: found,discovery,1,1,,wn-0482,False
wn-0482:8:205,event,discovery: found,discovery,1,1,2015-01,wn-0482,False
wn-0483:3:21,event,launch: launched,launch,1,1,2006-01-19,wn-0483,False
wn-0483:4:51,event,flyby: flyby,flyby,1,1,2015-07-14,wn-0483,False
wn-0483:8:111,event,flyby: flyby,flyby,1,1,2015-07-15,wn-0483,False
wn-0483:9:125,event,discovery: found,discovery,1,1,2015-07-17,wn-0483,True
wn-0483:14:197,event,flyby: flew,flyby,1,1,2007-02,wn-0483,False
wn-0484:8:179,event,discovery: observed,discovery,1,1,2015-09-22,wn-0484,False
wn-0485:1:21,event,discovery: found,discovery,1,1,2015-09-28,wn-0485,False
wn-0485:2:30,event,discovery: found,discovery,1,1,2015-10-01,wn-0485,False
wn-0485:4:103,event,failure: lost,failure,1,1,2015-10-01,wn-0485,False
wn-0485:11:236,event,discovery: found,discovery,1,1,2015-10-01,wn-0485,False
wn-0485:12:261,event,discovery: observations,discovery,1,1,2015-10-01,wn-0485,False
wn-0485:15:297,event,discovery: find out,discovery,1,1,2015-10-01,wn-0485,False
wn-0485:16:308,event,discovery: discovery,discovery,1,1,2015-10-01,wn-0485,False
wn-0487:4:148,event,discovery: found,discovery,1,1,2016-05-09,wn-0487,False
wn-0487:5:182,event,launch: launched,launch,1,1,2004,wn-0487,False
wn-0488:4:105,event,launch: launched,launch,1,1,2018,wn-0488,False
wn-0488:15:353,event,discovery: detected,discovery,1,1,2016-07-06,wn-0488,False
wn-0488:16:389,event,discovery: discover,discovery,1,1,2016-07-06,wn-0488,False
wn-0489:1:15,event,launch: launched,launch,1,1,2011-07-06,wn-0489,False
wn-0489:12:216,event,launch: launched,launch,1,1,1989,wn-0489,False
wn-0489:12:220,event,discovery: found,discovery,1,1,1989,wn-0489,False
wn-0490:0:17,event,failure: crashing,failure,1,1,2016-09-30,wn-0490,False
wn-0490:4:123,event,landing: landed,landing,1,1,2014-10-03,wn-0490,False
wn-0490:5:150,event,discovery: discoveries,discovery,1,1,2016-10-03,wn-0490,False
SPACECRAFT:Philae,entity,Philae,SPACECRAFT,1,1,,,False
wn-0490:6:165,event,discovery: discovered,discovery,1,1,2016-10-03,wn-0490,False
wn-0491:4:105,event,landing: landings,landing,1,1,1963,wn-0491,False
wn-0491:6:146,event,landing: descent,landing,1,1,1969,wn-0491,False
wn-0491:6:151,event,landing: land,landing,1,1,1969,wn-0491,True
wn-0491:6:158,event,landing: landing,landing,1,1,1969,wn-0491,False
wn-0491:7:176,event,landing: landing,landing,1,1,P3D,wn-0491,False
wn-0491:10:268,event,failure: lost,failure,1,1,2017-01-18,wn-0491,False
wn-0492:0:15,event,discovery: discovery,discovery,1,1,2017-06-05,wn-0492,False
wn-0492:0:45,event,discovery: discovered,discovery,1,1,2017-06-05,wn-0492,False
wn-0492:1:49,event,discovery: discovery,discovery,1,1,2017-06-08,wn-0492,False
wn-0492:8:220,event,discovery: observed,discovery,1,1,2017-06-08,wn-0492,False
wn-0492:9:256,event,discovery: Observations,discovery,1,1,2017-06-08,wn-0492,False
wn-0492:11:316,event,discovery: discovered,discovery,1,1,2014,wn-0492,False
wn-0492:15:439,event,failure: loses,failure,1,1,2017-06-08,wn-0492,False
wn-0492:19:540,event,discovery: discovery,discovery,1,1,2017-06-08,wn-0492,False
wn-0493:0:1,event,discovery: findings,discovery,1,1,2017-07-14,wn-0493,False
wn-0493:1:44,event,discovery: found,discovery,1,1,2017-07-17,wn-0493,False
wn-0493:11:295,event,discovery: found,discovery,1,1,2017-07-17,wn-0493,False
wn-0493:11:317,event,discovery: found,discovery,1,1,2017-07-17,wn-0493,False
wn-0494:0:17,event,launch: launched,launch,1,1,2018-02-07T15:45,wn-0494,False
wn-0494:4:115,event,launch: launch,launch,1,1,,wn-0494,False
wn-0494:10:316,event,landing: landing,landing,1,1,PT10M,wn-0494,False
wn-0494:10:322,event,launch: launch,launch,1,1,PT10M,wn-0494,False
wn-0494:11:329,event,landing: landed,landing,1,1,2018-02-07,wn-0494,False
wn-0494:12:377,event,launch: launch,launch,1,1,2018-02-07,wn-0494,False
wn-0494:14:474,event,launch: launching,launch,1,1,2004,wn-0494,False
wn-0494:16:509,event,launch: launch,launch,1,1,2018-02-07,wn-0494,False
wn-0494:16:523,event,launch: launch,launch,1,1,2018-02-07,wn-0494,False
wn-0494:17:546,event,delay: delays,delay,1,1,2018-02-07,wn-0494,False
wn-0495:0:9,event,launch: launch,launch,1,1,2018-05-07,wn-0495,False
PERSON:MarCO,entity,MarCO,PERSON,1,1,,,False
wn-0495:1:22,event,launch: launched,launch,1,1,2018-05-05,wn-0495,False
wn-0495:2:52,event,launch: launch,launch,1,1,2018-05-07,wn-0495,False
wn-0495:2:59,event,launch: Launch,launch,1,1,2018-05-07,wn-0495,False
wn-0495:3:78,event,launch: launch,launch,1,1,2018-05-07,wn-0495,False
wn-0495:4:107,event,launch: Launched,launch,1,1,2008,wn-0495,False
wn-0495:4:160,event,landing: descent,landing,1,1,2008,wn-0495,False
wn-0495:5:170,event,launch: launched,launch,1,1,2018-05-07,wn-0495,False
wn-0495:7:221,event,launch: launch,launch,1,1,2018-05-07,wn-0495,False
wn-0495:7:229,event,launch: launch,launch,1,1,2018-05-07,wn-0495,False
wn-0495:8:247,event,launch: launch,launch,1,1,2018-05-07,wn-0495,False
wn-0495:9:267,event,launch: launched,launch,1,1,2018-05-07,wn-0495,False
wn-0495:10:295,event,launch: launch,launch,1,1,2018-05-07,wn-0495,False
wn-0495:11:325,event,launch: launch,launch,1,1,2018-05-07,wn-0495,False
wn-0495:11:344,event,launch: liftoff,launch,1,1,2018-05-07,wn-0495,False
wn-0495:12:359,event,launch: launch,launch,1,1,,wn-0495,False
wn-0495:15:490,event,launch: launch,launch,1,1,2018-05-07,wn-0495,False
wn-0495:15:504,event,launch: launch,launch,1,1,2018-05-07,wn-0495,False
wn-0495:17:534,event,launch: launch,launch,1,1,2010,wn-0495,False
wn-0495:22:659,event,landing: landing,landing,1,1,2018-11-26,wn-0495,False
wn-0496:0:21,event,discovery: discovery,discovery,1,1,2018-07-17,wn-0496,False
wn-0496:1:31,event,discovery: discovery,discovery,1,1,2018-07-19,wn-0496,False
wn-0496:2:48,event,discovery: discovered,discovery,1,1,2018-07-17,wn-0496,False
wn-0496:4:107,event,discovery: observed,discovery,1,1,2017,wn-0496,False
wn-0496:6:138,event,discovery: observations,discovery,1,1,2018-07-19,wn-0496,False
wn-0496:11:232,event,discovery: discovered,discovery,1,1,2018-07-19,wn-0496,False
wn-0496:11:239,event,discovery: found,discovery,1,1,2018-07-19,wn-0496,False
wn-0496:15:335,event,discovery: discovery,discovery,1,1,2018-07-19,wn-0496,False
wn-0497:3:71,event,discovery: observe,discovery,1,1,2018-07-31,wn-0497,False
wn-0497:8:202,event,discovery: observation,discovery,1,1,2018-07-31,wn-0497,False
wn-0498:0:28,event,failure: abort,failure,1,1,P6MO,wn-0498,False
wn-0498:0:33,event,failure: failure,failure,1,1,,wn-0498,False
wn-0498:1:59,event,landing: landed,landing,1,1,2018-10-12,wn-0498,False
wn-0498:2:69,event,launch: launch,launch,1,1,PT2M,wn-0498,False
wn-0498:3:120,event,launch: launch,launch,1,1,,wn-0498,False
wn-0498:3:139,event,landing: descent,landing,1,1,,wn-0498,False
wn-0498:4:144,event,landing: descent,landing,1,1,2018-10-12,wn-0498,False
wn-0498:5:174,event,landing: descent,landing,1,1,PT1H,wn-0498,False
wn-0498:5:188,event,launch: launch,launch,1,1,PT1H,wn-0498,False
wn-0498:6:215,event,discovery: observation,discovery,1,1,,wn-0498,False
wn-0498:7:262,event,discovery: detected,discovery,1,1,P1MO,wn-0498,False
wn-0498:7:272,event,docking: docked,docking,1,1,P1MO,wn-0498,False
wn-0498:8:279,event,discovery: found,discovery,1,1,2018-10-12,wn-0498,False
wn-0498:9:303,event,failure: abort,failure,1,1,2018-10-11,wn-0498,False
wn-0498:9:318,event,launch: launch,launch,1,1,2018-10-11,wn-0498,False
wn-0498:9:319,event,failure: failure,failure,1,1,2018-10-11,wn-0498,False
wn-0498:10:337,event,failure: accident,failure,1,1,2018-10-12,wn-0498,False
wn-0498:12:370,event,failure: accident,failure,1,1,2018-10-12,wn-0498,False
wn-0498:16:427,event,launch: launch,launch,1,1,2018-12,wn-0498,False
wn-0498:16:451,event,launch: launched,launch,1,1,2018-12,wn-0498,False
wn-0499:12:342,event,failure: loss,failure,1,1,,wn-0499,False
wn-0499:13:362,event,discovery: findings,discovery,1,1,2018-11-26,wn-0499,False
