source,target,edge_type,label,doc_id,sent_id,confidence,weight
SPACECRAFT:Hubble Space Telescope,ORG:Wide Field Camera 3,RELATION,PART_OF,wn-0000,4,0.4,1
SPACECRAFT:Delta IV Heavy,ORG:Boeing,RELATION,LAUNCHED_BY,wn-0001,0,0.4,1
SPACECRAFT:Delta IV,ORG:U.S. Air Force Research Laboratory,RELATION,LAUNCHED_BY,wn-0001,1,0.4,1
SPACECRAFT:Delta IV Heavy,ORG:Boeing,RELATION,LAUNCHED_BY,wn-0002,0,0.4,1
SPACECRAFT:Delta IV,ORG:U.S. Air Force Research Laboratory,RELATION,LAUNCHED_BY,wn-0002,1,0.4,1
SPACECRAFT:Cassini,CELESTIAL:Saturn,RELATION,DESTINATION,wn-0003,0,0.4,1
SPACECRAFT:Cassini,CELESTIAL:Saturn,RELATION,ORBITS,wn-0003,0,0.6,1
SPACECRAFT:Cassini-Huygens,ORG:NASA,RELATION,LAUNCHED_BY,wn-0005,8,0.88,1
SPACECRAFT:Huygens,CELESTIAL:Titan,RELATION,DESTINATION,wn-0006,0,0.4,1
SPACECRAFT:Cassini,CELESTIAL:Titan,RELATION,DESTINATION,wn-0006,7,0.4,1
SPACECRAFT:Shenzhou,CELESTIAL:Earth,RELATION,ORBITS,wn-0007,3,0.88,1
SPACECRAFT:Rover Opportunity,ORG:NASA,RELATION,OPERATED_BY,wn-0008,0,0.62,1
SPACECRAFT:Hubble Space Telescope,ORG:Goddard Space Flight Center,RELATION,OPERATED_BY,wn-0013,15,0.92,1
SPACECRAFT:Swift,ORG:NASA,RELATION,OPERATED_BY,wn-0014,0,0.62,1
SPACECRAFT:Ariane 5,ORG:ESA,RELATION,OPERATED_BY,wn-0019,1,0.62,1
SPACECRAFT:Mars Express,ORG:ESA,RELATION,OPERATED_BY,wn-0024,6,0.62,1
SPACECRAFT:Spitzer Space Telescope,ORG:NASA,RELATION,OPERATED_BY,wn-0028,0,0.62,1
SPACECRAFT:Spitzer Space Telescope,ORG:JPL,RELATION,OPERATED_BY,wn-0028,21,0.88,1
SPACECRAFT:Hubble Space Telescope,ORG:NASA,RELATION,OPERATED_BY,wn-0029,22,0.62,1
SPACECRAFT:Mars Reconnaissance Orbiter,ORG:NASA,RELATION,OPERATED_BY,wn-0046,0,0.62,1
SPACECRAFT:Mars Reconnaissance Orbiter,ORG:JPL,RELATION,OPERATED_BY,wn-0046,13,0.92,1
SPACECRAFT:PSLV,ORG:ISRO,RELATION,LAUNCHED_BY,wn-0050,3,0.92,1
SPACECRAFT:Deep Impact,ORG:NASA,RELATION,OPERATED_BY,wn-0057,0,0.62,1
SPACECRAFT:Deep Impact,CELESTIAL:Tempel 1,RELATION,DESTINATION,wn-0057,8,0.82,1
SPACECRAFT:Deep Impact,CELESTIAL:Tempel 1,RELATION,DESTINATION,wn-0057,26,0.4,1
SPACECRAFT:Orbiter Discovery,CELESTIAL:Earth,RELATION,DESTINATION,wn-0068,0,0.82,1
SPACECRAFT:Cassini-Huygens,CELESTIAL:Saturn,RELATION,DESTINATION,wn-0073,1,0.4,1
SPACECRAFT:Cassini-Huygens,CELESTIAL:Saturn,RELATION,ORBITS,wn-0073,1,0.4,1
SPACECRAFT:Hubble Space Telescope,ORG:NASA,RELATION,OPERATED_BY,wn-0076,0,0.62,1
SPACECRAFT:Shenzhou,GPE:People's Republic of China,RELATION,LAUNCHED_FROM,wn-0078,0,0.4,1
SPACECRAFT:Shenzhou,GPE:China,RELATION,LAUNCHED_FROM,wn-0078,1,0.4,1
SPACECRAFT:Shenzhou,CELESTIAL:Earth,RELATION,ORBITS,wn-0079,2,0.88,1
SPACECRAFT:Shenzhou,CELESTIAL:Earth,RELATION,ORBITS,wn-0079,7,0.4,1
SPACECRAFT:Venus Express,CELESTIAL:Venus,RELATION,DESTINATION,wn-0080,2,0.82,1
SPACECRAFT:Mars Express,CELESTIAL:Mars,RELATION,ORBITS,wn-0080,8,0.4,1
SPACECRAFT:Stardust,FAC:Cape Canaveral,RELATION,LAUNCHED_FROM,wn-0089,49,0.82,1
SPACECRAFT:Mars Express,ORG:ESA,RELATION,OPERATED_BY,wn-0100,4,0.62,1
SPACECRAFT:Mars Global Surveyor,ORG:NASA,RELATION,OPERATED_BY,wn-0100,4,0.62,1
SPACECRAFT:Mars Global Surveyor,PERSON:Altimeter,RELATION,CREWED_BY,wn-0102,4,0.6,1
SPACECRAFT:Mars Global Surveyor,ORG:NASA,RELATION,OPERATED_BY,wn-0102,4,0.62,1
SPACECRAFT:Mars Global Surveyor,CELESTIAL:Mars,RELATION,ORBITS,wn-0102,4,0.4,1
SPACECRAFT:Mars Odyssey,ORG:NASA,RELATION,OPERATED_BY,wn-0102,5,0.62,1
SPACECRAFT:Voyager 1,ORG:NASA,RELATION,LAUNCHED_BY,wn-0105,3,0.92,1
SPACECRAFT:Stardust,CELESTIAL:Mars,RELATION,DESTINATION,wn-0110,137,0.4,1
SPACECRAFT:shuttle Discovery,ORG:NASA,RELATION,OPERATED_BY,wn-0116,0,0.62,1
SPACECRAFT:Space Shuttle Discovery,FAC:Kennedy Space Center,RELATION,LAUNCHED_FROM,wn-0119,0,0.82,1
SPACECRAFT:ISS,GPE:Woomera,RELATION,LAUNCHED_FROM,wn-0128,0,0.4,1
SPACECRAFT:ISS,LOC:South Australia,RELATION,LAUNCHED_FROM,wn-0128,0,0.4,1
SPACECRAFT:Swift,ORG:NASA,RELATION,OPERATED_BY,wn-0133,0,0.62,1
SPACECRAFT:Space Shuttle Atlantis,CELESTIAL:Earth,RELATION,ORBITS,wn-0144,2,0.4,1
SPACECRAFT:James Webb Space Telescope,ORG:NASA,RELATION,OPERATED_BY,wn-0147,18,0.62,1
SPACECRAFT:Cassini,ORG:NASA,RELATION,OPERATED_BY,wn-0154,0,0.62,1
SPACECRAFT:Cassini,PERSON:Andrew Ingersoll,RELATION,CREWED_BY,wn-0154,4,0.4,1
SPACECRAFT:Mars Global Surveyor,ORG:JPL,RELATION,OPERATED_BY,wn-0158,20,0.88,1
SPACECRAFT:Cassini,PERSON:Ellen Stofan,RELATION,CREWED_BY,wn-0164,2,0.4,1
SPACECRAFT:Chandra X-ray Observatory,ORG:NASA,RELATION,OPERATED_BY,wn-0176,3,0.4,1
SPACECRAFT:Mars Reconnaissance Orbiter,ORG:NASA,RELATION,OPERATED_BY,wn-0178,0,0.62,1
SPACECRAFT:Spitzer Space Telescope,ORG:NASA,RELATION,OPERATED_BY,wn-0179,0,0.62,1
SPACECRAFT:Mars Express,ORG:ESA,RELATION,OPERATED_BY,wn-0184,0,0.62,1
SPACECRAFT:Phoenix,CELESTIAL:Mars,RELATION,DESTINATION,wn-0191,0,0.75,1
SPACECRAFT:Phoenix,ORG:NASA,RELATION,OPERATED_BY,wn-0191,0,0.62,1
SPACECRAFT:Phoenix,CELESTIAL:Mars,RELATION,DESTINATION,wn-0191,2,0.82,1
SPACECRAFT:ISS,PERSON:Canadarm,RELATION,CREWED_BY,wn-0191,10,0.6,1
SPACECRAFT:Space Shuttle,PERSON:Canadarm,RELATION,CREWED_BY,wn-0191,10,0.6,1
SPACECRAFT:Mars Global Surveyor,ORG:NASA,RELATION,OPERATED_BY,wn-0192,0,0.62,1
SPACECRAFT:PSLV,GPE:India,RELATION,LAUNCHED_FROM,wn-0195,0,0.4,1
SPACECRAFT:Spirit Rover,ORG:NASA,RELATION,OPERATED_BY,wn-0204,0,0.62,1
SPACECRAFT:Space Shuttle Atlantis,ORG:NASA,RELATION,OPERATED_BY,wn-0214,1,0.62,1
SPACECRAFT:Spitzer,ORG:NASA,RELATION,OPERATED_BY,wn-0221,5,0.62,1
SPACECRAFT:Proton,ORG:Breeze M,RELATION,PART_OF,wn-0230,1,0.4,1
SPACECRAFT:Proton,FAC:Baikonur Cosmodrome,RELATION,LAUNCHED_FROM,wn-0230,2,0.82,1
SPACECRAFT:Proton,FAC:Baikonur,RELATION,LAUNCHED_FROM,wn-0230,3,0.82,1
SPACECRAFT:Proton,GPE:Kazakhstan,RELATION,LAUNCHED_FROM,wn-0230,3,0.4,1
SPACECRAFT:Cassini,CELESTIAL:Saturn,RELATION,DESTINATION,wn-0231,9,0.4,1
SPACECRAFT:Mars Odyssey,ORG:NASA,RELATION,OPERATED_BY,wn-0237,0,0.62,1
SPACECRAFT:Spitzer,ORG:NASA,RELATION,OPERATED_BY,wn-0238,1,0.62,1
SPACECRAFT:Cassini,ORG:NASA,RELATION,OPERATED_BY,wn-0241,0,0.62,1
SPACECRAFT:ISS,PERSON:Whitson,RELATION,CREWED_BY,wn-0244,3,0.4,1
SPACECRAFT:Venus Express,ORG:ESA,RELATION,OPERATED_BY,wn-0246,0,0.62,1
SPACECRAFT:Space Shuttle Atlantis,ORG:STS-122,RELATION,LAUNCHED_BY,wn-0248,0,0.4,1
SPACECRAFT:ISS,ORG:ESA,RELATION,PART_OF,wn-0248,5,0.4,1
SPACECRAFT:Cassini,CELESTIAL:Saturn,RELATION,DESTINATION,wn-0249,0,0.4,1
SPACECRAFT:Cassini,ORG:NASA,RELATION,OPERATED_BY,wn-0249,10,0.92,1
SPACECRAFT:Cassini,ORG:ESA,RELATION,OPERATED_BY,wn-0249,10,0.92,1
SPACECRAFT:Space Shuttle Atlantis,ORG:STS-122,RELATION,LAUNCHED_BY,wn-0252,0,0.4,1
SPACECRAFT:MESSENGER,ORG:NASA,RELATION,OPERATED_BY,wn-0255,0,0.62,1
SPACECRAFT:PSLV,FAC:Satish Dhawan Space Centre,RELATION,LAUNCHED_FROM,wn-0256,3,0.82,1
SPACECRAFT:ISS,ORG:Roscosmos,RELATION,LAUNCHED_BY,wn-0262,0,0.4,1
SPACECRAFT:Space Shuttle Atlantis,ORG:STS-122,RELATION,LAUNCHED_BY,wn-0262,2,0.4,1
SPACECRAFT:Space Shuttle Atlantis,FAC:Kennedy Space Center,RELATION,LAUNCHED_FROM,wn-0263,0,0.82,1
SPACECRAFT:Space Shuttle Atlantis,FAC:Kennedy Space Center,RELATION,LAUNCHED_FROM,wn-0264,0,0.82,1
SPACECRAFT:Space Shuttle,PERSON:Rex Walheim,RELATION,CREWED_BY,wn-0266,0,0.4,1
SPACECRAFT:Space Shuttle,PERSON:Stan Love,RELATION,CREWED_BY,wn-0266,0,0.4,1
SPACECRAFT:Space Shuttle,CELESTIAL:Earth,RELATION,DESTINATION,wn-0270,3,0.4,1
SPACECRAFT:ISS,PERSON:Reisman,RELATION,CREWED_BY,wn-0278,4,0.4,1
SPACECRAFT:Atlas V,FAC:Vandenberg,RELATION,LAUNCHED_FROM,wn-0279,4,0.82,1
SPACECRAFT:Proton,ORG:SES Americom,RELATION,LAUNCHED_BY,wn-0280,0,0.4,1
SPACECRAFT:Proton,FAC:Baikonur Cosmodrome,RELATION,LAUNCHED_FROM,wn-0280,0,0.82,1
SPACECRAFT:Proton,GPE:Kazakhstan,RELATION,LAUNCHED_FROM,wn-0280,0,0.4,1
SPACECRAFT:Cassini,CELESTIAL:Saturn,RELATION,ORBITS,wn-0281,12,0.88,1
SPACECRAFT:Hubble Space Telescope,ORG:NASA,RELATION,OPERATED_BY,wn-0284,0,0.62,1
SPACECRAFT:Spitzer Space Telescope,ORG:NASA,RELATION,OPERATED_BY,wn-0284,13,0.62,1
SPACECRAFT:Cassini,ORG:NASA,RELATION,OPERATED_BY,wn-0286,0,0.62,1
SPACECRAFT:Cassini,CELESTIAL:Titan,RELATION,DESTINATION,wn-0286,8,0.4,1
SPACECRAFT:Soyuz,FAC:Baikonur Cosmodrome,RELATION,LAUNCHED_FROM,wn-0292,0,0.4,1
SPACECRAFT:ISS,ORG:Pirs,RELATION,PART_OF,wn-0292,7,0.4,1
SPACECRAFT:Shenzhou,CELESTIAL:Earth,RELATION,ORBITS,wn-0297,2,0.4,1
SPACECRAFT:Titan IV,ORG:National Reconnaissance Office,RELATION,LAUNCHED_BY,wn-0299,7,0.4,1
SPACECRAFT:Titan IV,GPE:America,RELATION,LAUNCHED_FROM,wn-0299,7,0.4,1
SPACECRAFT:Cassini-Huygens,CELESTIAL:Mars,RELATION,DESTINATION,wn-0299,9,0.4,1
SPACECRAFT:Cassini-Huygens,CELESTIAL:Saturn,RELATION,DESTINATION,wn-0299,9,0.4,1
SPACECRAFT:Soyuz,ORG:Russo-European,RELATION,LAUNCHED_BY,wn-0300,1,0.4,1
SPACECRAFT:Progress,CELESTIAL:Earth,RELATION,ORBITS,wn-0303,0,0.4,1
SPACECRAFT:ISS,PERSON:Sergei Volkov,RELATION,CREWED_BY,wn-0303,4,0.75,1
SPACECRAFT:ISS,PERSON:Oleg Kononenko,RELATION,CREWED_BY,wn-0303,4,0.75,1
SPACECRAFT:ISS,PERSON:Garrett Reisman,RELATION,CREWED_BY,wn-0303,4,0.75,1
SPACECRAFT:Space Shuttle Endeavour,ORG:Japanese Experiment Module,RELATION,LAUNCHED_BY,wn-0303,5,0.4,1
SPACECRAFT:Space Shuttle Endeavour,GPE:STS-124,RELATION,LAUNCHED_FROM,wn-0303,5,0.4,1
SPACECRAFT:Space Shuttle Endeavour,ORG:Japanese Experiment Module,RELATION,PART_OF,wn-0303,5,0.4,1
SPACECRAFT:Spirit Rover,ORG:NASA,RELATION,OPERATED_BY,wn-0306,0,0.4,1
SPACECRAFT:Phoenix,CELESTIAL:Mars,RELATION,DESTINATION,wn-0308,0,0.82,1
SPACECRAFT:Phoenix,ORG:NASA,RELATION,OPERATED_BY,wn-0308,0,0.62,1
SPACECRAFT:Long March,ORG:ChinaThe Chinese National Space Administration,RELATION,LAUNCHED_BY,wn-0309,0,0.88,1
SPACECRAFT:Phoenix,CELESTIAL:Mars,RELATION,DESTINATION,wn-0311,88,0.4,1
SPACECRAFT:Delta II,FAC:134th,RELATION,LAUNCHED_FROM,wn-0316,15,0.4,1
SPACECRAFT:Phoenix,ORG:NASA,RELATION,OPERATED_BY,wn-0317,0,0.62,1
SPACECRAFT:Phoenix,CELESTIAL:Mars,RELATION,DESTINATION,wn-0322,1,0.4,1
SPACECRAFT:Mars Express,ORG:ESA,RELATION,OPERATED_BY,wn-0322,12,0.62,1
SPACECRAFT:Mars Reconnaissance Orbiter,ORG:NASA,RELATION,OPERATED_BY,wn-0324,0,0.62,1
SPACECRAFT:Proton,FAC:Baikonur Cosmodrome,RELATION,LAUNCHED_FROM,wn-0325,0,0.4,1
SPACECRAFT:Proton,ORG:Block,RELATION,PART_OF,wn-0325,0,0.4,1
SPACECRAFT:Ulysses,ORG:Inertial Upper Stage,RELATION,LAUNCHED_BY,wn-0326,2,0.92,1
SPACECRAFT:Long March,ORG:ChinaSat,RELATION,OPERATED_BY,wn-0327,6,0.4,1
SPACECRAFT:Ariane 5,ORG:ECA,RELATION,LAUNCHED_BY,wn-0327,24,0.4,1
SPACECRAFT:Phoenix,CELESTIAL:Mars,RELATION,DESTINATION,wn-0331,0,0.4,1
SPACECRAFT:Phoenix,CELESTIAL:Mars,RELATION,DESTINATION,wn-0331,8,0.82,1
SPACECRAFT:Project Mercury,PERSON:Gordon Cooper,RELATION,CREWED_BY,wn-0332,8,0.75,1
SPACECRAFT:Project Mercury,PERSON:James Doohan,RELATION,CREWED_BY,wn-0332,8,0.4,1
SPACECRAFT:Project Mercury,PERSON:Montgomery Scott,RELATION,CREWED_BY,wn-0332,8,0.4,1
SPACECRAFT:Falcon 1,ORG:UTC,RELATION,LAUNCHED_BY,wn-0338,1,0.4,1
SPACECRAFT:Falcon 1,ORG:Ronald Reagan Ballistic Missile Defense Test Site,RELATION,LAUNCHED_BY,wn-0338,1,0.4,1
SPACECRAFT:Chandrayaan-1,FAC:Satish Dhawan Space Centre,RELATION,LAUNCHED_FROM,wn-0340,2,0.82,1
SPACECRAFT:Phoenix,CELESTIAL:Mars,RELATION,DESTINATION,wn-0343,0,0.4,1
SPACECRAFT:Herschel,SPACECRAFT:Planck,RELATION,PART_OF,wn-0375,15,0.4,1
SPACECRAFT:Planck,SPACECRAFT:Herschel,RELATION,PART_OF,wn-0375,15,0.4,1
SPACECRAFT:Soyuz,FAC:Baikonur Cosmodrome,RELATION,LAUNCHED_FROM,wn-0377,1,0.4,1
SPACECRAFT:Cassini,ORG:NASA,RELATION,OPERATED_BY,wn-0387,1,0.62,1
SPACECRAFT:Cassini,CELESTIAL:Saturn,RELATION,ORBITS,wn-0387,13,0.6,1
SPACECRAFT:Spitzer Space Telescope,ORG:NASA,RELATION,OPERATED_BY,wn-0388,4,0.62,1
SPACECRAFT:Space Shuttle,ORG:NASA,RELATION,OPERATED_BY,wn-0403,9,0.62,1
SPACECRAFT:Space Shuttle,ORG:NASA,RELATION,OPERATED_BY,wn-0422,1,0.62,1
SPACECRAFT:ISS,FAC:Baikonur Cosmodrome,RELATION,LAUNCHED_FROM,wn-0425,0,0.4,1
SPACECRAFT:ISS,GPE:Kazakhstan,RELATION,LAUNCHED_FROM,wn-0426,1,0.4,1
SPACECRAFT:Soyuz,FAC:Baikonur Cosmodrome,RELATION,LAUNCHED_FROM,wn-0426,3,0.82,1
SPACECRAFT:ISS,ORG:Poisk,RELATION,PART_OF,wn-0426,5,0.4,1
SPACECRAFT:ISS,ORG:ExPRESS Logistics Carriers,RELATION,PART_OF,wn-0428,8,0.4,1
SPACECRAFT:ISS,PERSON:Fyodor Yurchikhin,RELATION,CREWED_BY,wn-0431,1,0.4,1
SPACECRAFT:ISS,PERSON:Shannon Walker,RELATION,CREWED_BY,wn-0431,1,0.4,1
SPACECRAFT:ISS,PERSON:Douglas Wheelock,RELATION,CREWED_BY,wn-0431,1,0.4,1
SPACECRAFT:ISS,PERSON:Tim Kopra,RELATION,CREWED_BY,wn-0434,2,0.4,1
SPACECRAFT:Space Shuttle,PERSON:Tim Kopra,RELATION,CREWED_BY,wn-0434,2,0.4,1
SPACECRAFT:Space Shuttle,PERSON:Tim Kopra,RELATION,CREWED_BY,wn-0435,2,0.4,1
SPACECRAFT:ISS,ORG:ExPRESS Logistics,RELATION,PART_OF,wn-0438,3,0.4,1
SPACECRAFT:MESSENGER,CELESTIAL:Mercury,RELATION,DESTINATION,wn-0442,8,0.4,1
SPACECRAFT:Space Shuttle Endeavour,GPE:STS-134,RELATION,LAUNCHED_FROM,wn-0444,8,0.4,1
SPACECRAFT:Space Shuttle,ORG:NASA,RELATION,OPERATED_BY,wn-0444,14,0.62,1
SPACECRAFT:ISS,ORG:Alpha Magnetic Spectrometer,RELATION,PART_OF,wn-0449,3,0.4,1
SPACECRAFT:Cassini,ORG:NASA,RELATION,OPERATED_BY,wn-0451,1,0.62,1
SPACECRAFT:Space Shuttle,ORG:NASA,RELATION,OPERATED_BY,wn-0455,0,0.62,1
SPACECRAFT:ISS,ORG:Robotic Refueling Mission,RELATION,PART_OF,wn-0455,1,0.4,1
SPACECRAFT:ISS,ORG:RRM,RELATION,PART_OF,wn-0455,1,0.4,1
SPACECRAFT:Soyuz,PERSON:Oleg Kononenko,RELATION,CREWED_BY,wn-0463,5,0.75,1
SPACECRAFT:Soyuz,PERSON:Andre Kuipers,RELATION,CREWED_BY,wn-0463,5,0.75,1
SPACECRAFT:ISS,CELESTIAL:Earth,RELATION,DESTINATION,wn-0463,9,0.4,1
SPACECRAFT:Dragon,ORG:SpaceX,RELATION,OPERATED_BY,wn-0464,7,0.62,1
SPACECRAFT:ISS,PERSON:Kevin Ford,RELATION,CREWED_BY,wn-0464,9,0.4,1
SPACECRAFT:Soyuz,CELESTIAL:Earth,RELATION,DESTINATION,wn-0467,10,0.4,1
SPACECRAFT:Venus Express,ORG:ESA,RELATION,OPERATED_BY,wn-0471,4,0.62,1
SPACECRAFT:Swift,ORG:NASA,RELATION,OPERATED_BY,wn-0474,7,0.62,1
SPACECRAFT:Orion,FAC:Cape Canaveral Air Force Station,RELATION,LAUNCHED_FROM,wn-0479,3,0.82,1
SPACECRAFT:Orion,ORG:Space Launch System,RELATION,LAUNCHED_BY,wn-0479,12,0.85,1
SPACECRAFT:Dragon,ORG:SpaceX,RELATION,LAUNCHED_BY,wn-0481,0,0.88,1
SPACECRAFT:MESSENGER,CELESTIAL:Mercury,RELATION,ORBITS,wn-0487,6,0.88,1
SPACECRAFT:spacecraft Juno,CELESTIAL:Jupiter,RELATION,DESTINATION,wn-0489,0,0.82,1
SPACECRAFT:Rosetta,ORG:ESA,RELATION,OPERATED_BY,wn-0490,0,0.62,1
SPACECRAFT:Apollo 17,CELESTIAL:Moon,RELATION,DESTINATION,wn-0491,2,0.4,1
SPACECRAFT:Falcon Heavy,FAC:Kennedy Space Center,RELATION,LAUNCHED_FROM,wn-0494,0,0.82,1
SPACECRAFT:Falcon Heavy,GPE:Florida,RELATION,LAUNCHED_FROM,wn-0494,0,0.4,1
SPACECRAFT:Saturn V,SPACECRAFT:Project Apollo,RELATION,PART_OF,wn-0494,2,0.6,1
SPACECRAFT:Project Apollo,CELESTIAL:Moon,RELATION,DESTINATION,wn-0494,13,0.4,1
SPACECRAFT:SpaceShipOne,ORG:Scaled Composites,RELATION,OPERATED_BY,wn-0494,14,0.62,1
SPACECRAFT:Delta IV,ORG:United Space Alliance,RELATION,OPERATED_BY,wn-0494,15,0.85,1
SPACECRAFT:InSight,ORG:NASA,RELATION,OPERATED_BY,wn-0495,0,0.62,1
SPACECRAFT:Atlas V,ORG:ULA,RELATION,LAUNCHED_BY,wn-0495,1,0.88,1
SPACECRAFT:InSight,ORG:NASA,RELATION,OPERATED_BY,wn-0495,1,0.62,1
SPACECRAFT:InSight,CELESTIAL:Mars,RELATION,DESTINATION,wn-0495,18,0.75,1
SPACECRAFT:ISS,CELESTIAL:Earth,RELATION,ORBITS,wn-0498,15,0.4,1
wn-0000:7:315,LOC:Telescope,AGENT,Agent,wn-0000,7,0.7,1
wn-0001:0:1,ORG:Boeing,AGENT,Agent,wn-0001,-1,0.65,1
wn-0001:1:60,SPACECRAFT:Delta IV,PATIENT,Patient,wn-0001,1,0.7,1
wn-0001:8:288,ORG:Defense Support Program,PATIENT,Patient,wn-0001,8,0.75,1
wn-0002:0:1,ORG:Boeing,AGENT,Agent,wn-0002,-1,0.65,1
wn-0002:1:59,SPACECRAFT:Delta IV,PATIENT,Patient,wn-0002,1,0.7,1
wn-0002:8:288,ORG:Defense Support Program,PATIENT,Patient,wn-0002,8,0.75,1
wn-0003:5:102,SPACECRAFT:Cassini,AGENT,Agent,wn-0003,5,0.9,1
wn-0003:5:102,CELESTIAL:Iapetus,PATIENT,Patient,wn-0003,5,0.9,1
wn-0003:8:162,SPACECRAFT:Cassini,AGENT,Agent,wn-0003,8,0.75,1
wn-0005:0:2,SPACECRAFT:Huygens,PATIENT,Patient,wn-0005,-1,0.7,1
wn-0005:8:117,ORG:NASA,AGENT,Agent,wn-0005,8,0.9,1
wn-0005:8:117,SPACECRAFT:Cassini-Huygens,PATIENT,Patient,wn-0005,8,0.9,1
wn-0005:15:262,CELESTIAL:Titan,PATIENT,Patient,wn-0005,15,0.8,1
wn-0007:5:177,GPE:China,AGENT,Agent,wn-0007,5,0.7,1
wn-0008:0:7,SPACECRAFT:Rover Opportunity,AGENT,Agent,wn-0008,-1,0.7,1
wn-0009:11:266,ORG:BAT,AGENT,Agent,wn-0009,11,0.7,1
wn-0009:12:298,ORG:BAT,AGENT,Agent,wn-0009,12,0.75,1
wn-0009:13:317,ORG:BAT,PATIENT,Patient,wn-0009,13,0.75,1
wn-0009:13:322,ORG:XRT,PATIENT,Patient,wn-0009,13,0.75,1
wn-0014:7:168,SPACECRAFT:Swift,AGENT,Agent,wn-0014,7,0.7,1
wn-0014:8:187,SPACECRAFT:Swift,AGENT,Agent,wn-0014,8,0.7,1
wn-0014:9:230,ORG:BAT,AGENT,Agent,wn-0014,9,0.7,1
wn-0015:9:302,GPE:Chandra,PATIENT,Patient,wn-0015,9,0.7,1
wn-0015:13:413,GPE:Nicastro,AGENT,Agent,wn-0015,13,0.65,1
wn-0015:14:429,PERSON:Mkn 421,PATIENT,Patient,wn-0015,14,0.8,1
wn-0016:3:95,ORG:Columbia,PATIENT,Patient,wn-0016,3,0.7,1
wn-0017:1:35,PERSON:Wolszczan,AGENT,Agent,wn-0017,1,0.75,1
wn-0025:1:22,SPACECRAFT:Cassini,AGENT,Agent,wn-0025,1,0.65,1
wn-0025:3:93,CELESTIAL:Enceladus,PATIENT,Patient,wn-0025,3,0.75,1
wn-0025:6:154,CELESTIAL:Enceladus,PATIENT,Patient,wn-0025,6,0.7,1
wn-0026:6:147,ORG:ISRO,AGENT,Agent,wn-0026,6,0.75,1
wn-0029:10:217,SPACECRAFT:Deep Impact,AGENT,Agent,wn-0029,10,0.7,1
wn-0029:22:523,PERSON:Chandra,AGENT,Agent,wn-0029,22,0.7,1
wn-0029:23:549,SPACECRAFT:Deep Impact,PATIENT,Patient,wn-0029,23,0.8,1
wn-0031:0:52,PERSON:Leroy Chiao,AGENT,Agent,wn-0031,-1,0.75,1
wn-0031:2:110,ORG:ATV,AGENT,Agent,wn-0031,2,0.65,1
wn-0031:2:112,SPACECRAFT:ISS,PATIENT,Patient,wn-0031,2,0.8,1
wn-0033:6:232,SPACECRAFT:Voyager 2,AGENT,Agent,wn-0033,6,0.75,1
wn-0037:3:77,SPACECRAFT:Swift,AGENT,Agent,wn-0037,3,0.7,1
wn-0037:11:288,SPACECRAFT:Swift,AGENT,Agent,wn-0037,11,0.75,1
wn-0037:13:337,SPACECRAFT:Swift,AGENT,Agent,wn-0037,13,0.75,1
wn-0037:17:419,SPACECRAFT:Swift,AGENT,Agent,wn-0037,17,0.7,1
wn-0037:18:434,ORG:UVOT,AGENT,Agent,wn-0037,18,0.75,1
wn-0037:21:491,ORG:UVOT,AGENT,Agent,wn-0037,21,0.7,1
wn-0038:2:56,PRODUCT:Discovery,PATIENT,Patient,wn-0038,2,0.75,1
wn-0038:6:108,PERSON:John Phillips,AGENT,Agent,wn-0038,6,0.7,1
wn-0038:11:238,GPE:Colombia,PATIENT,Patient,wn-0038,11,0.75,1
wn-0039:0:8,ORG:Columbia,PATIENT,Patient,wn-0039,-1,0.7,1
wn-0040:8:199,SPACECRAFT:Soyuz,AGENT,Agent,wn-0040,8,0.9,1
wn-0040:8:199,SPACECRAFT:ISS,PATIENT,Patient,wn-0040,8,0.9,1
wn-0041:17:561,SPACECRAFT:Space Shuttle Columbia,PATIENT,Patient,wn-0041,17,0.75,1
wn-0042:3:41,PERSON:Sergei Krikalev,AGENT,Agent,wn-0042,3,0.75,1
wn-0042:9:202,ORG:Columbia,PATIENT,Patient,wn-0042,9,0.7,1
wn-0044:0:39,PERSON:Leroy Chiao,AGENT,Agent,wn-0044,-1,0.75,1
wn-0044:14:325,NORP:Vittori,PATIENT,Patient,wn-0044,14,0.8,1
wn-0046:3:92,CELESTIAL:Mars,PATIENT,Patient,wn-0046,3,0.7,1
wn-0049:1:29,ORG:Rover,AGENT,Agent,wn-0049,1,0.7,1
wn-0050:3:89,ORG:ISRO,AGENT,Agent,wn-0050,3,0.75,1
wn-0054:21:448,ORG:Spirit,AGENT,Agent,wn-0054,21,0.75,1
wn-0058:3:143,ORG:NASA,AGENT,Agent,wn-0058,3,0.75,1
wn-0059:0:8,SPACECRAFT:shuttle Discovery,PATIENT,Patient,wn-0059,-1,0.7,1
wn-0059:12:285,ORG:Columbia,AGENT,Agent,wn-0059,12,0.65,1
wn-0060:5:149,SPACECRAFT:Columbia Orbiter,PATIENT,Patient,wn-0060,5,0.8,1
wn-0061:0:9,PRODUCT:Discovery,PATIENT,Patient,wn-0061,-1,0.75,1
wn-0062:0:25,SPACECRAFT:Space Shuttle Discovery,PATIENT,Patient,wn-0062,-1,0.75,1
wn-0062:1:67,ORG:Challenger,PATIENT,Patient,wn-0062,1,0.75,1
wn-0062:7:183,SPACECRAFT:Space Shuttle Columbia,PATIENT,Patient,wn-0062,7,0.75,1
wn-0064:1:44,ORG:Columbia,PATIENT,Patient,wn-0064,1,0.75,1
wn-0065:1:59,PRODUCT:Discovery,AGENT,Agent,wn-0065,1,0.75,1
wn-0066:16:442,CELESTIAL:Pluto,AGENT,Agent,wn-0066,16,0.65,1
wn-0067:0:7,ORG:NASA,AGENT,Agent,wn-0067,-1,0.75,1
wn-0068:0:12,SPACECRAFT:Orbiter Discovery,PATIENT,Patient,wn-0068,-1,0.8,1
wn-0068:0:21,SPACECRAFT:Orbiter Discovery,PATIENT,Patient,wn-0068,-1,0.8,1
wn-0071:5:125,ORG:NASA,AGENT,Agent,wn-0071,5,0.75,1
wn-0073:5:164,PRODUCT:Galileo,AGENT,Agent,wn-0073,5,0.75,1
wn-0074:2:109,ORG:Shuttle,PATIENT,Patient,wn-0074,2,0.7,1
wn-0076:1:51,SPACECRAFT:Hubble Space Telescope,PATIENT,Patient,wn-0076,1,0.75,1
wn-0077:24:421,ORG:CEV,AGENT,Agent,wn-0077,24,0.7,1
wn-0078:0:13,GPE:People's Republic of China,AGENT,Agent,wn-0078,-1,0.7,1
wn-0085:11:197,NORP:Chinese,AGENT,Agent,wn-0085,11,0.75,1
wn-0088:13:384,SPACECRAFT:Columbia shuttle,PATIENT,Patient,wn-0088,13,0.75,1
wn-0092:1:26,SPACECRAFT:Stardust,PATIENT,Patient,wn-0092,1,0.75,1
wn-0092:12:232,ORG:Genesis,AGENT,Agent,wn-0092,12,0.7,1
wn-0092:20:515,SPACECRAFT:Stardust,PATIENT,Patient,wn-0092,20,0.75,1
wn-0092:21:520,SPACECRAFT:Stardust,PATIENT,Patient,wn-0092,21,0.8,1
wn-0093:22:700,PERSON:Juric,AGENT,Agent,wn-0093,22,0.7,1
wn-0094:6:205,CELESTIAL:Pluto,PATIENT,Patient,wn-0094,6,0.8,1
wn-0095:11:295,PERSON:Smith,AGENT,Agent,wn-0095,11,0.65,1
wn-0095:15:405,ORG:Smith,AGENT,Agent,wn-0095,15,0.7,1
wn-0097:0:7,ORG:JAXA,AGENT,Agent,wn-0097,-1,0.7,1
wn-0100:6:138,SPACECRAFT:Mars Reconnaissance Orbiter,PATIENT,Patient,wn-0100,6,0.8,1
wn-0102:1:22,ORG:Google,AGENT,Agent,wn-0102,1,0.9,1
wn-0102:1:22,CELESTIAL:Mars,PATIENT,Patient,wn-0102,1,0.9,1
wn-0104:11:276,ORG:LRO,PATIENT,Patient,wn-0104,11,0.8,1
wn-0104:15:398,ORG:LRO,AGENT,Agent,wn-0104,15,0.7,1
wn-0105:3:72,ORG:NASA,AGENT,Agent,wn-0105,3,0.9,1
wn-0105:3:72,SPACECRAFT:Voyager 1,PATIENT,Patient,wn-0105,3,0.9,1
wn-0106:0:8,SPACECRAFT:Space Shuttle Discovery,PATIENT,Patient,wn-0106,-1,0.8,1
wn-0106:7:206,SPACECRAFT:shuttle Columbia,PATIENT,Patient,wn-0106,7,0.8,1
wn-0110:31:584,PERSON:Eberhard Gruen,AGENT,Agent,wn-0110,31,0.65,1
wn-0113:0:9,CELESTIAL:Earth,PATIENT,Patient,wn-0113,-1,0.75,1
wn-0114:3:117,CELESTIAL:Charon,PATIENT,Patient,wn-0114,3,0.75,1
wn-0115:13:250,SPACECRAFT:Hubble Space Telescope,PATIENT,Patient,wn-0115,13,0.8,1
wn-0116:0:24,SPACECRAFT:shuttle Columbia,PATIENT,Patient,wn-0116,-1,0.75,1
wn-0118:11:272,ORG:Columbia,PATIENT,Patient,wn-0118,11,0.75,1
wn-0119:0:6,SPACECRAFT:Space Shuttle Discovery,PATIENT,Patient,wn-0119,-1,0.75,1
wn-0119:1:27,SPACECRAFT:Space Shuttle Columbia,PATIENT,Patient,wn-0119,1,0.75,1
wn-0120:0:3,SPACECRAFT:shuttle Discovery,PATIENT,Patient,wn-0120,-1,0.8,1
wn-0120:12:302,ORG:Columbia,PATIENT,Patient,wn-0120,12,0.7,1
wn-0121:2:61,SPACECRAFT:Space Shuttle Columbia,PATIENT,Patient,wn-0121,2,0.75,1
wn-0124:4:126,CELESTIAL:Moon,PATIENT,Patient,wn-0124,4,0.7,1
wn-0128:1:37,ORG:NASA,AGENT,Agent,wn-0128,1,0.7,1
wn-0131:4:67,CELESTIAL:Pluto,AGENT,Agent,wn-0131,4,0.7,1
wn-0131:21:437,ORG:American Clyde Tombaugh,AGENT,Agent,wn-0131,21,0.7,1
wn-0132:4:112,ORG:NASA,AGENT,Agent,wn-0132,4,0.75,1
wn-0133:3:69,SPACECRAFT:Swift,AGENT,Agent,wn-0133,3,0.75,1
wn-0133:12:290,SPACECRAFT:Swift,PATIENT,Patient,wn-0133,12,0.8,1
wn-0134:0:4,SPACECRAFT:shuttle Atlantis,PATIENT,Patient,wn-0134,-1,0.8,1
wn-0134:9:157,ORG:NASA,AGENT,Agent,wn-0134,9,0.7,1
wn-0137:1:4,ORG:NASA,AGENT,Agent,wn-0137,1,0.7,1
wn-0137:1:6,SPACECRAFT:shuttle Atlantis,PATIENT,Patient,wn-0137,1,0.7,1
wn-0137:11:220,PRODUCT:Atlantis,PATIENT,Patient,wn-0137,11,0.8,1
wn-0137:13:242,PRODUCT:Atlantis,PATIENT,Patient,wn-0137,13,0.8,1
wn-0138:0:1,SPACECRAFT:Space Shuttle Atlantis,PATIENT,Patient,wn-0138,-1,0.75,1
wn-0138:0:13,GPE:STS-115,PATIENT,Patient,wn-0138,-1,0.8,1
wn-0138:4:100,SPACECRAFT:Space Shuttle Atlantis,PATIENT,Patient,wn-0138,4,0.75,1
wn-0138:7:197,SPACECRAFT:Space Shuttle Atlantis,PATIENT,Patient,wn-0138,7,0.8,1
wn-0139:0:4,SPACECRAFT:Space Shuttle Atlantis,PATIENT,Patient,wn-0139,-1,0.8,1
wn-0139:3:77,SPACECRAFT:Space Shuttle Columbia,PATIENT,Patient,wn-0139,3,0.75,1
wn-0139:4:112,ORG:Columbia,PATIENT,Patient,wn-0139,4,0.75,1
wn-0140:3:74,LOC:Arctic,AGENT,Agent,wn-0140,3,0.7,1
wn-0143:0:6,SPACECRAFT:Cassini-Huygens,AGENT,Agent,wn-0143,-1,0.7,1
wn-0143:10:252,GPE:VIMS,AGENT,Agent,wn-0143,10,0.75,1
wn-0144:2:10,GPE:United States,AGENT,Agent,wn-0144,2,0.75,1
wn-0145:1:15,ORG:NASA,AGENT,Agent,wn-0145,1,0.7,1
wn-0146:9:211,ORG:Arno Penzias,AGENT,Agent,wn-0146,9,0.85,1
wn-0146:9:211,ORG:Cosmic Microwave Background,PATIENT,Patient,wn-0146,9,0.85,1
wn-0147:18:481,SPACECRAFT:James Webb Space Telescope,PATIENT,Patient,wn-0147,18,0.8,1
wn-0149:11:307,GPE:Kesden,AGENT,Agent,wn-0149,11,0.65,1
wn-0150:7:191,GPE:United States,PATIENT,Patient,wn-0150,7,0.7,1
wn-0150:17:407,GPE:United States,AGENT,Agent,wn-0150,17,0.65,1
wn-0153:9:214,PERSON:Cook,AGENT,Agent,wn-0153,9,0.9,1
wn-0153:9:214,LOC:east coast,PATIENT,Patient,wn-0153,9,0.9,1
wn-0159:0:2,ORG:NASA,AGENT,Agent,wn-0159,-1,0.7,1
wn-0159:0:4,SPACECRAFT:Space Shuttle Discovery,PATIENT,Patient,wn-0159,-1,0.7,1
wn-0159:1:62,GPE:Shuttle,PATIENT,Patient,wn-0159,1,0.75,1
wn-0161:0:6,SPACECRAFT:Space Shuttle Discovery,AGENT,Agent,wn-0161,-1,0.9,1
wn-0161:0:6,SPACECRAFT:ISS,PATIENT,Patient,wn-0161,-1,0.9,1
wn-0164:14:352,CELESTIAL:Titan,PATIENT,Patient,wn-0164,14,0.7,1
wn-0168:12:246,ORG:US Air Force,AGENT,Agent,wn-0168,12,0.75,1
wn-0173:14:329,ORG:ACS,PATIENT,Patient,wn-0173,14,0.7,1
wn-0178:0:6,SPACECRAFT:Mars Reconnaissance Orbiter,AGENT,Agent,wn-0178,-1,0.7,1
wn-0179:4:190,PERSON:Mark Swain,AGENT,Agent,wn-0179,4,0.7,1
wn-0188:0:8,GPE:California,AGENT,Agent,wn-0188,-1,0.65,1
wn-0192:0:25,SPACECRAFT:Mars Global Surveyor,PATIENT,Patient,wn-0192,-1,0.75,1
wn-0195:0:14,GPE:India,AGENT,Agent,wn-0195,-1,0.8,1
wn-0195:0:14,ORG:Polar Satellite Launch Vehicle,PATIENT,Patient,wn-0195,-1,0.8,1
wn-0196:1:30,NORP:Gliese,PATIENT,Patient,wn-0196,1,0.75,1
wn-0198:7:187,ORG:Eta Carinae,AGENT,Agent,wn-0198,7,0.65,1
wn-0203:13:330,PRODUCT:436b,PATIENT,Patient,wn-0203,13,0.8,1
wn-0204:0:7,SPACECRAFT:Spirit Rover,AGENT,Agent,wn-0204,-1,0.7,1
wn-0204:11:238,ORG:Spirit,AGENT,Agent,wn-0204,11,0.75,1
wn-0204:16:370,ORG:Spirit,AGENT,Agent,wn-0204,16,0.65,1
wn-0205:0:30,SPACECRAFT:Space Shuttle Atlantis,PATIENT,Patient,wn-0205,-1,0.8,1
wn-0205:3:108,ORG:NASA,AGENT,Agent,wn-0205,3,0.85,1
wn-0205:3:108,PRODUCT:Atlantis,PATIENT,Patient,wn-0205,3,0.85,1
wn-0205:3:155,PRODUCT:Atlantis,PATIENT,Patient,wn-0205,3,0.7,1
wn-0206:1:13,SPACECRAFT:Space Shuttle Atlantis,PATIENT,Patient,wn-0206,1,0.8,1
wn-0206:2:38,PRODUCT:Atlantis,PATIENT,Patient,wn-0206,2,0.8,1
wn-0206:3:74,SPACECRAFT:Space Shuttle Columbia,PATIENT,Patient,wn-0206,3,0.75,1
wn-0206:4:94,PRODUCT:Atlantis,AGENT,Agent,wn-0206,4,0.75,1
wn-0206:11:287,ORG:Columbia,PATIENT,Patient,wn-0206,11,0.7,1
wn-0206:14:336,PRODUCT:Atlantis,PATIENT,Patient,wn-0206,14,0.7,1
wn-0207:8:238,PRODUCT:Atlantis,AGENT,Agent,wn-0207,8,0.9,1
wn-0207:8:238,SPACECRAFT:ISS,PATIENT,Patient,wn-0207,8,0.9,1
wn-0208:2:5,SPACECRAFT:ISS,PATIENT,Patient,wn-0208,2,0.8,1
wn-0209:5:128,SPACECRAFT:Space Shuttle Columbia,PATIENT,Patient,wn-0209,5,0.8,1
wn-0216:0:2,SPACECRAFT:Space Shuttle Atlantis,PATIENT,Patient,wn-0216,-1,0.75,1
wn-0216:5:101,PRODUCT:Atlantis,PATIENT,Patient,wn-0216,5,0.8,1
wn-0217:14:490,PRODUCT:Atlantis,AGENT,Agent,wn-0217,14,0.85,1
wn-0217:14:490,SPACECRAFT:ISS,PATIENT,Patient,wn-0217,14,0.85,1
wn-0219:2:53,SPACECRAFT:Phoenix,PATIENT,Patient,wn-0219,2,0.75,1
wn-0219:7:191,SPACECRAFT:Phoenix,AGENT,Agent,wn-0219,7,0.7,1
wn-0221:0:11,SPACECRAFT:Spitzer Space Telescope,AGENT,Agent,wn-0221,-1,0.75,1
wn-0231:7:158,SPACECRAFT:Cassini,AGENT,Agent,wn-0231,7,0.9,1
wn-0231:7:158,CELESTIAL:Iapetus,PATIENT,Patient,wn-0231,7,0.9,1
wn-0233:7:225,ORG:JAXA,AGENT,Agent,wn-0233,7,0.75,1
wn-0234:0:10,SPACECRAFT:Dawn probe,PATIENT,Patient,wn-0234,-1,0.75,1
wn-0234:2:72,ORG:NASA,AGENT,Agent,wn-0234,2,0.75,1
wn-0234:5:136,SPACECRAFT:Delta II,PATIENT,Patient,wn-0234,5,0.7,1
wn-0235:15:408,PERSON:Caroline Smith,AGENT,Agent,wn-0235,15,0.7,1
wn-0236:1:47,PERSON:Jose Ishitsuka,AGENT,Agent,wn-0236,1,0.7,1
wn-0237:10:348,ORG:NASA,AGENT,Agent,wn-0237,10,0.7,1
wn-0239:7:232,PERSON:Sputnik,PATIENT,Patient,wn-0239,7,0.7,1
wn-0240:0:7,GPE:People's Republic of China,AGENT,Agent,wn-0240,-1,0.75,1
wn-0240:10:231,GPE:Japan,AGENT,Agent,wn-0240,10,0.75,1
wn-0242:11:321,PERSON:Edwin Holmes,AGENT,Agent,wn-0242,11,0.75,1
wn-0243:1:32,SPACECRAFT:Space Shuttle Columbia,PATIENT,Patient,wn-0243,1,0.7,1
wn-0243:8:178,PRODUCT:Discovery,PATIENT,Patient,wn-0243,8,0.8,1
wn-0244:12:351,ORG:Harmony,PATIENT,Patient,wn-0244,12,0.8,1
wn-0245:18:350,ORG:NASA,AGENT,Agent,wn-0245,18,0.85,1
wn-0245:18:350,ORG:Landsat Data Continuity Mission,PATIENT,Patient,wn-0245,18,0.85,1
wn-0248:0:6,SPACECRAFT:Space Shuttle Atlantis,PATIENT,Patient,wn-0248,-1,0.75,1
wn-0249:9:270,PRODUCT:Voyager,PATIENT,Patient,wn-0249,9,0.7,1
wn-0251:8:239,CELESTIAL:Mars,PATIENT,Patient,wn-0251,8,0.75,1
wn-0252:0:5,SPACECRAFT:Space Shuttle Atlantis,PATIENT,Patient,wn-0252,-1,0.75,1
wn-0255:12:295,ORG:Mariner,PATIENT,Patient,wn-0255,12,0.7,1
wn-0255:16:373,SPACECRAFT:MESSENGER,PATIENT,Patient,wn-0255,16,0.8,1
wn-0255:17:393,CELESTIAL:Earth,PATIENT,Patient,wn-0255,17,0.75,1
wn-0255:19:443,CELESTIAL:Mercury,PATIENT,Patient,wn-0255,19,0.75,1
wn-0256:2:31,GPE:Israel,AGENT,Agent,wn-0256,2,0.75,1
wn-0256:3:54,SPACECRAFT:PSLV,PATIENT,Patient,wn-0256,3,0.8,1
wn-0257:2:79,ORG:Catalina Sky Survey,AGENT,Agent,wn-0257,2,0.75,1
wn-0258:14:311,ORG:NRO,AGENT,Agent,wn-0258,14,0.7,1
wn-0260:0:16,SPACECRAFT:Space Shuttle Columbia,PATIENT,Patient,wn-0260,-1,0.7,1
wn-0260:30:577,ORG:Challenger,PATIENT,Patient,wn-0260,30,0.75,1
wn-0262:0:15,ORG:Roscosmos,AGENT,Agent,wn-0262,-1,0.65,1
wn-0262:2:75,SPACECRAFT:Space Shuttle Atlantis,PATIENT,Patient,wn-0262,2,0.75,1
wn-0262:5:162,SPACECRAFT:Space Shuttle,PATIENT,Patient,wn-0262,5,0.75,1
wn-0262:5:176,SPACECRAFT:Progress,PATIENT,Patient,wn-0262,5,0.75,1
wn-0264:0:4,SPACECRAFT:Space Shuttle Atlantis,PATIENT,Patient,wn-0264,-1,0.75,1
wn-0264:3:89,PERSON:Destiny,PATIENT,Patient,wn-0264,3,0.8,1
wn-0264:4:95,SPACECRAFT:ISS,PATIENT,Patient,wn-0264,4,0.8,1
wn-0264:5:119,ORG:ISS,PATIENT,Patient,wn-0264,5,0.8,1
wn-0265:0:9,SPACECRAFT:Space Shuttle Atlantis,AGENT,Agent,wn-0265,-1,0.65,1
wn-0265:1:31,PRODUCT:Atlantis,PATIENT,Patient,wn-0265,1,0.8,1
wn-0265:3:71,GPE:Shuttle,AGENT,Agent,wn-0265,3,0.75,1
wn-0271:18:482,SPACECRAFT:Space Shuttle Atlantis,PATIENT,Patient,wn-0271,18,0.75,1
wn-0272:0:4,SPACECRAFT:Space Shuttle Atlantis,AGENT,Agent,wn-0272,-1,0.65,1
wn-0272:3:64,PRODUCT:Atlantis,PATIENT,Patient,wn-0272,3,0.8,1
wn-0273:0:4,SPACECRAFT:Space Shuttle Atlantis,PATIENT,Patient,wn-0273,-1,0.75,1
wn-0273:1:40,PRODUCT:Atlantis,PATIENT,Patient,wn-0273,1,0.8,1
wn-0273:7:181,PERSON:Léopold Eyharts,PATIENT,Patient,wn-0273,7,0.75,1
wn-0273:9:233,PRODUCT:Atlantis,PATIENT,Patient,wn-0273,9,0.8,1
wn-0273:10:239,PRODUCT:Atlantis,PATIENT,Patient,wn-0273,10,0.75,1
wn-0273:11:280,PRODUCT:Atlantis,PATIENT,Patient,wn-0273,11,0.75,1
wn-0274:0:6,ORG:United States Navy,AGENT,Agent,wn-0274,-1,0.7,1
wn-0274:5:127,GPE:China,AGENT,Agent,wn-0274,5,0.75,1
wn-0277:0:5,PERSON:Automated Transfer Vehicle,PATIENT,Patient,wn-0277,-1,0.75,1
wn-0277:12:282,NORP:European,PATIENT,Patient,wn-0277,12,0.75,1
wn-0277:17:396,PERSON:Jules Verne,PATIENT,Patient,wn-0277,17,0.75,1
wn-0277:22:563,ORG:ATV,AGENT,Agent,wn-0277,22,0.65,1
wn-0278:0:4,SPACECRAFT:Space Shuttle Endeavour,PATIENT,Patient,wn-0278,-1,0.8,1
wn-0278:18:487,ORG:Columbia,PATIENT,Patient,wn-0278,18,0.7,1
wn-0278:20:505,PERSON:Flash Evaporator System,AGENT,Agent,wn-0278,20,0.65,1
wn-0278:26:645,SPACECRAFT:Space Shuttle,PATIENT,Patient,wn-0278,26,0.75,1
wn-0279:4:128,SPACECRAFT:Atlas V,PATIENT,Patient,wn-0279,4,0.75,1
wn-0279:4:139,SPACECRAFT:Atlas V,PATIENT,Patient,wn-0279,4,0.75,1
wn-0279:15:377,WORK_OF_ART:Atlas,PATIENT,Patient,wn-0279,15,0.75,1
wn-0280:6:141,NORP:334th,PATIENT,Patient,wn-0280,6,0.7,1
wn-0280:6:151,SPACECRAFT:Proton,PATIENT,Patient,wn-0280,6,0.7,1
wn-0280:6:157,NORP:Russian,PATIENT,Patient,wn-0280,6,0.7,1
wn-0280:6:163,SPACECRAFT:Proton,PATIENT,Patient,wn-0280,6,0.7,1
wn-0280:7:175,SPACECRAFT:Proton,PATIENT,Patient,wn-0280,7,0.75,1
wn-0281:12:344,SPACECRAFT:Cassini,PATIENT,Patient,wn-0281,12,0.8,1
wn-0282:6:158,SPACECRAFT:Delta II,PATIENT,Patient,wn-0282,6,0.75,1
wn-0284:0:9,SPACECRAFT:Hubble Space Telescope,AGENT,Agent,wn-0284,-1,0.7,1
wn-0284:13:406,SPACECRAFT:Spitzer Space Telescope,AGENT,Agent,wn-0284,13,0.75,1
wn-0285:4:138,SPACECRAFT:Zenit,PATIENT,Patient,wn-0285,4,0.75,1
wn-0285:16:440,PERSON:Land Launch,AGENT,Agent,wn-0285,16,0.7,1
wn-0285:18:457,LOC:Sea,PATIENT,Patient,wn-0285,18,0.75,1
wn-0286:8:252,CELESTIAL:Titan,PATIENT,Patient,wn-0286,8,0.7,1
wn-0287:8:174,ORG:SAR-Lupe 4 marks,PATIENT,Patient,wn-0287,8,0.75,1
wn-0288:0:4,SPACECRAFT:Space Shuttle Endeavour,PATIENT,Patient,wn-0288,-1,0.75,1
wn-0289:0:6,SPACECRAFT:Cassini,AGENT,Agent,wn-0289,-1,0.7,1
wn-0289:1:36,SPACECRAFT:Cassini,AGENT,Agent,wn-0289,1,0.75,1
wn-0289:14:403,CELESTIAL:Enceladus,PATIENT,Patient,wn-0289,14,0.75,1
wn-0290:0:16,ORG:United States Air Force,AGENT,Agent,wn-0290,-1,0.75,1
wn-0290:3:105,PRODUCT:Minuteman,PATIENT,Patient,wn-0290,3,0.7,1
wn-0293:8:205,WORK_OF_ART:Atlas,PATIENT,Patient,wn-0293,8,0.75,1
wn-0293:18:489,WORK_OF_ART:Atlas,PATIENT,Patient,wn-0293,18,0.75,1
wn-0294:6:157,SPACECRAFT:Pegasus,PATIENT,Patient,wn-0294,6,0.8,1
wn-0294:7:168,ORG:C/NOFS,PATIENT,Patient,wn-0294,7,0.75,1
wn-0294:7:186,SPACECRAFT:Pegasus,PATIENT,Patient,wn-0294,7,0.75,1
wn-0295:15:328,ORG:182nd,PATIENT,Patient,wn-0295,15,0.7,1
wn-0295:15:338,SPACECRAFT:Ariane 5,PATIENT,Patient,wn-0295,15,0.7,1
wn-0298:1:54,GPE:STS-124,PATIENT,Patient,wn-0298,1,0.75,1
wn-0299:7:218,SPACECRAFT:Titan IV,PATIENT,Patient,wn-0299,7,0.8,1
wn-0299:8:252,CELESTIAL:Titan,PATIENT,Patient,wn-0299,8,0.75,1
wn-0300:4:121,ORG:GIOVE-A,PATIENT,Patient,wn-0300,4,0.8,1
wn-0300:6:150,PRODUCT:Galileo,PATIENT,Patient,wn-0300,6,0.75,1
wn-0300:7:172,SPACECRAFT:Soyuz,PATIENT,Patient,wn-0300,7,0.75,1
wn-0301:0:12,ORG:Indian Polar Satellite Launch Vehicle,AGENT,Agent,wn-0301,-1,0.7,1
wn-0301:10:280,SPACECRAFT:PSLV,PATIENT,Patient,wn-0301,10,0.7,1
wn-0301:11:285,SPACECRAFT:PSLV,PATIENT,Patient,wn-0301,11,0.75,1
wn-0302:6:146,SPACECRAFT:Zenit,PATIENT,Patient,wn-0302,6,0.8,1
wn-0302:9:194,SPACECRAFT:Zenit,PATIENT,Patient,wn-0302,9,0.75,1
wn-0303:5:151,SPACECRAFT:Space Shuttle Endeavour,PATIENT,Patient,wn-0303,5,0.8,1
wn-0303:9:254,SPACECRAFT:Progress,PATIENT,Patient,wn-0303,9,0.75,1
wn-0303:10:262,SPACECRAFT:Progress,PATIENT,Patient,wn-0303,10,0.75,1
wn-0304:9:197,SPACECRAFT:Zenit,PATIENT,Patient,wn-0304,9,0.75,1
wn-0307:0:5,ORG:Russian Space Forces,AGENT,Agent,wn-0307,-1,0.7,1
wn-0307:13:299,SPACECRAFT:Proton,PATIENT,Patient,wn-0307,13,0.75,1
wn-0307:14:327,SPACECRAFT:Rokot,PATIENT,Patient,wn-0307,14,0.75,1
wn-0307:15:335,SPACECRAFT:Rokot,PATIENT,Patient,wn-0307,15,0.75,1
wn-0308:2:68,SPACECRAFT:Phoenix,PATIENT,Patient,wn-0308,2,0.8,1
wn-0308:29:645,ORG:MPL,PATIENT,Patient,wn-0308,29,0.8,1
wn-0308:29:651,ORG:MPL,PATIENT,Patient,wn-0308,29,0.8,1
wn-0308:34:789,SPACECRAFT:Phoenix,PATIENT,Patient,wn-0308,34,0.75,1
wn-0309:0:6,ORG:ChinaThe Chinese National Space Administration,AGENT,Agent,wn-0309,-1,0.7,1
wn-0309:8:164,NORP:106th,PATIENT,Patient,wn-0309,8,0.75,1
wn-0309:9:191,NORP:Chinese,PATIENT,Patient,wn-0309,9,0.7,1
wn-0311:0:5,SPACECRAFT:Space Shuttle Discovery,PATIENT,Patient,wn-0311,-1,0.75,1
wn-0311:6:142,SPACECRAFT:Space Shuttle,PATIENT,Patient,wn-0311,6,0.8,1
wn-0311:7:160,ORG:RMS,PATIENT,Patient,wn-0311,7,0.75,1
wn-0311:31:627,NORP:Shuttle,PATIENT,Patient,wn-0311,31,0.7,1
wn-0311:34:711,ORG:Columbia,PATIENT,Patient,wn-0311,34,0.75,1
wn-0311:86:1847,ORG:Japanese Experiment Module,PATIENT,Patient,wn-0311,86,0.7,1
wn-0311:88:1933,GPE:STS-124,PATIENT,Patient,wn-0311,88,0.75,1
wn-0311:97:2258,NORP:Fantastic,PATIENT,Patient,wn-0311,97,0.7,1
wn-0311:100:2342,SPACECRAFT:Shuttle Discovery,PATIENT,Patient,wn-0311,100,0.75,1
wn-0312:3:60,SPACECRAFT:Phoenix,PATIENT,Patient,wn-0312,3,0.75,1
wn-0313:7:178,SPACECRAFT:Phoenix,PATIENT,Patient,wn-0313,7,0.75,1
wn-0315:8:190,GPE:China,AGENT,Agent,wn-0315,8,0.75,1
wn-0315:9:241,LAW:Echostar-CBM,PATIENT,Patient,wn-0315,9,0.75,1
wn-0315:12:291,NORP:Chinese,PATIENT,Patient,wn-0315,12,0.75,1
wn-0316:6:146,SPACECRAFT:Delta II,PATIENT,Patient,wn-0316,6,0.8,1
wn-0316:14:287,SPACECRAFT:Delta II,PATIENT,Patient,wn-0316,14,0.75,1
wn-0316:15:320,SPACECRAFT:Delta II,PATIENT,Patient,wn-0316,15,0.7,1
wn-0316:15:331,SPACECRAFT:Delta II,PATIENT,Patient,wn-0316,15,0.7,1
wn-0317:6:138,ORG:NASA,AGENT,Agent,wn-0317,6,0.7,1
wn-0317:13:312,ORG:NASA,AGENT,Agent,wn-0317,13,0.7,1
wn-0317:17:436,SPACECRAFT:Phoenix,AGENT,Agent,wn-0317,17,0.65,1
wn-0318:15:359,SPACECRAFT:Ariane 5,PATIENT,Patient,wn-0318,15,0.75,1
wn-0318:18:451,ORG:Arianespace,AGENT,Agent,wn-0318,18,0.6,1
wn-0320:8:172,SPACECRAFT:Delta II,PATIENT,Patient,wn-0320,8,0.8,1
wn-0325:6:144,SPACECRAFT:Proton,PATIENT,Patient,wn-0325,6,0.75,1
wn-0325:11:288,SPACECRAFT:Proton,PATIENT,Patient,wn-0325,11,0.75,1
wn-0327:11:264,SPACECRAFT:Proton,PATIENT,Patient,wn-0327,11,0.75,1
wn-0327:22:562,PERSON:Ariane,PATIENT,Patient,wn-0327,22,0.75,1
wn-0327:24:618,SPACECRAFT:Ariane 5,PATIENT,Patient,wn-0327,24,0.75,1
wn-0328:18:403,SPACECRAFT:Zenit,PATIENT,Patient,wn-0328,18,0.75,1
wn-0328:19:411,SPACECRAFT:Zenit,PATIENT,Patient,wn-0328,19,0.7,1
wn-0329:16:444,PERSON:Aleksander Wolszczan,AGENT,Agent,wn-0329,16,0.9,1
wn-0329:16:444,ORG:pulsar PSR B1257,PATIENT,Patient,wn-0329,16,0.9,1
wn-0329:30:867,ORG:SETI@home,AGENT,Agent,wn-0329,30,0.75,1
wn-0329:43:1306,ORG:Committee,AGENT,Agent,wn-0329,43,0.7,1
wn-0329:67:2088,ORG:Cornell,AGENT,Agent,wn-0329,67,0.75,1
wn-0330:9:210,NORP:Kosmos,PATIENT,Patient,wn-0330,9,0.75,1
wn-0332:10:314,PRODUCT:Taurus,PATIENT,Patient,wn-0332,10,0.75,1
wn-0332:17:506,ORG:Falcon,PATIENT,Patient,wn-0332,17,0.7,1
wn-0332:30:882,SPACECRAFT:Falcon 1,PATIENT,Patient,wn-0332,30,0.75,1
wn-0333:15:423,ORG:MECA,AGENT,Agent,wn-0333,15,0.7,1
wn-0334:20:460,SPACECRAFT:Ariane 5,PATIENT,Patient,wn-0334,20,0.75,1
wn-0334:21:470,SPACECRAFT:Ariane 5,PATIENT,Patient,wn-0334,21,0.8,1
wn-0338:26:718,SPACECRAFT:Falcon 1,PATIENT,Patient,wn-0338,26,0.75,1
wn-0339:0:21,ORG:Interstellar Boundary Explorer,PATIENT,Patient,wn-0339,-1,0.8,1
wn-0341:1:6,SPACECRAFT:Mars Reconnaissance Orbiter,AGENT,Agent,wn-0341,1,0.7,1
wn-0341:4:83,SPACECRAFT:Spirit rover,AGENT,Agent,wn-0341,4,0.7,1
wn-0343:10:231,SPACECRAFT:Mars Science Laboratory,PATIENT,Patient,wn-0343,10,0.7,1
wn-0344:0:18,GPE:India,AGENT,Agent,wn-0344,-1,0.75,1
wn-0344:14:372,SPACECRAFT:Chandrayaan-2,PATIENT,Patient,wn-0344,14,0.8,1
wn-0346:3:68,ORG:NASA,AGENT,Agent,wn-0346,3,0.7,1
wn-0346:5:110,ORG:NASA,AGENT,Agent,wn-0346,5,0.75,1
wn-0347:1:9,ORG:NASA,AGENT,Agent,wn-0347,1,0.7,1
wn-0348:1:34,SPACECRAFT:Mars Science Laboratory,PATIENT,Patient,wn-0348,1,0.8,1
wn-0348:2:73,ORG:ESA,AGENT,Agent,wn-0348,2,0.75,1
wn-0348:3:84,ORG:MSL,PATIENT,Patient,wn-0348,3,0.75,1
wn-0349:0:12,SPACECRAFT:Space Shuttle Columbia,PATIENT,Patient,wn-0349,-1,0.7,1
wn-0349:10:268,SPACECRAFT:Space Shuttle Challenger,PATIENT,Patient,wn-0349,10,0.7,1
wn-0354:25:687,GPE:China,AGENT,Agent,wn-0354,25,0.75,1
wn-0356:0:17,SPACECRAFT:Space Shuttle Discovery,PATIENT,Patient,wn-0356,-1,0.75,1
wn-0357:1:41,PERSON:Lulin,PATIENT,Patient,wn-0357,1,0.8,1
wn-0359:1:33,SPACECRAFT:Space Shuttle Discovery,PATIENT,Patient,wn-0359,1,0.75,1
wn-0360:0:16,ORG:Kepler Telescope,PATIENT,Patient,wn-0360,-1,0.8,1
wn-0360:14:385,ORG:NASA,AGENT,Agent,wn-0360,14,0.85,1
wn-0360:14:385,ORG:Orbiting Carbon Observatory,PATIENT,Patient,wn-0360,14,0.85,1
wn-0362:0:6,SPACECRAFT:Space Shuttle Discovery,PATIENT,Patient,wn-0362,-1,0.75,1
wn-0362:3:55,SPACECRAFT:shuttle Discovery,PATIENT,Patient,wn-0362,3,0.75,1
wn-0362:8:166,PRODUCT:Discovery,PATIENT,Patient,wn-0362,8,0.75,1
wn-0362:11:214,ORG:NASA,AGENT,Agent,wn-0362,11,0.75,1
wn-0364:0:3,GPE:SpaceNASA,AGENT,Agent,wn-0364,-1,0.85,1
wn-0364:0:3,SPACECRAFT:Space Shuttle Discovery,PATIENT,Patient,wn-0364,-1,0.85,1
wn-0364:1:15,PRODUCT:Discovery,PATIENT,Patient,wn-0364,1,0.8,1
wn-0364:10:325,PRODUCT:Discovery,PATIENT,Patient,wn-0364,10,0.75,1
wn-0364:13:373,ORG:NASA,AGENT,Agent,wn-0364,13,0.75,1
wn-0367:0:7,GPE:North KoreaNorth Korea,AGENT,Agent,wn-0367,-1,0.7,1
wn-0367:7:204,GPE:North Korea,AGENT,Agent,wn-0367,7,0.7,1
wn-0367:8:240,GPE:North Korea,AGENT,Agent,wn-0367,8,0.7,1
wn-0368:0:4,SPACECRAFT:shuttle Discovery,PATIENT,Patient,wn-0368,-1,0.8,1
wn-0373:8:200,ORG:NASA,AGENT,Agent,wn-0373,8,0.75,1
wn-0374:0:10,SPACECRAFT:Space Shuttle Atlantis,PATIENT,Patient,wn-0374,-1,0.8,1
wn-0375:0:9,ORG:ESA,AGENT,Agent,wn-0375,-1,0.75,1
wn-0375:8:227,CELESTIAL:Uranus,PATIENT,Patient,wn-0375,8,0.8,1
wn-0376:0:4,SPACECRAFT:Space Shuttle Atlantis,PATIENT,Patient,wn-0376,-1,0.75,1
wn-0376:1:15,PRODUCT:Atlantis,PATIENT,Patient,wn-0376,1,0.8,1
wn-0376:8:159,PRODUCT:Atlantis,PATIENT,Patient,wn-0376,8,0.75,1
wn-0376:9:170,PRODUCT:Atlantis,PATIENT,Patient,wn-0376,9,0.8,1
wn-0376:13:224,ORG:Columbia,PATIENT,Patient,wn-0376,13,0.7,1
wn-0378:0:2,ORG:NASA,AGENT,Agent,wn-0378,-1,0.75,1
wn-0378:0:7,SPACECRAFT:Space Shuttle Endeavour,PATIENT,Patient,wn-0378,-1,0.75,1
wn-0378:7:176,ORG:Endeavor,AGENT,Agent,wn-0378,7,0.65,1
wn-0378:10:237,SPACECRAFT:Space Shuttle Discovery,PATIENT,Patient,wn-0378,10,0.75,1
wn-0379:1:3,ORG:NASA,AGENT,Agent,wn-0379,1,0.9,1
wn-0379:1:3,ORG:Lunar Reconnaissance Orbiter,PATIENT,Patient,wn-0379,1,0.9,1
wn-0379:9:306,SPACECRAFT:Space Shuttle Endeavour,PATIENT,Patient,wn-0379,9,0.75,1
wn-0382:0:1,GPE:Endeavour,PATIENT,Patient,wn-0382,-1,0.75,1
wn-0383:0:3,SPACECRAFT:Space Shuttle Endeavour,PATIENT,Patient,wn-0383,-1,0.8,1
wn-0383:4:85,GPE:Endeavour,PATIENT,Patient,wn-0383,4,0.7,1
wn-0383:5:119,ORG:Endeavour,AGENT,Agent,wn-0383,5,0.7,1
wn-0384:1:16,SPACECRAFT:Apollo 11,PATIENT,Patient,wn-0384,1,0.8,1
wn-0384:1:25,SPACECRAFT:Apollo 11,PATIENT,Patient,wn-0384,1,0.8,1
wn-0385:10:296,PERSON:Wesley,AGENT,Agent,wn-0385,10,0.7,1
wn-0387:13:303,SPACECRAFT:Cassini,PATIENT,Patient,wn-0387,13,0.8,1
wn-0388:20:403,SPACECRAFT:Cassini,AGENT,Agent,wn-0388,20,0.9,1
wn-0388:20:403,CELESTIAL:Iapetus,PATIENT,Patient,wn-0388,20,0.9,1
wn-0392:3:82,SPACECRAFT:Chandrayaan-1,AGENT,Agent,wn-0392,3,0.75,1
wn-0392:8:231,CELESTIAL:Moon,PATIENT,Patient,wn-0392,8,0.75,1
wn-0392:14:354,PERSON:lunar crater,PATIENT,Patient,wn-0392,14,0.7,1
wn-0396:1:7,SPACECRAFT:Cassini,PATIENT,Patient,wn-0396,1,0.7,1
wn-0396:3:65,SPACECRAFT:Cassini,AGENT,Agent,wn-0396,3,0.7,1
wn-0400:9:249,PERSON:Barack Obama,AGENT,Agent,wn-0400,9,0.85,1
wn-0400:9:249,ORG:Constellation Program,PATIENT,Patient,wn-0400,9,0.85,1
wn-0402:2:116,GPE:America,PATIENT,Patient,wn-0402,2,0.75,1
wn-0402:5:193,SPACECRAFT:Hubble Space Telescope,PATIENT,Patient,wn-0402,5,0.75,1
wn-0403:1:6,SPACECRAFT:Space Shuttle Atlantis,PATIENT,Patient,wn-0403,1,0.8,1
wn-0403:2:20,PRODUCT:Atlantis,PATIENT,Patient,wn-0403,2,0.8,1
wn-0405:0:3,SPACECRAFT:Space Shuttle Atlantis,PATIENT,Patient,wn-0405,-1,0.8,1
wn-0406:7:175,ORG:NASA,AGENT,Agent,wn-0406,7,0.65,1
wn-0406:15:395,SPACECRAFT:Falcon 9,PATIENT,Patient,wn-0406,15,0.7,1
wn-0409:1:6,GPE:South Korea,AGENT,Agent,wn-0409,1,0.75,1
wn-0409:3:58,ORG:Korea Aerospace Research Institute,AGENT,Agent,wn-0409,3,0.7,1
wn-0409:4:67,GPE:South Korea,AGENT,Agent,wn-0409,4,0.75,1
wn-0409:11:208,PRODUCT:Naro-1,PATIENT,Patient,wn-0409,11,0.7,1
wn-0409:16:331,GPE:South Korea,AGENT,Agent,wn-0409,16,0.75,1
wn-0410:4:87,ORG:MySpace,AGENT,Agent,wn-0410,4,0.7,1
wn-0411:1:11,SPACECRAFT:ISS,PATIENT,Patient,wn-0411,1,0.8,1
wn-0411:5:136,SPACECRAFT:Progress,AGENT,Agent,wn-0411,5,0.7,1
wn-0412:1:12,SPACECRAFT:ISS,PATIENT,Patient,wn-0412,1,0.8,1
wn-0416:6:162,ORG:Solar Dynamics Observatory,AGENT,Agent,wn-0416,6,0.75,1
wn-0421:12:225,CELESTIAL:Jupiter,PATIENT,Patient,wn-0421,12,0.75,1
wn-0422:3:55,PERSON:Barack Obama,AGENT,Agent,wn-0422,3,0.7,1
wn-0424:1:4,GPE:China,AGENT,Agent,wn-0424,1,0.75,1
wn-0426:3:62,SPACECRAFT:Soyuz,PATIENT,Patient,wn-0426,3,0.75,1
wn-0428:1:3,SPACECRAFT:Space Shuttle Discovery,PATIENT,Patient,wn-0428,1,0.75,1
wn-0428:3:38,PRODUCT:Discovery,PATIENT,Patient,wn-0428,3,0.75,1
wn-0431:1:7,PERSON:Fyodor Yurchikhin,PATIENT,Patient,wn-0431,1,0.8,1
wn-0436:1:17,SPACECRAFT:Space Shuttle Discovery,PATIENT,Patient,wn-0436,1,0.8,1
wn-0436:6:149,PRODUCT:Discovery,PATIENT,Patient,wn-0436,6,0.75,1
wn-0436:15:409,ORG:Challenger,PATIENT,Patient,wn-0436,15,0.7,1
wn-0436:15:422,SPACECRAFT:Space Shuttle Columbia,PATIENT,Patient,wn-0436,15,0.7,1
wn-0437:1:14,SPACECRAFT:Space Shuttle Discovery,AGENT,Agent,wn-0437,1,0.7,1
wn-0437:1:16,SPACECRAFT:Space Shuttle Discovery,AGENT,Agent,wn-0437,1,0.9,1
wn-0437:1:16,SPACECRAFT:ISS,PATIENT,Patient,wn-0437,1,0.9,1
wn-0438:0:6,SPACECRAFT:Space Shuttle Discovery,PATIENT,Patient,wn-0438,-1,0.8,1
wn-0438:7:215,PRODUCT:Discovery,AGENT,Agent,wn-0438,7,0.7,1
wn-0438:7:240,ORG:Challenger,PATIENT,Patient,wn-0438,7,0.7,1
wn-0440:4:110,SPACECRAFT:Soyuz,PATIENT,Patient,wn-0440,4,0.7,1
wn-0441:0:5,ORG:MySpace,AGENT,Agent,wn-0441,-1,0.75,1
wn-0443:1:12,PERSON:Yuri Gagarin,AGENT,Agent,wn-0443,1,0.7,1
wn-0443:4:97,SPACECRAFT:Space Shuttle,PATIENT,Patient,wn-0443,4,0.75,1
wn-0444:1:36,SPACECRAFT:Space Shuttle Columbia,PATIENT,Patient,wn-0444,1,0.8,1
wn-0444:10:289,ORG:Columbia,PATIENT,Patient,wn-0444,10,0.8,1
wn-0444:11:314,SPACECRAFT:Space Shuttle Challenger,PATIENT,Patient,wn-0444,11,0.8,1
wn-0444:37:1058,PERSON:Yuri Gagarin,AGENT,Agent,wn-0444,37,0.65,1
wn-0445:1:6,SPACECRAFT:Space Shuttle Endeavour,PATIENT,Patient,wn-0445,1,0.8,1
wn-0445:4:102,SPACECRAFT:ISS,PATIENT,Patient,wn-0445,4,0.8,1
wn-0445:22:472,GPE:Endeavour,PATIENT,Patient,wn-0445,22,0.75,1
wn-0449:0:4,SPACECRAFT:Space Shuttle Endeavour,PATIENT,Patient,wn-0449,-1,0.8,1
wn-0449:14:452,SPACECRAFT:Space Shuttle Challenger,PATIENT,Patient,wn-0449,14,0.8,1
wn-0451:1:9,SPACECRAFT:Cassini,AGENT,Agent,wn-0451,1,0.7,1
wn-0451:5:109,SPACECRAFT:Cassini,AGENT,Agent,wn-0451,5,0.65,1
wn-0451:21:591,CELESTIAL:Enceladus,PATIENT,Patient,wn-0451,21,0.75,1
wn-0451:22:615,SPACECRAFT:Cassini,AGENT,Agent,wn-0451,22,0.75,1
wn-0455:0:11,SPACECRAFT:Space Shuttle Atlantis,PATIENT,Patient,wn-0455,-1,0.8,1
wn-0455:19:546,SPACECRAFT:Space Shuttle,PATIENT,Patient,wn-0455,19,0.7,1
wn-0456:1:37,PRODUCT:Atlantis,PATIENT,Patient,wn-0456,1,0.75,1
wn-0456:7:205,PRODUCT:Atlantis,PATIENT,Patient,wn-0456,7,0.8,1
wn-0460:37:1044,PERSON:George J. Gleghorn,AGENT,Agent,wn-0460,37,0.65,1
wn-0467:1:82,SPACECRAFT:ISS,PATIENT,Patient,wn-0467,1,0.8,1
wn-0467:6:218,SPACECRAFT:ISS,PATIENT,Patient,wn-0467,6,0.8,1
wn-0469:17:400,PERSON:Daly,AGENT,Agent,wn-0469,17,0.7,1
wn-0470:8:186,GPE:United States,AGENT,Agent,wn-0470,8,0.7,1
wn-0473:2:111,SPACECRAFT:ISS,PATIENT,Patient,wn-0473,2,0.8,1
wn-0474:0:5,ORG:ESA,AGENT,Agent,wn-0474,-1,0.7,1
wn-0475:5:119,SPACECRAFT:PSLV,PATIENT,Patient,wn-0475,5,0.7,1
wn-0475:8:170,ORG:ISRO,AGENT,Agent,wn-0475,8,0.65,1
wn-0476:12:301,SPACECRAFT:Rosetta,PATIENT,Patient,wn-0476,12,0.7,1
wn-0481:0:6,ORG:SpaceX,AGENT,Agent,wn-0481,-1,0.75,1
wn-0481:5:111,ORG:SpaceX,AGENT,Agent,wn-0481,5,0.7,1
wn-0483:14:197,CELESTIAL:Jupiter,PATIENT,Patient,wn-0483,14,0.8,1
wn-0489:12:216,PRODUCT:Galileo,PATIENT,Patient,wn-0489,12,0.8,1
wn-0489:12:220,PRODUCT:Galileo,AGENT,Agent,wn-0489,12,0.75,1
wn-0490:0:17,SPACECRAFT:Rosetta,PATIENT,Patient,wn-0490,-1,0.8,1
wn-0490:4:123,SPACECRAFT:Rosetta,PATIENT,Patient,wn-0490,4,0.8,1
wn-0490:5:150,SPACECRAFT:Philae,PATIENT,Patient,wn-0490,5,0.7,1
wn-0491:6:158,SPACECRAFT:Apollo 11,PATIENT,Patient,wn-0491,6,0.75,1
wn-0491:10:268,GPE:America,AGENT,Agent,wn-0491,10,0.7,1
wn-0495:0:9,PERSON:MarCO,PATIENT,Patient,wn-0495,-1,0.7,1
wn-0495:1:22,ORG:ULA,AGENT,Agent,wn-0495,1,0.75,1
wn-0495:5:170,ORG:NASA,AGENT,Agent,wn-0495,5,0.7,1
wn-0495:7:229,ORG:NASA,AGENT,Agent,wn-0495,7,0.7,1
wn-0498:0:28,SPACECRAFT:Soyuz,PATIENT,Patient,wn-0498,-1,0.8,1
wn-0498:16:427,SPACECRAFT:Soyuz,PATIENT,Patient,wn-0498,16,0.75,1
wn-0000:7:315,wn-0000:8:333,TEMPORAL,BEFORE,wn-0000,-1,0.3,1
wn-0000:7:315,wn-0000:12:427,TEMPORAL,BEFORE,wn-0000,-1,0.3,1
wn-0000:8:333,wn-0000:12:427,TEMPORAL,BEFORE,wn-0000,-1,0.3,1
wn-0001:0:1,wn-0001:0:21,TEMPORAL,SIMULTANEOUS,wn-0001,-1,0.97,1
wn-0001:0:1,wn-0001:0:36,TEMPORAL,SIMULTANEOUS,wn-0001,-1,0.97,1
wn-0001:0:1,wn-0001:1:60,TEMPORAL,BEFORE,wn-0001,-1,0.3,1
wn-0001:0:1,wn-0001:1:95,TEMPORAL,BEFORE,wn-0001,-1,0.3,1
wn-0001:0:1,wn-0001:2:114,TEMPORAL,BEFORE,wn-0001,-1,0.3,1
wn-0001:0:1,wn-0001:3:137,TEMPORAL,BEFORE,wn-0001,-1,0.3,1
wn-0001:0:1,wn-0001:4:177,TEMPORAL,BEFORE,wn-0001,-1,0.3,1
wn-0001:0:1,wn-0001:5:197,TEMPORAL,BEFORE,wn-0001,-1,0.85,1
wn-0001:0:1,wn-0001:7:241,TEMPORAL,BEFORE,wn-0001,-1,0.3,1
wn-0001:0:1,wn-0001:7:252,TEMPORAL,BEFORE,wn-0001,-1,0.3,1
wn-0001:0:1,wn-0001:8:288,TEMPORAL,BEFORE,wn-0001,-1,0.9,1
wn-0001:0:1,wn-0001:12:331,TEMPORAL,SIMULTANEOUS,wn-0001,-1,0.85,1
wn-0001:0:1,wn-0001:13:353,TEMPORAL,BEFORE,wn-0001,-1,0.75,1
wn-0001:0:1,wn-0001:13:355,TEMPORAL,BEFORE,wn-0001,-1,0.75,1
wn-0001:0:1,wn-0001:13:366,TEMPORAL,BEFORE,wn-0001,-1,0.75,1
wn-0001:0:1,wn-0001:14:383,TEMPORAL,BEFORE,wn-0001,-1,0.75,1
wn-0001:0:1,wn-0001:14:384,TEMPORAL,BEFORE,wn-0001,-1,0.75,1
wn-0001:0:1,wn-0001:15:405,TEMPORAL,BEFORE,wn-0001,-1,0.95,1
wn-0001:0:21,wn-0001:0:36,TEMPORAL,SIMULTANEOUS,wn-0001,-1,0.97,1
wn-0001:0:21,wn-0001:1:60,TEMPORAL,BEFORE,wn-0001,-1,0.3,1
wn-0001:0:21,wn-0001:1:95,TEMPORAL,BEFORE,wn-0001,-1,0.3,1
wn-0001:0:21,wn-0001:2:114,TEMPORAL,BEFORE,wn-0001,-1,0.3,1
wn-0001:0:21,wn-0001:3:137,TEMPORAL,BEFORE,wn-0001,-1,0.3,1
wn-0001:0:21,wn-0001:4:177,TEMPORAL,BEFORE,wn-0001,-1,0.3,1
wn-0001:0:21,wn-0001:5:197,TEMPORAL,BEFORE,wn-0001,-1,0.85,1
wn-0001:0:21,wn-0001:7:241,TEMPORAL,BEFORE,wn-0001,-1,0.3,1
wn-0001:0:21,wn-0001:7:252,TEMPORAL,BEFORE,wn-0001,-1,0.3,1
wn-0001:0:21,wn-0001:8:288,TEMPORAL,BEFORE,wn-0001,-1,0.9,1
wn-0001:0:21,wn-0001:12:331,TEMPORAL,SIMULTANEOUS,wn-0001,-1,0.85,1
wn-0001:0:21,wn-0001:13:353,TEMPORAL,BEFORE,wn-0001,-1,0.75,1
wn-0001:0:21,wn-0001:13:355,TEMPORAL,BEFORE,wn-0001,-1,0.75,1
wn-0001:0:21,wn-0001:13:366,TEMPORAL,BEFORE,wn-0001,-1,0.75,1
wn-0001:0:21,wn-0001:14:383,TEMPORAL,BEFORE,wn-0001,-1,0.75,1
wn-0001:0:21,wn-0001:14:384,TEMPORAL,BEFORE,wn-0001,-1,0.75,1
wn-0001:0:21,wn-0001:15:405,TEMPORAL,BEFORE,wn-0001,-1,0.95,1
wn-0001:0:36,wn-0001:1:60,TEMPORAL,BEFORE,wn-0001,-1,0.3,1
wn-0001:0:36,wn-0001:1:95,TEMPORAL,BEFORE,wn-0001,-1,0.3,1
wn-0001:0:36,wn-0001:2:114,TEMPORAL,BEFORE,wn-0001,-1,0.3,1
wn-0001:0:36,wn-0001:3:137,TEMPORAL,BEFORE,wn-0001,-1,0.3,1
wn-0001:0:36,wn-0001:4:177,TEMPORAL,BEFORE,wn-0001,-1,0.3,1
wn-0001:0:36,wn-0001:5:197,TEMPORAL,BEFORE,wn-0001,-1,0.85,1
wn-0001:0:36,wn-0001:7:241,TEMPORAL,BEFORE,wn-0001,-1,0.3,1
wn-0001:0:36,wn-0001:7:252,TEMPORAL,BEFORE,wn-0001,-1,0.3,1
wn-0001:0:36,wn-0001:8:288,TEMPORAL,BEFORE,wn-0001,-1,0.9,1
wn-0001:0:36,wn-0001:12:331,TEMPORAL,SIMULTANEOUS,wn-0001,-1,0.85,1
wn-0001:0:36,wn-0001:13:353,TEMPORAL,BEFORE,wn-0001,-1,0.75,1
wn-0001:0:36,wn-0001:13:355,TEMPORAL,BEFORE,wn-0001,-1,0.75,1
wn-0001:0:36,wn-0001:13:366,TEMPORAL,BEFORE,wn-0001,-1,0.75,1
wn-0001:0:36,wn-0001:14:383,TEMPORAL,BEFORE,wn-0001,-1,0.75,1
wn-0001:0:36,wn-0001:14:384,TEMPORAL,BEFORE,wn-0001,-1,0.75,1
wn-0001:0:36,wn-0001:15:405,TEMPORAL,BEFORE,wn-0001,-1,0.95,1
wn-0001:1:60,wn-0001:1:95,TEMPORAL,BEFORE,wn-0001,-1,0.5,1
wn-0001:1:60,wn-0001:2:114,TEMPORAL,BEFORE,wn-0001,-1,0.3,1
wn-0001:1:60,wn-0001:3:137,TEMPORAL,BEFORE,wn-0001,-1,0.3,1
wn-0001:1:60,wn-0001:4:177,TEMPORAL,BEFORE,wn-0001,-1,0.3,1
wn-0001:1:60,wn-0001:5:197,TEMPORAL,BEFORE,wn-0001,-1,0.3,1
wn-0001:1:60,wn-0001:7:241,TEMPORAL,BEFORE,wn-0001,-1,0.3,1
wn-0001:1:60,wn-0001:7:252,TEMPORAL,BEFORE,wn-0001,-1,0.3,1
wn-0001:1:60,wn-0001:8:288,TEMPORAL,BEFORE,wn-0001,-1,0.3,1
wn-0001:1:60,wn-0001:12:331,TEMPORAL,BEFORE,wn-0001,-1,0.3,1
wn-0001:1:60,wn-0001:13:353,TEMPORAL,BEFORE,wn-0001,-1,0.3,1
wn-0001:1:60,wn-0001:13:355,TEMPORAL,BEFORE,wn-0001,-1,0.3,1
wn-0001:1:60,wn-0001:13:366,TEMPORAL,BEFORE,wn-0001,-1,0.3,1
wn-0001:1:60,wn-0001:14:383,TEMPORAL,BEFORE,wn-0001,-1,0.3,1
wn-0001:1:60,wn-0001:14:384,TEMPORAL,BEFORE,wn-0001,-1,0.3,1
wn-0001:1:60,wn-0001:15:405,TEMPORAL,BEFORE,wn-0001,-1,0.3,1
wn-0001:1:95,wn-0001:2:114,TEMPORAL,BEFORE,wn-0001,-1,0.3,1
wn-0001:1:95,wn-0001:3:137,TEMPORAL,BEFORE,wn-0001,-1,0.3,1
wn-0001:1:95,wn-0001:4:177,TEMPORAL,BEFORE,wn-0001,-1,0.3,1
wn-0001:1:95,wn-0001:5:197,TEMPORAL,BEFORE,wn-0001,-1,0.3,1
wn-0001:1:95,wn-0001:7:241,TEMPORAL,BEFORE,wn-0001,-1,0.3,1
wn-0001:1:95,wn-0001:7:252,TEMPORAL,BEFORE,wn-0001,-1,0.3,1
wn-0001:1:95,wn-0001:8:288,TEMPORAL,BEFORE,wn-0001,-1,0.3,1
wn-0001:1:95,wn-0001:12:331,TEMPORAL,BEFORE,wn-0001,-1,0.3,1
wn-0001:1:95,wn-0001:13:353,TEMPORAL,BEFORE,wn-0001,-1,0.3,1
wn-0001:1:95,wn-0001:13:355,TEMPORAL,BEFORE,wn-0001,-1,0.3,1
wn-0001:1:95,wn-0001:13:366,TEMPORAL,BEFORE,wn-0001,-1,0.3,1
wn-0001:1:95,wn-0001:14:383,TEMPORAL,BEFORE,wn-0001,-1,0.3,1
wn-0001:1:95,wn-0001:14:384,TEMPORAL,BEFORE,wn-0001,-1,0.3,1
wn-0001:1:95,wn-0001:15:405,TEMPORAL,BEFORE,wn-0001,-1,0.3,1
wn-0001:2:114,wn-0001:3:137,TEMPORAL,BEFORE,wn-0001,-1,0.3,1
wn-0001:2:114,wn-0001:4:177,TEMPORAL,BEFORE,wn-0001,-1,0.3,1
wn-0001:2:114,wn-0001:5:197,TEMPORAL,BEFORE,wn-0001,-1,0.3,1
wn-0001:2:114,wn-0001:7:241,TEMPORAL,BEFORE,wn-0001,-1,0.3,1
wn-0001:2:114,wn-0001:7:252,TEMPORAL,BEFORE,wn-0001,-1,0.3,1
wn-0001:2:114,wn-0001:8:288,TEMPORAL,BEFORE,wn-0001,-1,0.3,1
wn-0001:2:114,wn-0001:12:331,TEMPORAL,BEFORE,wn-0001,-1,0.3,1
wn-0001:2:114,wn-0001:13:353,TEMPORAL,BEFORE,wn-0001,-1,0.3,1
wn-0001:2:114,wn-0001:13:355,TEMPORAL,BEFORE,wn-0001,-1,0.3,1
wn-0001:2:114,wn-0001:13:366,TEMPORAL,BEFORE,wn-0001,-1,0.3,1
wn-0001:2:114,wn-0001:14:383,TEMPORAL,BEFORE,wn-0001,-1,0.3,1
wn-0001:2:114,wn-0001:14:384,TEMPORAL,BEFORE,wn-0001,-1,0.3,1
wn-0001:2:114,wn-0001:15:405,TEMPORAL,BEFORE,wn-0001,-1,0.3,1
wn-0001:3:137,wn-0001:4:177,TEMPORAL,BEFORE,wn-0001,-1,0.3,1
wn-0001:3:137,wn-0001:5:197,TEMPORAL,BEFORE,wn-0001,-1,0.3,1
wn-0001:3:137,wn-0001:7:241,TEMPORAL,BEFORE,wn-0001,-1,0.3,1
wn-0001:3:137,wn-0001:7:252,TEMPORAL,BEFORE,wn-0001,-1,0.3,1
wn-0001:3:137,wn-0001:8:288,TEMPORAL,BEFORE,wn-0001,-1,0.3,1
wn-0001:3:137,wn-0001:12:331,TEMPORAL,BEFORE,wn-0001,-1,0.3,1
wn-0001:3:137,wn-0001:13:353,TEMPORAL,BEFORE,wn-0001,-1,0.3,1
wn-0001:3:137,wn-0001:13:355,TEMPORAL,BEFORE,wn-0001,-1,0.3,1
wn-0001:3:137,wn-0001:13:366,TEMPORAL,BEFORE,wn-0001,-1,0.3,1
wn-0001:3:137,wn-0001:14:383,TEMPORAL,BEFORE,wn-0001,-1,0.3,1
wn-0001:3:137,wn-0001:14:384,TEMPORAL,BEFORE,wn-0001,-1,0.3,1
wn-0001:3:137,wn-0001:15:405,TEMPORAL,BEFORE,wn-0001,-1,0.3,1
wn-0001:4:177,wn-0001:5:197,TEMPORAL,BEFORE,wn-0001,-1,0.3,1
wn-0001:4:177,wn-0001:7:241,TEMPORAL,BEFORE,wn-0001,-1,0.3,1
wn-0001:4:177,wn-0001:7:252,TEMPORAL,BEFORE,wn-0001,-1,0.3,1
wn-0001:4:177,wn-0001:8:288,TEMPORAL,BEFORE,wn-0001,-1,0.3,1
wn-0001:4:177,wn-0001:12:331,TEMPORAL,BEFORE,wn-0001,-1,0.3,1
wn-0001:4:177,wn-0001:13:353,TEMPORAL,BEFORE,wn-0001,-1,0.3,1
wn-0001:4:177,wn-0001:13:355,TEMPORAL,BEFORE,wn-0001,-1,0.3,1
wn-0001:4:177,wn-0001:13:366,TEMPORAL,BEFORE,wn-0001,-1,0.3,1
wn-0001:4:177,wn-0001:14:383,TEMPORAL,BEFORE,wn-0001,-1,0.3,1
wn-0001:4:177,wn-0001:14:384,TEMPORAL,BEFORE,wn-0001,-1,0.3,1
wn-0001:4:177,wn-0001:15:405,TEMPORAL,BEFORE,wn-0001,-1,0.3,1
wn-0001:5:197,wn-0001:7:241,TEMPORAL,BEFORE,wn-0001,-1,0.3,1
wn-0001:5:197,wn-0001:7:252,TEMPORAL,BEFORE,wn-0001,-1,0.3,1
wn-0001:5:197,wn-0001:8:288,TEMPORAL,AFTER,wn-0001,-1,0.85,1
wn-0001:5:197,wn-0001:12:331,TEMPORAL,AFTER,wn-0001,-1,0.85,1
wn-0001:5:197,wn-0001:13:353,TEMPORAL,AFTER,wn-0001,-1,0.75,1
wn-0001:5:197,wn-0001:13:355,TEMPORAL,AFTER,wn-0001,-1,0.75,1
wn-0001:5:197,wn-0001:13:366,TEMPORAL,AFTER,wn-0001,-1,0.75,1
wn-0001:5:197,wn-0001:14:383,TEMPORAL,AFTER,wn-0001,-1,0.75,1
wn-0001:5:197,wn-0001:14:384,TEMPORAL,AFTER,wn-0001,-1,0.75,1
wn-0001:5:197,wn-0001:15:405,TEMPORAL,AFTER,wn-0001,-1,0.85,1
wn-0001:7:241,wn-0001:8:288,TEMPORAL,BEFORE,wn-0001,-1,0.3,1
wn-0001:7:241,wn-0001:12:331,TEMPORAL,BEFORE,wn-0001,-1,0.3,1
wn-0001:7:241,wn-0001:13:353,TEMPORAL,BEFORE,wn-0001,-1,0.3,1
wn-0001:7:241,wn-0001:13:355,TEMPORAL,BEFORE,wn-0001,-1,0.3,1
wn-0001:7:241,wn-0001:13:366,TEMPORAL,BEFORE,wn-0001,-1,0.3,1
wn-0001:7:241,wn-0001:14:383,TEMPORAL,BEFORE,wn-0001,-1,0.3,1
wn-0001:7:241,wn-0001:14:384,TEMPORAL,BEFORE,wn-0001,-1,0.3,1
wn-0001:7:241,wn-0001:15:405,TEMPORAL,BEFORE,wn-0001,-1,0.3,1
wn-0001:7:252,wn-0001:8:288,TEMPORAL,BEFORE,wn-0001,-1,0.3,1
wn-0001:7:252,wn-0001:12:331,TEMPORAL,BEFORE,wn-0001,-1,0.3,1
wn-0001:7:252,wn-0001:13:353,TEMPORAL,BEFORE,wn-0001,-1,0.3,1
wn-0001:7:252,wn-0001:13:355,TEMPORAL,BEFORE,wn-0001,-1,0.3,1
wn-0001:7:252,wn-0001:13:366,TEMPORAL,BEFORE,wn-0001,-1,0.3,1
wn-0001:7:252,wn-0001:14:383,TEMPORAL,BEFORE,wn-0001,-1,0.3,1
wn-0001:7:252,wn-0001:14:384,TEMPORAL,BEFORE,wn-0001,-1,0.3,1
wn-0001:7:252,wn-0001:15:405,TEMPORAL,BEFORE,wn-0001,-1,0.3,1
wn-0001:8:288,wn-0001:12:331,TEMPORAL,AFTER,wn-0001,-1,0.85,1
wn-0001:8:288,wn-0001:13:353,TEMPORAL,BEFORE,wn-0001,-1,0.75,1
wn-0001:8:288,wn-0001:13:355,TEMPORAL,BEFORE,wn-0001,-1,0.75,1
wn-0001:8:288,wn-0001:13:366,TEMPORAL,BEFORE,wn-0001,-1,0.75,1
wn-0001:8:288,wn-0001:14:383,TEMPORAL,BEFORE,wn-0001,-1,0.75,1
wn-0001:8:288,wn-0001:14:384,TEMPORAL,BEFORE,wn-0001,-1,0.75,1
wn-0001:8:288,wn-0001:15:405,TEMPORAL,BEFORE,wn-0001,-1,0.9,1
wn-0001:12:331,wn-0001:13:353,TEMPORAL,BEFORE,wn-0001,-1,0.75,1
wn-0001:12:331,wn-0001:13:355,TEMPORAL,BEFORE,wn-0001,-1,0.75,1
wn-0001:12:331,wn-0001:13:366,TEMPORAL,BEFORE,wn-0001,-1,0.75,1
wn-0001:12:331,wn-0001:14:383,TEMPORAL,BEFORE,wn-0001,-1,0.75,1
wn-0001:12:331,wn-0001:14:384,TEMPORAL,BEFORE,wn-0001,-1,0.75,1
wn-0001:12:331,wn-0001:15:405,TEMPORAL,BEFORE,wn-0001,-1,0.85,1
wn-0001:13:353,wn-0001:13:355,TEMPORAL,SIMULTANEOUS,wn-0001,-1,0.75,1
wn-0001:13:353,wn-0001:13:366,TEMPORAL,SIMULTANEOUS,wn-0001,-1,0.75,1
wn-0001:13:353,wn-0001:14:383,TEMPORAL,AFTER,wn-0001,-1,0.75,1
wn-0001:13:353,wn-0001:14:384,TEMPORAL,AFTER,wn-0001,-1,0.75,1
wn-0001:13:353,wn-0001:15:405,TEMPORAL,SIMULTANEOUS,wn-0001,-1,0.75,1
wn-0001:13:355,wn-0001:13:366,TEMPORAL,SIMULTANEOUS,wn-0001,-1,0.75,1
wn-0001:13:355,wn-0001:14:383,TEMPORAL,AFTER,wn-0001,-1,0.75,1
wn-0001:13:355,wn-0001:14:384,TEMPORAL,AFTER,wn-0001,-1,0.75,1
wn-0001:13:355,wn-0001:15:405,TEMPORAL,SIMULTANEOUS,wn-0001,-1,0.75,1
wn-0001:13:366,wn-0001:14:383,TEMPORAL,AFTER,wn-0001,-1,0.75,1
wn-0001:13:366,wn-0001:14:384,TEMPORAL,AFTER,wn-0001,-1,0.75,1
wn-0001:13:366,wn-0001:15:405,TEMPORAL,SIMULTANEOUS,wn-0001,-1,0.75,1
wn-0001:14:383,wn-0001:14:384,TEMPORAL,SIMULTANEOUS,wn-0001,-1,0.75,1
wn-0001:14:383,wn-0001:15:405,TEMPORAL,BEFORE,wn-0001,-1,0.75,1
wn-0001:14:384,wn-0001:15:405,TEMPORAL,BEFORE,wn-0001,-1,0.75,1
wn-0002:0:1,wn-0002:0:21,TEMPORAL,SIMULTANEOUS,wn-0002,-1,0.97,1
wn-0002:0:1,wn-0002:0:35,TEMPORAL,SIMULTANEOUS,wn-0002,-1,0.97,1
wn-0002:0:1,wn-0002:1:59,TEMPORAL,BEFORE,wn-0002,-1,0.3,1
wn-0002:0:1,wn-0002:1:94,TEMPORAL,BEFORE,wn-0002,-1,0.3,1
wn-0002:0:1,wn-0002:2:113,TEMPORAL,BEFORE,wn-0002,-1,0.3,1
wn-0002:0:1,wn-0002:3:136,TEMPORAL,BEFORE,wn-0002,-1,0.3,1
wn-0002:0:1,wn-0002:4:177,TEMPORAL,BEFORE,wn-0002,-1,0.3,1
wn-0002:0:1,wn-0002:5:197,TEMPORAL,BEFORE,wn-0002,-1,0.85,1
wn-0002:0:1,wn-0002:7:241,TEMPORAL,BEFORE,wn-0002,-1,0.3,1
wn-0002:0:1,wn-0002:7:252,TEMPORAL,BEFORE,wn-0002,-1,0.3,1
wn-0002:0:1,wn-0002:8:288,TEMPORAL,BEFORE,wn-0002,-1,0.9,1
wn-0002:0:1,wn-0002:12:331,TEMPORAL,SIMULTANEOUS,wn-0002,-1,0.85,1
wn-0002:0:1,wn-0002:13:353,TEMPORAL,BEFORE,wn-0002,-1,0.75,1
wn-0002:0:1,wn-0002:13:355,TEMPORAL,BEFORE,wn-0002,-1,0.75,1
wn-0002:0:1,wn-0002:13:366,TEMPORAL,BEFORE,wn-0002,-1,0.75,1
wn-0002:0:1,wn-0002:14:383,TEMPORAL,BEFORE,wn-0002,-1,0.75,1
wn-0002:0:1,wn-0002:14:384,TEMPORAL,BEFORE,wn-0002,-1,0.75,1
wn-0002:0:1,wn-0002:15:405,TEMPORAL,BEFORE,wn-0002,-1,0.95,1
wn-0002:0:21,wn-0002:0:35,TEMPORAL,SIMULTANEOUS,wn-0002,-1,0.97,1
wn-0002:0:21,wn-0002:1:59,TEMPORAL,BEFORE,wn-0002,-1,0.3,1
wn-0002:0:21,wn-0002:1:94,TEMPORAL,BEFORE,wn-0002,-1,0.3,1
wn-0002:0:21,wn-0002:2:113,TEMPORAL,BEFORE,wn-0002,-1,0.3,1
wn-0002:0:21,wn-0002:3:136,TEMPORAL,BEFORE,wn-0002,-1,0.3,1
wn-0002:0:21,wn-0002:4:177,TEMPORAL,BEFORE,wn-0002,-1,0.3,1
wn-0002:0:21,wn-0002:5:197,TEMPORAL,BEFORE,wn-0002,-1,0.85,1
wn-0002:0:21,wn-0002:7:241,TEMPORAL,BEFORE,wn-0002,-1,0.3,1
wn-0002:0:21,wn-0002:7:252,TEMPORAL,BEFORE,wn-0002,-1,0.3,1
wn-0002:0:21,wn-0002:8:288,TEMPORAL,BEFORE,wn-0002,-1,0.9,1
wn-0002:0:21,wn-0002:12:331,TEMPORAL,SIMULTANEOUS,wn-0002,-1,0.85,1
wn-0002:0:21,wn-0002:13:353,TEMPORAL,BEFORE,wn-0002,-1,0.75,1
wn-0002:0:21,wn-0002:13:355,TEMPORAL,BEFORE,wn-0002,-1,0.75,1
wn-0002:0:21,wn-0002:13:366,TEMPORAL,BEFORE,wn-0002,-1,0.75,1
wn-0002:0:21,wn-0002:14:383,TEMPORAL,BEFORE,wn-0002,-1,0.75,1
wn-0002:0:21,wn-0002:14:384,TEMPORAL,BEFORE,wn-0002,-1,0.75,1
wn-0002:0:21,wn-0002:15:405,TEMPORAL,BEFORE,wn-0002,-1,0.95,1
wn-0002:0:35,wn-0002:1:59,TEMPORAL,BEFORE,wn-0002,-1,0.3,1
wn-0002:0:35,wn-0002:1:94,TEMPORAL,BEFORE,wn-0002,-1,0.3,1
wn-0002:0:35,wn-0002:2:113,TEMPORAL,BEFORE,wn-0002,-1,0.3,1
wn-0002:0:35,wn-0002:3:136,TEMPORAL,BEFORE,wn-0002,-1,0.3,1
wn-0002:0:35,wn-0002:4:177,TEMPORAL,BEFORE,wn-0002,-1,0.3,1
wn-0002:0:35,wn-0002:5:197,TEMPORAL,BEFORE,wn-0002,-1,0.85,1
wn-0002:0:35,wn-0002:7:241,TEMPORAL,BEFORE,wn-0002,-1,0.3,1
wn-0002:0:35,wn-0002:7:252,TEMPORAL,BEFORE,wn-0002,-1,0.3,1
wn-0002:0:35,wn-0002:8:288,TEMPORAL,BEFORE,wn-0002,-1,0.9,1
wn-0002:0:35,wn-0002:12:331,TEMPORAL,SIMULTANEOUS,wn-0002,-1,0.85,1
wn-0002:0:35,wn-0002:13:353,TEMPORAL,BEFORE,wn-0002,-1,0.75,1
wn-0002:0:35,wn-0002:13:355,TEMPORAL,BEFORE,wn-0002,-1,0.75,1
wn-0002:0:35,wn-0002:13:366,TEMPORAL,BEFORE,wn-0002,-1,0.75,1
wn-0002:0:35,wn-0002:14:383,TEMPORAL,BEFORE,wn-0002,-1,0.75,1
wn-0002:0:35,wn-0002:14:384,TEMPORAL,BEFORE,wn-0002,-1,0.75,1
wn-0002:0:35,wn-0002:15:405,TEMPORAL,BEFORE,wn-0002,-1,0.95,1
wn-0002:1:59,wn-0002:1:94,TEMPORAL,BEFORE,wn-0002,-1,0.5,1
wn-0002:1:59,wn-0002:2:113,TEMPORAL,BEFORE,wn-0002,-1,0.3,1
wn-0002:1:59,wn-0002:3:136,TEMPORAL,BEFORE,wn-0002,-1,0.3,1
wn-0002:1:59,wn-0002:4:177,TEMPORAL,BEFORE,wn-0002,-1,0.3,1
wn-0002:1:59,wn-0002:5:197,TEMPORAL,BEFORE,wn-0002,-1,0.3,1
wn-0002:1:59,wn-0002:7:241,TEMPORAL,BEFORE,wn-0002,-1,0.3,1
wn-0002:1:59,wn-0002:7:252,TEMPORAL,BEFORE,wn-0002,-1,0.3,1
wn-0002:1:59,wn-0002:8:288,TEMPORAL,BEFORE,wn-0002,-1,0.3,1
wn-0002:1:59,wn-0002:12:331,TEMPORAL,BEFORE,wn-0002,-1,0.3,1
wn-0002:1:59,wn-0002:13:353,TEMPORAL,BEFORE,wn-0002,-1,0.3,1
wn-0002:1:59,wn-0002:13:355,TEMPORAL,BEFORE,wn-0002,-1,0.3,1
wn-0002:1:59,wn-0002:13:366,TEMPORAL,BEFORE,wn-0002,-1,0.3,1
wn-0002:1:59,wn-0002:14:383,TEMPORAL,BEFORE,wn-0002,-1,0.3,1
wn-0002:1:59,wn-0002:14:384,TEMPORAL,BEFORE,wn-0002,-1,0.3,1
wn-0002:1:59,wn-0002:15:405,TEMPORAL,BEFORE,wn-0002,-1,0.3,1
wn-0002:1:94,wn-0002:2:113,TEMPORAL,BEFORE,wn-0002,-1,0.3,1
wn-0002:1:94,wn-0002:3:136,TEMPORAL,BEFORE,wn-0002,-1,0.3,1
wn-0002:1:94,wn-0002:4:177,TEMPORAL,BEFORE,wn-0002,-1,0.3,1
wn-0002:1:94,wn-0002:5:197,TEMPORAL,BEFORE,wn-0002,-1,0.3,1
wn-0002:1:94,wn-0002:7:241,TEMPORAL,BEFORE,wn-0002,-1,0.3,1
wn-0002:1:94,wn-0002:7:252,TEMPORAL,BEFORE,wn-0002,-1,0.3,1
wn-0002:1:94,wn-0002:8:288,TEMPORAL,BEFORE,wn-0002,-1,0.3,1
wn-0002:1:94,wn-0002:12:331,TEMPORAL,BEFORE,wn-0002,-1,0.3,1
wn-0002:1:94,wn-0002:13:353,TEMPORAL,BEFORE,wn-0002,-1,0.3,1
wn-0002:1:94,wn-0002:13:355,TEMPORAL,BEFORE,wn-0002,-1,0.3,1
wn-0002:1:94,wn-0002:13:366,TEMPORAL,BEFORE,wn-0002,-1,0.3,1
wn-0002:1:94,wn-0002:14:383,TEMPORAL,BEFORE,wn-0002,-1,0.3,1
wn-0002:1:94,wn-0002:14:384,TEMPORAL,BEFORE,wn-0002,-1,0.3,1
wn-0002:1:94,wn-0002:15:405,TEMPORAL,BEFORE,wn-0002,-1,0.3,1
wn-0002:2:113,wn-0002:3:136,TEMPORAL,BEFORE,wn-0002,-1,0.3,1
wn-0002:2:113,wn-0002:4:177,TEMPORAL,BEFORE,wn-0002,-1,0.3,1
wn-0002:2:113,wn-0002:5:197,TEMPORAL,BEFORE,wn-0002,-1,0.3,1
wn-0002:2:113,wn-0002:7:241,TEMPORAL,BEFORE,wn-0002,-1,0.3,1
wn-0002:2:113,wn-0002:7:252,TEMPORAL,BEFORE,wn-0002,-1,0.3,1
wn-0002:2:113,wn-0002:8:288,TEMPORAL,BEFORE,wn-0002,-1,0.3,1
wn-0002:2:113,wn-0002:12:331,TEMPORAL,BEFORE,wn-0002,-1,0.3,1
wn-0002:2:113,wn-0002:13:353,TEMPORAL,BEFORE,wn-0002,-1,0.3,1
wn-0002:2:113,wn-0002:13:355,TEMPORAL,BEFORE,wn-0002,-1,0.3,1
wn-0002:2:113,wn-0002:13:366,TEMPORAL,BEFORE,wn-0002,-1,0.3,1
wn-0002:2:113,wn-0002:14:383,TEMPORAL,BEFORE,wn-0002,-1,0.3,1
wn-0002:2:113,wn-0002:14:384,TEMPORAL,BEFORE,wn-0002,-1,0.3,1
wn-0002:2:113,wn-0002:15:405,TEMPORAL,BEFORE,wn-0002,-1,0.3,1
wn-0002:3:136,wn-0002:4:177,TEMPORAL,BEFORE,wn-0002,-1,0.3,1
wn-0002:3:136,wn-0002:5:197,TEMPORAL,BEFORE,wn-0002,-1,0.3,1
wn-0002:3:136,wn-0002:7:241,TEMPORAL,BEFORE,wn-0002,-1,0.3,1
wn-0002:3:136,wn-0002:7:252,TEMPORAL,BEFORE,wn-0002,-1,0.3,1
wn-0002:3:136,wn-0002:8:288,TEMPORAL,BEFORE,wn-0002,-1,0.3,1
wn-0002:3:136,wn-0002:12:331,TEMPORAL,BEFORE,wn-0002,-1,0.3,1
wn-0002:3:136,wn-0002:13:353,TEMPORAL,BEFORE,wn-0002,-1,0.3,1
wn-0002:3:136,wn-0002:13:355,TEMPORAL,BEFORE,wn-0002,-1,0.3,1
wn-0002:3:136,wn-0002:13:366,TEMPORAL,BEFORE,wn-0002,-1,0.3,1
wn-0002:3:136,wn-0002:14:383,TEMPORAL,BEFORE,wn-0002,-1,0.3,1
wn-0002:3:136,wn-0002:14:384,TEMPORAL,BEFORE,wn-0002,-1,0.3,1
wn-0002:3:136,wn-0002:15:405,TEMPORAL,BEFORE,wn-0002,-1,0.3,1
wn-0002:4:177,wn-0002:5:197,TEMPORAL,BEFORE,wn-0002,-1,0.3,1
wn-0002:4:177,wn-0002:7:241,TEMPORAL,BEFORE,wn-0002,-1,0.3,1
wn-0002:4:177,wn-0002:7:252,TEMPORAL,BEFORE,wn-0002,-1,0.3,1
wn-0002:4:177,wn-0002:8:288,TEMPORAL,BEFORE,wn-0002,-1,0.3,1
wn-0002:4:177,wn-0002:12:331,TEMPORAL,BEFORE,wn-0002,-1,0.3,1
wn-0002:4:177,wn-0002:13:353,TEMPORAL,BEFORE,wn-0002,-1,0.3,1
wn-0002:4:177,wn-0002:13:355,TEMPORAL,BEFORE,wn-0002,-1,0.3,1
wn-0002:4:177,wn-0002:13:366,TEMPORAL,BEFORE,wn-0002,-1,0.3,1
wn-0002:4:177,wn-0002:14:383,TEMPORAL,BEFORE,wn-0002,-1,0.3,1
wn-0002:4:177,wn-0002:14:384,TEMPORAL,BEFORE,wn-0002,-1,0.3,1
wn-0002:4:177,wn-0002:15:405,TEMPORAL,BEFORE,wn-0002,-1,0.3,1
wn-0002:5:197,wn-0002:7:241,TEMPORAL,BEFORE,wn-0002,-1,0.3,1
wn-0002:5:197,wn-0002:7:252,TEMPORAL,BEFORE,wn-0002,-1,0.3,1
wn-0002:5:197,wn-0002:8:288,TEMPORAL,AFTER,wn-0002,-1,0.85,1
wn-0002:5:197,wn-0002:12:331,TEMPORAL,AFTER,wn-0002,-1,0.85,1
wn-0002:5:197,wn-0002:13:353,TEMPORAL,AFTER,wn-0002,-1,0.75,1
wn-0002:5:197,wn-0002:13:355,TEMPORAL,AFTER,wn-0002,-1,0.75,1
wn-0002:5:197,wn-0002:13:366,TEMPORAL,AFTER,wn-0002,-1,0.75,1
wn-0002:5:197,wn-0002:14:383,TEMPORAL,AFTER,wn-0002,-1,0.75,1
wn-0002:5:197,wn-0002:14:384,TEMPORAL,AFTER,wn-0002,-1,0.75,1
wn-0002:5:197,wn-0002:15:405,TEMPORAL,AFTER,wn-0002,-1,0.85,1
wn-0002:7:241,wn-0002:8:288,TEMPORAL,BEFORE,wn-0002,-1,0.3,1
wn-0002:7:241,wn-0002:12:331,TEMPORAL,BEFORE,wn-0002,-1,0.3,1
wn-0002:7:241,wn-0002:13:353,TEMPORAL,BEFORE,wn-0002,-1,0.3,1
wn-0002:7:241,wn-0002:13:355,TEMPORAL,BEFORE,wn-0002,-1,0.3,1
wn-0002:7:241,wn-0002:13:366,TEMPORAL,BEFORE,wn-0002,-1,0.3,1
wn-0002:7:241,wn-0002:14:383,TEMPORAL,BEFORE,wn-0002,-1,0.3,1
wn-0002:7:241,wn-0002:14:384,TEMPORAL,BEFORE,wn-0002,-1,0.3,1
wn-0002:7:241,wn-0002:15:405,TEMPORAL,BEFORE,wn-0002,-1,0.3,1
wn-0002:7:252,wn-0002:8:288,TEMPORAL,BEFORE,wn-0002,-1,0.3,1
wn-0002:7:252,wn-0002:12:331,TEMPORAL,BEFORE,wn-0002,-1,0.3,1
wn-0002:7:252,wn-0002:13:353,TEMPORAL,BEFORE,wn-0002,-1,0.3,1
wn-0002:7:252,wn-0002:13:355,TEMPORAL,BEFORE,wn-0002,-1,0.3,1
wn-0002:7:252,wn-0002:13:366,TEMPORAL,BEFORE,wn-0002,-1,0.3,1
wn-0002:7:252,wn-0002:14:383,TEMPORAL,BEFORE,wn-0002,-1,0.3,1
wn-0002:7:252,wn-0002:14:384,TEMPORAL,BEFORE,wn-0002,-1,0.3,1
wn-0002:7:252,wn-0002:15:405,TEMPORAL,BEFORE,wn-0002,-1,0.3,1
wn-0002:8:288,wn-0002:12:331,TEMPORAL,AFTER,wn-0002,-1,0.85,1
wn-0002:8:288,wn-0002:13:353,TEMPORAL,BEFORE,wn-0002,-1,0.75,1
wn-0002:8:288,wn-0002:13:355,TEMPORAL,BEFORE,wn-0002,-1,0.75,1
wn-0002:8:288,wn-0002:13:366,TEMPORAL,BEFORE,wn-0002,-1,0.75,1
wn-0002:8:288,wn-0002:14:383,TEMPORAL,BEFORE,wn-0002,-1,0.75,1
wn-0002:8:288,wn-0002:14:384,TEMPORAL,BEFORE,wn-0002,-1,0.75,1
wn-0002:8:288,wn-0002:15:405,TEMPORAL,BEFORE,wn-0002,-1,0.9,1
wn-0002:12:331,wn-0002:13:353,TEMPORAL,BEFORE,wn-0002,-1,0.75,1
wn-0002:12:331,wn-0002:13:355,TEMPORAL,BEFORE,wn-0002,-1,0.75,1
wn-0002:12:331,wn-0002:13:366,TEMPORAL,BEFORE,wn-0002,-1,0.75,1
wn-0002:12:331,wn-0002:14:383,TEMPORAL,BEFORE,wn-0002,-1,0.75,1
wn-0002:12:331,wn-0002:14:384,TEMPORAL,BEFORE,wn-0002,-1,0.75,1
wn-0002:12:331,wn-0002:15:405,TEMPORAL,BEFORE,wn-0002,-1,0.85,1
wn-0002:13:353,wn-0002:13:355,TEMPORAL,SIMULTANEOUS,wn-0002,-1,0.75,1
wn-0002:13:353,wn-0002:13:366,TEMPORAL,SIMULTANEOUS,wn-0002,-1,0.75,1
wn-0002:13:353,wn-0002:14:383,TEMPORAL,AFTER,wn-0002,-1,0.75,1
wn-0002:13:353,wn-0002:14:384,TEMPORAL,AFTER,wn-0002,-1,0.75,1
wn-0002:13:353,wn-0002:15:405,TEMPORAL,SIMULTANEOUS,wn-0002,-1,0.75,1
wn-0002:13:355,wn-0002:13:366,TEMPORAL,SIMULTANEOUS,wn-0002,-1,0.75,1
wn-0002:13:355,wn-0002:14:383,TEMPORAL,AFTER,wn-0002,-1,0.75,1
wn-0002:13:355,wn-0002:14:384,TEMPORAL,AFTER,wn-0002,-1,0.75,1
wn-0002:13:355,wn-0002:15:405,TEMPORAL,SIMULTANEOUS,wn-0002,-1,0.75,1
wn-0002:13:366,wn-0002:14:383,TEMPORAL,AFTER,wn-0002,-1,0.75,1
wn-0002:13:366,wn-0002:14:384,TEMPORAL,AFTER,wn-0002,-1,0.75,1
wn-0002:13:366,wn-0002:15:405,TEMPORAL,SIMULTANEOUS,wn-0002,-1,0.75,1
wn-0002:14:383,wn-0002:14:384,TEMPORAL,SIMULTANEOUS,wn-0002,-1,0.75,1
wn-0002:14:383,wn-0002:15:405,TEMPORAL,BEFORE,wn-0002,-1,0.75,1
wn-0002:14:384,wn-0002:15:405,TEMPORAL,BEFORE,wn-0002,-1,0.75,1
wn-0003:2:65,wn-0003:5:102,TEMPORAL,BEFORE,wn-0003,-1,0.3,1
wn-0003:2:65,wn-0003:8:162,TEMPORAL,BEFORE,wn-0003,-1,0.3,1
wn-0003:5:102,wn-0003:8:162,TEMPORAL,BEFORE,wn-0003,-1,0.3,1
wn-0004:0:16,wn-0004:0:8,TEMPORAL,SIMULTANEOUS,wn-0004,-1,0.97,1
wn-0004:0:16,wn-0004:3:93,TEMPORAL,BEFORE,wn-0004,-1,0.3,1
wn-0004:0:16,wn-0004:5:157,TEMPORAL,BEFORE,wn-0004,-1,0.3,1
wn-0004:0:16,wn-0004:5:169,TEMPORAL,BEFORE,wn-0004,-1,0.3,1
wn-0004:0:16,wn-0004:6:205,TEMPORAL,BEFORE,wn-0004,-1,0.3,1
wn-0004:0:16,wn-0004:9:269,TEMPORAL,BEFORE,wn-0004,-1,0.3,1
wn-0004:0:16,wn-0004:11:315,TEMPORAL,BEFORE,wn-0004,-1,0.3,1
wn-0004:0:8,wn-0004:3:93,TEMPORAL,BEFORE,wn-0004,-1,0.3,1
wn-0004:0:8,wn-0004:5:157,TEMPORAL,BEFORE,wn-0004,-1,0.3,1
wn-0004:0:8,wn-0004:5:169,TEMPORAL,BEFORE,wn-0004,-1,0.3,1
wn-0004:0:8,wn-0004:6:205,TEMPORAL,BEFORE,wn-0004,-1,0.3,1
wn-0004:0:8,wn-0004:9:269,TEMPORAL,BEFORE,wn-0004,-1,0.3,1
wn-0004:0:8,wn-0004:11:315,TEMPORAL,BEFORE,wn-0004,-1,0.3,1
wn-0004:3:93,wn-0004:5:157,TEMPORAL,BEFORE,wn-0004,-1,0.3,1
wn-0004:3:93,wn-0004:5:169,TEMPORAL,BEFORE,wn-0004,-1,0.3,1
wn-0004:3:93,wn-0004:6:205,TEMPORAL,BEFORE,wn-0004,-1,0.3,1
wn-0004:3:93,wn-0004:9:269,TEMPORAL,BEFORE,wn-0004,-1,0.3,1
wn-0004:3:93,wn-0004:11:315,TEMPORAL,BEFORE,wn-0004,-1,0.3,1
wn-0004:5:157,wn-0004:5:169,TEMPORAL,BEFORE,wn-0004,-1,0.5,1
wn-0004:5:157,wn-0004:6:205,TEMPORAL,BEFORE,wn-0004,-1,0.3,1
wn-0004:5:157,wn-0004:9:269,TEMPORAL,BEFORE,wn-0004,-1,0.3,1
wn-0004:5:157,wn-0004:11:315,TEMPORAL,BEFORE,wn-0004,-1,0.3,1
wn-0004:5:169,wn-0004:6:205,TEMPORAL,BEFORE,wn-0004,-1,0.3,1
wn-0004:5:169,wn-0004:9:269,TEMPORAL,BEFORE,wn-0004,-1,0.3,1
wn-0004:5:169,wn-0004:11:315,TEMPORAL,BEFORE,wn-0004,-1,0.3,1
wn-0004:6:205,wn-0004:9:269,TEMPORAL,BEFORE,wn-0004,-1,0.3,1
wn-0004:6:205,wn-0004:11:315,TEMPORAL,BEFORE,wn-0004,-1,0.3,1
wn-0004:9:269,wn-0004:11:315,TEMPORAL,BEFORE,wn-0004,-1,0.3,1
wn-0005:0:2,wn-0005:4:61,TEMPORAL,BEFORE,wn-0005,-1,0.3,1
wn-0005:0:2,wn-0005:5:83,TEMPORAL,BEFORE,wn-0005,-1,0.3,1
wn-0005:0:2,wn-0005:7:111,TEMPORAL,BEFORE,wn-0005,-1,0.3,1
wn-0005:0:2,wn-0005:7:113,TEMPORAL,BEFORE,wn-0005,-1,0.3,1
wn-0005:0:2,wn-0005:8:117,TEMPORAL,BEFORE,wn-0005,-1,0.3,1
wn-0005:0:2,wn-0005:15:262,TEMPORAL,BEFORE,wn-0005,-1,0.3,1
wn-0005:0:2,wn-0005:16:280,TEMPORAL,BEFORE,wn-0005,-1,0.3,1
wn-0005:4:61,wn-0005:5:83,TEMPORAL,BEFORE,wn-0005,-1,0.3,1
wn-0005:4:61,wn-0005:7:111,TEMPORAL,BEFORE,wn-0005,-1,0.3,1
wn-0005:4:61,wn-0005:7:113,TEMPORAL,BEFORE,wn-0005,-1,0.3,1
wn-0005:4:61,wn-0005:8:117,TEMPORAL,BEFORE,wn-0005,-1,0.3,1
wn-0005:4:61,wn-0005:15:262,TEMPORAL,BEFORE,wn-0005,-1,0.3,1
wn-0005:4:61,wn-0005:16:280,TEMPORAL,BEFORE,wn-0005,-1,0.3,1
wn-0005:5:83,wn-0005:7:111,TEMPORAL,BEFORE,wn-0005,-1,0.3,1
wn-0005:5:83,wn-0005:7:113,TEMPORAL,BEFORE,wn-0005,-1,0.3,1
wn-0005:5:83,wn-0005:8:117,TEMPORAL,AFTER,wn-0005,-1,0.8,1
wn-0005:5:83,wn-0005:15:262,TEMPORAL,BEFORE,wn-0005,-1,0.3,1
wn-0005:5:83,wn-0005:16:280,TEMPORAL,BEFORE,wn-0005,-1,0.3,1
wn-0005:7:111,wn-0005:8:117,TEMPORAL,BEFORE,wn-0005,-1,0.3,1
wn-0005:7:111,wn-0005:15:262,TEMPORAL,BEFORE,wn-0005,-1,0.3,1
wn-0005:7:111,wn-0005:16:280,TEMPORAL,BEFORE,wn-0005,-1,0.3,1
wn-0005:7:113,wn-0005:8:117,TEMPORAL,BEFORE,wn-0005,-1,0.3,1
wn-0005:7:113,wn-0005:15:262,TEMPORAL,BEFORE,wn-0005,-1,0.3,1
wn-0005:7:113,wn-0005:16:280,TEMPORAL,BEFORE,wn-0005,-1,0.3,1
wn-0005:8:117,wn-0005:15:262,TEMPORAL,BEFORE,wn-0005,-1,0.3,1
wn-0005:8:117,wn-0005:16:280,TEMPORAL,BEFORE,wn-0005,-1,0.3,1
wn-0005:15:262,wn-0005:16:280,TEMPORAL,BEFORE,wn-0005,-1,0.3,1
wn-0006:0:18,wn-0006:2:60,TEMPORAL,AFTER,wn-0006,-1,0.8,1
wn-0006:0:18,wn-0006:7:172,TEMPORAL,BEFORE,wn-0006,-1,0.3,1
wn-0006:0:18,wn-0006:9:232,TEMPORAL,BEFORE,wn-0006,-1,0.3,1
wn-0006:2:60,wn-0006:7:172,TEMPORAL,BEFORE,wn-0006,-1,0.3,1
wn-0006:2:60,wn-0006:9:232,TEMPORAL,BEFORE,wn-0006,-1,0.3,1
wn-0006:7:172,wn-0006:9:232,TEMPORAL,BEFORE,wn-0006,-1,0.3,1
wn-0007:2:79,wn-0007:3:122,TEMPORAL,BEFORE,wn-0007,-1,0.3,1
wn-0007:2:79,wn-0007:5:177,TEMPORAL,BEFORE,wn-0007,-1,0.3,1
wn-0007:3:122,wn-0007:5:177,TEMPORAL,BEFORE,wn-0007,-1,0.3,1
wn-0008:0:24,wn-0008:1:39,TEMPORAL,BEFORE,wn-0008,-1,0.3,1
wn-0008:0:24,wn-0008:5:130,TEMPORAL,BEFORE,wn-0008,-1,0.3,1
wn-0008:0:7,wn-0008:1:39,TEMPORAL,BEFORE,wn-0008,-1,0.3,1
wn-0008:0:7,wn-0008:5:130,TEMPORAL,BEFORE,wn-0008,-1,0.3,1
wn-0008:1:39,wn-0008:5:130,TEMPORAL,BEFORE,wn-0008,-1,0.3,1
wn-0009:0:11,wn-0009:0:26,TEMPORAL,SIMULTANEOUS,wn-0009,-1,0.85,1
wn-0009:0:11,wn-0009:1:41,TEMPORAL,BEFORE,wn-0009,-1,0.3,1
wn-0009:0:11,wn-0009:2:88,TEMPORAL,BEFORE,wn-0009,-1,0.3,1
wn-0009:0:11,wn-0009:8:225,TEMPORAL,BEFORE,wn-0009,-1,0.3,1
wn-0009:0:11,wn-0009:11:266,TEMPORAL,BEFORE,wn-0009,-1,0.3,1
wn-0009:0:11,wn-0009:12:298,TEMPORAL,AFTER,wn-0009,-1,0.75,1
wn-0009:0:11,wn-0009:12:305,TEMPORAL,AFTER,wn-0009,-1,0.85,1
wn-0009:0:11,wn-0009:13:317,TEMPORAL,BEFORE,wn-0009,-1,0.85,1
wn-0009:0:11,wn-0009:13:322,TEMPORAL,BEFORE,wn-0009,-1,0.85,1
wn-0009:0:11,wn-0009:14:350,TEMPORAL,BEFORE,wn-0009,-1,0.3,1
wn-0009:0:11,wn-0009:16:383,TEMPORAL,BEFORE,wn-0009,-1,0.3,1
wn-0009:0:11,wn-0009:21:459,TEMPORAL,BEFORE,wn-0009,-1,0.3,1
wn-0009:0:11,wn-0009:26:529,TEMPORAL,BEFORE,wn-0009,-1,0.3,1
wn-0009:0:11,wn-0009:29:571,TEMPORAL,AFTER,wn-0009,-1,0.85,1
wn-0009:0:26,wn-0009:1:41,TEMPORAL,BEFORE,wn-0009,-1,0.3,1
wn-0009:0:26,wn-0009:2:88,TEMPORAL,BEFORE,wn-0009,-1,0.3,1
wn-0009:0:26,wn-0009:8:225,TEMPORAL,BEFORE,wn-0009,-1,0.3,1
wn-0009:0:26,wn-0009:11:266,TEMPORAL,BEFORE,wn-0009,-1,0.3,1
wn-0009:0:26,wn-0009:12:298,TEMPORAL,AFTER,wn-0009,-1,0.75,1
wn-0009:0:26,wn-0009:12:305,TEMPORAL,AFTER,wn-0009,-1,0.85,1
wn-0009:0:26,wn-0009:13:317,TEMPORAL,BEFORE,wn-0009,-1,0.85,1
wn-0009:0:26,wn-0009:13:322,TEMPORAL,BEFORE,wn-0009,-1,0.85,1
wn-0009:0:26,wn-0009:14:350,TEMPORAL,BEFORE,wn-0009,-1,0.3,1
wn-0009:0:26,wn-0009:16:383,TEMPORAL,BEFORE,wn-0009,-1,0.3,1
wn-0009:0:26,wn-0009:21:459,TEMPORAL,BEFORE,wn-0009,-1,0.3,1
wn-0009:0:26,wn-0009:26:529,TEMPORAL,BEFORE,wn-0009,-1,0.3,1
wn-0009:0:26,wn-0009:29:571,TEMPORAL,AFTER,wn-0009,-1,0.85,1
wn-0009:1:41,wn-0009:2:88,TEMPORAL,BEFORE,wn-0009,-1,0.3,1
wn-0009:1:41,wn-0009:8:225,TEMPORAL,BEFORE,wn-0009,-1,0.3,1
wn-0009:1:41,wn-0009:11:266,TEMPORAL,BEFORE,wn-0009,-1,0.3,1
wn-0009:1:41,wn-0009:12:298,TEMPORAL,BEFORE,wn-0009,-1,0.3,1
wn-0009:1:41,wn-0009:12:305,TEMPORAL,BEFORE,wn-0009,-1,0.3,1
wn-0009:1:41,wn-0009:13:317,TEMPORAL,BEFORE,wn-0009,-1,0.3,1
wn-0009:1:41,wn-0009:13:322,TEMPORAL,BEFORE,wn-0009,-1,0.3,1
wn-0009:1:41,wn-0009:14:350,TEMPORAL,BEFORE,wn-0009,-1,0.3,1
wn-0009:1:41,wn-0009:16:383,TEMPORAL,BEFORE,wn-0009,-1,0.3,1
wn-0009:1:41,wn-0009:21:459,TEMPORAL,BEFORE,wn-0009,-1,0.3,1
wn-0009:1:41,wn-0009:26:529,TEMPORAL,BEFORE,wn-0009,-1,0.3,1
wn-0009:1:41,wn-0009:29:571,TEMPORAL,BEFORE,wn-0009,-1,0.3,1
wn-0009:2:88,wn-0009:8:225,TEMPORAL,BEFORE,wn-0009,-1,0.3,1
wn-0009:2:88,wn-0009:11:266,TEMPORAL,BEFORE,wn-0009,-1,0.3,1
wn-0009:2:88,wn-0009:12:298,TEMPORAL,BEFORE,wn-0009,-1,0.3,1
wn-0009:2:88,wn-0009:12:305,TEMPORAL,BEFORE,wn-0009,-1,0.3,1
wn-0009:2:88,wn-0009:13:317,TEMPORAL,BEFORE,wn-0009,-1,0.3,1
wn-0009:2:88,wn-0009:13:322,TEMPORAL,BEFORE,wn-0009,-1,0.3,1
wn-0009:2:88,wn-0009:14:350,TEMPORAL,BEFORE,wn-0009,-1,0.3,1
wn-0009:2:88,wn-0009:16:383,TEMPORAL,BEFORE,wn-0009,-1,0.3,1
wn-0009:2:88,wn-0009:21:459,TEMPORAL,BEFORE,wn-0009,-1,0.3,1
wn-0009:2:88,wn-0009:26:529,TEMPORAL,BEFORE,wn-0009,-1,0.3,1
wn-0009:2:88,wn-0009:29:571,TEMPORAL,BEFORE,wn-0009,-1,0.3,1
wn-0009:8:225,wn-0009:11:266,TEMPORAL,BEFORE,wn-0009,-1,0.3,1
wn-0009:8:225,wn-0009:12:298,TEMPORAL,BEFORE,wn-0009,-1,0.3,1
wn-0009:8:225,wn-0009:12:305,TEMPORAL,BEFORE,wn-0009,-1,0.3,1
wn-0009:8:225,wn-0009:13:317,TEMPORAL,BEFORE,wn-0009,-1,0.3,1
wn-0009:8:225,wn-0009:13:322,TEMPORAL,BEFORE,wn-0009,-1,0.3,1
wn-0009:8:225,wn-0009:14:350,TEMPORAL,BEFORE,wn-0009,-1,0.3,1
wn-0009:8:225,wn-0009:16:383,TEMPORAL,BEFORE,wn-0009,-1,0.3,1
wn-0009:8:225,wn-0009:21:459,TEMPORAL,BEFORE,wn-0009,-1,0.3,1
wn-0009:8:225,wn-0009:26:529,TEMPORAL,BEFORE,wn-0009,-1,0.3,1
wn-0009:8:225,wn-0009:29:571,TEMPORAL,BEFORE,wn-0009,-1,0.3,1
wn-0009:11:266,wn-0009:12:298,TEMPORAL,BEFORE,wn-0009,-1,0.3,1
wn-0009:11:266,wn-0009:12:305,TEMPORAL,BEFORE,wn-0009,-1,0.3,1
wn-0009:11:266,wn-0009:13:317,TEMPORAL,BEFORE,wn-0009,-1,0.3,1
wn-0009:11:266,wn-0009:13:322,TEMPORAL,BEFORE,wn-0009,-1,0.3,1
wn-0009:11:266,wn-0009:14:350,TEMPORAL,BEFORE,wn-0009,-1,0.3,1
wn-0009:11:266,wn-0009:16:383,TEMPORAL,BEFORE,wn-0009,-1,0.3,1
wn-0009:11:266,wn-0009:21:459,TEMPORAL,BEFORE,wn-0009,-1,0.3,1
wn-0009:11:266,wn-0009:26:529,TEMPORAL,BEFORE,wn-0009,-1,0.3,1
wn-0009:11:266,wn-0009:29:571,TEMPORAL,BEFORE,wn-0009,-1,0.3,1
wn-0009:12:298,wn-0009:12:305,TEMPORAL,BEFORE,wn-0009,-1,0.75,1
wn-0009:12:298,wn-0009:13:317,TEMPORAL,BEFORE,wn-0009,-1,0.75,1
wn-0009:12:298,wn-0009:13:322,TEMPORAL,BEFORE,wn-0009,-1,0.75,1
wn-0009:12:298,wn-0009:14:350,TEMPORAL,BEFORE,wn-0009,-1,0.3,1
wn-0009:12:298,wn-0009:16:383,TEMPORAL,BEFORE,wn-0009,-1,0.3,1
wn-0009:12:298,wn-0009:21:459,TEMPORAL,BEFORE,wn-0009,-1,0.3,1
wn-0009:12:298,wn-0009:26:529,TEMPORAL,BEFORE,wn-0009,-1,0.3,1
wn-0009:12:298,wn-0009:29:571,TEMPORAL,AFTER,wn-0009,-1,0.75,1
wn-0009:12:305,wn-0009:13:317,TEMPORAL,BEFORE,wn-0009,-1,0.85,1
wn-0009:12:305,wn-0009:13:322,TEMPORAL,BEFORE,wn-0009,-1,0.85,1
wn-0009:12:305,wn-0009:14:350,TEMPORAL,BEFORE,wn-0009,-1,0.3,1
wn-0009:12:305,wn-0009:16:383,TEMPORAL,BEFORE,wn-0009,-1,0.3,1
wn-0009:12:305,wn-0009:21:459,TEMPORAL,BEFORE,wn-0009,-1,0.3,1
wn-0009:12:305,wn-0009:26:529,TEMPORAL,BEFORE,wn-0009,-1,0.3,1
wn-0009:12:305,wn-0009:29:571,TEMPORAL,AFTER,wn-0009,-1,0.85,1
wn-0009:13:317,wn-0009:13:322,TEMPORAL,SIMULTANEOUS,wn-0009,-1,0.9,1
wn-0009:13:317,wn-0009:14:350,TEMPORAL,BEFORE,wn-0009,-1,0.3,1
wn-0009:13:317,wn-0009:16:383,TEMPORAL,BEFORE,wn-0009,-1,0.3,1
wn-0009:13:317,wn-0009:21:459,TEMPORAL,BEFORE,wn-0009,-1,0.3,1
wn-0009:13:317,wn-0009:26:529,TEMPORAL,BEFORE,wn-0009,-1,0.3,1
wn-0009:13:317,wn-0009:29:571,TEMPORAL,AFTER,wn-0009,-1,0.9,1
wn-0009:13:322,wn-0009:14:350,TEMPORAL,BEFORE,wn-0009,-1,0.3,1
wn-0009:13:322,wn-0009:16:383,TEMPORAL,BEFORE,wn-0009,-1,0.3,1
wn-0009:13:322,wn-0009:21:459,TEMPORAL,BEFORE,wn-0009,-1,0.3,1
wn-0009:13:322,wn-0009:26:529,TEMPORAL,BEFORE,wn-0009,-1,0.3,1
wn-0009:13:322,wn-0009:29:571,TEMPORAL,AFTER,wn-0009,-1,0.9,1
wn-0009:14:350,wn-0009:16:383,TEMPORAL,BEFORE,wn-0009,-1,0.3,1
wn-0009:14:350,wn-0009:21:459,TEMPORAL,BEFORE,wn-0009,-1,0.3,1
wn-0009:14:350,wn-0009:26:529,TEMPORAL,BEFORE,wn-0009,-1,0.3,1
wn-0009:14:350,wn-0009:29:571,TEMPORAL,BEFORE,wn-0009,-1,0.3,1
wn-0009:16:383,wn-0009:21:459,TEMPORAL,BEFORE,wn-0009,-1,0.3,1
wn-0009:16:383,wn-0009:26:529,TEMPORAL,BEFORE,wn-0009,-1,0.3,1
wn-0009:16:383,wn-0009:29:571,TEMPORAL,BEFORE,wn-0009,-1,0.3,1
wn-0009:21:459,wn-0009:26:529,TEMPORAL,BEFORE,wn-0009,-1,0.3,1
wn-0009:21:459,wn-0009:29:571,TEMPORAL,BEFORE,wn-0009,-1,0.3,1
wn-0009:26:529,wn-0009:29:571,TEMPORAL,BEFORE,wn-0009,-1,0.3,1
wn-0010:4:87,wn-0010:5:107,TEMPORAL,BEFORE,wn-0010,-1,0.3,1
wn-0013:10:326,wn-0013:12:380,TEMPORAL,BEFORE,wn-0013,-1,0.3,1
wn-0013:10:326,wn-0013:17:465,TEMPORAL,BEFORE,wn-0013,-1,0.3,1
wn-0013:10:326,wn-0013:17:491,TEMPORAL,BEFORE,wn-0013,-1,0.3,1
wn-0013:12:380,wn-0013:17:465,TEMPORAL,BEFORE,wn-0013,-1,0.3,1
wn-0013:12:380,wn-0013:17:491,TEMPORAL,BEFORE,wn-0013,-1,0.3,1
wn-0013:17:465,wn-0013:17:491,TEMPORAL,SIMULTANEOUS,wn-0013,-1,0.9,1
wn-0014:0:10,wn-0014:4:126,TEMPORAL,BEFORE,wn-0014,-1,0.3,1
wn-0014:0:10,wn-0014:6:148,TEMPORAL,BEFORE,wn-0014,-1,0.3,1
wn-0014:0:10,wn-0014:7:168,TEMPORAL,BEFORE,wn-0014,-1,0.3,1
wn-0014:0:10,wn-0014:8:187,TEMPORAL,BEFORE,wn-0014,-1,0.75,1
wn-0014:0:10,wn-0014:9:230,TEMPORAL,BEFORE,wn-0014,-1,0.3,1
wn-0014:0:10,wn-0014:9:260,TEMPORAL,BEFORE,wn-0014,-1,0.3,1
wn-0014:4:126,wn-0014:6:148,TEMPORAL,BEFORE,wn-0014,-1,0.3,1
wn-0014:4:126,wn-0014:7:168,TEMPORAL,BEFORE,wn-0014,-1,0.3,1
wn-0014:4:126,wn-0014:8:187,TEMPORAL,BEFORE,wn-0014,-1,0.3,1
wn-0014:4:126,wn-0014:9:230,TEMPORAL,BEFORE,wn-0014,-1,0.3,1
wn-0014:4:126,wn-0014:9:260,TEMPORAL,BEFORE,wn-0014,-1,0.3,1
wn-0014:6:148,wn-0014:7:168,TEMPORAL,BEFORE,wn-0014,-1,0.3,1
wn-0014:6:148,wn-0014:8:187,TEMPORAL,BEFORE,wn-0014,-1,0.3,1
wn-0014:6:148,wn-0014:9:230,TEMPORAL,BEFORE,wn-0014,-1,0.3,1
wn-0014:6:148,wn-0014:9:260,TEMPORAL,BEFORE,wn-0014,-1,0.3,1
wn-0014:7:168,wn-0014:8:187,TEMPORAL,BEFORE,wn-0014,-1,0.3,1
wn-0014:7:168,wn-0014:9:230,TEMPORAL,BEFORE,wn-0014,-1,0.3,1
wn-0014:7:168,wn-0014:9:260,TEMPORAL,BEFORE,wn-0014,-1,0.3,1
wn-0014:8:187,wn-0014:9:230,TEMPORAL,BEFORE,wn-0014,-1,0.3,1
wn-0014:8:187,wn-0014:9:260,TEMPORAL,BEFORE,wn-0014,-1,0.3,1
wn-0015:0:11,wn-0015:3:106,TEMPORAL,BEFORE,wn-0015,-1,0.3,1
wn-0015:0:11,wn-0015:8:245,TEMPORAL,BEFORE,wn-0015,-1,0.3,1
wn-0015:0:11,wn-0015:8:276,TEMPORAL,BEFORE,wn-0015,-1,0.3,1
wn-0015:0:11,wn-0015:9:299,TEMPORAL,BEFORE,wn-0015,-1,0.3,1
wn-0015:0:11,wn-0015:9:302,TEMPORAL,BEFORE,wn-0015,-1,0.3,1
wn-0015:0:11,wn-0015:13:413,TEMPORAL,BEFORE,wn-0015,-1,0.3,1
wn-0015:0:11,wn-0015:14:429,TEMPORAL,BEFORE,wn-0015,-1,0.3,1
wn-0015:3:106,wn-0015:8:245,TEMPORAL,BEFORE,wn-0015,-1,0.3,1
wn-0015:3:106,wn-0015:8:276,TEMPORAL,BEFORE,wn-0015,-1,0.3,1
wn-0015:3:106,wn-0015:9:299,TEMPORAL,BEFORE,wn-0015,-1,0.3,1
wn-0015:3:106,wn-0015:9:302,TEMPORAL,BEFORE,wn-0015,-1,0.3,1
wn-0015:3:106,wn-0015:13:413,TEMPORAL,BEFORE,wn-0015,-1,0.3,1
wn-0015:3:106,wn-0015:14:429,TEMPORAL,BEFORE,wn-0015,-1,0.3,1
wn-0015:8:245,wn-0015:9:299,TEMPORAL,BEFORE,wn-0015,-1,0.3,1
wn-0015:8:245,wn-0015:9:302,TEMPORAL,BEFORE,wn-0015,-1,0.3,1
wn-0015:8:245,wn-0015:13:413,TEMPORAL,BEFORE,wn-0015,-1,0.3,1
wn-0015:8:245,wn-0015:14:429,TEMPORAL,BEFORE,wn-0015,-1,0.3,1
wn-0015:8:276,wn-0015:9:299,TEMPORAL,BEFORE,wn-0015,-1,0.3,1
wn-0015:8:276,wn-0015:9:302,TEMPORAL,BEFORE,wn-0015,-1,0.3,1
wn-0015:8:276,wn-0015:13:413,TEMPORAL,BEFORE,wn-0015,-1,0.3,1
wn-0015:8:276,wn-0015:14:429,TEMPORAL,BEFORE,wn-0015,-1,0.3,1
wn-0015:9:299,wn-0015:9:302,TEMPORAL,SIMULTANEOUS,wn-0015,-1,0.5,1
wn-0015:9:299,wn-0015:13:413,TEMPORAL,BEFORE,wn-0015,-1,0.3,1
wn-0015:9:299,wn-0015:14:429,TEMPORAL,BEFORE,wn-0015,-1,0.3,1
wn-0015:9:302,wn-0015:13:413,TEMPORAL,BEFORE,wn-0015,-1,0.3,1
wn-0015:9:302,wn-0015:14:429,TEMPORAL,BEFORE,wn-0015,-1,0.3,1
wn-0015:13:413,wn-0015:14:429,TEMPORAL,BEFORE,wn-0015,-1,0.3,1
wn-0016:0:15,wn-0016:3:88,TEMPORAL,BEFORE,wn-0016,-1,0.3,1
wn-0016:0:15,wn-0016:3:95,TEMPORAL,BEFORE,wn-0016,-1,0.3,1
wn-0016:0:15,wn-0016:4:115,TEMPORAL,BEFORE,wn-0016,-1,0.9,1
wn-0016:3:88,wn-0016:3:95,TEMPORAL,SIMULTANEOUS,wn-0016,-1,0.5,1
wn-0016:3:88,wn-0016:4:115,TEMPORAL,BEFORE,wn-0016,-1,0.3,1
wn-0016:3:95,wn-0016:4:115,TEMPORAL,BEFORE,wn-0016,-1,0.3,1
wn-0017:0:12,wn-0017:1:35,TEMPORAL,BEFORE,wn-0017,-1,0.3,1
wn-0017:0:12,wn-0017:4:119,TEMPORAL,BEFORE,wn-0017,-1,0.3,1
wn-0017:0:12,wn-0017:6:183,TEMPORAL,BEFORE,wn-0017,-1,0.3,1
wn-0017:0:12,wn-0017:7:199,TEMPORAL,BEFORE,wn-0017,-1,0.3,1
wn-0017:0:12,wn-0017:8:272,TEMPORAL,BEFORE,wn-0017,-1,0.3,1
wn-0017:0:12,wn-0017:9:300,TEMPORAL,BEFORE,wn-0017,-1,0.3,1
wn-0017:0:17,wn-0017:1:35,TEMPORAL,BEFORE,wn-0017,-1,0.3,1
wn-0017:0:17,wn-0017:4:119,TEMPORAL,BEFORE,wn-0017,-1,0.3,1
wn-0017:0:17,wn-0017:6:183,TEMPORAL,BEFORE,wn-0017,-1,0.3,1
wn-0017:0:17,wn-0017:7:199,TEMPORAL,BEFORE,wn-0017,-1,0.3,1
wn-0017:0:17,wn-0017:8:272,TEMPORAL,BEFORE,wn-0017,-1,0.3,1
wn-0017:0:17,wn-0017:9:300,TEMPORAL,BEFORE,wn-0017,-1,0.3,1
wn-0017:1:35,wn-0017:4:119,TEMPORAL,BEFORE,wn-0017,-1,0.3,1
wn-0017:1:35,wn-0017:6:183,TEMPORAL,BEFORE,wn-0017,-1,0.3,1
wn-0017:1:35,wn-0017:7:199,TEMPORAL,BEFORE,wn-0017,-1,0.3,1
wn-0017:1:35,wn-0017:8:272,TEMPORAL,SIMULTANEOUS,wn-0017,-1,0.9,1
wn-0017:1:35,wn-0017:9:300,TEMPORAL,BEFORE,wn-0017,-1,0.3,1
wn-0017:4:119,wn-0017:6:183,TEMPORAL,BEFORE,wn-0017,-1,0.3,1
wn-0017:4:119,wn-0017:7:199,TEMPORAL,BEFORE,wn-0017,-1,0.3,1
wn-0017:4:119,wn-0017:8:272,TEMPORAL,BEFORE,wn-0017,-1,0.3,1
wn-0017:4:119,wn-0017:9:300,TEMPORAL,BEFORE,wn-0017,-1,0.3,1
wn-0017:6:183,wn-0017:7:199,TEMPORAL,BEFORE,wn-0017,-1,0.3,1
wn-0017:6:183,wn-0017:8:272,TEMPORAL,BEFORE,wn-0017,-1,0.3,1
wn-0017:6:183,wn-0017:9:300,TEMPORAL,BEFORE,wn-0017,-1,0.3,1
wn-0017:7:199,wn-0017:8:272,TEMPORAL,BEFORE,wn-0017,-1,0.3,1
wn-0017:7:199,wn-0017:9:300,TEMPORAL,BEFORE,wn-0017,-1,0.3,1
wn-0017:8:272,wn-0017:9:300,TEMPORAL,BEFORE,wn-0017,-1,0.3,1
wn-0018:0:2,wn-0018:1:31,TEMPORAL,BEFORE,wn-0018,-1,0.3,1
wn-0019:3:49,wn-0019:4:112,TEMPORAL,BEFORE,wn-0019,-1,0.3,1
wn-0019:3:49,wn-0019:5:125,TEMPORAL,BEFORE,wn-0019,-1,0.3,1
wn-0019:3:49,wn-0019:5:136,TEMPORAL,BEFORE,wn-0019,-1,0.3,1
wn-0019:3:49,wn-0019:5:137,TEMPORAL,BEFORE,wn-0019,-1,0.3,1
wn-0019:4:112,wn-0019:5:125,TEMPORAL,BEFORE,wn-0019,-1,0.3,1
wn-0019:4:112,wn-0019:5:136,TEMPORAL,BEFORE,wn-0019,-1,0.3,1
wn-0019:4:112,wn-0019:5:137,TEMPORAL,BEFORE,wn-0019,-1,0.3,1
wn-0019:5:125,wn-0019:5:136,TEMPORAL,SIMULTANEOUS,wn-0019,-1,0.95,1
wn-0019:5:125,wn-0019:5:137,TEMPORAL,SIMULTANEOUS,wn-0019,-1,0.95,1
wn-0019:5:136,wn-0019:5:137,TEMPORAL,SIMULTANEOUS,wn-0019,-1,0.95,1
wn-0021:0:4,wn-0021:1:18,TEMPORAL,BEFORE,wn-0021,-1,0.3,1
wn-0021:0:4,wn-0021:4:91,TEMPORAL,BEFORE,wn-0021,-1,0.3,1
wn-0021:0:4,wn-0021:5:117,TEMPORAL,BEFORE,wn-0021,-1,0.3,1
wn-0021:0:4,wn-0021:6:150,TEMPORAL,BEFORE,wn-0021,-1,0.3,1
wn-0021:0:4,wn-0021:10:261,TEMPORAL,BEFORE,wn-0021,-1,0.3,1
wn-0021:1:18,wn-0021:4:91,TEMPORAL,BEFORE,wn-0021,-1,0.3,1
wn-0021:1:18,wn-0021:5:117,TEMPORAL,BEFORE,wn-0021,-1,0.3,1
wn-0021:1:18,wn-0021:6:150,TEMPORAL,BEFORE,wn-0021,-1,0.3,1
wn-0021:1:18,wn-0021:10:261,TEMPORAL,BEFORE,wn-0021,-1,0.3,1
wn-0021:4:91,wn-0021:5:117,TEMPORAL,BEFORE,wn-0021,-1,0.3,1
wn-0021:4:91,wn-0021:6:150,TEMPORAL,BEFORE,wn-0021,-1,0.3,1
wn-0021:4:91,wn-0021:10:261,TEMPORAL,BEFORE,wn-0021,-1,0.3,1
wn-0021:5:117,wn-0021:6:150,TEMPORAL,BEFORE,wn-0021,-1,0.3,1
wn-0021:5:117,wn-0021:10:261,TEMPORAL,BEFORE,wn-0021,-1,0.3,1
wn-0021:6:150,wn-0021:10:261,TEMPORAL,BEFORE,wn-0021,-1,0.3,1
wn-0022:0:11,wn-0022:0:7,TEMPORAL,SIMULTANEOUS,wn-0022,-1,0.8,1
wn-0022:0:11,wn-0022:2:46,TEMPORAL,BEFORE,wn-0022,-1,0.3,1
wn-0022:0:11,wn-0022:3:56,TEMPORAL,AFTER,wn-0022,-1,0.8,1
wn-0022:0:11,wn-0022:4:82,TEMPORAL,BEFORE,wn-0022,-1,0.3,1
wn-0022:0:11,wn-0022:4:92,TEMPORAL,BEFORE,wn-0022,-1,0.3,1
wn-0022:0:11,wn-0022:19:448,TEMPORAL,AFTER,wn-0022,-1,0.8,1
wn-0022:0:11,wn-0022:19:457,TEMPORAL,AFTER,wn-0022,-1,0.8,1
wn-0022:0:11,wn-0022:21:497,TEMPORAL,BEFORE,wn-0022,-1,0.3,1
wn-0022:0:11,wn-0022:22:505,TEMPORAL,BEFORE,wn-0022,-1,0.3,1
wn-0022:0:11,wn-0022:22:507,TEMPORAL,BEFORE,wn-0022,-1,0.3,1
wn-0022:0:11,wn-0022:22:512,TEMPORAL,BEFORE,wn-0022,-1,0.3,1
wn-0022:0:11,wn-0022:22:521,TEMPORAL,BEFORE,wn-0022,-1,0.3,1
wn-0022:0:11,wn-0022:22:528,TEMPORAL,BEFORE,wn-0022,-1,0.3,1
wn-0022:0:11,wn-0022:23:552,TEMPORAL,BEFORE,wn-0022,-1,0.3,1
wn-0022:0:11,wn-0022:24:559,TEMPORAL,BEFORE,wn-0022,-1,0.3,1
wn-0022:0:11,wn-0022:25:605,TEMPORAL,BEFORE,wn-0022,-1,0.3,1
wn-0022:0:11,wn-0022:26:636,TEMPORAL,BEFORE,wn-0022,-1,0.3,1
wn-0022:0:11,wn-0022:27:654,TEMPORAL,BEFORE,wn-0022,-1,0.3,1
wn-0022:0:11,wn-0022:27:658,TEMPORAL,BEFORE,wn-0022,-1,0.3,1
wn-0022:0:7,wn-0022:2:46,TEMPORAL,BEFORE,wn-0022,-1,0.3,1
wn-0022:0:7,wn-0022:3:56,TEMPORAL,AFTER,wn-0022,-1,0.8,1
wn-0022:0:7,wn-0022:4:82,TEMPORAL,BEFORE,wn-0022,-1,0.3,1
wn-0022:0:7,wn-0022:4:92,TEMPORAL,BEFORE,wn-0022,-1,0.3,1
wn-0022:0:7,wn-0022:19:448,TEMPORAL,AFTER,wn-0022,-1,0.8,1
wn-0022:0:7,wn-0022:19:457,TEMPORAL,AFTER,wn-0022,-1,0.8,1
wn-0022:0:7,wn-0022:21:497,TEMPORAL,BEFORE,wn-0022,-1,0.3,1
wn-0022:0:7,wn-0022:22:505,TEMPORAL,BEFORE,wn-0022,-1,0.3,1
wn-0022:0:7,wn-0022:22:507,TEMPORAL,BEFORE,wn-0022,-1,0.3,1
wn-0022:0:7,wn-0022:22:512,TEMPORAL,BEFORE,wn-0022,-1,0.3,1
wn-0022:0:7,wn-0022:22:521,TEMPORAL,BEFORE,wn-0022,-1,0.3,1
wn-0022:0:7,wn-0022:22:528,TEMPORAL,BEFORE,wn-0022,-1,0.3,1
wn-0022:0:7,wn-0022:23:552,TEMPORAL,BEFORE,wn-0022,-1,0.3,1
wn-0022:0:7,wn-0022:24:559,TEMPORAL,BEFORE,wn-0022,-1,0.3,1
wn-0022:0:7,wn-0022:25:605,TEMPORAL,BEFORE,wn-0022,-1,0.3,1
wn-0022:0:7,wn-0022:26:636,TEMPORAL,BEFORE,wn-0022,-1,0.3,1
wn-0022:0:7,wn-0022:27:654,TEMPORAL,BEFORE,wn-0022,-1,0.3,1
wn-0022:0:7,wn-0022:27:658,TEMPORAL,BEFORE,wn-0022,-1,0.3,1
wn-0022:2:46,wn-0022:3:56,TEMPORAL,BEFORE,wn-0022,-1,0.3,1
wn-0022:2:46,wn-0022:4:82,TEMPORAL,BEFORE,wn-0022,-1,0.3,1
wn-0022:2:46,wn-0022:4:92,TEMPORAL,BEFORE,wn-0022,-1,0.3,1
wn-0022:2:46,wn-0022:19:448,TEMPORAL,BEFORE,wn-0022,-1,0.3,1
wn-0022:2:46,wn-0022:19:457,TEMPORAL,BEFORE,wn-0022,-1,0.3,1
wn-0022:2:46,wn-0022:21:497,TEMPORAL,BEFORE,wn-0022,-1,0.3,1
wn-0022:2:46,wn-0022:22:505,TEMPORAL,BEFORE,wn-0022,-1,0.3,1
wn-0022:2:46,wn-0022:22:507,TEMPORAL,BEFORE,wn-0022,-1,0.3,1
wn-0022:2:46,wn-0022:22:512,TEMPORAL,BEFORE,wn-0022,-1,0.3,1
wn-0022:2:46,wn-0022:22:521,TEMPORAL,BEFORE,wn-0022,-1,0.3,1
wn-0022:2:46,wn-0022:22:528,TEMPORAL,BEFORE,wn-0022,-1,0.3,1
wn-0022:2:46,wn-0022:23:552,TEMPORAL,BEFORE,wn-0022,-1,0.3,1
wn-0022:2:46,wn-0022:24:559,TEMPORAL,BEFORE,wn-0022,-1,0.3,1
wn-0022:2:46,wn-0022:25:605,TEMPORAL,BEFORE,wn-0022,-1,0.3,1
wn-0022:2:46,wn-0022:26:636,TEMPORAL,BEFORE,wn-0022,-1,0.3,1
wn-0022:2:46,wn-0022:27:654,TEMPORAL,BEFORE,wn-0022,-1,0.3,1
wn-0022:2:46,wn-0022:27:658,TEMPORAL,BEFORE,wn-0022,-1,0.3,1
wn-0022:3:56,wn-0022:4:82,TEMPORAL,BEFORE,wn-0022,-1,0.3,1
wn-0022:3:56,wn-0022:4:92,TEMPORAL,BEFORE,wn-0022,-1,0.3,1
wn-0022:3:56,wn-0022:19:448,TEMPORAL,SIMULTANEOUS,wn-0022,-1,0.9,1
wn-0022:3:56,wn-0022:19:457,TEMPORAL,SIMULTANEOUS,wn-0022,-1,0.9,1
wn-0022:3:56,wn-0022:21:497,TEMPORAL,BEFORE,wn-0022,-1,0.3,1
wn-0022:3:56,wn-0022:22:505,TEMPORAL,BEFORE,wn-0022,-1,0.3,1
wn-0022:3:56,wn-0022:22:507,TEMPORAL,BEFORE,wn-0022,-1,0.3,1
wn-0022:3:56,wn-0022:22:512,TEMPORAL,BEFORE,wn-0022,-1,0.3,1
wn-0022:3:56,wn-0022:22:521,TEMPORAL,BEFORE,wn-0022,-1,0.3,1
wn-0022:3:56,wn-0022:22:528,TEMPORAL,BEFORE,wn-0022,-1,0.3,1
wn-0022:3:56,wn-0022:23:552,TEMPORAL,BEFORE,wn-0022,-1,0.3,1
wn-0022:3:56,wn-0022:24:559,TEMPORAL,BEFORE,wn-0022,-1,0.3,1
wn-0022:3:56,wn-0022:25:605,TEMPORAL,BEFORE,wn-0022,-1,0.3,1
wn-0022:3:56,wn-0022:26:636,TEMPORAL,BEFORE,wn-0022,-1,0.3,1
wn-0022:3:56,wn-0022:27:654,TEMPORAL,BEFORE,wn-0022,-1,0.3,1
wn-0022:3:56,wn-0022:27:658,TEMPORAL,BEFORE,wn-0022,-1,0.3,1
wn-0022:4:82,wn-0022:19:448,TEMPORAL,BEFORE,wn-0022,-1,0.3,1
wn-0022:4:82,wn-0022:19:457,TEMPORAL,BEFORE,wn-0022,-1,0.3,1
wn-0022:4:82,wn-0022:21:497,TEMPORAL,BEFORE,wn-0022,-1,0.3,1
wn-0022:4:82,wn-0022:22:505,TEMPORAL,BEFORE,wn-0022,-1,0.3,1
wn-0022:4:82,wn-0022:22:507,TEMPORAL,BEFORE,wn-0022,-1,0.3,1
wn-0022:4:82,wn-0022:22:512,TEMPORAL,BEFORE,wn-0022,-1,0.3,1
wn-0022:4:82,wn-0022:22:521,TEMPORAL,BEFORE,wn-0022,-1,0.3,1
wn-0022:4:82,wn-0022:22:528,TEMPORAL,BEFORE,wn-0022,-1,0.3,1
wn-0022:4:82,wn-0022:23:552,TEMPORAL,BEFORE,wn-0022,-1,0.3,1
wn-0022:4:82,wn-0022:24:559,TEMPORAL,BEFORE,wn-0022,-1,0.3,1
wn-0022:4:82,wn-0022:25:605,TEMPORAL,BEFORE,wn-0022,-1,0.3,1
wn-0022:4:82,wn-0022:26:636,TEMPORAL,BEFORE,wn-0022,-1,0.3,1
wn-0022:4:82,wn-0022:27:654,TEMPORAL,BEFORE,wn-0022,-1,0.3,1
wn-0022:4:82,wn-0022:27:658,TEMPORAL,BEFORE,wn-0022,-1,0.3,1
wn-0022:4:92,wn-0022:19:448,TEMPORAL,BEFORE,wn-0022,-1,0.3,1
wn-0022:4:92,wn-0022:19:457,TEMPORAL,BEFORE,wn-0022,-1,0.3,1
wn-0022:4:92,wn-0022:21:497,TEMPORAL,BEFORE,wn-0022,-1,0.3,1
wn-0022:4:92,wn-0022:22:505,TEMPORAL,BEFORE,wn-0022,-1,0.3,1
wn-0022:4:92,wn-0022:22:507,TEMPORAL,BEFORE,wn-0022,-1,0.3,1
wn-0022:4:92,wn-0022:22:512,TEMPORAL,BEFORE,wn-0022,-1,0.3,1
wn-0022:4:92,wn-0022:22:521,TEMPORAL,BEFORE,wn-0022,-1,0.3,1
wn-0022:4:92,wn-0022:22:528,TEMPORAL,BEFORE,wn-0022,-1,0.3,1
wn-0022:4:92,wn-0022:23:552,TEMPORAL,BEFORE,wn-0022,-1,0.3,1
wn-0022:4:92,wn-0022:24:559,TEMPORAL,BEFORE,wn-0022,-1,0.3,1
wn-0022:4:92,wn-0022:25:605,TEMPORAL,BEFORE,wn-0022,-1,0.3,1
wn-0022:4:92,wn-0022:26:636,TEMPORAL,BEFORE,wn-0022,-1,0.3,1
wn-0022:4:92,wn-0022:27:654,TEMPORAL,BEFORE,wn-0022,-1,0.3,1
wn-0022:4:92,wn-0022:27:658,TEMPORAL,BEFORE,wn-0022,-1,0.3,1
wn-0022:19:448,wn-0022:19:457,TEMPORAL,SIMULTANEOUS,wn-0022,-1,0.9,1
wn-0022:19:448,wn-0022:21:497,TEMPORAL,BEFORE,wn-0022,-1,0.3,1
wn-0022:19:448,wn-0022:22:505,TEMPORAL,BEFORE,wn-0022,-1,0.3,1
wn-0022:19:448,wn-0022:22:507,TEMPORAL,BEFORE,wn-0022,-1,0.3,1
wn-0022:19:448,wn-0022:22:512,TEMPORAL,BEFORE,wn-0022,-1,0.3,1
wn-0022:19:448,wn-0022:22:521,TEMPORAL,BEFORE,wn-0022,-1,0.3,1
wn-0022:19:448,wn-0022:22:528,TEMPORAL,BEFORE,wn-0022,-1,0.3,1
wn-0022:19:448,wn-0022:23:552,TEMPORAL,BEFORE,wn-0022,-1,0.3,1
wn-0022:19:448,wn-0022:24:559,TEMPORAL,BEFORE,wn-0022,-1,0.3,1
wn-0022:19:448,wn-0022:25:605,TEMPORAL,BEFORE,wn-0022,-1,0.3,1
wn-0022:19:448,wn-0022:26:636,TEMPORAL,BEFORE,wn-0022,-1,0.3,1
wn-0022:19:448,wn-0022:27:654,TEMPORAL,BEFORE,wn-0022,-1,0.3,1
wn-0022:19:448,wn-0022:27:658,TEMPORAL,BEFORE,wn-0022,-1,0.3,1
wn-0022:19:457,wn-0022:21:497,TEMPORAL,BEFORE,wn-0022,-1,0.3,1
wn-0022:19:457,wn-0022:22:505,TEMPORAL,BEFORE,wn-0022,-1,0.3,1
wn-0022:19:457,wn-0022:22:507,TEMPORAL,BEFORE,wn-0022,-1,0.3,1
wn-0022:19:457,wn-0022:22:512,TEMPORAL,BEFORE,wn-0022,-1,0.3,1
wn-0022:19:457,wn-0022:22:521,TEMPORAL,BEFORE,wn-0022,-1,0.3,1
wn-0022:19:457,wn-0022:22:528,TEMPORAL,BEFORE,wn-0022,-1,0.3,1
wn-0022:19:457,wn-0022:23:552,TEMPORAL,BEFORE,wn-0022,-1,0.3,1
wn-0022:19:457,wn-0022:24:559,TEMPORAL,BEFORE,wn-0022,-1,0.3,1
wn-0022:19:457,wn-0022:25:605,TEMPORAL,BEFORE,wn-0022,-1,0.3,1
wn-0022:19:457,wn-0022:26:636,TEMPORAL,BEFORE,wn-0022,-1,0.3,1
wn-0022:19:457,wn-0022:27:654,TEMPORAL,BEFORE,wn-0022,-1,0.3,1
wn-0022:19:457,wn-0022:27:658,TEMPORAL,BEFORE,wn-0022,-1,0.3,1
wn-0022:21:497,wn-0022:22:505,TEMPORAL,BEFORE,wn-0022,-1,0.3,1
wn-0022:21:497,wn-0022:22:507,TEMPORAL,BEFORE,wn-0022,-1,0.3,1
wn-0022:21:497,wn-0022:22:512,TEMPORAL,BEFORE,wn-0022,-1,0.3,1
wn-0022:21:497,wn-0022:22:521,TEMPORAL,BEFORE,wn-0022,-1,0.3,1
wn-0022:21:497,wn-0022:22:528,TEMPORAL,BEFORE,wn-0022,-1,0.3,1
wn-0022:21:497,wn-0022:23:552,TEMPORAL,BEFORE,wn-0022,-1,0.3,1
wn-0022:21:497,wn-0022:24:559,TEMPORAL,BEFORE,wn-0022,-1,0.3,1
wn-0022:21:497,wn-0022:25:605,TEMPORAL,BEFORE,wn-0022,-1,0.3,1
wn-0022:21:497,wn-0022:26:636,TEMPORAL,BEFORE,wn-0022,-1,0.3,1
wn-0022:21:497,wn-0022:27:654,TEMPORAL,BEFORE,wn-0022,-1,0.3,1
wn-0022:21:497,wn-0022:27:658,TEMPORAL,BEFORE,wn-0022,-1,0.3,1
wn-0022:22:505,wn-0022:22:507,TEMPORAL,AFTER,wn-0022,-1,0.5,1
wn-0022:22:505,wn-0022:22:512,TEMPORAL,AFTER,wn-0022,-1,0.5,1
wn-0022:22:505,wn-0022:22:521,TEMPORAL,AFTER,wn-0022,-1,0.5,1
wn-0022:22:505,wn-0022:22:528,TEMPORAL,AFTER,wn-0022,-1,0.5,1
wn-0022:22:505,wn-0022:23:552,TEMPORAL,BEFORE,wn-0022,-1,0.3,1
wn-0022:22:505,wn-0022:24:559,TEMPORAL,BEFORE,wn-0022,-1,0.3,1
wn-0022:22:505,wn-0022:25:605,TEMPORAL,BEFORE,wn-0022,-1,0.3,1
wn-0022:22:505,wn-0022:26:636,TEMPORAL,BEFORE,wn-0022,-1,0.3,1
wn-0022:22:505,wn-0022:27:654,TEMPORAL,BEFORE,wn-0022,-1,0.3,1
wn-0022:22:505,wn-0022:27:658,TEMPORAL,BEFORE,wn-0022,-1,0.3,1
wn-0022:22:507,wn-0022:22:512,TEMPORAL,AFTER,wn-0022,-1,0.5,1
wn-0022:22:507,wn-0022:22:521,TEMPORAL,AFTER,wn-0022,-1,0.5,1
wn-0022:22:507,wn-0022:22:528,TEMPORAL,AFTER,wn-0022,-1,0.5,1
wn-0022:22:507,wn-0022:23:552,TEMPORAL,BEFORE,wn-0022,-1,0.3,1
wn-0022:22:507,wn-0022:24:559,TEMPORAL,BEFORE,wn-0022,-1,0.3,1
wn-0022:22:507,wn-0022:25:605,TEMPORAL,BEFORE,wn-0022,-1,0.3,1
wn-0022:22:507,wn-0022:26:636,TEMPORAL,BEFORE,wn-0022,-1,0.3,1
wn-0022:22:507,wn-0022:27:654,TEMPORAL,BEFORE,wn-0022,-1,0.3,1
wn-0022:22:507,wn-0022:27:658,TEMPORAL,BEFORE,wn-0022,-1,0.3,1
wn-0022:22:512,wn-0022:22:521,TEMPORAL,AFTER,wn-0022,-1,0.5,1
wn-0022:22:512,wn-0022:22:528,TEMPORAL,AFTER,wn-0022,-1,0.5,1
wn-0022:22:512,wn-0022:23:552,TEMPORAL,BEFORE,wn-0022,-1,0.3,1
wn-0022:22:512,wn-0022:24:559,TEMPORAL,BEFORE,wn-0022,-1,0.3,1
wn-0022:22:512,wn-0022:25:605,TEMPORAL,BEFORE,wn-0022,-1,0.3,1
wn-0022:22:512,wn-0022:26:636,TEMPORAL,BEFORE,wn-0022,-1,0.3,1
wn-0022:22:512,wn-0022:27:654,TEMPORAL,BEFORE,wn-0022,-1,0.3,1
wn-0022:22:512,wn-0022:27:658,TEMPORAL,BEFORE,wn-0022,-1,0.3,1
wn-0022:22:521,wn-0022:22:528,TEMPORAL,AFTER,wn-0022,-1,0.5,1
wn-0022:22:521,wn-0022:23:552,TEMPORAL,BEFORE,wn-0022,-1,0.3,1
wn-0022:22:521,wn-0022:24:559,TEMPORAL,BEFORE,wn-0022,-1,0.3,1
wn-0022:22:521,wn-0022:25:605,TEMPORAL,BEFORE,wn-0022,-1,0.3,1
wn-0022:22:521,wn-0022:26:636,TEMPORAL,BEFORE,wn-0022,-1,0.3,1
wn-0022:22:521,wn-0022:27:654,TEMPORAL,BEFORE,wn-0022,-1,0.3,1
wn-0022:22:521,wn-0022:27:658,TEMPORAL,BEFORE,wn-0022,-1,0.3,1
wn-0022:22:528,wn-0022:23:552,TEMPORAL,BEFORE,wn-0022,-1,0.3,1
wn-0022:22:528,wn-0022:24:559,TEMPORAL,BEFORE,wn-0022,-1,0.3,1
wn-0022:22:528,wn-0022:25:605,TEMPORAL,BEFORE,wn-0022,-1,0.3,1
wn-0022:22:528,wn-0022:26:636,TEMPORAL,BEFORE,wn-0022,-1,0.3,1
wn-0022:22:528,wn-0022:27:654,TEMPORAL,BEFORE,wn-0022,-1,0.3,1
wn-0022:22:528,wn-0022:27:658,TEMPORAL,BEFORE,wn-0022,-1,0.3,1
wn-0022:23:552,wn-0022:24:559,TEMPORAL,BEFORE,wn-0022,-1,0.3,1
wn-0022:23:552,wn-0022:25:605,TEMPORAL,BEFORE,wn-0022,-1,0.3,1
wn-0022:23:552,wn-0022:26:636,TEMPORAL,BEFORE,wn-0022,-1,0.3,1
wn-0022:23:552,wn-0022:27:654,TEMPORAL,BEFORE,wn-0022,-1,0.3,1
wn-0022:23:552,wn-0022:27:658,TEMPORAL,BEFORE,wn-0022,-1,0.3,1
wn-0022:24:559,wn-0022:25:605,TEMPORAL,BEFORE,wn-0022,-1,0.3,1
wn-0022:24:559,wn-0022:26:636,TEMPORAL,BEFORE,wn-0022,-1,0.3,1
wn-0022:24:559,wn-0022:27:654,TEMPORAL,BEFORE,wn-0022,-1,0.3,1
wn-0022:24:559,wn-0022:27:658,TEMPORAL,BEFORE,wn-0022,-1,0.3,1
wn-0022:25:605,wn-0022:26:636,TEMPORAL,BEFORE,wn-0022,-1,0.3,1
wn-0022:25:605,wn-0022:27:654,TEMPORAL,BEFORE,wn-0022,-1,0.3,1
wn-0022:25:605,wn-0022:27:658,TEMPORAL,BEFORE,wn-0022,-1,0.3,1
wn-0022:26:636,wn-0022:27:654,TEMPORAL,BEFORE,wn-0022,-1,0.3,1
wn-0022:26:636,wn-0022:27:658,TEMPORAL,BEFORE,wn-0022,-1,0.3,1
wn-0022:27:654,wn-0022:27:658,TEMPORAL,SIMULTANEOUS,wn-0022,-1,0.5,1
wn-0024:9:256,wn-0024:10:292,TEMPORAL,BEFORE,wn-0024,-1,0.3,1
wn-0024:9:256,wn-0024:12:343,TEMPORAL,BEFORE,wn-0024,-1,0.3,1
wn-0024:9:256,wn-0024:16:462,TEMPORAL,BEFORE,wn-0024,-1,0.3,1
wn-0024:9:256,wn-0024:18:495,TEMPORAL,BEFORE,wn-0024,-1,0.3,1
wn-0024:9:256,wn-0024:19:510,TEMPORAL,BEFORE,wn-0024,-1,0.3,1
wn-0024:9:256,wn-0024:19:517,TEMPORAL,BEFORE,wn-0024,-1,0.3,1
wn-0024:9:256,wn-0024:20:540,TEMPORAL,BEFORE,wn-0024,-1,0.3,1
wn-0024:9:256,wn-0024:21:551,TEMPORAL,BEFORE,wn-0024,-1,0.3,1
wn-0024:9:256,wn-0024:23:590,TEMPORAL,BEFORE,wn-0024,-1,0.3,1
wn-0024:10:292,wn-0024:12:343,TEMPORAL,BEFORE,wn-0024,-1,0.3,1
wn-0024:10:292,wn-0024:16:462,TEMPORAL,BEFORE,wn-0024,-1,0.3,1
wn-0024:10:292,wn-0024:18:495,TEMPORAL,BEFORE,wn-0024,-1,0.3,1
wn-0024:10:292,wn-0024:19:510,TEMPORAL,BEFORE,wn-0024,-1,0.3,1
wn-0024:10:292,wn-0024:19:517,TEMPORAL,BEFORE,wn-0024,-1,0.3,1
wn-0024:10:292,wn-0024:20:540,TEMPORAL,BEFORE,wn-0024,-1,0.3,1
wn-0024:10:292,wn-0024:21:551,TEMPORAL,BEFORE,wn-0024,-1,0.3,1
wn-0024:10:292,wn-0024:23:590,TEMPORAL,BEFORE,wn-0024,-1,0.3,1
wn-0024:12:343,wn-0024:16:462,TEMPORAL,BEFORE,wn-0024,-1,0.3,1
wn-0024:12:343,wn-0024:18:495,TEMPORAL,BEFORE,wn-0024,-1,0.3,1
wn-0024:12:343,wn-0024:19:510,TEMPORAL,BEFORE,wn-0024,-1,0.3,1
wn-0024:12:343,wn-0024:19:517,TEMPORAL,BEFORE,wn-0024,-1,0.3,1
wn-0024:12:343,wn-0024:20:540,TEMPORAL,BEFORE,wn-0024,-1,0.3,1
wn-0024:12:343,wn-0024:21:551,TEMPORAL,BEFORE,wn-0024,-1,0.3,1
wn-0024:12:343,wn-0024:23:590,TEMPORAL,BEFORE,wn-0024,-1,0.3,1
wn-0024:16:462,wn-0024:18:495,TEMPORAL,BEFORE,wn-0024,-1,0.75,1
wn-0024:16:462,wn-0024:19:510,TEMPORAL,BEFORE,wn-0024,-1,0.3,1
wn-0024:16:462,wn-0024:19:517,TEMPORAL,BEFORE,wn-0024,-1,0.3,1
wn-0024:16:462,wn-0024:20:540,TEMPORAL,BEFORE,wn-0024,-1,0.3,1
wn-0024:16:462,wn-0024:21:551,TEMPORAL,BEFORE,wn-0024,-1,0.9,1
wn-0024:16:462,wn-0024:23:590,TEMPORAL,BEFORE,wn-0024,-1,0.3,1
wn-0024:18:495,wn-0024:19:510,TEMPORAL,BEFORE,wn-0024,-1,0.3,1
wn-0024:18:495,wn-0024:19:517,TEMPORAL,BEFORE,wn-0024,-1,0.3,1
wn-0024:18:495,wn-0024:20:540,TEMPORAL,BEFORE,wn-0024,-1,0.3,1
wn-0024:18:495,wn-0024:21:551,TEMPORAL,AFTER,wn-0024,-1,0.75,1
wn-0024:18:495,wn-0024:23:590,TEMPORAL,BEFORE,wn-0024,-1,0.3,1
wn-0024:19:510,wn-0024:20:540,TEMPORAL,BEFORE,wn-0024,-1,0.3,1
wn-0024:19:510,wn-0024:21:551,TEMPORAL,BEFORE,wn-0024,-1,0.3,1
wn-0024:19:510,wn-0024:23:590,TEMPORAL,BEFORE,wn-0024,-1,0.3,1
wn-0024:19:517,wn-0024:20:540,TEMPORAL,BEFORE,wn-0024,-1,0.3,1
wn-0024:19:517,wn-0024:21:551,TEMPORAL,BEFORE,wn-0024,-1,0.3,1
wn-0024:19:517,wn-0024:23:590,TEMPORAL,BEFORE,wn-0024,-1,0.3,1
wn-0024:20:540,wn-0024:21:551,TEMPORAL,BEFORE,wn-0024,-1,0.3,1
wn-0024:20:540,wn-0024:23:590,TEMPORAL,BEFORE,wn-0024,-1,0.3,1
wn-0024:21:551,wn-0024:23:590,TEMPORAL,BEFORE,wn-0024,-1,0.3,1
wn-0025:0:9,wn-0025:1:22,TEMPORAL,BEFORE,wn-0025,-1,0.3,1
wn-0025:0:9,wn-0025:3:86,TEMPORAL,BEFORE,wn-0025,-1,0.3,1
wn-0025:0:9,wn-0025:3:93,TEMPORAL,BEFORE,wn-0025,-1,0.3,1
wn-0025:0:9,wn-0025:5:124,TEMPORAL,BEFORE,wn-0025,-1,0.3,1
wn-0025:0:9,wn-0025:6:150,TEMPORAL,BEFORE,wn-0025,-1,0.3,1
wn-0025:0:9,wn-0025:6:154,TEMPORAL,BEFORE,wn-0025,-1,0.3,1
wn-0025:0:9,wn-0025:10:276,TEMPORAL,BEFORE,wn-0025,-1,0.3,1
wn-0025:1:22,wn-0025:3:86,TEMPORAL,BEFORE,wn-0025,-1,0.3,1
wn-0025:1:22,wn-0025:3:93,TEMPORAL,BEFORE,wn-0025,-1,0.3,1
wn-0025:1:22,wn-0025:5:124,TEMPORAL,BEFORE,wn-0025,-1,0.3,1
wn-0025:1:22,wn-0025:6:150,TEMPORAL,BEFORE,wn-0025,-1,0.3,1
wn-0025:1:22,wn-0025:6:154,TEMPORAL,BEFORE,wn-0025,-1,0.3,1
wn-0025:1:22,wn-0025:10:276,TEMPORAL,BEFORE,wn-0025,-1,0.3,1
wn-0025:3:86,wn-0025:3:93,TEMPORAL,SIMULTANEOUS,wn-0025,-1,0.85,1
wn-0025:3:86,wn-0025:5:124,TEMPORAL,BEFORE,wn-0025,-1,0.3,1
wn-0025:3:86,wn-0025:6:150,TEMPORAL,BEFORE,wn-0025,-1,0.3,1
wn-0025:3:86,wn-0025:6:154,TEMPORAL,BEFORE,wn-0025,-1,0.3,1
wn-0025:3:86,wn-0025:10:276,TEMPORAL,AFTER,wn-0025,-1,0.85,1
wn-0025:3:93,wn-0025:5:124,TEMPORAL,BEFORE,wn-0025,-1,0.3,1
wn-0025:3:93,wn-0025:6:150,TEMPORAL,BEFORE,wn-0025,-1,0.3,1
wn-0025:3:93,wn-0025:6:154,TEMPORAL,BEFORE,wn-0025,-1,0.3,1
wn-0025:3:93,wn-0025:10:276,TEMPORAL,AFTER,wn-0025,-1,0.85,1
wn-0025:5:124,wn-0025:6:150,TEMPORAL,BEFORE,wn-0025,-1,0.3,1
wn-0025:5:124,wn-0025:6:154,TEMPORAL,BEFORE,wn-0025,-1,0.3,1
wn-0025:5:124,wn-0025:10:276,TEMPORAL,BEFORE,wn-0025,-1,0.3,1
wn-0025:6:150,wn-0025:10:276,TEMPORAL,BEFORE,wn-0025,-1,0.3,1
wn-0025:6:154,wn-0025:10:276,TEMPORAL,BEFORE,wn-0025,-1,0.3,1
wn-0026:6:147,wn-0026:8:200,TEMPORAL,AFTER,wn-0026,-1,0.9,1
wn-0028:0:6,wn-0028:11:261,TEMPORAL,BEFORE,wn-0028,-1,0.3,1
wn-0028:0:6,wn-0028:14:340,TEMPORAL,BEFORE,wn-0028,-1,0.3,1
wn-0028:0:6,wn-0028:16:350,TEMPORAL,BEFORE,wn-0028,-1,0.3,1
wn-0028:0:6,wn-0028:17:380,TEMPORAL,BEFORE,wn-0028,-1,0.3,1
wn-0028:11:261,wn-0028:14:340,TEMPORAL,BEFORE,wn-0028,-1,0.3,1
wn-0028:11:261,wn-0028:16:350,TEMPORAL,BEFORE,wn-0028,-1,0.3,1
wn-0028:11:261,wn-0028:17:380,TEMPORAL,BEFORE,wn-0028,-1,0.3,1
wn-0028:14:340,wn-0028:16:350,TEMPORAL,BEFORE,wn-0028,-1,0.3,1
wn-0028:14:340,wn-0028:17:380,TEMPORAL,BEFORE,wn-0028,-1,0.3,1
wn-0028:16:350,wn-0028:17:380,TEMPORAL,AFTER,wn-0028,-1,0.9,1
wn-0029:0:15,wn-0029:2:54,TEMPORAL,BEFORE,wn-0029,-1,0.3,1
wn-0029:0:15,wn-0029:4:115,TEMPORAL,BEFORE,wn-0029,-1,0.3,1
wn-0029:0:15,wn-0029:8:206,TEMPORAL,BEFORE,wn-0029,-1,0.3,1
wn-0029:0:15,wn-0029:10:217,TEMPORAL,BEFORE,wn-0029,-1,0.3,1
wn-0029:0:15,wn-0029:16:377,TEMPORAL,BEFORE,wn-0029,-1,0.3,1
wn-0029:0:15,wn-0029:17:391,TEMPORAL,BEFORE,wn-0029,-1,0.3,1
wn-0029:0:15,wn-0029:18:419,TEMPORAL,BEFORE,wn-0029,-1,0.3,1
wn-0029:0:15,wn-0029:22:523,TEMPORAL,BEFORE,wn-0029,-1,0.3,1
wn-0029:0:15,wn-0029:23:549,TEMPORAL,AFTER,wn-0029,-1,0.97,1
wn-0029:2:54,wn-0029:4:115,TEMPORAL,BEFORE,wn-0029,-1,0.3,1
wn-0029:2:54,wn-0029:8:206,TEMPORAL,BEFORE,wn-0029,-1,0.3,1
wn-0029:2:54,wn-0029:10:217,TEMPORAL,BEFORE,wn-0029,-1,0.3,1
wn-0029:2:54,wn-0029:16:377,TEMPORAL,BEFORE,wn-0029,-1,0.3,1
wn-0029:2:54,wn-0029:17:391,TEMPORAL,BEFORE,wn-0029,-1,0.3,1
wn-0029:2:54,wn-0029:18:419,TEMPORAL,BEFORE,wn-0029,-1,0.3,1
wn-0029:2:54,wn-0029:22:523,TEMPORAL,BEFORE,wn-0029,-1,0.3,1
wn-0029:2:54,wn-0029:23:549,TEMPORAL,BEFORE,wn-0029,-1,0.3,1
wn-0029:4:115,wn-0029:8:206,TEMPORAL,BEFORE,wn-0029,-1,0.3,1
wn-0029:4:115,wn-0029:10:217,TEMPORAL,BEFORE,wn-0029,-1,0.3,1
wn-0029:4:115,wn-0029:16:377,TEMPORAL,BEFORE,wn-0029,-1,0.3,1
wn-0029:4:115,wn-0029:17:391,TEMPORAL,BEFORE,wn-0029,-1,0.3,1
wn-0029:4:115,wn-0029:18:419,TEMPORAL,BEFORE,wn-0029,-1,0.3,1
wn-0029:4:115,wn-0029:22:523,TEMPORAL,BEFORE,wn-0029,-1,0.3,1
wn-0029:4:115,wn-0029:23:549,TEMPORAL,BEFORE,wn-0029,-1,0.3,1
wn-0029:8:206,wn-0029:10:217,TEMPORAL,BEFORE,wn-0029,-1,0.3,1
wn-0029:8:206,wn-0029:16:377,TEMPORAL,BEFORE,wn-0029,-1,0.3,1
wn-0029:8:206,wn-0029:17:391,TEMPORAL,BEFORE,wn-0029,-1,0.3,1
wn-0029:8:206,wn-0029:18:419,TEMPORAL,BEFORE,wn-0029,-1,0.3,1
wn-0029:8:206,wn-0029:22:523,TEMPORAL,BEFORE,wn-0029,-1,0.3,1
wn-0029:8:206,wn-0029:23:549,TEMPORAL,BEFORE,wn-0029,-1,0.3,1
wn-0029:10:217,wn-0029:16:377,TEMPORAL,BEFORE,wn-0029,-1,0.3,1
wn-0029:10:217,wn-0029:17:391,TEMPORAL,BEFORE,wn-0029,-1,0.3,1
wn-0029:10:217,wn-0029:18:419,TEMPORAL,BEFORE,wn-0029,-1,0.3,1
wn-0029:10:217,wn-0029:22:523,TEMPORAL,BEFORE,wn-0029,-1,0.3,1
wn-0029:10:217,wn-0029:23:549,TEMPORAL,BEFORE,wn-0029,-1,0.3,1
wn-0029:16:377,wn-0029:17:391,TEMPORAL,BEFORE,wn-0029,-1,0.3,1
wn-0029:16:377,wn-0029:18:419,TEMPORAL,BEFORE,wn-0029,-1,0.3,1
wn-0029:16:377,wn-0029:22:523,TEMPORAL,BEFORE,wn-0029,-1,0.3,1
wn-0029:16:377,wn-0029:23:549,TEMPORAL,BEFORE,wn-0029,-1,0.3,1
wn-0029:17:391,wn-0029:18:419,TEMPORAL,BEFORE,wn-0029,-1,0.3,1
wn-0029:17:391,wn-0029:22:523,TEMPORAL,BEFORE,wn-0029,-1,0.3,1
wn-0029:17:391,wn-0029:23:549,TEMPORAL,BEFORE,wn-0029,-1,0.3,1
wn-0029:18:419,wn-0029:22:523,TEMPORAL,BEFORE,wn-0029,-1,0.3,1
wn-0029:18:419,wn-0029:23:549,TEMPORAL,BEFORE,wn-0029,-1,0.3,1
wn-0029:22:523,wn-0029:23:549,TEMPORAL,BEFORE,wn-0029,-1,0.3,1
wn-0030:0:2,wn-0030:1:22,TEMPORAL,BEFORE,wn-0030,-1,0.3,1
wn-0030:0:2,wn-0030:6:124,TEMPORAL,BEFORE,wn-0030,-1,0.3,1
wn-0030:0:2,wn-0030:9:189,TEMPORAL,BEFORE,wn-0030,-1,0.3,1
wn-0030:0:2,wn-0030:11:296,TEMPORAL,BEFORE,wn-0030,-1,0.3,1
wn-0030:0:2,wn-0030:12:301,TEMPORAL,BEFORE,wn-0030,-1,0.3,1
wn-0030:1:22,wn-0030:6:124,TEMPORAL,BEFORE,wn-0030,-1,0.3,1
wn-0030:1:22,wn-0030:9:189,TEMPORAL,BEFORE,wn-0030,-1,0.3,1
wn-0030:1:22,wn-0030:11:296,TEMPORAL,BEFORE,wn-0030,-1,0.3,1
wn-0030:1:22,wn-0030:12:301,TEMPORAL,BEFORE,wn-0030,-1,0.3,1
wn-0030:6:124,wn-0030:9:189,TEMPORAL,BEFORE,wn-0030,-1,0.3,1
wn-0030:6:124,wn-0030:11:296,TEMPORAL,BEFORE,wn-0030,-1,0.3,1
wn-0030:6:124,wn-0030:12:301,TEMPORAL,BEFORE,wn-0030,-1,0.3,1
wn-0030:9:189,wn-0030:11:296,TEMPORAL,BEFORE,wn-0030,-1,0.3,1
wn-0030:9:189,wn-0030:12:301,TEMPORAL,BEFORE,wn-0030,-1,0.3,1
wn-0030:11:296,wn-0030:12:301,TEMPORAL,BEFORE,wn-0030,-1,0.3,1
wn-0031:0:52,wn-0031:2:110,TEMPORAL,BEFORE,wn-0031,-1,0.3,1
wn-0031:0:52,wn-0031:2:112,TEMPORAL,BEFORE,wn-0031,-1,0.3,1
wn-0031:0:52,wn-0031:2:86,TEMPORAL,BEFORE,wn-0031,-1,0.3,1
wn-0031:0:52,wn-0031:8:230,TEMPORAL,BEFORE,wn-0031,-1,0.3,1
wn-0031:2:110,wn-0031:2:112,TEMPORAL,SIMULTANEOUS,wn-0031,-1,0.85,1
wn-0031:2:110,wn-0031:8:230,TEMPORAL,BEFORE,wn-0031,-1,0.3,1
wn-0031:2:112,wn-0031:8:230,TEMPORAL,BEFORE,wn-0031,-1,0.3,1
wn-0031:2:86,wn-0031:8:230,TEMPORAL,BEFORE,wn-0031,-1,0.3,1
wn-0032:1:39,wn-0032:3:76,TEMPORAL,BEFORE,wn-0032,-1,0.3,1
wn-0032:1:39,wn-0032:7:179,TEMPORAL,BEFORE,wn-0032,-1,0.3,1
wn-0032:1:39,wn-0032:14:356,TEMPORAL,BEFORE,wn-0032,-1,0.3,1
wn-0032:1:39,wn-0032:15:385,TEMPORAL,BEFORE,wn-0032,-1,0.3,1
wn-0032:3:76,wn-0032:7:179,TEMPORAL,BEFORE,wn-0032,-1,0.3,1
wn-0032:3:76,wn-0032:14:356,TEMPORAL,BEFORE,wn-0032,-1,0.3,1
wn-0032:3:76,wn-0032:15:385,TEMPORAL,BEFORE,wn-0032,-1,0.3,1
wn-0032:7:179,wn-0032:14:356,TEMPORAL,BEFORE,wn-0032,-1,0.3,1
wn-0032:7:179,wn-0032:15:385,TEMPORAL,BEFORE,wn-0032,-1,0.3,1
wn-0032:14:356,wn-0032:15:385,TEMPORAL,BEFORE,wn-0032,-1,0.3,1
wn-0033:6:232,wn-0033:7:270,TEMPORAL,AFTER,wn-0033,-1,0.75,1
wn-0034:18:374,wn-0034:18:381,TEMPORAL,SIMULTANEOUS,wn-0034,-1,0.85,1
wn-0036:0:14,wn-0036:1:47,TEMPORAL,BEFORE,wn-0036,-1,0.3,1
wn-0036:0:14,wn-0036:3:103,TEMPORAL,BEFORE,wn-0036,-1,0.3,1
wn-0036:0:14,wn-0036:3:112,TEMPORAL,BEFORE,wn-0036,-1,0.3,1
wn-0036:0:14,wn-0036:4:122,TEMPORAL,BEFORE,wn-0036,-1,0.3,1
wn-0036:0:14,wn-0036:7:226,TEMPORAL,BEFORE,wn-0036,-1,0.3,1
wn-0036:1:47,wn-0036:3:103,TEMPORAL,BEFORE,wn-0036,-1,0.3,1
wn-0036:1:47,wn-0036:3:112,TEMPORAL,BEFORE,wn-0036,-1,0.3,1
wn-0036:1:47,wn-0036:4:122,TEMPORAL,AFTER,wn-0036,-1,0.85,1
wn-0036:1:47,wn-0036:7:226,TEMPORAL,BEFORE,wn-0036,-1,0.3,1
wn-0036:3:103,wn-0036:3:112,TEMPORAL,SIMULTANEOUS,wn-0036,-1,0.5,1
wn-0036:3:103,wn-0036:4:122,TEMPORAL,BEFORE,wn-0036,-1,0.3,1
wn-0036:3:103,wn-0036:7:226,TEMPORAL,BEFORE,wn-0036,-1,0.3,1
wn-0036:3:112,wn-0036:4:122,TEMPORAL,BEFORE,wn-0036,-1,0.3,1
wn-0036:3:112,wn-0036:7:226,TEMPORAL,BEFORE,wn-0036,-1,0.3,1
wn-0036:4:122,wn-0036:7:226,TEMPORAL,BEFORE,wn-0036,-1,0.3,1
wn-0037:3:77,wn-0037:8:207,TEMPORAL,BEFORE,wn-0037,-1,0.3,1
wn-0037:3:77,wn-0037:8:228,TEMPORAL,BEFORE,wn-0037,-1,0.3,1
wn-0037:3:77,wn-0037:10:254,TEMPORAL,BEFORE,wn-0037,-1,0.3,1
wn-0037:3:77,wn-0037:11:288,TEMPORAL,BEFORE,wn-0037,-1,0.3,1
wn-0037:3:77,wn-0037:13:337,TEMPORAL,BEFORE,wn-0037,-1,0.3,1
wn-0037:3:77,wn-0037:17:419,TEMPORAL,BEFORE,wn-0037,-1,0.3,1
wn-0037:3:77,wn-0037:18:434,TEMPORAL,BEFORE,wn-0037,-1,0.3,1
wn-0037:3:77,wn-0037:19:442,TEMPORAL,BEFORE,wn-0037,-1,0.3,1
wn-0037:3:77,wn-0037:20:483,TEMPORAL,BEFORE,wn-0037,-1,0.3,1
wn-0037:3:77,wn-0037:21:491,TEMPORAL,BEFORE,wn-0037,-1,0.3,1
wn-0037:8:207,wn-0037:10:254,TEMPORAL,BEFORE,wn-0037,-1,0.3,1
wn-0037:8:207,wn-0037:11:288,TEMPORAL,BEFORE,wn-0037,-1,0.3,1
wn-0037:8:207,wn-0037:13:337,TEMPORAL,BEFORE,wn-0037,-1,0.3,1
wn-0037:8:207,wn-0037:17:419,TEMPORAL,BEFORE,wn-0037,-1,0.3,1
wn-0037:8:207,wn-0037:18:434,TEMPORAL,BEFORE,wn-0037,-1,0.3,1
wn-0037:8:207,wn-0037:19:442,TEMPORAL,BEFORE,wn-0037,-1,0.3,1
wn-0037:8:207,wn-0037:20:483,TEMPORAL,BEFORE,wn-0037,-1,0.3,1
wn-0037:8:207,wn-0037:21:491,TEMPORAL,BEFORE,wn-0037,-1,0.3,1
wn-0037:8:228,wn-0037:10:254,TEMPORAL,BEFORE,wn-0037,-1,0.3,1
wn-0037:8:228,wn-0037:11:288,TEMPORAL,BEFORE,wn-0037,-1,0.3,1
wn-0037:8:228,wn-0037:13:337,TEMPORAL,BEFORE,wn-0037,-1,0.3,1
wn-0037:8:228,wn-0037:17:419,TEMPORAL,BEFORE,wn-0037,-1,0.3,1
wn-0037:8:228,wn-0037:18:434,TEMPORAL,BEFORE,wn-0037,-1,0.3,1
wn-0037:8:228,wn-0037:19:442,TEMPORAL,BEFORE,wn-0037,-1,0.3,1
wn-0037:8:228,wn-0037:20:483,TEMPORAL,BEFORE,wn-0037,-1,0.3,1
wn-0037:8:228,wn-0037:21:491,TEMPORAL,BEFORE,wn-0037,-1,0.3,1
wn-0037:10:254,wn-0037:11:288,TEMPORAL,BEFORE,wn-0037,-1,0.3,1
wn-0037:10:254,wn-0037:13:337,TEMPORAL,BEFORE,wn-0037,-1,0.3,1
wn-0037:10:254,wn-0037:17:419,TEMPORAL,BEFORE,wn-0037,-1,0.3,1
wn-0037:10:254,wn-0037:18:434,TEMPORAL,BEFORE,wn-0037,-1,0.3,1
wn-0037:10:254,wn-0037:19:442,TEMPORAL,BEFORE,wn-0037,-1,0.3,1
wn-0037:10:254,wn-0037:20:483,TEMPORAL,BEFORE,wn-0037,-1,0.3,1
wn-0037:10:254,wn-0037:21:491,TEMPORAL,BEFORE,wn-0037,-1,0.3,1
wn-0037:11:288,wn-0037:13:337,TEMPORAL,BEFORE,wn-0037,-1,0.3,1
wn-0037:11:288,wn-0037:17:419,TEMPORAL,BEFORE,wn-0037,-1,0.3,1
wn-0037:11:288,wn-0037:18:434,TEMPORAL,BEFORE,wn-0037,-1,0.3,1
wn-0037:11:288,wn-0037:19:442,TEMPORAL,BEFORE,wn-0037,-1,0.3,1
wn-0037:11:288,wn-0037:20:483,TEMPORAL,BEFORE,wn-0037,-1,0.3,1
wn-0037:11:288,wn-0037:21:491,TEMPORAL,BEFORE,wn-0037,-1,0.3,1
wn-0037:13:337,wn-0037:17:419,TEMPORAL,BEFORE,wn-0037,-1,0.3,1
wn-0037:13:337,wn-0037:18:434,TEMPORAL,BEFORE,wn-0037,-1,0.3,1
wn-0037:13:337,wn-0037:19:442,TEMPORAL,BEFORE,wn-0037,-1,0.3,1
wn-0037:13:337,wn-0037:20:483,TEMPORAL,BEFORE,wn-0037,-1,0.3,1
wn-0037:13:337,wn-0037:21:491,TEMPORAL,BEFORE,wn-0037,-1,0.3,1
wn-0037:17:419,wn-0037:18:434,TEMPORAL,BEFORE,wn-0037,-1,0.3,1
wn-0037:17:419,wn-0037:19:442,TEMPORAL,BEFORE,wn-0037,-1,0.3,1
wn-0037:17:419,wn-0037:20:483,TEMPORAL,BEFORE,wn-0037,-1,0.3,1
wn-0037:17:419,wn-0037:21:491,TEMPORAL,BEFORE,wn-0037,-1,0.3,1
wn-0037:18:434,wn-0037:19:442,TEMPORAL,BEFORE,wn-0037,-1,0.3,1
wn-0037:18:434,wn-0037:20:483,TEMPORAL,BEFORE,wn-0037,-1,0.3,1
wn-0037:18:434,wn-0037:21:491,TEMPORAL,BEFORE,wn-0037,-1,0.3,1
wn-0037:19:442,wn-0037:20:483,TEMPORAL,BEFORE,wn-0037,-1,0.3,1
wn-0037:19:442,wn-0037:21:491,TEMPORAL,BEFORE,wn-0037,-1,0.3,1
wn-0037:20:483,wn-0037:21:491,TEMPORAL,BEFORE,wn-0037,-1,0.3,1
wn-0038:2:56,wn-0038:6:108,TEMPORAL,BEFORE,wn-0038,-1,0.3,1
wn-0038:2:56,wn-0038:11:238,TEMPORAL,BEFORE,wn-0038,-1,0.3,1
wn-0038:2:56,wn-0038:15:313,TEMPORAL,BEFORE,wn-0038,-1,0.3,1
wn-0038:6:108,wn-0038:11:238,TEMPORAL,AFTER,wn-0038,-1,0.8,1
wn-0038:6:108,wn-0038:15:313,TEMPORAL,AFTER,wn-0038,-1,0.8,1
wn-0038:11:238,wn-0038:15:313,TEMPORAL,BEFORE,wn-0038,-1,0.85,1
wn-0039:0:8,wn-0039:6:177,TEMPORAL,BEFORE,wn-0039,-1,0.3,1
wn-0039:0:8,wn-0039:9:261,TEMPORAL,BEFORE,wn-0039,-1,0.3,1
wn-0039:6:177,wn-0039:9:261,TEMPORAL,BEFORE,wn-0039,-1,0.3,1
wn-0040:2:92,wn-0040:5:117,TEMPORAL,BEFORE,wn-0040,-1,0.3,1
wn-0040:2:92,wn-0040:8:199,TEMPORAL,BEFORE,wn-0040,-1,0.3,1
wn-0040:2:92,wn-0040:9:214,TEMPORAL,BEFORE,wn-0040,-1,0.3,1
wn-0040:5:117,wn-0040:8:199,TEMPORAL,BEFORE,wn-0040,-1,0.3,1
wn-0040:5:117,wn-0040:9:214,TEMPORAL,BEFORE,wn-0040,-1,0.3,1
wn-0040:8:199,wn-0040:9:214,TEMPORAL,BEFORE,wn-0040,-1,0.7,1
wn-0041:1:65,wn-0041:7:263,TEMPORAL,BEFORE,wn-0041,-1,0.3,1
wn-0041:1:65,wn-0041:17:561,TEMPORAL,AFTER,wn-0041,-1,0.97,1
wn-0041:7:263,wn-0041:17:561,TEMPORAL,BEFORE,wn-0041,-1,0.3,1
wn-0042:3:41,wn-0042:8:156,TEMPORAL,AFTER,wn-0042,-1,0.8,1
wn-0042:3:41,wn-0042:9:202,TEMPORAL,BEFORE,wn-0042,-1,0.3,1
wn-0042:3:41,wn-0042:11:278,TEMPORAL,BEFORE,wn-0042,-1,0.3,1
wn-0042:8:156,wn-0042:9:202,TEMPORAL,BEFORE,wn-0042,-1,0.3,1
wn-0042:8:156,wn-0042:11:278,TEMPORAL,BEFORE,wn-0042,-1,0.3,1
wn-0042:9:202,wn-0042:11:278,TEMPORAL,BEFORE,wn-0042,-1,0.3,1
wn-0043:0:13,wn-0043:1:48,TEMPORAL,BEFORE,wn-0043,-1,0.3,1
wn-0043:0:13,wn-0043:6:175,TEMPORAL,BEFORE,wn-0043,-1,0.3,1
wn-0043:1:48,wn-0043:6:175,TEMPORAL,BEFORE,wn-0043,-1,0.3,1
wn-0044:0:39,wn-0044:1:66,TEMPORAL,BEFORE,wn-0044,-1,0.3,1
wn-0044:0:39,wn-0044:5:152,TEMPORAL,AFTER,wn-0044,-1,0.8,1
wn-0044:0:39,wn-0044:14:325,TEMPORAL,AFTER,wn-0044,-1,0.8,1
wn-0044:1:66,wn-0044:5:152,TEMPORAL,BEFORE,wn-0044,-1,0.3,1
wn-0044:1:66,wn-0044:14:325,TEMPORAL,BEFORE,wn-0044,-1,0.3,1
wn-0044:5:152,wn-0044:14:325,TEMPORAL,BEFORE,wn-0044,-1,0.85,1
wn-0045:2:83,wn-0045:2:90,TEMPORAL,BEFORE,wn-0045,-1,0.5,1
wn-0045:2:83,wn-0045:5:208,TEMPORAL,BEFORE,wn-0045,-1,0.3,1
wn-0045:2:83,wn-0045:5:233,TEMPORAL,BEFORE,wn-0045,-1,0.3,1
wn-0045:2:90,wn-0045:5:208,TEMPORAL,BEFORE,wn-0045,-1,0.3,1
wn-0045:2:90,wn-0045:5:233,TEMPORAL,BEFORE,wn-0045,-1,0.3,1
wn-0046:1:47,wn-0046:3:87,TEMPORAL,BEFORE,wn-0046,-1,0.3,1
wn-0046:1:47,wn-0046:3:92,TEMPORAL,BEFORE,wn-0046,-1,0.3,1
wn-0046:1:47,wn-0046:5:175,TEMPORAL,BEFORE,wn-0046,-1,0.3,1
wn-0046:1:47,wn-0046:10:285,TEMPORAL,BEFORE,wn-0046,-1,0.3,1
wn-0046:1:47,wn-0046:12:344,TEMPORAL,BEFORE,wn-0046,-1,0.3,1
wn-0046:1:47,wn-0046:15:407,TEMPORAL,BEFORE,wn-0046,-1,0.3,1
wn-0046:3:87,wn-0046:3:92,TEMPORAL,SIMULTANEOUS,wn-0046,-1,0.5,1
wn-0046:3:87,wn-0046:5:175,TEMPORAL,BEFORE,wn-0046,-1,0.3,1
wn-0046:3:87,wn-0046:10:285,TEMPORAL,BEFORE,wn-0046,-1,0.3,1
wn-0046:3:87,wn-0046:12:344,TEMPORAL,BEFORE,wn-0046,-1,0.3,1
wn-0046:3:87,wn-0046:15:407,TEMPORAL,BEFORE,wn-0046,-1,0.3,1
wn-0046:3:92,wn-0046:5:175,TEMPORAL,BEFORE,wn-0046,-1,0.3,1
wn-0046:3:92,wn-0046:10:285,TEMPORAL,BEFORE,wn-0046,-1,0.3,1
wn-0046:3:92,wn-0046:12:344,TEMPORAL,BEFORE,wn-0046,-1,0.3,1
wn-0046:3:92,wn-0046:15:407,TEMPORAL,BEFORE,wn-0046,-1,0.3,1
wn-0046:5:175,wn-0046:10:285,TEMPORAL,BEFORE,wn-0046,-1,0.3,1
wn-0046:5:175,wn-0046:12:344,TEMPORAL,BEFORE,wn-0046,-1,0.3,1
wn-0046:5:175,wn-0046:15:407,TEMPORAL,BEFORE,wn-0046,-1,0.3,1
wn-0046:10:285,wn-0046:12:344,TEMPORAL,BEFORE,wn-0046,-1,0.3,1
wn-0046:10:285,wn-0046:15:407,TEMPORAL,BEFORE,wn-0046,-1,0.3,1
wn-0046:12:344,wn-0046:15:407,TEMPORAL,BEFORE,wn-0046,-1,0.3,1
wn-0048:0:12,wn-0048:0:26,TEMPORAL,SIMULTANEOUS,wn-0048,-1,0.9,1
wn-0048:0:12,wn-0048:1:34,TEMPORAL,AFTER,wn-0048,-1,0.9,1
wn-0048:0:12,wn-0048:2:61,TEMPORAL,AFTER,wn-0048,-1,0.75,1
wn-0048:0:12,wn-0048:3:93,TEMPORAL,AFTER,wn-0048,-1,0.9,1
wn-0048:0:12,wn-0048:4:120,TEMPORAL,BEFORE,wn-0048,-1,0.3,1
wn-0048:0:26,wn-0048:1:34,TEMPORAL,AFTER,wn-0048,-1,0.9,1
wn-0048:0:26,wn-0048:2:61,TEMPORAL,AFTER,wn-0048,-1,0.75,1
wn-0048:0:26,wn-0048:3:93,TEMPORAL,AFTER,wn-0048,-1,0.9,1
wn-0048:0:26,wn-0048:4:120,TEMPORAL,BEFORE,wn-0048,-1,0.3,1
wn-0048:1:34,wn-0048:2:61,TEMPORAL,BEFORE,wn-0048,-1,0.75,1
wn-0048:1:34,wn-0048:3:93,TEMPORAL,AFTER,wn-0048,-1,0.9,1
wn-0048:1:34,wn-0048:4:120,TEMPORAL,BEFORE,wn-0048,-1,0.3,1
wn-0048:2:61,wn-0048:3:93,TEMPORAL,AFTER,wn-0048,-1,0.75,1
wn-0048:2:61,wn-0048:4:120,TEMPORAL,BEFORE,wn-0048,-1,0.3,1
wn-0048:3:93,wn-0048:4:120,TEMPORAL,BEFORE,wn-0048,-1,0.3,1
wn-0049:1:29,wn-0049:3:67,TEMPORAL,BEFORE,wn-0049,-1,0.3,1
wn-0049:1:29,wn-0049:8:208,TEMPORAL,BEFORE,wn-0049,-1,0.3,1
wn-0049:3:67,wn-0049:8:208,TEMPORAL,BEFORE,wn-0049,-1,0.3,1
wn-0050:0:3,wn-0050:3:89,TEMPORAL,BEFORE,wn-0050,-1,0.3,1
wn-0051:13:465,wn-0051:16:561,TEMPORAL,BEFORE,wn-0051,-1,0.3,1
wn-0052:1:15,wn-0052:14:335,TEMPORAL,BEFORE,wn-0052,-1,0.3,1
wn-0052:1:15,wn-0052:19:478,TEMPORAL,BEFORE,wn-0052,-1,0.3,1
wn-0052:14:335,wn-0052:19:478,TEMPORAL,BEFORE,wn-0052,-1,0.3,1
wn-0053:2:53,wn-0053:3:81,TEMPORAL,BEFORE,wn-0053,-1,0.3,1
wn-0053:2:53,wn-0053:10:234,TEMPORAL,BEFORE,wn-0053,-1,0.3,1
wn-0053:3:81,wn-0053:10:234,TEMPORAL,BEFORE,wn-0053,-1,0.3,1
wn-0054:20:426,wn-0054:20:432,TEMPORAL,SIMULTANEOUS,wn-0054,-1,0.95,1
wn-0054:20:426,wn-0054:21:448,TEMPORAL,BEFORE,wn-0054,-1,0.85,1
wn-0054:20:432,wn-0054:21:448,TEMPORAL,BEFORE,wn-0054,-1,0.85,1
wn-0055:0:14,wn-0055:1:36,TEMPORAL,BEFORE,wn-0055,-1,0.3,1
wn-0055:0:14,wn-0055:1:51,TEMPORAL,BEFORE,wn-0055,-1,0.3,1
wn-0055:0:14,wn-0055:3:111,TEMPORAL,BEFORE,wn-0055,-1,0.3,1
wn-0055:0:14,wn-0055:3:84,TEMPORAL,BEFORE,wn-0055,-1,0.3,1
wn-0055:0:14,wn-0055:5:129,TEMPORAL,BEFORE,wn-0055,-1,0.3,1
wn-0055:0:14,wn-0055:7:209,TEMPORAL,BEFORE,wn-0055,-1,0.3,1
wn-0055:0:14,wn-0055:12:325,TEMPORAL,BEFORE,wn-0055,-1,0.3,1
wn-0055:0:14,wn-0055:14:396,TEMPORAL,BEFORE,wn-0055,-1,0.3,1
wn-0055:1:36,wn-0055:3:111,TEMPORAL,BEFORE,wn-0055,-1,0.3,1
wn-0055:1:36,wn-0055:3:84,TEMPORAL,BEFORE,wn-0055,-1,0.3,1
wn-0055:1:36,wn-0055:5:129,TEMPORAL,BEFORE,wn-0055,-1,0.3,1
wn-0055:1:36,wn-0055:7:209,TEMPORAL,BEFORE,wn-0055,-1,0.3,1
wn-0055:1:36,wn-0055:12:325,TEMPORAL,BEFORE,wn-0055,-1,0.3,1
wn-0055:1:36,wn-0055:14:396,TEMPORAL,BEFORE,wn-0055,-1,0.3,1
wn-0055:1:51,wn-0055:3:111,TEMPORAL,BEFORE,wn-0055,-1,0.3,1
wn-0055:1:51,wn-0055:3:84,TEMPORAL,BEFORE,wn-0055,-1,0.3,1
wn-0055:1:51,wn-0055:5:129,TEMPORAL,BEFORE,wn-0055,-1,0.3,1
wn-0055:1:51,wn-0055:7:209,TEMPORAL,BEFORE,wn-0055,-1,0.3,1
wn-0055:1:51,wn-0055:12:325,TEMPORAL,BEFORE,wn-0055,-1,0.3,1
wn-0055:1:51,wn-0055:14:396,TEMPORAL,BEFORE,wn-0055,-1,0.3,1
wn-0055:3:111,wn-0055:5:129,TEMPORAL,BEFORE,wn-0055,-1,0.3,1
wn-0055:3:111,wn-0055:7:209,TEMPORAL,BEFORE,wn-0055,-1,0.3,1
wn-0055:3:111,wn-0055:12:325,TEMPORAL,BEFORE,wn-0055,-1,0.3,1
wn-0055:3:111,wn-0055:14:396,TEMPORAL,BEFORE,wn-0055,-1,0.3,1
wn-0055:3:84,wn-0055:5:129,TEMPORAL,BEFORE,wn-0055,-1,0.3,1
wn-0055:3:84,wn-0055:7:209,TEMPORAL,BEFORE,wn-0055,-1,0.3,1
wn-0055:3:84,wn-0055:12:325,TEMPORAL,BEFORE,wn-0055,-1,0.3,1
wn-0055:3:84,wn-0055:14:396,TEMPORAL,BEFORE,wn-0055,-1,0.3,1
wn-0055:5:129,wn-0055:7:209,TEMPORAL,BEFORE,wn-0055,-1,0.3,1
wn-0055:5:129,wn-0055:12:325,TEMPORAL,BEFORE,wn-0055,-1,0.3,1
wn-0055:5:129,wn-0055:14:396,TEMPORAL,BEFORE,wn-0055,-1,0.3,1
wn-0055:7:209,wn-0055:12:325,TEMPORAL,BEFORE,wn-0055,-1,0.3,1
wn-0055:7:209,wn-0055:14:396,TEMPORAL,BEFORE,wn-0055,-1,0.3,1
wn-0055:12:325,wn-0055:14:396,TEMPORAL,BEFORE,wn-0055,-1,0.3,1
wn-0056:0:15,wn-0056:1:37,TEMPORAL,BEFORE,wn-0056,-1,0.3,1
wn-0056:0:15,wn-0056:1:60,TEMPORAL,BEFORE,wn-0056,-1,0.3,1
wn-0056:0:15,wn-0056:4:141,TEMPORAL,BEFORE,wn-0056,-1,0.3,1
wn-0056:1:37,wn-0056:4:141,TEMPORAL,BEFORE,wn-0056,-1,0.3,1
wn-0056:1:60,wn-0056:4:141,TEMPORAL,BEFORE,wn-0056,-1,0.3,1
wn-0057:3:112,wn-0057:6:186,TEMPORAL,BEFORE,wn-0057,-1,0.3,1
wn-0057:3:112,wn-0057:8:235,TEMPORAL,BEFORE,wn-0057,-1,0.3,1
wn-0057:3:112,wn-0057:9:295,TEMPORAL,BEFORE,wn-0057,-1,0.3,1
wn-0057:3:112,wn-0057:12:415,TEMPORAL,BEFORE,wn-0057,-1,0.3,1
wn-0057:3:112,wn-0057:13:439,TEMPORAL,BEFORE,wn-0057,-1,0.3,1
wn-0057:3:112,wn-0057:15:503,TEMPORAL,BEFORE,wn-0057,-1,0.3,1
wn-0057:6:186,wn-0057:8:235,TEMPORAL,BEFORE,wn-0057,-1,0.3,1
wn-0057:6:186,wn-0057:9:295,TEMPORAL,BEFORE,wn-0057,-1,0.3,1
wn-0057:6:186,wn-0057:12:415,TEMPORAL,BEFORE,wn-0057,-1,0.3,1
wn-0057:6:186,wn-0057:13:439,TEMPORAL,BEFORE,wn-0057,-1,0.3,1
wn-0057:6:186,wn-0057:15:503,TEMPORAL,BEFORE,wn-0057,-1,0.3,1
wn-0057:8:235,wn-0057:9:295,TEMPORAL,BEFORE,wn-0057,-1,0.97,1
wn-0057:8:235,wn-0057:12:415,TEMPORAL,BEFORE,wn-0057,-1,0.3,1
wn-0057:8:235,wn-0057:13:439,TEMPORAL,BEFORE,wn-0057,-1,0.3,1
wn-0057:8:235,wn-0057:15:503,TEMPORAL,BEFORE,wn-0057,-1,0.3,1
wn-0057:9:295,wn-0057:12:415,TEMPORAL,BEFORE,wn-0057,-1,0.3,1
wn-0057:9:295,wn-0057:13:439,TEMPORAL,BEFORE,wn-0057,-1,0.3,1
wn-0057:9:295,wn-0057:15:503,TEMPORAL,BEFORE,wn-0057,-1,0.3,1
wn-0057:12:415,wn-0057:13:439,TEMPORAL,BEFORE,wn-0057,-1,0.3,1
wn-0057:12:415,wn-0057:15:503,TEMPORAL,BEFORE,wn-0057,-1,0.3,1
wn-0057:13:439,wn-0057:15:503,TEMPORAL,BEFORE,wn-0057,-1,0.3,1
wn-0058:1:86,wn-0058:3:143,TEMPORAL,BEFORE,wn-0058,-1,0.3,1
wn-0058:1:86,wn-0058:3:160,TEMPORAL,BEFORE,wn-0058,-1,0.3,1
wn-0058:3:143,wn-0058:3:160,TEMPORAL,SIMULTANEOUS,wn-0058,-1,0.85,1
wn-0059:0:27,wn-0059:0:8,TEMPORAL,AFTER,wn-0059,-1,0.5,1
wn-0059:0:27,wn-0059:2:52,TEMPORAL,BEFORE,wn-0059,-1,0.3,1
wn-0059:0:27,wn-0059:2:60,TEMPORAL,BEFORE,wn-0059,-1,0.3,1
wn-0059:0:27,wn-0059:3:82,TEMPORAL,BEFORE,wn-0059,-1,0.3,1
wn-0059:0:27,wn-0059:5:114,TEMPORAL,BEFORE,wn-0059,-1,0.3,1
wn-0059:0:27,wn-0059:6:139,TEMPORAL,BEFORE,wn-0059,-1,0.3,1
wn-0059:0:27,wn-0059:7:172,TEMPORAL,BEFORE,wn-0059,-1,0.3,1
wn-0059:0:27,wn-0059:12:258,TEMPORAL,BEFORE,wn-0059,-1,0.3,1
wn-0059:0:27,wn-0059:12:276,TEMPORAL,BEFORE,wn-0059,-1,0.3,1
wn-0059:0:27,wn-0059:12:285,TEMPORAL,BEFORE,wn-0059,-1,0.3,1
wn-0059:0:27,wn-0059:14:324,TEMPORAL,BEFORE,wn-0059,-1,0.3,1
wn-0059:0:27,wn-0059:15:372,TEMPORAL,BEFORE,wn-0059,-1,0.3,1
wn-0059:0:8,wn-0059:2:52,TEMPORAL,BEFORE,wn-0059,-1,0.3,1
wn-0059:0:8,wn-0059:2:60,TEMPORAL,BEFORE,wn-0059,-1,0.3,1
wn-0059:0:8,wn-0059:3:82,TEMPORAL,BEFORE,wn-0059,-1,0.3,1
wn-0059:0:8,wn-0059:5:114,TEMPORAL,BEFORE,wn-0059,-1,0.3,1
wn-0059:0:8,wn-0059:6:139,TEMPORAL,BEFORE,wn-0059,-1,0.3,1
wn-0059:0:8,wn-0059:7:172,TEMPORAL,BEFORE,wn-0059,-1,0.3,1
wn-0059:0:8,wn-0059:12:258,TEMPORAL,BEFORE,wn-0059,-1,0.3,1
wn-0059:0:8,wn-0059:12:276,TEMPORAL,BEFORE,wn-0059,-1,0.3,1
wn-0059:0:8,wn-0059:12:285,TEMPORAL,BEFORE,wn-0059,-1,0.3,1
wn-0059:0:8,wn-0059:14:324,TEMPORAL,BEFORE,wn-0059,-1,0.3,1
wn-0059:0:8,wn-0059:15:372,TEMPORAL,BEFORE,wn-0059,-1,0.3,1
wn-0059:2:52,wn-0059:3:82,TEMPORAL,BEFORE,wn-0059,-1,0.3,1
wn-0059:2:52,wn-0059:5:114,TEMPORAL,BEFORE,wn-0059,-1,0.3,1
wn-0059:2:52,wn-0059:6:139,TEMPORAL,BEFORE,wn-0059,-1,0.3,1
wn-0059:2:52,wn-0059:7:172,TEMPORAL,BEFORE,wn-0059,-1,0.3,1
wn-0059:2:52,wn-0059:12:258,TEMPORAL,BEFORE,wn-0059,-1,0.3,1
wn-0059:2:52,wn-0059:12:276,TEMPORAL,BEFORE,wn-0059,-1,0.3,1
wn-0059:2:52,wn-0059:12:285,TEMPORAL,BEFORE,wn-0059,-1,0.3,1
wn-0059:2:52,wn-0059:14:324,TEMPORAL,BEFORE,wn-0059,-1,0.3,1
wn-0059:2:52,wn-0059:15:372,TEMPORAL,BEFORE,wn-0059,-1,0.3,1
wn-0059:2:60,wn-0059:3:82,TEMPORAL,BEFORE,wn-0059,-1,0.3,1
wn-0059:2:60,wn-0059:5:114,TEMPORAL,BEFORE,wn-0059,-1,0.3,1
wn-0059:2:60,wn-0059:6:139,TEMPORAL,BEFORE,wn-0059,-1,0.3,1
wn-0059:2:60,wn-0059:7:172,TEMPORAL,BEFORE,wn-0059,-1,0.3,1
wn-0059:2:60,wn-0059:12:258,TEMPORAL,BEFORE,wn-0059,-1,0.3,1
wn-0059:2:60,wn-0059:12:276,TEMPORAL,BEFORE,wn-0059,-1,0.3,1
wn-0059:2:60,wn-0059:12:285,TEMPORAL,BEFORE,wn-0059,-1,0.3,1
wn-0059:2:60,wn-0059:14:324,TEMPORAL,BEFORE,wn-0059,-1,0.3,1
wn-0059:2:60,wn-0059:15:372,TEMPORAL,BEFORE,wn-0059,-1,0.3,1
wn-0059:3:82,wn-0059:5:114,TEMPORAL,BEFORE,wn-0059,-1,0.3,1
wn-0059:3:82,wn-0059:6:139,TEMPORAL,BEFORE,wn-0059,-1,0.3,1
wn-0059:3:82,wn-0059:7:172,TEMPORAL,BEFORE,wn-0059,-1,0.3,1
wn-0059:3:82,wn-0059:12:258,TEMPORAL,BEFORE,wn-0059,-1,0.3,1
wn-0059:3:82,wn-0059:12:276,TEMPORAL,BEFORE,wn-0059,-1,0.3,1
wn-0059:3:82,wn-0059:12:285,TEMPORAL,BEFORE,wn-0059,-1,0.3,1
wn-0059:3:82,wn-0059:14:324,TEMPORAL,BEFORE,wn-0059,-1,0.3,1
wn-0059:3:82,wn-0059:15:372,TEMPORAL,BEFORE,wn-0059,-1,0.3,1
wn-0059:5:114,wn-0059:6:139,TEMPORAL,BEFORE,wn-0059,-1,0.3,1
wn-0059:5:114,wn-0059:7:172,TEMPORAL,BEFORE,wn-0059,-1,0.3,1
wn-0059:5:114,wn-0059:12:258,TEMPORAL,BEFORE,wn-0059,-1,0.3,1
wn-0059:5:114,wn-0059:12:276,TEMPORAL,BEFORE,wn-0059,-1,0.3,1
wn-0059:5:114,wn-0059:12:285,TEMPORAL,BEFORE,wn-0059,-1,0.3,1
wn-0059:5:114,wn-0059:14:324,TEMPORAL,BEFORE,wn-0059,-1,0.3,1
wn-0059:5:114,wn-0059:15:372,TEMPORAL,BEFORE,wn-0059,-1,0.3,1
wn-0059:6:139,wn-0059:7:172,TEMPORAL,BEFORE,wn-0059,-1,0.3,1
wn-0059:6:139,wn-0059:12:258,TEMPORAL,BEFORE,wn-0059,-1,0.3,1
wn-0059:6:139,wn-0059:12:276,TEMPORAL,BEFORE,wn-0059,-1,0.3,1
wn-0059:6:139,wn-0059:12:285,TEMPORAL,BEFORE,wn-0059,-1,0.3,1
wn-0059:6:139,wn-0059:14:324,TEMPORAL,BEFORE,wn-0059,-1,0.3,1
wn-0059:6:139,wn-0059:15:372,TEMPORAL,BEFORE,wn-0059,-1,0.3,1
wn-0059:7:172,wn-0059:12:258,TEMPORAL,BEFORE,wn-0059,-1,0.3,1
wn-0059:7:172,wn-0059:12:276,TEMPORAL,BEFORE,wn-0059,-1,0.3,1
wn-0059:7:172,wn-0059:12:285,TEMPORAL,BEFORE,wn-0059,-1,0.3,1
wn-0059:7:172,wn-0059:14:324,TEMPORAL,BEFORE,wn-0059,-1,0.3,1
wn-0059:7:172,wn-0059:15:372,TEMPORAL,BEFORE,wn-0059,-1,0.3,1
wn-0059:12:258,wn-0059:12:276,TEMPORAL,SIMULTANEOUS,wn-0059,-1,0.95,1
wn-0059:12:258,wn-0059:12:285,TEMPORAL,SIMULTANEOUS,wn-0059,-1,0.95,1
wn-0059:12:258,wn-0059:14:324,TEMPORAL,BEFORE,wn-0059,-1,0.3,1
wn-0059:12:258,wn-0059:15:372,TEMPORAL,BEFORE,wn-0059,-1,0.3,1
wn-0059:12:276,wn-0059:12:285,TEMPORAL,SIMULTANEOUS,wn-0059,-1,0.95,1
wn-0059:12:276,wn-0059:14:324,TEMPORAL,BEFORE,wn-0059,-1,0.3,1
wn-0059:12:276,wn-0059:15:372,TEMPORAL,BEFORE,wn-0059,-1,0.3,1
wn-0059:12:285,wn-0059:14:324,TEMPORAL,BEFORE,wn-0059,-1,0.3,1
wn-0059:12:285,wn-0059:15:372,TEMPORAL,BEFORE,wn-0059,-1,0.3,1
wn-0059:14:324,wn-0059:15:372,TEMPORAL,BEFORE,wn-0059,-1,0.3,1
wn-0060:0:20,wn-0060:0:23,TEMPORAL,AFTER,wn-0060,-1,0.9,1
wn-0060:0:20,wn-0060:4:114,TEMPORAL,BEFORE,wn-0060,-1,0.3,1
wn-0060:0:20,wn-0060:5:139,TEMPORAL,SIMULTANEOUS,wn-0060,-1,0.9,1
wn-0060:0:20,wn-0060:5:149,TEMPORAL,AFTER,wn-0060,-1,0.9,1
wn-0060:0:20,wn-0060:6:162,TEMPORAL,BEFORE,wn-0060,-1,0.3,1
wn-0060:0:20,wn-0060:7:208,TEMPORAL,BEFORE,wn-0060,-1,0.3,1
wn-0060:0:20,wn-0060:8:222,TEMPORAL,BEFORE,wn-0060,-1,0.3,1
wn-0060:0:20,wn-0060:8:225,TEMPORAL,BEFORE,wn-0060,-1,0.3,1
wn-0060:0:23,wn-0060:4:114,TEMPORAL,BEFORE,wn-0060,-1,0.3,1
wn-0060:0:23,wn-0060:5:139,TEMPORAL,BEFORE,wn-0060,-1,0.9,1
wn-0060:0:23,wn-0060:5:149,TEMPORAL,AFTER,wn-0060,-1,0.9,1
wn-0060:0:23,wn-0060:6:162,TEMPORAL,BEFORE,wn-0060,-1,0.3,1
wn-0060:0:23,wn-0060:7:208,TEMPORAL,BEFORE,wn-0060,-1,0.3,1
wn-0060:0:23,wn-0060:8:222,TEMPORAL,BEFORE,wn-0060,-1,0.3,1
wn-0060:0:23,wn-0060:8:225,TEMPORAL,BEFORE,wn-0060,-1,0.3,1
wn-0060:4:114,wn-0060:5:139,TEMPORAL,BEFORE,wn-0060,-1,0.3,1
wn-0060:4:114,wn-0060:5:149,TEMPORAL,BEFORE,wn-0060,-1,0.3,1
wn-0060:4:114,wn-0060:6:162,TEMPORAL,BEFORE,wn-0060,-1,0.3,1
wn-0060:4:114,wn-0060:7:208,TEMPORAL,BEFORE,wn-0060,-1,0.3,1
wn-0060:4:114,wn-0060:8:222,TEMPORAL,BEFORE,wn-0060,-1,0.3,1
wn-0060:4:114,wn-0060:8:225,TEMPORAL,BEFORE,wn-0060,-1,0.3,1
wn-0060:5:139,wn-0060:5:149,TEMPORAL,AFTER,wn-0060,-1,0.9,1
wn-0060:5:139,wn-0060:6:162,TEMPORAL,BEFORE,wn-0060,-1,0.3,1
wn-0060:5:139,wn-0060:7:208,TEMPORAL,BEFORE,wn-0060,-1,0.3,1
wn-0060:5:139,wn-0060:8:222,TEMPORAL,BEFORE,wn-0060,-1,0.3,1
wn-0060:5:139,wn-0060:8:225,TEMPORAL,BEFORE,wn-0060,-1,0.3,1
wn-0060:5:149,wn-0060:6:162,TEMPORAL,BEFORE,wn-0060,-1,0.3,1
wn-0060:5:149,wn-0060:7:208,TEMPORAL,BEFORE,wn-0060,-1,0.3,1
wn-0060:5:149,wn-0060:8:222,TEMPORAL,BEFORE,wn-0060,-1,0.3,1
wn-0060:5:149,wn-0060:8:225,TEMPORAL,BEFORE,wn-0060,-1,0.3,1
wn-0060:6:162,wn-0060:7:208,TEMPORAL,BEFORE,wn-0060,-1,0.3,1
wn-0060:6:162,wn-0060:8:222,TEMPORAL,BEFORE,wn-0060,-1,0.3,1
wn-0060:6:162,wn-0060:8:225,TEMPORAL,BEFORE,wn-0060,-1,0.3,1
wn-0060:7:208,wn-0060:8:222,TEMPORAL,BEFORE,wn-0060,-1,0.3,1
wn-0060:7:208,wn-0060:8:225,TEMPORAL,BEFORE,wn-0060,-1,0.3,1
wn-0061:0:9,wn-0061:2:61,TEMPORAL,BEFORE,wn-0061,-1,0.3,1
wn-0061:0:9,wn-0061:6:78,TEMPORAL,BEFORE,wn-0061,-1,0.3,1
wn-0061:0:9,wn-0061:6:85,TEMPORAL,BEFORE,wn-0061,-1,0.3,1
wn-0061:2:61,wn-0061:6:78,TEMPORAL,BEFORE,wn-0061,-1,0.3,1
wn-0061:2:61,wn-0061:6:85,TEMPORAL,BEFORE,wn-0061,-1,0.3,1
wn-0061:6:78,wn-0061:6:85,TEMPORAL,BEFORE,wn-0061,-1,0.5,1
wn-0062:0:25,wn-0062:1:38,TEMPORAL,BEFORE,wn-0062,-1,0.3,1
wn-0062:0:25,wn-0062:1:67,TEMPORAL,BEFORE,wn-0062,-1,0.3,1
wn-0062:0:25,wn-0062:7:177,TEMPORAL,BEFORE,wn-0062,-1,0.3,1
wn-0062:0:25,wn-0062:7:183,TEMPORAL,BEFORE,wn-0062,-1,0.3,1
wn-0062:1:38,wn-0062:1:67,TEMPORAL,AFTER,wn-0062,-1,0.7,1
wn-0062:1:38,wn-0062:7:177,TEMPORAL,BEFORE,wn-0062,-1,0.3,1
wn-0062:1:38,wn-0062:7:183,TEMPORAL,BEFORE,wn-0062,-1,0.3,1
wn-0062:1:67,wn-0062:7:177,TEMPORAL,BEFORE,wn-0062,-1,0.3,1
wn-0062:1:67,wn-0062:7:183,TEMPORAL,BEFORE,wn-0062,-1,0.3,1
wn-0062:7:177,wn-0062:7:183,TEMPORAL,AFTER,wn-0062,-1,0.5,1
wn-0063:0:22,wn-0063:0:24,TEMPORAL,AFTER,wn-0063,-1,0.5,1
wn-0063:0:22,wn-0063:0:28,TEMPORAL,AFTER,wn-0063,-1,0.5,1
wn-0063:0:22,wn-0063:1:32,TEMPORAL,BEFORE,wn-0063,-1,0.3,1
wn-0063:0:24,wn-0063:0:28,TEMPORAL,AFTER,wn-0063,-1,0.5,1
wn-0063:0:24,wn-0063:1:32,TEMPORAL,BEFORE,wn-0063,-1,0.3,1
wn-0063:0:28,wn-0063:1:32,TEMPORAL,BEFORE,wn-0063,-1,0.3,1
wn-0064:0:9,wn-0064:1:44,TEMPORAL,BEFORE,wn-0064,-1,0.3,1
wn-0064:0:9,wn-0064:1:71,TEMPORAL,BEFORE,wn-0064,-1,0.3,1
wn-0064:0:9,wn-0064:4:180,TEMPORAL,BEFORE,wn-0064,-1,0.3,1
wn-0064:1:44,wn-0064:1:71,TEMPORAL,AFTER,wn-0064,-1,0.5,1
wn-0064:1:44,wn-0064:4:180,TEMPORAL,BEFORE,wn-0064,-1,0.3,1
wn-0064:1:71,wn-0064:4:180,TEMPORAL,BEFORE,wn-0064,-1,0.3,1
wn-0065:1:17,wn-0065:1:42,TEMPORAL,SIMULTANEOUS,wn-0065,-1,0.5,1
wn-0065:1:17,wn-0065:1:59,TEMPORAL,SIMULTANEOUS,wn-0065,-1,0.5,1
wn-0065:1:17,wn-0065:2:86,TEMPORAL,BEFORE,wn-0065,-1,0.3,1
wn-0065:1:17,wn-0065:3:107,TEMPORAL,BEFORE,wn-0065,-1,0.3,1
wn-0065:1:17,wn-0065:4:149,TEMPORAL,BEFORE,wn-0065,-1,0.3,1
wn-0065:1:17,wn-0065:4:157,TEMPORAL,BEFORE,wn-0065,-1,0.3,1
wn-0065:1:42,wn-0065:1:59,TEMPORAL,SIMULTANEOUS,wn-0065,-1,0.5,1
wn-0065:1:42,wn-0065:2:86,TEMPORAL,BEFORE,wn-0065,-1,0.3,1
wn-0065:1:42,wn-0065:3:107,TEMPORAL,BEFORE,wn-0065,-1,0.3,1
wn-0065:1:42,wn-0065:4:149,TEMPORAL,BEFORE,wn-0065,-1,0.3,1
wn-0065:1:42,wn-0065:4:157,TEMPORAL,BEFORE,wn-0065,-1,0.3,1
wn-0065:1:59,wn-0065:2:86,TEMPORAL,BEFORE,wn-0065,-1,0.3,1
wn-0065:1:59,wn-0065:3:107,TEMPORAL,BEFORE,wn-0065,-1,0.3,1
wn-0065:1:59,wn-0065:4:149,TEMPORAL,AFTER,wn-0065,-1,0.9,1
wn-0065:1:59,wn-0065:4:157,TEMPORAL,AFTER,wn-0065,-1,0.9,1
wn-0065:2:86,wn-0065:3:107,TEMPORAL,BEFORE,wn-0065,-1,0.3,1
wn-0065:2:86,wn-0065:4:149,TEMPORAL,BEFORE,wn-0065,-1,0.3,1
wn-0065:2:86,wn-0065:4:157,TEMPORAL,BEFORE,wn-0065,-1,0.3,1
wn-0065:3:107,wn-0065:4:149,TEMPORAL,BEFORE,wn-0065,-1,0.3,1
wn-0065:3:107,wn-0065:4:157,TEMPORAL,BEFORE,wn-0065,-1,0.3,1
wn-0065:4:149,wn-0065:4:157,TEMPORAL,SIMULTANEOUS,wn-0065,-1,0.95,1
wn-0066:1:33,wn-0066:5:121,TEMPORAL,BEFORE,wn-0066,-1,0.3,1
wn-0066:1:33,wn-0066:7:157,TEMPORAL,BEFORE,wn-0066,-1,0.3,1
wn-0066:1:33,wn-0066:7:164,TEMPORAL,BEFORE,wn-0066,-1,0.3,1
wn-0066:1:33,wn-0066:9:219,TEMPORAL,BEFORE,wn-0066,-1,0.3,1
wn-0066:1:33,wn-0066:16:442,TEMPORAL,BEFORE,wn-0066,-1,0.3,1
wn-0066:1:33,wn-0066:18:485,TEMPORAL,BEFORE,wn-0066,-1,0.3,1
wn-0066:1:33,wn-0066:22:590,TEMPORAL,BEFORE,wn-0066,-1,0.3,1
wn-0066:1:33,wn-0066:22:607,TEMPORAL,BEFORE,wn-0066,-1,0.3,1
wn-0066:1:33,wn-0066:23:613,TEMPORAL,BEFORE,wn-0066,-1,0.3,1
wn-0066:1:33,wn-0066:27:727,TEMPORAL,BEFORE,wn-0066,-1,0.3,1
wn-0066:1:33,wn-0066:28:754,TEMPORAL,BEFORE,wn-0066,-1,0.3,1
wn-0066:1:33,wn-0066:35:898,TEMPORAL,BEFORE,wn-0066,-1,0.3,1
wn-0066:1:33,wn-0066:41:1022,TEMPORAL,BEFORE,wn-0066,-1,0.3,1
wn-0066:1:33,wn-0066:42:1044,TEMPORAL,BEFORE,wn-0066,-1,0.3,1
wn-0066:1:33,wn-0066:44:1080,TEMPORAL,BEFORE,wn-0066,-1,0.3,1
wn-0066:1:33,wn-0066:46:1120,TEMPORAL,BEFORE,wn-0066,-1,0.3,1
wn-0066:5:121,wn-0066:7:157,TEMPORAL,BEFORE,wn-0066,-1,0.3,1
wn-0066:5:121,wn-0066:7:164,TEMPORAL,BEFORE,wn-0066,-1,0.3,1
wn-0066:5:121,wn-0066:9:219,TEMPORAL,BEFORE,wn-0066,-1,0.3,1
wn-0066:5:121,wn-0066:16:442,TEMPORAL,BEFORE,wn-0066,-1,0.3,1
wn-0066:5:121,wn-0066:18:485,TEMPORAL,BEFORE,wn-0066,-1,0.3,1
wn-0066:5:121,wn-0066:22:590,TEMPORAL,BEFORE,wn-0066,-1,0.3,1
wn-0066:5:121,wn-0066:22:607,TEMPORAL,BEFORE,wn-0066,-1,0.3,1
wn-0066:5:121,wn-0066:23:613,TEMPORAL,BEFORE,wn-0066,-1,0.3,1
wn-0066:5:121,wn-0066:27:727,TEMPORAL,BEFORE,wn-0066,-1,0.3,1
wn-0066:5:121,wn-0066:28:754,TEMPORAL,BEFORE,wn-0066,-1,0.3,1
wn-0066:5:121,wn-0066:35:898,TEMPORAL,BEFORE,wn-0066,-1,0.3,1
wn-0066:5:121,wn-0066:41:1022,TEMPORAL,BEFORE,wn-0066,-1,0.3,1
wn-0066:5:121,wn-0066:42:1044,TEMPORAL,BEFORE,wn-0066,-1,0.3,1
wn-0066:5:121,wn-0066:44:1080,TEMPORAL,BEFORE,wn-0066,-1,0.3,1
wn-0066:5:121,wn-0066:46:1120,TEMPORAL,BEFORE,wn-0066,-1,0.3,1
wn-0066:7:157,wn-0066:7:164,TEMPORAL,SIMULTANEOUS,wn-0066,-1,0.9,1
wn-0066:7:157,wn-0066:9:219,TEMPORAL,AFTER,wn-0066,-1,0.9,1
wn-0066:7:157,wn-0066:16:442,TEMPORAL,BEFORE,wn-0066,-1,0.3,1
wn-0066:7:157,wn-0066:18:485,TEMPORAL,BEFORE,wn-0066,-1,0.3,1
wn-0066:7:157,wn-0066:22:590,TEMPORAL,BEFORE,wn-0066,-1,0.3,1
wn-0066:7:157,wn-0066:22:607,TEMPORAL,BEFORE,wn-0066,-1,0.3,1
wn-0066:7:157,wn-0066:23:613,TEMPORAL,AFTER,wn-0066,-1,0.9,1
wn-0066:7:157,wn-0066:27:727,TEMPORAL,SIMULTANEOUS,wn-0066,-1,0.9,1
wn-0066:7:157,wn-0066:28:754,TEMPORAL,BEFORE,wn-0066,-1,0.3,1
wn-0066:7:157,wn-0066:35:898,TEMPORAL,AFTER,wn-0066,-1,0.9,1
wn-0066:7:157,wn-0066:41:1022,TEMPORAL,BEFORE,wn-0066,-1,0.85,1
wn-0066:7:157,wn-0066:42:1044,TEMPORAL,AFTER,wn-0066,-1,0.9,1
wn-0066:7:157,wn-0066:44:1080,TEMPORAL,AFTER,wn-0066,-1,0.9,1
wn-0066:7:157,wn-0066:46:1120,TEMPORAL,AFTER,wn-0066,-1,0.9,1
wn-0066:7:164,wn-0066:9:219,TEMPORAL,AFTER,wn-0066,-1,0.9,1
wn-0066:7:164,wn-0066:16:442,TEMPORAL,BEFORE,wn-0066,-1,0.3,1
wn-0066:7:164,wn-0066:18:485,TEMPORAL,BEFORE,wn-0066,-1,0.3,1
wn-0066:7:164,wn-0066:22:590,TEMPORAL,BEFORE,wn-0066,-1,0.3,1
wn-0066:7:164,wn-0066:22:607,TEMPORAL,BEFORE,wn-0066,-1,0.3,1
wn-0066:7:164,wn-0066:23:613,TEMPORAL,AFTER,wn-0066,-1,0.9,1
wn-0066:7:164,wn-0066:27:727,TEMPORAL,SIMULTANEOUS,wn-0066,-1,0.9,1
wn-0066:7:164,wn-0066:28:754,TEMPORAL,BEFORE,wn-0066,-1,0.3,1
wn-0066:7:164,wn-0066:35:898,TEMPORAL,AFTER,wn-0066,-1,0.9,1
wn-0066:7:164,wn-0066:41:1022,TEMPORAL,BEFORE,wn-0066,-1,0.85,1
wn-0066:7:164,wn-0066:42:1044,TEMPORAL,AFTER,wn-0066,-1,0.9,1
wn-0066:7:164,wn-0066:44:1080,TEMPORAL,AFTER,wn-0066,-1,0.9,1
wn-0066:7:164,wn-0066:46:1120,TEMPORAL,AFTER,wn-0066,-1,0.9,1
wn-0066:9:219,wn-0066:16:442,TEMPORAL,BEFORE,wn-0066,-1,0.3,1
wn-0066:9:219,wn-0066:18:485,TEMPORAL,BEFORE,wn-0066,-1,0.3,1
wn-0066:9:219,wn-0066:22:590,TEMPORAL,BEFORE,wn-0066,-1,0.3,1
wn-0066:9:219,wn-0066:22:607,TEMPORAL,BEFORE,wn-0066,-1,0.3,1
wn-0066:9:219,wn-0066:23:613,TEMPORAL,SIMULTANEOUS,wn-0066,-1,0.9,1
wn-0066:9:219,wn-0066:27:727,TEMPORAL,BEFORE,wn-0066,-1,0.9,1
wn-0066:9:219,wn-0066:28:754,TEMPORAL,BEFORE,wn-0066,-1,0.3,1
wn-0066:9:219,wn-0066:35:898,TEMPORAL,SIMULTANEOUS,wn-0066,-1,0.9,1
wn-0066:9:219,wn-0066:41:1022,TEMPORAL,BEFORE,wn-0066,-1,0.85,1
wn-0066:9:219,wn-0066:42:1044,TEMPORAL,SIMULTANEOUS,wn-0066,-1,0.9,1
wn-0066:9:219,wn-0066:44:1080,TEMPORAL,SIMULTANEOUS,wn-0066,-1,0.9,1
wn-0066:9:219,wn-0066:46:1120,TEMPORAL,SIMULTANEOUS,wn-0066,-1,0.9,1
wn-0066:16:442,wn-0066:18:485,TEMPORAL,BEFORE,wn-0066,-1,0.3,1
wn-0066:16:442,wn-0066:22:590,TEMPORAL,BEFORE,wn-0066,-1,0.3,1
wn-0066:16:442,wn-0066:22:607,TEMPORAL,BEFORE,wn-0066,-1,0.3,1
wn-0066:16:442,wn-0066:23:613,TEMPORAL,BEFORE,wn-0066,-1,0.3,1
wn-0066:16:442,wn-0066:27:727,TEMPORAL,BEFORE,wn-0066,-1,0.3,1
wn-0066:16:442,wn-0066:28:754,TEMPORAL,BEFORE,wn-0066,-1,0.3,1
wn-0066:16:442,wn-0066:35:898,TEMPORAL,BEFORE,wn-0066,-1,0.3,1
wn-0066:16:442,wn-0066:41:1022,TEMPORAL,BEFORE,wn-0066,-1,0.3,1
wn-0066:16:442,wn-0066:42:1044,TEMPORAL,BEFORE,wn-0066,-1,0.3,1
wn-0066:16:442,wn-0066:44:1080,TEMPORAL,BEFORE,wn-0066,-1,0.3,1
wn-0066:16:442,wn-0066:46:1120,TEMPORAL,BEFORE,wn-0066,-1,0.3,1
wn-0066:18:485,wn-0066:22:590,TEMPORAL,BEFORE,wn-0066,-1,0.3,1
wn-0066:18:485,wn-0066:22:607,TEMPORAL,BEFORE,wn-0066,-1,0.3,1
wn-0066:18:485,wn-0066:23:613,TEMPORAL,BEFORE,wn-0066,-1,0.3,1
wn-0066:18:485,wn-0066:27:727,TEMPORAL,BEFORE,wn-0066,-1,0.3,1
wn-0066:18:485,wn-0066:28:754,TEMPORAL,BEFORE,wn-0066,-1,0.3,1
wn-0066:18:485,wn-0066:35:898,TEMPORAL,BEFORE,wn-0066,-1,0.3,1
wn-0066:18:485,wn-0066:41:1022,TEMPORAL,BEFORE,wn-0066,-1,0.3,1
wn-0066:18:485,wn-0066:42:1044,TEMPORAL,BEFORE,wn-0066,-1,0.3,1
wn-0066:18:485,wn-0066:44:1080,TEMPORAL,BEFORE,wn-0066,-1,0.3,1
wn-0066:18:485,wn-0066:46:1120,TEMPORAL,BEFORE,wn-0066,-1,0.3,1
wn-0066:22:590,wn-0066:23:613,TEMPORAL,BEFORE,wn-0066,-1,0.3,1
wn-0066:22:590,wn-0066:27:727,TEMPORAL,BEFORE,wn-0066,-1,0.3,1
wn-0066:22:590,wn-0066:28:754,TEMPORAL,BEFORE,wn-0066,-1,0.3,1
wn-0066:22:590,wn-0066:35:898,TEMPORAL,BEFORE,wn-0066,-1,0.3,1
wn-0066:22:590,wn-0066:41:1022,TEMPORAL,BEFORE,wn-0066,-1,0.3,1
wn-0066:22:590,wn-0066:42:1044,TEMPORAL,BEFORE,wn-0066,-1,0.3,1
wn-0066:22:590,wn-0066:44:1080,TEMPORAL,BEFORE,wn-0066,-1,0.3,1
wn-0066:22:590,wn-0066:46:1120,TEMPORAL,BEFORE,wn-0066,-1,0.3,1
wn-0066:22:607,wn-0066:23:613,TEMPORAL,BEFORE,wn-0066,-1,0.3,1
wn-0066:22:607,wn-0066:27:727,TEMPORAL,BEFORE,wn-0066,-1,0.3,1
wn-0066:22:607,wn-0066:28:754,TEMPORAL,BEFORE,wn-0066,-1,0.3,1
wn-0066:22:607,wn-0066:35:898,TEMPORAL,BEFORE,wn-0066,-1,0.3,1
wn-0066:22:607,wn-0066:41:1022,TEMPORAL,BEFORE,wn-0066,-1,0.3,1
wn-0066:22:607,wn-0066:42:1044,TEMPORAL,BEFORE,wn-0066,-1,0.3,1
wn-0066:22:607,wn-0066:44:1080,TEMPORAL,BEFORE,wn-0066,-1,0.3,1
wn-0066:22:607,wn-0066:46:1120,TEMPORAL,BEFORE,wn-0066,-1,0.3,1
wn-0066:23:613,wn-0066:27:727,TEMPORAL,BEFORE,wn-0066,-1,0.9,1
wn-0066:23:613,wn-0066:28:754,TEMPORAL,BEFORE,wn-0066,-1,0.3,1
wn-0066:23:613,wn-0066:35:898,TEMPORAL,SIMULTANEOUS,wn-0066,-1,0.9,1
wn-0066:23:613,wn-0066:41:1022,TEMPORAL,BEFORE,wn-0066,-1,0.85,1
wn-0066:23:613,wn-0066:42:1044,TEMPORAL,SIMULTANEOUS,wn-0066,-1,0.9,1
wn-0066:23:613,wn-0066:44:1080,TEMPORAL,SIMULTANEOUS,wn-0066,-1,0.9,1
wn-0066:23:613,wn-0066:46:1120,TEMPORAL,SIMULTANEOUS,wn-0066,-1,0.9,1
wn-0066:27:727,wn-0066:28:754,TEMPORAL,BEFORE,wn-0066,-1,0.3,1
wn-0066:27:727,wn-0066:35:898,TEMPORAL,AFTER,wn-0066,-1,0.9,1
wn-0066:27:727,wn-0066:41:1022,TEMPORAL,BEFORE,wn-0066,-1,0.85,1
wn-0066:27:727,wn-0066:42:1044,TEMPORAL,AFTER,wn-0066,-1,0.9,1
wn-0066:27:727,wn-0066:44:1080,TEMPORAL,AFTER,wn-0066,-1,0.9,1
wn-0066:27:727,wn-0066:46:1120,TEMPORAL,AFTER,wn-0066,-1,0.9,1
wn-0066:28:754,wn-0066:35:898,TEMPORAL,BEFORE,wn-0066,-1,0.3,1
wn-0066:28:754,wn-0066:41:1022,TEMPORAL,BEFORE,wn-0066,-1,0.3,1
wn-0066:28:754,wn-0066:42:1044,TEMPORAL,BEFORE,wn-0066,-1,0.3,1
wn-0066:28:754,wn-0066:44:1080,TEMPORAL,BEFORE,wn-0066,-1,0.3,1
wn-0066:28:754,wn-0066:46:1120,TEMPORAL,BEFORE,wn-0066,-1,0.3,1
wn-0066:35:898,wn-0066:41:1022,TEMPORAL,BEFORE,wn-0066,-1,0.85,1
wn-0066:35:898,wn-0066:42:1044,TEMPORAL,SIMULTANEOUS,wn-0066,-1,0.9,1
wn-0066:35:898,wn-0066:44:1080,TEMPORAL,SIMULTANEOUS,wn-0066,-1,0.9,1
wn-0066:35:898,wn-0066:46:1120,TEMPORAL,SIMULTANEOUS,wn-0066,-1,0.9,1
wn-0066:41:1022,wn-0066:42:1044,TEMPORAL,AFTER,wn-0066,-1,0.85,1
wn-0066:41:1022,wn-0066:44:1080,TEMPORAL,AFTER,wn-0066,-1,0.85,1
wn-0066:41:1022,wn-0066:46:1120,TEMPORAL,AFTER,wn-0066,-1,0.85,1
wn-0066:42:1044,wn-0066:44:1080,TEMPORAL,SIMULTANEOUS,wn-0066,-1,0.9,1
wn-0066:42:1044,wn-0066:46:1120,TEMPORAL,SIMULTANEOUS,wn-0066,-1,0.9,1
wn-0066:44:1080,wn-0066:46:1120,TEMPORAL,SIMULTANEOUS,wn-0066,-1,0.9,1
wn-0067:0:7,wn-0067:0:9,TEMPORAL,SIMULTANEOUS,wn-0067,-1,0.98,1
wn-0067:0:7,wn-0067:1:25,TEMPORAL,BEFORE,wn-0067,-1,0.9,1
wn-0067:0:7,wn-0067:1:27,TEMPORAL,BEFORE,wn-0067,-1,0.9,1
wn-0067:0:7,wn-0067:1:31,TEMPORAL,BEFORE,wn-0067,-1,0.9,1
wn-0067:0:7,wn-0067:1:54,TEMPORAL,BEFORE,wn-0067,-1,0.9,1
wn-0067:0:7,wn-0067:3:59,TEMPORAL,BEFORE,wn-0067,-1,0.3,1
wn-0067:0:7,wn-0067:3:68,TEMPORAL,BEFORE,wn-0067,-1,0.3,1
wn-0067:0:7,wn-0067:4:78,TEMPORAL,BEFORE,wn-0067,-1,0.3,1
wn-0067:0:7,wn-0067:4:94,TEMPORAL,BEFORE,wn-0067,-1,0.3,1
wn-0067:0:7,wn-0067:5:109,TEMPORAL,BEFORE,wn-0067,-1,0.3,1
wn-0067:0:7,wn-0067:8:154,TEMPORAL,BEFORE,wn-0067,-1,0.7,1
wn-0067:0:7,wn-0067:9:186,TEMPORAL,BEFORE,wn-0067,-1,0.3,1
wn-0067:0:7,wn-0067:9:203,TEMPORAL,BEFORE,wn-0067,-1,0.3,1
wn-0067:0:7,wn-0067:10:213,TEMPORAL,BEFORE,wn-0067,-1,0.9,1
wn-0067:0:9,wn-0067:1:25,TEMPORAL,BEFORE,wn-0067,-1,0.9,1
wn-0067:0:9,wn-0067:1:27,TEMPORAL,BEFORE,wn-0067,-1,0.9,1
wn-0067:0:9,wn-0067:1:31,TEMPORAL,BEFORE,wn-0067,-1,0.9,1
wn-0067:0:9,wn-0067:1:54,TEMPORAL,BEFORE,wn-0067,-1,0.9,1
wn-0067:0:9,wn-0067:3:59,TEMPORAL,BEFORE,wn-0067,-1,0.3,1
wn-0067:0:9,wn-0067:3:68,TEMPORAL,BEFORE,wn-0067,-1,0.3,1
wn-0067:0:9,wn-0067:4:78,TEMPORAL,BEFORE,wn-0067,-1,0.3,1
wn-0067:0:9,wn-0067:4:94,TEMPORAL,BEFORE,wn-0067,-1,0.3,1
wn-0067:0:9,wn-0067:5:109,TEMPORAL,BEFORE,wn-0067,-1,0.3,1
wn-0067:0:9,wn-0067:8:154,TEMPORAL,BEFORE,wn-0067,-1,0.7,1
wn-0067:0:9,wn-0067:9:186,TEMPORAL,BEFORE,wn-0067,-1,0.3,1
wn-0067:0:9,wn-0067:9:203,TEMPORAL,BEFORE,wn-0067,-1,0.3,1
wn-0067:0:9,wn-0067:10:213,TEMPORAL,BEFORE,wn-0067,-1,0.9,1
wn-0067:1:25,wn-0067:1:27,TEMPORAL,SIMULTANEOUS,wn-0067,-1,0.9,1
wn-0067:1:25,wn-0067:1:31,TEMPORAL,SIMULTANEOUS,wn-0067,-1,0.9,1
wn-0067:1:25,wn-0067:1:54,TEMPORAL,SIMULTANEOUS,wn-0067,-1,0.9,1
wn-0067:1:25,wn-0067:3:59,TEMPORAL,BEFORE,wn-0067,-1,0.3,1
wn-0067:1:25,wn-0067:3:68,TEMPORAL,BEFORE,wn-0067,-1,0.3,1
wn-0067:1:25,wn-0067:4:78,TEMPORAL,BEFORE,wn-0067,-1,0.3,1
wn-0067:1:25,wn-0067:4:94,TEMPORAL,BEFORE,wn-0067,-1,0.3,1
wn-0067:1:25,wn-0067:5:109,TEMPORAL,BEFORE,wn-0067,-1,0.3,1
wn-0067:1:25,wn-0067:8:154,TEMPORAL,BEFORE,wn-0067,-1,0.7,1
wn-0067:1:25,wn-0067:9:186,TEMPORAL,BEFORE,wn-0067,-1,0.3,1
wn-0067:1:25,wn-0067:9:203,TEMPORAL,BEFORE,wn-0067,-1,0.3,1
wn-0067:1:25,wn-0067:10:213,TEMPORAL,BEFORE,wn-0067,-1,0.9,1
wn-0067:1:27,wn-0067:1:31,TEMPORAL,SIMULTANEOUS,wn-0067,-1,0.9,1
wn-0067:1:27,wn-0067:1:54,TEMPORAL,SIMULTANEOUS,wn-0067,-1,0.9,1
wn-0067:1:27,wn-0067:3:59,TEMPORAL,BEFORE,wn-0067,-1,0.3,1
wn-0067:1:27,wn-0067:3:68,TEMPORAL,BEFORE,wn-0067,-1,0.3,1
wn-0067:1:27,wn-0067:4:78,TEMPORAL,BEFORE,wn-0067,-1,0.3,1
wn-0067:1:27,wn-0067:4:94,TEMPORAL,BEFORE,wn-0067,-1,0.3,1
wn-0067:1:27,wn-0067:5:109,TEMPORAL,BEFORE,wn-0067,-1,0.3,1
wn-0067:1:27,wn-0067:8:154,TEMPORAL,BEFORE,wn-0067,-1,0.7,1
wn-0067:1:27,wn-0067:9:186,TEMPORAL,BEFORE,wn-0067,-1,0.3,1
wn-0067:1:27,wn-0067:9:203,TEMPORAL,BEFORE,wn-0067,-1,0.3,1
wn-0067:1:27,wn-0067:10:213,TEMPORAL,BEFORE,wn-0067,-1,0.9,1
wn-0067:1:31,wn-0067:1:54,TEMPORAL,SIMULTANEOUS,wn-0067,-1,0.9,1
wn-0067:1:31,wn-0067:3:59,TEMPORAL,BEFORE,wn-0067,-1,0.3,1
wn-0067:1:31,wn-0067:3:68,TEMPORAL,BEFORE,wn-0067,-1,0.3,1
wn-0067:1:31,wn-0067:4:78,TEMPORAL,BEFORE,wn-0067,-1,0.3,1
wn-0067:1:31,wn-0067:4:94,TEMPORAL,BEFORE,wn-0067,-1,0.3,1
wn-0067:1:31,wn-0067:5:109,TEMPORAL,BEFORE,wn-0067,-1,0.3,1
wn-0067:1:31,wn-0067:8:154,TEMPORAL,BEFORE,wn-0067,-1,0.7,1
wn-0067:1:31,wn-0067:9:186,TEMPORAL,BEFORE,wn-0067,-1,0.3,1
wn-0067:1:31,wn-0067:9:203,TEMPORAL,BEFORE,wn-0067,-1,0.3,1
wn-0067:1:31,wn-0067:10:213,TEMPORAL,BEFORE,wn-0067,-1,0.9,1
wn-0067:1:54,wn-0067:3:59,TEMPORAL,BEFORE,wn-0067,-1,0.3,1
wn-0067:1:54,wn-0067:3:68,TEMPORAL,BEFORE,wn-0067,-1,0.3,1
wn-0067:1:54,wn-0067:4:78,TEMPORAL,BEFORE,wn-0067,-1,0.3,1
wn-0067:1:54,wn-0067:4:94,TEMPORAL,BEFORE,wn-0067,-1,0.3,1
wn-0067:1:54,wn-0067:5:109,TEMPORAL,BEFORE,wn-0067,-1,0.3,1
wn-0067:1:54,wn-0067:8:154,TEMPORAL,BEFORE,wn-0067,-1,0.7,1
wn-0067:1:54,wn-0067:9:186,TEMPORAL,BEFORE,wn-0067,-1,0.3,1
wn-0067:1:54,wn-0067:9:203,TEMPORAL,BEFORE,wn-0067,-1,0.3,1
wn-0067:1:54,wn-0067:10:213,TEMPORAL,BEFORE,wn-0067,-1,0.9,1
wn-0067:3:59,wn-0067:4:78,TEMPORAL,BEFORE,wn-0067,-1,0.3,1
wn-0067:3:59,wn-0067:4:94,TEMPORAL,BEFORE,wn-0067,-1,0.3,1
wn-0067:3:59,wn-0067:5:109,TEMPORAL,BEFORE,wn-0067,-1,0.3,1
wn-0067:3:59,wn-0067:8:154,TEMPORAL,BEFORE,wn-0067,-1,0.3,1
wn-0067:3:59,wn-0067:9:186,TEMPORAL,BEFORE,wn-0067,-1,0.3,1
wn-0067:3:59,wn-0067:9:203,TEMPORAL,BEFORE,wn-0067,-1,0.3,1
wn-0067:3:59,wn-0067:10:213,TEMPORAL,BEFORE,wn-0067,-1,0.3,1
wn-0067:3:68,wn-0067:4:78,TEMPORAL,BEFORE,wn-0067,-1,0.3,1
wn-0067:3:68,wn-0067:4:94,TEMPORAL,BEFORE,wn-0067,-1,0.3,1
wn-0067:3:68,wn-0067:5:109,TEMPORAL,BEFORE,wn-0067,-1,0.3,1
wn-0067:3:68,wn-0067:8:154,TEMPORAL,BEFORE,wn-0067,-1,0.3,1
wn-0067:3:68,wn-0067:9:186,TEMPORAL,BEFORE,wn-0067,-1,0.3,1
wn-0067:3:68,wn-0067:9:203,TEMPORAL,BEFORE,wn-0067,-1,0.3,1
wn-0067:3:68,wn-0067:10:213,TEMPORAL,BEFORE,wn-0067,-1,0.3,1
wn-0067:4:78,wn-0067:5:109,TEMPORAL,BEFORE,wn-0067,-1,0.3,1
wn-0067:4:78,wn-0067:8:154,TEMPORAL,BEFORE,wn-0067,-1,0.3,1
wn-0067:4:78,wn-0067:9:186,TEMPORAL,BEFORE,wn-0067,-1,0.3,1
wn-0067:4:78,wn-0067:9:203,TEMPORAL,BEFORE,wn-0067,-1,0.3,1
wn-0067:4:78,wn-0067:10:213,TEMPORAL,BEFORE,wn-0067,-1,0.3,1
wn-0067:4:94,wn-0067:5:109,TEMPORAL,BEFORE,wn-0067,-1,0.3,1
wn-0067:4:94,wn-0067:8:154,TEMPORAL,BEFORE,wn-0067,-1,0.3,1
wn-0067:4:94,wn-0067:9:186,TEMPORAL,BEFORE,wn-0067,-1,0.3,1
wn-0067:4:94,wn-0067:9:203,TEMPORAL,BEFORE,wn-0067,-1,0.3,1
wn-0067:4:94,wn-0067:10:213,TEMPORAL,BEFORE,wn-0067,-1,0.3,1
wn-0067:5:109,wn-0067:8:154,TEMPORAL,BEFORE,wn-0067,-1,0.3,1
wn-0067:5:109,wn-0067:9:186,TEMPORAL,BEFORE,wn-0067,-1,0.3,1
wn-0067:5:109,wn-0067:9:203,TEMPORAL,BEFORE,wn-0067,-1,0.3,1
wn-0067:5:109,wn-0067:10:213,TEMPORAL,BEFORE,wn-0067,-1,0.3,1
wn-0067:8:154,wn-0067:9:186,TEMPORAL,BEFORE,wn-0067,-1,0.3,1
wn-0067:8:154,wn-0067:9:203,TEMPORAL,BEFORE,wn-0067,-1,0.3,1
wn-0067:8:154,wn-0067:10:213,TEMPORAL,SIMULTANEOUS,wn-0067,-1,0.7,1
wn-0067:9:186,wn-0067:10:213,TEMPORAL,BEFORE,wn-0067,-1,0.3,1
wn-0067:9:203,wn-0067:10:213,TEMPORAL,BEFORE,wn-0067,-1,0.3,1
wn-0068:0:12,wn-0068:0:21,TEMPORAL,SIMULTANEOUS,wn-0068,-1,0.8,1
wn-0069:2:74,wn-0069:6:209,TEMPORAL,BEFORE,wn-0069,-1,0.3,1
wn-0070:0:28,wn-0070:1:46,TEMPORAL,BEFORE,wn-0070,-1,0.3,1
wn-0071:5:125,wn-0071:6:157,TEMPORAL,BEFORE,wn-0071,-1,0.3,1
wn-0073:0:2,wn-0073:1:39,TEMPORAL,BEFORE,wn-0073,-1,0.3,1
wn-0073:0:2,wn-0073:2:77,TEMPORAL,BEFORE,wn-0073,-1,0.3,1
wn-0073:0:2,wn-0073:3:94,TEMPORAL,BEFORE,wn-0073,-1,0.3,1
wn-0073:0:2,wn-0073:5:164,TEMPORAL,BEFORE,wn-0073,-1,0.3,1
wn-0073:0:2,wn-0073:7:221,TEMPORAL,BEFORE,wn-0073,-1,0.3,1
wn-0073:1:39,wn-0073:2:77,TEMPORAL,BEFORE,wn-0073,-1,0.3,1
wn-0073:1:39,wn-0073:3:94,TEMPORAL,BEFORE,wn-0073,-1,0.3,1
wn-0073:1:39,wn-0073:5:164,TEMPORAL,BEFORE,wn-0073,-1,0.3,1
wn-0073:1:39,wn-0073:7:221,TEMPORAL,BEFORE,wn-0073,-1,0.7,1
wn-0073:2:77,wn-0073:3:94,TEMPORAL,BEFORE,wn-0073,-1,0.3,1
wn-0073:2:77,wn-0073:5:164,TEMPORAL,BEFORE,wn-0073,-1,0.3,1
wn-0073:2:77,wn-0073:7:221,TEMPORAL,BEFORE,wn-0073,-1,0.3,1
wn-0073:3:94,wn-0073:5:164,TEMPORAL,BEFORE,wn-0073,-1,0.3,1
wn-0073:3:94,wn-0073:7:221,TEMPORAL,BEFORE,wn-0073,-1,0.3,1
wn-0073:5:164,wn-0073:7:221,TEMPORAL,BEFORE,wn-0073,-1,0.3,1
wn-0074:0:4,wn-0074:2:109,TEMPORAL,BEFORE,wn-0074,-1,0.3,1
wn-0074:0:4,wn-0074:4:156,TEMPORAL,BEFORE,wn-0074,-1,0.3,1
wn-0074:0:4,wn-0074:11:310,TEMPORAL,BEFORE,wn-0074,-1,0.3,1
wn-0074:0:4,wn-0074:12:314,TEMPORAL,BEFORE,wn-0074,-1,0.3,1
wn-0074:2:109,wn-0074:4:156,TEMPORAL,BEFORE,wn-0074,-1,0.3,1
wn-0074:2:109,wn-0074:11:310,TEMPORAL,BEFORE,wn-0074,-1,0.3,1
wn-0074:2:109,wn-0074:12:314,TEMPORAL,BEFORE,wn-0074,-1,0.3,1
wn-0074:4:156,wn-0074:11:310,TEMPORAL,BEFORE,wn-0074,-1,0.3,1
wn-0074:4:156,wn-0074:12:314,TEMPORAL,BEFORE,wn-0074,-1,0.3,1
wn-0074:11:310,wn-0074:12:314,TEMPORAL,BEFORE,wn-0074,-1,0.3,1
wn-0076:1:51,wn-0076:4:106,TEMPORAL,BEFORE,wn-0076,-1,0.3,1
wn-0076:1:51,wn-0076:11:239,TEMPORAL,BEFORE,wn-0076,-1,0.3,1
wn-0076:1:51,wn-0076:14:318,TEMPORAL,BEFORE,wn-0076,-1,0.3,1
wn-0076:4:106,wn-0076:11:239,TEMPORAL,BEFORE,wn-0076,-1,0.3,1
wn-0076:4:106,wn-0076:14:318,TEMPORAL,BEFORE,wn-0076,-1,0.3,1
wn-0076:11:239,wn-0076:14:318,TEMPORAL,BEFORE,wn-0076,-1,0.3,1
wn-0077:5:84,wn-0077:10:195,TEMPORAL,BEFORE,wn-0077,-1,0.3,1
wn-0077:5:84,wn-0077:16:253,TEMPORAL,BEFORE,wn-0077,-1,0.3,1
wn-0077:5:84,wn-0077:17:275,TEMPORAL,BEFORE,wn-0077,-1,0.3,1
wn-0077:5:84,wn-0077:17:279,TEMPORAL,BEFORE,wn-0077,-1,0.3,1
wn-0077:5:84,wn-0077:22:363,TEMPORAL,BEFORE,wn-0077,-1,0.3,1
wn-0077:5:84,wn-0077:23:391,TEMPORAL,BEFORE,wn-0077,-1,0.3,1
wn-0077:5:84,wn-0077:24:421,TEMPORAL,BEFORE,wn-0077,-1,0.3,1
wn-0077:5:84,wn-0077:33:516,TEMPORAL,BEFORE,wn-0077,-1,0.3,1
wn-0077:5:84,wn-0077:34:525,TEMPORAL,BEFORE,wn-0077,-1,0.3,1
wn-0077:10:195,wn-0077:16:253,TEMPORAL,BEFORE,wn-0077,-1,0.3,1
wn-0077:10:195,wn-0077:17:275,TEMPORAL,BEFORE,wn-0077,-1,0.3,1
wn-0077:10:195,wn-0077:17:279,TEMPORAL,BEFORE,wn-0077,-1,0.3,1
wn-0077:10:195,wn-0077:22:363,TEMPORAL,BEFORE,wn-0077,-1,0.3,1
wn-0077:10:195,wn-0077:23:391,TEMPORAL,BEFORE,wn-0077,-1,0.3,1
wn-0077:10:195,wn-0077:24:421,TEMPORAL,BEFORE,wn-0077,-1,0.3,1
wn-0077:10:195,wn-0077:33:516,TEMPORAL,BEFORE,wn-0077,-1,0.3,1
wn-0077:10:195,wn-0077:34:525,TEMPORAL,BEFORE,wn-0077,-1,0.3,1
wn-0077:16:253,wn-0077:17:275,TEMPORAL,BEFORE,wn-0077,-1,0.3,1
wn-0077:16:253,wn-0077:17:279,TEMPORAL,BEFORE,wn-0077,-1,0.3,1
wn-0077:16:253,wn-0077:22:363,TEMPORAL,BEFORE,wn-0077,-1,0.3,1
wn-0077:16:253,wn-0077:23:391,TEMPORAL,BEFORE,wn-0077,-1,0.3,1
wn-0077:16:253,wn-0077:24:421,TEMPORAL,BEFORE,wn-0077,-1,0.3,1
wn-0077:16:253,wn-0077:33:516,TEMPORAL,BEFORE,wn-0077,-1,0.3,1
wn-0077:16:253,wn-0077:34:525,TEMPORAL,BEFORE,wn-0077,-1,0.3,1
wn-0077:17:275,wn-0077:22:363,TEMPORAL,BEFORE,wn-0077,-1,0.3,1
wn-0077:17:275,wn-0077:23:391,TEMPORAL,BEFORE,wn-0077,-1,0.3,1
wn-0077:17:275,wn-0077:24:421,TEMPORAL,BEFORE,wn-0077,-1,0.3,1
wn-0077:17:275,wn-0077:33:516,TEMPORAL,BEFORE,wn-0077,-1,0.3,1
wn-0077:17:275,wn-0077:34:525,TEMPORAL,BEFORE,wn-0077,-1,0.3,1
wn-0077:17:279,wn-0077:22:363,TEMPORAL,BEFORE,wn-0077,-1,0.3,1
wn-0077:17:279,wn-0077:23:391,TEMPORAL,BEFORE,wn-0077,-1,0.3,1
wn-0077:17:279,wn-0077:24:421,TEMPORAL,BEFORE,wn-0077,-1,0.3,1
wn-0077:17:279,wn-0077:33:516,TEMPORAL,BEFORE,wn-0077,-1,0.3,1
wn-0077:17:279,wn-0077:34:525,TEMPORAL,BEFORE,wn-0077,-1,0.3,1
wn-0077:22:363,wn-0077:23:391,TEMPORAL,BEFORE,wn-0077,-1,0.3,1
wn-0077:22:363,wn-0077:24:421,TEMPORAL,BEFORE,wn-0077,-1,0.3,1
wn-0077:22:363,wn-0077:33:516,TEMPORAL,BEFORE,wn-0077,-1,0.3,1
wn-0077:22:363,wn-0077:34:525,TEMPORAL,BEFORE,wn-0077,-1,0.3,1
wn-0077:23:391,wn-0077:24:421,TEMPORAL,BEFORE,wn-0077,-1,0.3,1
wn-0077:23:391,wn-0077:33:516,TEMPORAL,BEFORE,wn-0077,-1,0.3,1
wn-0077:23:391,wn-0077:34:525,TEMPORAL,BEFORE,wn-0077,-1,0.3,1
wn-0077:24:421,wn-0077:33:516,TEMPORAL,BEFORE,wn-0077,-1,0.3,1
wn-0077:24:421,wn-0077:34:525,TEMPORAL,BEFORE,wn-0077,-1,0.3,1
wn-0077:33:516,wn-0077:34:525,TEMPORAL,BEFORE,wn-0077,-1,0.3,1
wn-0078:0:13,wn-0078:1:43,TEMPORAL,BEFORE,wn-0078,-1,0.3,1
wn-0080:0:9,wn-0080:1:43,TEMPORAL,BEFORE,wn-0080,-1,0.3,1
wn-0081:4:113,wn-0081:6:126,TEMPORAL,BEFORE,wn-0081,-1,0.3,1
wn-0082:0:1,wn-0082:1:32,TEMPORAL,BEFORE,wn-0082,-1,0.3,1
wn-0082:0:1,wn-0082:2:68,TEMPORAL,BEFORE,wn-0082,-1,0.3,1
wn-0082:0:1,wn-0082:5:137,TEMPORAL,BEFORE,wn-0082,-1,0.3,1
wn-0082:0:1,wn-0082:6:170,TEMPORAL,BEFORE,wn-0082,-1,0.3,1
wn-0082:0:10,wn-0082:1:32,TEMPORAL,BEFORE,wn-0082,-1,0.3,1
wn-0082:0:10,wn-0082:2:68,TEMPORAL,BEFORE,wn-0082,-1,0.3,1
wn-0082:0:10,wn-0082:5:137,TEMPORAL,BEFORE,wn-0082,-1,0.3,1
wn-0082:0:10,wn-0082:6:170,TEMPORAL,BEFORE,wn-0082,-1,0.3,1
wn-0082:1:32,wn-0082:2:68,TEMPORAL,BEFORE,wn-0082,-1,0.3,1
wn-0082:1:32,wn-0082:5:137,TEMPORAL,AFTER,wn-0082,-1,0.9,1
wn-0082:1:32,wn-0082:6:170,TEMPORAL,AFTER,wn-0082,-1,0.75,1
wn-0082:2:68,wn-0082:5:137,TEMPORAL,BEFORE,wn-0082,-1,0.3,1
wn-0082:2:68,wn-0082:6:170,TEMPORAL,BEFORE,wn-0082,-1,0.3,1
wn-0082:5:137,wn-0082:6:170,TEMPORAL,BEFORE,wn-0082,-1,0.75,1
wn-0083:0:17,wn-0083:1:50,TEMPORAL,BEFORE,wn-0083,-1,0.3,1
wn-0083:0:17,wn-0083:1:56,TEMPORAL,BEFORE,wn-0083,-1,0.3,1
wn-0084:0:22,wn-0084:0:6,TEMPORAL,SIMULTANEOUS,wn-0084,-1,0.7,1
wn-0084:0:22,wn-0084:0:8,TEMPORAL,SIMULTANEOUS,wn-0084,-1,0.7,1
wn-0084:0:22,wn-0084:1:29,TEMPORAL,BEFORE,wn-0084,-1,0.3,1
wn-0084:0:22,wn-0084:2:56,TEMPORAL,BEFORE,wn-0084,-1,0.3,1
wn-0084:0:22,wn-0084:2:58,TEMPORAL,BEFORE,wn-0084,-1,0.3,1
wn-0084:0:22,wn-0084:2:62,TEMPORAL,BEFORE,wn-0084,-1,0.3,1
wn-0084:0:22,wn-0084:4:109,TEMPORAL,BEFORE,wn-0084,-1,0.3,1
wn-0084:0:22,wn-0084:4:116,TEMPORAL,BEFORE,wn-0084,-1,0.3,1
wn-0084:0:22,wn-0084:5:129,TEMPORAL,AFTER,wn-0084,-1,0.7,1
wn-0084:0:22,wn-0084:5:143,TEMPORAL,AFTER,wn-0084,-1,0.7,1
wn-0084:0:22,wn-0084:6:162,TEMPORAL,BEFORE,wn-0084,-1,0.3,1
wn-0084:0:22,wn-0084:7:183,TEMPORAL,BEFORE,wn-0084,-1,0.3,1
wn-0084:0:22,wn-0084:9:232,TEMPORAL,BEFORE,wn-0084,-1,0.3,1
wn-0084:0:22,wn-0084:9:248,TEMPORAL,BEFORE,wn-0084,-1,0.3,1
wn-0084:0:6,wn-0084:0:8,TEMPORAL,SIMULTANEOUS,wn-0084,-1,0.7,1
wn-0084:0:6,wn-0084:1:29,TEMPORAL,BEFORE,wn-0084,-1,0.3,1
wn-0084:0:6,wn-0084:2:56,TEMPORAL,BEFORE,wn-0084,-1,0.3,1
wn-0084:0:6,wn-0084:2:58,TEMPORAL,BEFORE,wn-0084,-1,0.3,1
wn-0084:0:6,wn-0084:2:62,TEMPORAL,BEFORE,wn-0084,-1,0.3,1
wn-0084:0:6,wn-0084:4:109,TEMPORAL,BEFORE,wn-0084,-1,0.3,1
wn-0084:0:6,wn-0084:4:116,TEMPORAL,BEFORE,wn-0084,-1,0.3,1
wn-0084:0:6,wn-0084:5:129,TEMPORAL,AFTER,wn-0084,-1,0.7,1
wn-0084:0:6,wn-0084:5:143,TEMPORAL,AFTER,wn-0084,-1,0.7,1
wn-0084:0:6,wn-0084:6:162,TEMPORAL,BEFORE,wn-0084,-1,0.3,1
wn-0084:0:6,wn-0084:7:183,TEMPORAL,BEFORE,wn-0084,-1,0.3,1
wn-0084:0:6,wn-0084:9:232,TEMPORAL,BEFORE,wn-0084,-1,0.3,1
wn-0084:0:6,wn-0084:9:248,TEMPORAL,BEFORE,wn-0084,-1,0.3,1
wn-0084:0:8,wn-0084:1:29,TEMPORAL,BEFORE,wn-0084,-1,0.3,1
wn-0084:0:8,wn-0084:2:56,TEMPORAL,BEFORE,wn-0084,-1,0.3,1
wn-0084:0:8,wn-0084:2:58,TEMPORAL,BEFORE,wn-0084,-1,0.3,1
wn-0084:0:8,wn-0084:2:62,TEMPORAL,BEFORE,wn-0084,-1,0.3,1
wn-0084:0:8,wn-0084:4:109,TEMPORAL,BEFORE,wn-0084,-1,0.3,1
wn-0084:0:8,wn-0084:4:116,TEMPORAL,BEFORE,wn-0084,-1,0.3,1
wn-0084:0:8,wn-0084:5:129,TEMPORAL,AFTER,wn-0084,-1,0.7,1
wn-0084:0:8,wn-0084:5:143,TEMPORAL,AFTER,wn-0084,-1,0.7,1
wn-0084:0:8,wn-0084:6:162,TEMPORAL,BEFORE,wn-0084,-1,0.3,1
wn-0084:0:8,wn-0084:7:183,TEMPORAL,BEFORE,wn-0084,-1,0.3,1
wn-0084:0:8,wn-0084:9:232,TEMPORAL,BEFORE,wn-0084,-1,0.3,1
wn-0084:0:8,wn-0084:9:248,TEMPORAL,BEFORE,wn-0084,-1,0.3,1
wn-0084:1:29,wn-0084:2:56,TEMPORAL,BEFORE,wn-0084,-1,0.3,1
wn-0084:1:29,wn-0084:2:58,TEMPORAL,BEFORE,wn-0084,-1,0.3,1
wn-0084:1:29,wn-0084:2:62,TEMPORAL,BEFORE,wn-0084,-1,0.3,1
wn-0084:1:29,wn-0084:4:109,TEMPORAL,BEFORE,wn-0084,-1,0.3,1
wn-0084:1:29,wn-0084:4:116,TEMPORAL,BEFORE,wn-0084,-1,0.3,1
wn-0084:1:29,wn-0084:5:129,TEMPORAL,BEFORE,wn-0084,-1,0.3,1
wn-0084:1:29,wn-0084:5:143,TEMPORAL,BEFORE,wn-0084,-1,0.3,1
wn-0084:1:29,wn-0084:6:162,TEMPORAL,BEFORE,wn-0084,-1,0.3,1
wn-0084:1:29,wn-0084:7:183,TEMPORAL,BEFORE,wn-0084,-1,0.3,1
wn-0084:1:29,wn-0084:9:232,TEMPORAL,BEFORE,wn-0084,-1,0.3,1
wn-0084:1:29,wn-0084:9:248,TEMPORAL,BEFORE,wn-0084,-1,0.3,1
wn-0084:2:56,wn-0084:2:58,TEMPORAL,AFTER,wn-0084,-1,0.5,1
wn-0084:2:56,wn-0084:2:62,TEMPORAL,AFTER,wn-0084,-1,0.5,1
wn-0084:2:56,wn-0084:4:109,TEMPORAL,BEFORE,wn-0084,-1,0.3,1
wn-0084:2:56,wn-0084:4:116,TEMPORAL,BEFORE,wn-0084,-1,0.3,1
wn-0084:2:56,wn-0084:5:129,TEMPORAL,BEFORE,wn-0084,-1,0.3,1
wn-0084:2:56,wn-0084:5:143,TEMPORAL,BEFORE,wn-0084,-1,0.3,1
wn-0084:2:56,wn-0084:6:162,TEMPORAL,BEFORE,wn-0084,-1,0.3,1
wn-0084:2:56,wn-0084:7:183,TEMPORAL,BEFORE,wn-0084,-1,0.3,1
wn-0084:2:56,wn-0084:9:232,TEMPORAL,BEFORE,wn-0084,-1,0.3,1
wn-0084:2:56,wn-0084:9:248,TEMPORAL,BEFORE,wn-0084,-1,0.3,1
wn-0084:2:58,wn-0084:2:62,TEMPORAL,AFTER,wn-0084,-1,0.5,1
wn-0084:2:58,wn-0084:4:109,TEMPORAL,BEFORE,wn-0084,-1,0.3,1
wn-0084:2:58,wn-0084:4:116,TEMPORAL,BEFORE,wn-0084,-1,0.3,1
wn-0084:2:58,wn-0084:5:129,TEMPORAL,BEFORE,wn-0084,-1,0.3,1
wn-0084:2:58,wn-0084:5:143,TEMPORAL,BEFORE,wn-0084,-1,0.3,1
wn-0084:2:58,wn-0084:6:162,TEMPORAL,BEFORE,wn-0084,-1,0.3,1
wn-0084:2:58,wn-0084:7:183,TEMPORAL,BEFORE,wn-0084,-1,0.3,1
wn-0084:2:58,wn-0084:9:232,TEMPORAL,BEFORE,wn-0084,-1,0.3,1
wn-0084:2:58,wn-0084:9:248,TEMPORAL,BEFORE,wn-0084,-1,0.3,1
wn-0084:2:62,wn-0084:4:109,TEMPORAL,BEFORE,wn-0084,-1,0.3,1
wn-0084:2:62,wn-0084:4:116,TEMPORAL,BEFORE,wn-0084,-1,0.3,1
wn-0084:2:62,wn-0084:5:129,TEMPORAL,BEFORE,wn-0084,-1,0.3,1
wn-0084:2:62,wn-0084:5:143,TEMPORAL,BEFORE,wn-0084,-1,0.3,1
wn-0084:2:62,wn-0084:6:162,TEMPORAL,BEFORE,wn-0084,-1,0.3,1
wn-0084:2:62,wn-0084:7:183,TEMPORAL,BEFORE,wn-0084,-1,0.3,1
wn-0084:2:62,wn-0084:9:232,TEMPORAL,BEFORE,wn-0084,-1,0.3,1
wn-0084:2:62,wn-0084:9:248,TEMPORAL,BEFORE,wn-0084,-1,0.3,1
wn-0084:4:109,wn-0084:5:129,TEMPORAL,BEFORE,wn-0084,-1,0.3,1
wn-0084:4:109,wn-0084:5:143,TEMPORAL,BEFORE,wn-0084,-1,0.3,1
wn-0084:4:109,wn-0084:6:162,TEMPORAL,BEFORE,wn-0084,-1,0.3,1
wn-0084:4:109,wn-0084:7:183,TEMPORAL,BEFORE,wn-0084,-1,0.3,1
wn-0084:4:109,wn-0084:9:232,TEMPORAL,BEFORE,wn-0084,-1,0.3,1
wn-0084:4:109,wn-0084:9:248,TEMPORAL,BEFORE,wn-0084,-1,0.3,1
wn-0084:4:116,wn-0084:5:129,TEMPORAL,BEFORE,wn-0084,-1,0.3,1
wn-0084:4:116,wn-0084:5:143,TEMPORAL,BEFORE,wn-0084,-1,0.3,1
wn-0084:4:116,wn-0084:6:162,TEMPORAL,BEFORE,wn-0084,-1,0.3,1
wn-0084:4:116,wn-0084:7:183,TEMPORAL,BEFORE,wn-0084,-1,0.3,1
wn-0084:4:116,wn-0084:9:232,TEMPORAL,BEFORE,wn-0084,-1,0.3,1
wn-0084:4:116,wn-0084:9:248,TEMPORAL,BEFORE,wn-0084,-1,0.3,1
wn-0084:5:129,wn-0084:5:143,TEMPORAL,SIMULTANEOUS,wn-0084,-1,0.95,1
wn-0084:5:129,wn-0084:6:162,TEMPORAL,BEFORE,wn-0084,-1,0.3,1
wn-0084:5:129,wn-0084:7:183,TEMPORAL,BEFORE,wn-0084,-1,0.3,1
wn-0084:5:129,wn-0084:9:232,TEMPORAL,BEFORE,wn-0084,-1,0.3,1
wn-0084:5:129,wn-0084:9:248,TEMPORAL,BEFORE,wn-0084,-1,0.3,1
wn-0084:5:143,wn-0084:6:162,TEMPORAL,BEFORE,wn-0084,-1,0.3,1
wn-0084:5:143,wn-0084:7:183,TEMPORAL,BEFORE,wn-0084,-1,0.3,1
wn-0084:5:143,wn-0084:9:232,TEMPORAL,BEFORE,wn-0084,-1,0.3,1
wn-0084:5:143,wn-0084:9:248,TEMPORAL,BEFORE,wn-0084,-1,0.3,1
wn-0084:6:162,wn-0084:7:183,TEMPORAL,BEFORE,wn-0084,-1,0.3,1
wn-0084:6:162,wn-0084:9:232,TEMPORAL,BEFORE,wn-0084,-1,0.3,1
wn-0084:6:162,wn-0084:9:248,TEMPORAL,BEFORE,wn-0084,-1,0.3,1
wn-0084:7:183,wn-0084:9:232,TEMPORAL,BEFORE,wn-0084,-1,0.3,1
wn-0084:7:183,wn-0084:9:248,TEMPORAL,BEFORE,wn-0084,-1,0.3,1
wn-0085:3:71,wn-0085:8:156,TEMPORAL,BEFORE,wn-0085,-1,0.3,1
wn-0085:3:71,wn-0085:9:169,TEMPORAL,BEFORE,wn-0085,-1,0.3,1
wn-0085:3:71,wn-0085:11:197,TEMPORAL,BEFORE,wn-0085,-1,0.3,1
wn-0085:8:156,wn-0085:9:169,TEMPORAL,BEFORE,wn-0085,-1,0.3,1
wn-0085:8:156,wn-0085:11:197,TEMPORAL,AFTER,wn-0085,-1,0.9,1
wn-0085:9:169,wn-0085:11:197,TEMPORAL,BEFORE,wn-0085,-1,0.3,1
wn-0088:1:29,wn-0088:3:80,TEMPORAL,BEFORE,wn-0088,-1,0.3,1
wn-0088:1:29,wn-0088:10:290,TEMPORAL,BEFORE,wn-0088,-1,0.3,1
wn-0088:1:29,wn-0088:10:317,TEMPORAL,BEFORE,wn-0088,-1,0.3,1
wn-0088:1:29,wn-0088:11:324,TEMPORAL,BEFORE,wn-0088,-1,0.3,1
wn-0088:1:29,wn-0088:11:332,TEMPORAL,BEFORE,wn-0088,-1,0.3,1
wn-0088:1:29,wn-0088:12:362,TEMPORAL,BEFORE,wn-0088,-1,0.3,1
wn-0088:1:29,wn-0088:13:384,TEMPORAL,BEFORE,wn-0088,-1,0.3,1
wn-0088:3:80,wn-0088:10:290,TEMPORAL,BEFORE,wn-0088,-1,0.3,1
wn-0088:3:80,wn-0088:10:317,TEMPORAL,BEFORE,wn-0088,-1,0.3,1
wn-0088:3:80,wn-0088:11:324,TEMPORAL,BEFORE,wn-0088,-1,0.3,1
wn-0088:3:80,wn-0088:11:332,TEMPORAL,BEFORE,wn-0088,-1,0.3,1
wn-0088:3:80,wn-0088:12:362,TEMPORAL,BEFORE,wn-0088,-1,0.3,1
wn-0088:3:80,wn-0088:13:384,TEMPORAL,BEFORE,wn-0088,-1,0.3,1
wn-0088:10:290,wn-0088:10:317,TEMPORAL,SIMULTANEOUS,wn-0088,-1,0.5,1
wn-0088:10:290,wn-0088:11:324,TEMPORAL,BEFORE,wn-0088,-1,0.3,1
wn-0088:10:290,wn-0088:11:332,TEMPORAL,BEFORE,wn-0088,-1,0.3,1
wn-0088:10:290,wn-0088:12:362,TEMPORAL,BEFORE,wn-0088,-1,0.3,1
wn-0088:10:290,wn-0088:13:384,TEMPORAL,BEFORE,wn-0088,-1,0.3,1
wn-0088:10:317,wn-0088:11:324,TEMPORAL,BEFORE,wn-0088,-1,0.3,1
wn-0088:10:317,wn-0088:11:332,TEMPORAL,BEFORE,wn-0088,-1,0.3,1
wn-0088:10:317,wn-0088:12:362,TEMPORAL,BEFORE,wn-0088,-1,0.3,1
wn-0088:10:317,wn-0088:13:384,TEMPORAL,BEFORE,wn-0088,-1,0.3,1
wn-0088:11:324,wn-0088:11:332,TEMPORAL,SIMULTANEOUS,wn-0088,-1,0.9,1
wn-0088:11:324,wn-0088:12:362,TEMPORAL,BEFORE,wn-0088,-1,0.3,1
wn-0088:11:324,wn-0088:13:384,TEMPORAL,BEFORE,wn-0088,-1,0.3,1
wn-0088:11:332,wn-0088:12:362,TEMPORAL,BEFORE,wn-0088,-1,0.3,1
wn-0088:11:332,wn-0088:13:384,TEMPORAL,BEFORE,wn-0088,-1,0.3,1
wn-0088:12:362,wn-0088:13:384,TEMPORAL,BEFORE,wn-0088,-1,0.3,1
wn-0089:1:19,wn-0089:21:620,TEMPORAL,BEFORE,wn-0089,-1,0.3,1
wn-0089:1:19,wn-0089:24:690,TEMPORAL,BEFORE,wn-0089,-1,0.3,1
wn-0089:1:19,wn-0089:25:704,TEMPORAL,BEFORE,wn-0089,-1,0.3,1
wn-0089:1:19,wn-0089:26:735,TEMPORAL,BEFORE,wn-0089,-1,0.3,1
wn-0089:1:19,wn-0089:32:889,TEMPORAL,BEFORE,wn-0089,-1,0.3,1
wn-0089:1:19,wn-0089:35:954,TEMPORAL,BEFORE,wn-0089,-1,0.3,1
wn-0089:1:19,wn-0089:38:1029,TEMPORAL,BEFORE,wn-0089,-1,0.3,1
wn-0089:1:19,wn-0089:43:1159,TEMPORAL,BEFORE,wn-0089,-1,0.3,1
wn-0089:1:19,wn-0089:44:1172,TEMPORAL,BEFORE,wn-0089,-1,0.3,1
wn-0089:1:19,wn-0089:44:1193,TEMPORAL,BEFORE,wn-0089,-1,0.3,1
wn-0089:1:19,wn-0089:49:1326,TEMPORAL,AFTER,wn-0089,-1,0.97,1
wn-0089:21:620,wn-0089:24:690,TEMPORAL,BEFORE,wn-0089,-1,0.3,1
wn-0089:21:620,wn-0089:25:704,TEMPORAL,BEFORE,wn-0089,-1,0.3,1
wn-0089:21:620,wn-0089:26:735,TEMPORAL,BEFORE,wn-0089,-1,0.3,1
wn-0089:21:620,wn-0089:32:889,TEMPORAL,BEFORE,wn-0089,-1,0.3,1
wn-0089:21:620,wn-0089:35:954,TEMPORAL,BEFORE,wn-0089,-1,0.3,1
wn-0089:21:620,wn-0089:38:1029,TEMPORAL,BEFORE,wn-0089,-1,0.3,1
wn-0089:21:620,wn-0089:43:1159,TEMPORAL,BEFORE,wn-0089,-1,0.3,1
wn-0089:21:620,wn-0089:44:1172,TEMPORAL,BEFORE,wn-0089,-1,0.3,1
wn-0089:21:620,wn-0089:44:1193,TEMPORAL,BEFORE,wn-0089,-1,0.3,1
wn-0089:21:620,wn-0089:49:1326,TEMPORAL,BEFORE,wn-0089,-1,0.3,1
wn-0089:24:690,wn-0089:25:704,TEMPORAL,BEFORE,wn-0089,-1,0.3,1
wn-0089:24:690,wn-0089:26:735,TEMPORAL,BEFORE,wn-0089,-1,0.3,1
wn-0089:24:690,wn-0089:32:889,TEMPORAL,BEFORE,wn-0089,-1,0.3,1
wn-0089:24:690,wn-0089:35:954,TEMPORAL,BEFORE,wn-0089,-1,0.3,1
wn-0089:24:690,wn-0089:38:1029,TEMPORAL,BEFORE,wn-0089,-1,0.3,1
wn-0089:24:690,wn-0089:43:1159,TEMPORAL,BEFORE,wn-0089,-1,0.3,1
wn-0089:24:690,wn-0089:44:1172,TEMPORAL,BEFORE,wn-0089,-1,0.3,1
wn-0089:24:690,wn-0089:44:1193,TEMPORAL,BEFORE,wn-0089,-1,0.3,1
wn-0089:24:690,wn-0089:49:1326,TEMPORAL,BEFORE,wn-0089,-1,0.3,1
wn-0089:25:704,wn-0089:26:735,TEMPORAL,BEFORE,wn-0089,-1,0.3,1
wn-0089:25:704,wn-0089:32:889,TEMPORAL,BEFORE,wn-0089,-1,0.3,1
wn-0089:25:704,wn-0089:35:954,TEMPORAL,BEFORE,wn-0089,-1,0.3,1
wn-0089:25:704,wn-0089:38:1029,TEMPORAL,BEFORE,wn-0089,-1,0.3,1
wn-0089:25:704,wn-0089:43:1159,TEMPORAL,BEFORE,wn-0089,-1,0.3,1
wn-0089:25:704,wn-0089:44:1172,TEMPORAL,BEFORE,wn-0089,-1,0.3,1
wn-0089:25:704,wn-0089:44:1193,TEMPORAL,BEFORE,wn-0089,-1,0.3,1
wn-0089:25:704,wn-0089:49:1326,TEMPORAL,BEFORE,wn-0089,-1,0.3,1
wn-0089:26:735,wn-0089:32:889,TEMPORAL,BEFORE,wn-0089,-1,0.3,1
wn-0089:26:735,wn-0089:35:954,TEMPORAL,BEFORE,wn-0089,-1,0.3,1
wn-0089:26:735,wn-0089:38:1029,TEMPORAL,BEFORE,wn-0089,-1,0.3,1
wn-0089:26:735,wn-0089:43:1159,TEMPORAL,BEFORE,wn-0089,-1,0.3,1
wn-0089:26:735,wn-0089:44:1172,TEMPORAL,BEFORE,wn-0089,-1,0.3,1
wn-0089:26:735,wn-0089:44:1193,TEMPORAL,BEFORE,wn-0089,-1,0.3,1
wn-0089:26:735,wn-0089:49:1326,TEMPORAL,BEFORE,wn-0089,-1,0.3,1
wn-0089:32:889,wn-0089:35:954,TEMPORAL,BEFORE,wn-0089,-1,0.3,1
wn-0089:32:889,wn-0089:38:1029,TEMPORAL,BEFORE,wn-0089,-1,0.3,1
wn-0089:32:889,wn-0089:43:1159,TEMPORAL,BEFORE,wn-0089,-1,0.3,1
wn-0089:32:889,wn-0089:44:1172,TEMPORAL,BEFORE,wn-0089,-1,0.3,1
wn-0089:32:889,wn-0089:44:1193,TEMPORAL,BEFORE,wn-0089,-1,0.3,1
wn-0089:32:889,wn-0089:49:1326,TEMPORAL,BEFORE,wn-0089,-1,0.3,1
wn-0089:35:954,wn-0089:38:1029,TEMPORAL,BEFORE,wn-0089,-1,0.3,1
wn-0089:35:954,wn-0089:43:1159,TEMPORAL,BEFORE,wn-0089,-1,0.3,1
wn-0089:35:954,wn-0089:44:1172,TEMPORAL,BEFORE,wn-0089,-1,0.3,1
wn-0089:35:954,wn-0089:44:1193,TEMPORAL,BEFORE,wn-0089,-1,0.3,1
wn-0089:35:954,wn-0089:49:1326,TEMPORAL,BEFORE,wn-0089,-1,0.3,1
wn-0089:38:1029,wn-0089:43:1159,TEMPORAL,BEFORE,wn-0089,-1,0.3,1
wn-0089:38:1029,wn-0089:44:1172,TEMPORAL,BEFORE,wn-0089,-1,0.3,1
wn-0089:38:1029,wn-0089:44:1193,TEMPORAL,BEFORE,wn-0089,-1,0.3,1
wn-0089:38:1029,wn-0089:49:1326,TEMPORAL,BEFORE,wn-0089,-1,0.3,1
wn-0089:43:1159,wn-0089:44:1172,TEMPORAL,BEFORE,wn-0089,-1,0.3,1
wn-0089:43:1159,wn-0089:44:1193,TEMPORAL,BEFORE,wn-0089,-1,0.3,1
wn-0089:43:1159,wn-0089:49:1326,TEMPORAL,BEFORE,wn-0089,-1,0.3,1
wn-0089:44:1172,wn-0089:44:1193,TEMPORAL,BEFORE,wn-0089,-1,0.5,1
wn-0089:44:1172,wn-0089:49:1326,TEMPORAL,BEFORE,wn-0089,-1,0.3,1
wn-0089:44:1193,wn-0089:49:1326,TEMPORAL,BEFORE,wn-0089,-1,0.3,1
wn-0090:0:10,wn-0090:2:96,TEMPORAL,BEFORE,wn-0090,-1,0.3,1
wn-0090:0:10,wn-0090:4:166,TEMPORAL,BEFORE,wn-0090,-1,0.3,1
wn-0090:2:96,wn-0090:4:166,TEMPORAL,BEFORE,wn-0090,-1,0.3,1
wn-0091:9:146,wn-0091:10:171,TEMPORAL,BEFORE,wn-0091,-1,0.3,1
wn-0091:9:146,wn-0091:11:185,TEMPORAL,BEFORE,wn-0091,-1,0.3,1
wn-0091:9:146,wn-0091:17:279,TEMPORAL,BEFORE,wn-0091,-1,0.3,1
wn-0091:10:171,wn-0091:11:185,TEMPORAL,BEFORE,wn-0091,-1,0.3,1
wn-0091:10:171,wn-0091:17:279,TEMPORAL,BEFORE,wn-0091,-1,0.3,1
wn-0091:11:185,wn-0091:17:279,TEMPORAL,BEFORE,wn-0091,-1,0.3,1
wn-0092:0:6,wn-0092:1:26,TEMPORAL,BEFORE,wn-0092,-1,0.3,1
wn-0092:0:6,wn-0092:4:101,TEMPORAL,BEFORE,wn-0092,-1,0.3,1
wn-0092:0:6,wn-0092:12:232,TEMPORAL,BEFORE,wn-0092,-1,0.3,1
wn-0092:0:6,wn-0092:13:250,TEMPORAL,BEFORE,wn-0092,-1,0.3,1
wn-0092:0:6,wn-0092:14:277,TEMPORAL,BEFORE,wn-0092,-1,0.3,1
wn-0092:0:6,wn-0092:15:324,TEMPORAL,BEFORE,wn-0092,-1,0.3,1
wn-0092:0:6,wn-0092:16:332,TEMPORAL,BEFORE,wn-0092,-1,0.3,1
wn-0092:0:6,wn-0092:19:462,TEMPORAL,BEFORE,wn-0092,-1,0.3,1
wn-0092:0:6,wn-0092:20:515,TEMPORAL,BEFORE,wn-0092,-1,0.3,1
wn-0092:0:6,wn-0092:21:520,TEMPORAL,BEFORE,wn-0092,-1,0.3,1
wn-0092:1:26,wn-0092:4:101,TEMPORAL,BEFORE,wn-0092,-1,0.3,1
wn-0092:1:26,wn-0092:12:232,TEMPORAL,BEFORE,wn-0092,-1,0.3,1
wn-0092:1:26,wn-0092:13:250,TEMPORAL,BEFORE,wn-0092,-1,0.3,1
wn-0092:1:26,wn-0092:14:277,TEMPORAL,BEFORE,wn-0092,-1,0.3,1
wn-0092:1:26,wn-0092:15:324,TEMPORAL,BEFORE,wn-0092,-1,0.3,1
wn-0092:1:26,wn-0092:16:332,TEMPORAL,BEFORE,wn-0092,-1,0.3,1
wn-0092:1:26,wn-0092:19:462,TEMPORAL,BEFORE,wn-0092,-1,0.3,1
wn-0092:1:26,wn-0092:20:515,TEMPORAL,BEFORE,wn-0092,-1,0.3,1
wn-0092:1:26,wn-0092:21:520,TEMPORAL,BEFORE,wn-0092,-1,0.3,1
wn-0092:4:101,wn-0092:12:232,TEMPORAL,BEFORE,wn-0092,-1,0.3,1
wn-0092:4:101,wn-0092:13:250,TEMPORAL,BEFORE,wn-0092,-1,0.3,1
wn-0092:4:101,wn-0092:14:277,TEMPORAL,BEFORE,wn-0092,-1,0.3,1
wn-0092:4:101,wn-0092:15:324,TEMPORAL,BEFORE,wn-0092,-1,0.3,1
wn-0092:4:101,wn-0092:16:332,TEMPORAL,BEFORE,wn-0092,-1,0.3,1
wn-0092:4:101,wn-0092:19:462,TEMPORAL,BEFORE,wn-0092,-1,0.3,1
wn-0092:4:101,wn-0092:20:515,TEMPORAL,BEFORE,wn-0092,-1,0.3,1
wn-0092:4:101,wn-0092:21:520,TEMPORAL,BEFORE,wn-0092,-1,0.3,1
wn-0092:12:232,wn-0092:13:250,TEMPORAL,BEFORE,wn-0092,-1,0.3,1
wn-0092:12:232,wn-0092:14:277,TEMPORAL,BEFORE,wn-0092,-1,0.8,1
wn-0092:12:232,wn-0092:15:324,TEMPORAL,BEFORE,wn-0092,-1,0.85,1
wn-0092:12:232,wn-0092:16:332,TEMPORAL,BEFORE,wn-0092,-1,0.3,1
wn-0092:12:232,wn-0092:19:462,TEMPORAL,BEFORE,wn-0092,-1,0.3,1
wn-0092:12:232,wn-0092:20:515,TEMPORAL,BEFORE,wn-0092,-1,0.3,1
wn-0092:12:232,wn-0092:21:520,TEMPORAL,AFTER,wn-0092,-1,0.9,1
wn-0092:13:250,wn-0092:14:277,TEMPORAL,BEFORE,wn-0092,-1,0.3,1
wn-0092:13:250,wn-0092:15:324,TEMPORAL,BEFORE,wn-0092,-1,0.3,1
wn-0092:13:250,wn-0092:16:332,TEMPORAL,BEFORE,wn-0092,-1,0.3,1
wn-0092:13:250,wn-0092:19:462,TEMPORAL,BEFORE,wn-0092,-1,0.3,1
wn-0092:13:250,wn-0092:20:515,TEMPORAL,BEFORE,wn-0092,-1,0.3,1
wn-0092:13:250,wn-0092:21:520,TEMPORAL,BEFORE,wn-0092,-1,0.3,1
wn-0092:14:277,wn-0092:15:324,TEMPORAL,BEFORE,wn-0092,-1,0.8,1
wn-0092:14:277,wn-0092:16:332,TEMPORAL,BEFORE,wn-0092,-1,0.3,1
wn-0092:14:277,wn-0092:19:462,TEMPORAL,BEFORE,wn-0092,-1,0.3,1
wn-0092:14:277,wn-0092:20:515,TEMPORAL,BEFORE,wn-0092,-1,0.3,1
wn-0092:14:277,wn-0092:21:520,TEMPORAL,AFTER,wn-0092,-1,0.8,1
wn-0092:15:324,wn-0092:16:332,TEMPORAL,BEFORE,wn-0092,-1,0.3,1
wn-0092:15:324,wn-0092:19:462,TEMPORAL,BEFORE,wn-0092,-1,0.3,1
wn-0092:15:324,wn-0092:20:515,TEMPORAL,BEFORE,wn-0092,-1,0.3,1
wn-0092:15:324,wn-0092:21:520,TEMPORAL,AFTER,wn-0092,-1,0.85,1
wn-0092:16:332,wn-0092:19:462,TEMPORAL,BEFORE,wn-0092,-1,0.3,1
wn-0092:16:332,wn-0092:20:515,TEMPORAL,BEFORE,wn-0092,-1,0.3,1
wn-0092:16:332,wn-0092:21:520,TEMPORAL,BEFORE,wn-0092,-1,0.3,1
wn-0092:19:462,wn-0092:20:515,TEMPORAL,BEFORE,wn-0092,-1,0.3,1
wn-0092:19:462,wn-0092:21:520,TEMPORAL,BEFORE,wn-0092,-1,0.3,1
wn-0092:20:515,wn-0092:21:520,TEMPORAL,BEFORE,wn-0092,-1,0.3,1
wn-0093:7:200,wn-0093:9:287,TEMPORAL,BEFORE,wn-0093,-1,0.3,1
wn-0093:7:200,wn-0093:9:335,TEMPORAL,BEFORE,wn-0093,-1,0.3,1
wn-0093:7:200,wn-0093:12:367,TEMPORAL,BEFORE,wn-0093,-1,0.3,1
wn-0093:7:200,wn-0093:16:450,TEMPORAL,BEFORE,wn-0093,-1,0.3,1
wn-0093:7:200,wn-0093:16:458,TEMPORAL,BEFORE,wn-0093,-1,0.3,1
wn-0093:7:200,wn-0093:17:477,TEMPORAL,BEFORE,wn-0093,-1,0.3,1
wn-0093:7:200,wn-0093:18:496,TEMPORAL,BEFORE,wn-0093,-1,0.3,1
wn-0093:7:200,wn-0093:19:541,TEMPORAL,BEFORE,wn-0093,-1,0.3,1
wn-0093:7:200,wn-0093:21:626,TEMPORAL,BEFORE,wn-0093,-1,0.3,1
wn-0093:7:200,wn-0093:22:672,TEMPORAL,BEFORE,wn-0093,-1,0.3,1
wn-0093:7:200,wn-0093:22:692,TEMPORAL,BEFORE,wn-0093,-1,0.3,1
wn-0093:7:200,wn-0093:22:700,TEMPORAL,BEFORE,wn-0093,-1,0.3,1
wn-0093:9:287,wn-0093:12:367,TEMPORAL,BEFORE,wn-0093,-1,0.3,1
wn-0093:9:287,wn-0093:16:450,TEMPORAL,BEFORE,wn-0093,-1,0.3,1
wn-0093:9:287,wn-0093:16:458,TEMPORAL,BEFORE,wn-0093,-1,0.3,1
wn-0093:9:287,wn-0093:17:477,TEMPORAL,BEFORE,wn-0093,-1,0.3,1
wn-0093:9:287,wn-0093:18:496,TEMPORAL,BEFORE,wn-0093,-1,0.3,1
wn-0093:9:287,wn-0093:19:541,TEMPORAL,BEFORE,wn-0093,-1,0.3,1
wn-0093:9:287,wn-0093:21:626,TEMPORAL,BEFORE,wn-0093,-1,0.3,1
wn-0093:9:287,wn-0093:22:672,TEMPORAL,BEFORE,wn-0093,-1,0.3,1
wn-0093:9:287,wn-0093:22:692,TEMPORAL,BEFORE,wn-0093,-1,0.3,1
wn-0093:9:287,wn-0093:22:700,TEMPORAL,BEFORE,wn-0093,-1,0.3,1
wn-0093:9:335,wn-0093:12:367,TEMPORAL,BEFORE,wn-0093,-1,0.3,1
wn-0093:9:335,wn-0093:16:450,TEMPORAL,BEFORE,wn-0093,-1,0.3,1
wn-0093:9:335,wn-0093:16:458,TEMPORAL,BEFORE,wn-0093,-1,0.3,1
wn-0093:9:335,wn-0093:17:477,TEMPORAL,BEFORE,wn-0093,-1,0.3,1
wn-0093:9:335,wn-0093:18:496,TEMPORAL,BEFORE,wn-0093,-1,0.3,1
wn-0093:9:335,wn-0093:19:541,TEMPORAL,BEFORE,wn-0093,-1,0.3,1
wn-0093:9:335,wn-0093:21:626,TEMPORAL,BEFORE,wn-0093,-1,0.3,1
wn-0093:9:335,wn-0093:22:672,TEMPORAL,BEFORE,wn-0093,-1,0.3,1
wn-0093:9:335,wn-0093:22:692,TEMPORAL,BEFORE,wn-0093,-1,0.3,1
wn-0093:9:335,wn-0093:22:700,TEMPORAL,BEFORE,wn-0093,-1,0.3,1
wn-0093:12:367,wn-0093:16:450,TEMPORAL,BEFORE,wn-0093,-1,0.3,1
wn-0093:12:367,wn-0093:16:458,TEMPORAL,BEFORE,wn-0093,-1,0.3,1
wn-0093:12:367,wn-0093:17:477,TEMPORAL,BEFORE,wn-0093,-1,0.3,1
wn-0093:12:367,wn-0093:18:496,TEMPORAL,BEFORE,wn-0093,-1,0.3,1
wn-0093:12:367,wn-0093:19:541,TEMPORAL,BEFORE,wn-0093,-1,0.3,1
wn-0093:12:367,wn-0093:21:626,TEMPORAL,BEFORE,wn-0093,-1,0.3,1
wn-0093:12:367,wn-0093:22:672,TEMPORAL,BEFORE,wn-0093,-1,0.3,1
wn-0093:12:367,wn-0093:22:692,TEMPORAL,BEFORE,wn-0093,-1,0.3,1
wn-0093:12:367,wn-0093:22:700,TEMPORAL,BEFORE,wn-0093,-1,0.3,1
wn-0093:16:450,wn-0093:16:458,TEMPORAL,SIMULTANEOUS,wn-0093,-1,0.85,1
wn-0093:16:450,wn-0093:17:477,TEMPORAL,BEFORE,wn-0093,-1,0.85,1
wn-0093:16:450,wn-0093:18:496,TEMPORAL,BEFORE,wn-0093,-1,0.3,1
wn-0093:16:450,wn-0093:19:541,TEMPORAL,BEFORE,wn-0093,-1,0.3,1
wn-0093:16:450,wn-0093:21:626,TEMPORAL,BEFORE,wn-0093,-1,0.85,1
wn-0093:16:450,wn-0093:22:672,TEMPORAL,BEFORE,wn-0093,-1,0.3,1
wn-0093:16:450,wn-0093:22:692,TEMPORAL,BEFORE,wn-0093,-1,0.3,1
wn-0093:16:450,wn-0093:22:700,TEMPORAL,BEFORE,wn-0093,-1,0.3,1
wn-0093:16:458,wn-0093:17:477,TEMPORAL,BEFORE,wn-0093,-1,0.85,1
wn-0093:16:458,wn-0093:18:496,TEMPORAL,BEFORE,wn-0093,-1,0.3,1
wn-0093:16:458,wn-0093:19:541,TEMPORAL,BEFORE,wn-0093,-1,0.3,1
wn-0093:16:458,wn-0093:21:626,TEMPORAL,BEFORE,wn-0093,-1,0.85,1
wn-0093:16:458,wn-0093:22:672,TEMPORAL,BEFORE,wn-0093,-1,0.3,1
wn-0093:16:458,wn-0093:22:692,TEMPORAL,BEFORE,wn-0093,-1,0.3,1
wn-0093:16:458,wn-0093:22:700,TEMPORAL,BEFORE,wn-0093,-1,0.3,1
wn-0093:17:477,wn-0093:18:496,TEMPORAL,BEFORE,wn-0093,-1,0.3,1
wn-0093:17:477,wn-0093:19:541,TEMPORAL,BEFORE,wn-0093,-1,0.3,1
wn-0093:17:477,wn-0093:21:626,TEMPORAL,BEFORE,wn-0093,-1,0.9,1
wn-0093:17:477,wn-0093:22:672,TEMPORAL,BEFORE,wn-0093,-1,0.3,1
wn-0093:17:477,wn-0093:22:692,TEMPORAL,BEFORE,wn-0093,-1,0.3,1
wn-0093:17:477,wn-0093:22:700,TEMPORAL,BEFORE,wn-0093,-1,0.3,1
wn-0093:18:496,wn-0093:19:541,TEMPORAL,BEFORE,wn-0093,-1,0.3,1
wn-0093:18:496,wn-0093:21:626,TEMPORAL,BEFORE,wn-0093,-1,0.3,1
wn-0093:18:496,wn-0093:22:672,TEMPORAL,BEFORE,wn-0093,-1,0.3,1
wn-0093:18:496,wn-0093:22:692,TEMPORAL,BEFORE,wn-0093,-1,0.3,1
wn-0093:18:496,wn-0093:22:700,TEMPORAL,BEFORE,wn-0093,-1,0.3,1
wn-0093:19:541,wn-0093:21:626,TEMPORAL,BEFORE,wn-0093,-1,0.3,1
wn-0093:19:541,wn-0093:22:672,TEMPORAL,BEFORE,wn-0093,-1,0.3,1
wn-0093:19:541,wn-0093:22:692,TEMPORAL,BEFORE,wn-0093,-1,0.3,1
wn-0093:19:541,wn-0093:22:700,TEMPORAL,BEFORE,wn-0093,-1,0.3,1
wn-0093:21:626,wn-0093:22:672,TEMPORAL,BEFORE,wn-0093,-1,0.3,1
wn-0093:21:626,wn-0093:22:692,TEMPORAL,BEFORE,wn-0093,-1,0.3,1
wn-0093:21:626,wn-0093:22:700,TEMPORAL,BEFORE,wn-0093,-1,0.3,1
wn-0093:22:672,wn-0093:22:692,TEMPORAL,BEFORE,wn-0093,-1,0.5,1
wn-0093:22:672,wn-0093:22:700,TEMPORAL,BEFORE,wn-0093,-1,0.5,1
wn-0093:22:692,wn-0093:22:700,TEMPORAL,BEFORE,wn-0093,-1,0.5,1
wn-0094:0:14,wn-0094:0:46,TEMPORAL,AFTER,wn-0094,-1,0.5,1
wn-0094:0:14,wn-0094:0:47,TEMPORAL,AFTER,wn-0094,-1,0.5,1
wn-0094:0:14,wn-0094:6:205,TEMPORAL,BEFORE,wn-0094,-1,0.9,1
wn-0094:0:14,wn-0094:6:221,TEMPORAL,BEFORE,wn-0094,-1,0.9,1
wn-0094:0:14,wn-0094:9:278,TEMPORAL,BEFORE,wn-0094,-1,0.3,1
wn-0094:0:14,wn-0094:9:283,TEMPORAL,BEFORE,wn-0094,-1,0.3,1
wn-0094:0:14,wn-0094:10:299,TEMPORAL,BEFORE,wn-0094,-1,0.3,1
wn-0094:0:14,wn-0094:11:317,TEMPORAL,AFTER,wn-0094,-1,0.7,1
wn-0094:0:14,wn-0094:11:319,TEMPORAL,AFTER,wn-0094,-1,0.7,1
wn-0094:0:14,wn-0094:11:326,TEMPORAL,AFTER,wn-0094,-1,0.7,1
wn-0094:0:14,wn-0094:12:331,TEMPORAL,AFTER,wn-0094,-1,0.7,1
wn-0094:0:46,wn-0094:0:47,TEMPORAL,AFTER,wn-0094,-1,0.5,1
wn-0094:0:46,wn-0094:6:205,TEMPORAL,BEFORE,wn-0094,-1,0.3,1
wn-0094:0:46,wn-0094:6:221,TEMPORAL,BEFORE,wn-0094,-1,0.3,1
wn-0094:0:46,wn-0094:9:278,TEMPORAL,BEFORE,wn-0094,-1,0.3,1
wn-0094:0:46,wn-0094:9:283,TEMPORAL,BEFORE,wn-0094,-1,0.3,1
wn-0094:0:46,wn-0094:10:299,TEMPORAL,BEFORE,wn-0094,-1,0.3,1
wn-0094:0:46,wn-0094:11:317,TEMPORAL,BEFORE,wn-0094,-1,0.3,1
wn-0094:0:46,wn-0094:11:319,TEMPORAL,BEFORE,wn-0094,-1,0.3,1
wn-0094:0:46,wn-0094:11:326,TEMPORAL,BEFORE,wn-0094,-1,0.3,1
wn-0094:0:46,wn-0094:12:331,TEMPORAL,BEFORE,wn-0094,-1,0.3,1
wn-0094:0:47,wn-0094:6:205,TEMPORAL,BEFORE,wn-0094,-1,0.3,1
wn-0094:0:47,wn-0094:6:221,TEMPORAL,BEFORE,wn-0094,-1,0.3,1
wn-0094:0:47,wn-0094:9:278,TEMPORAL,BEFORE,wn-0094,-1,0.3,1
wn-0094:0:47,wn-0094:9:283,TEMPORAL,BEFORE,wn-0094,-1,0.3,1
wn-0094:0:47,wn-0094:10:299,TEMPORAL,BEFORE,wn-0094,-1,0.3,1
wn-0094:0:47,wn-0094:11:317,TEMPORAL,BEFORE,wn-0094,-1,0.3,1
wn-0094:0:47,wn-0094:11:319,TEMPORAL,BEFORE,wn-0094,-1,0.3,1
wn-0094:0:47,wn-0094:11:326,TEMPORAL,BEFORE,wn-0094,-1,0.3,1
wn-0094:0:47,wn-0094:12:331,TEMPORAL,BEFORE,wn-0094,-1,0.3,1
wn-0094:6:205,wn-0094:6:221,TEMPORAL,SIMULTANEOUS,wn-0094,-1,0.97,1
wn-0094:6:205,wn-0094:9:278,TEMPORAL,BEFORE,wn-0094,-1,0.3,1
wn-0094:6:205,wn-0094:9:283,TEMPORAL,BEFORE,wn-0094,-1,0.3,1
wn-0094:6:205,wn-0094:10:299,TEMPORAL,BEFORE,wn-0094,-1,0.3,1
wn-0094:6:205,wn-0094:11:317,TEMPORAL,AFTER,wn-0094,-1,0.7,1
wn-0094:6:205,wn-0094:11:319,TEMPORAL,AFTER,wn-0094,-1,0.7,1
wn-0094:6:205,wn-0094:11:326,TEMPORAL,AFTER,wn-0094,-1,0.7,1
wn-0094:6:205,wn-0094:12:331,TEMPORAL,AFTER,wn-0094,-1,0.7,1
wn-0094:6:221,wn-0094:9:278,TEMPORAL,BEFORE,wn-0094,-1,0.3,1
wn-0094:6:221,wn-0094:9:283,TEMPORAL,BEFORE,wn-0094,-1,0.3,1
wn-0094:6:221,wn-0094:10:299,TEMPORAL,BEFORE,wn-0094,-1,0.3,1
wn-0094:6:221,wn-0094:11:317,TEMPORAL,AFTER,wn-0094,-1,0.7,1
wn-0094:6:221,wn-0094:11:319,TEMPORAL,AFTER,wn-0094,-1,0.7,1
wn-0094:6:221,wn-0094:11:326,TEMPORAL,AFTER,wn-0094,-1,0.7,1
wn-0094:6:221,wn-0094:12:331,TEMPORAL,AFTER,wn-0094,-1,0.7,1
wn-0094:9:278,wn-0094:10:299,TEMPORAL,BEFORE,wn-0094,-1,0.3,1
wn-0094:9:278,wn-0094:11:317,TEMPORAL,BEFORE,wn-0094,-1,0.3,1
wn-0094:9:278,wn-0094:11:319,TEMPORAL,BEFORE,wn-0094,-1,0.3,1
wn-0094:9:278,wn-0094:11:326,TEMPORAL,BEFORE,wn-0094,-1,0.3,1
wn-0094:9:278,wn-0094:12:331,TEMPORAL,BEFORE,wn-0094,-1,0.3,1
wn-0094:9:283,wn-0094:10:299,TEMPORAL,BEFORE,wn-0094,-1,0.3,1
wn-0094:9:283,wn-0094:11:317,TEMPORAL,BEFORE,wn-0094,-1,0.3,1
wn-0094:9:283,wn-0094:11:319,TEMPORAL,BEFORE,wn-0094,-1,0.3,1
wn-0094:9:283,wn-0094:11:326,TEMPORAL,BEFORE,wn-0094,-1,0.3,1
wn-0094:9:283,wn-0094:12:331,TEMPORAL,BEFORE,wn-0094,-1,0.3,1
wn-0094:10:299,wn-0094:11:317,TEMPORAL,BEFORE,wn-0094,-1,0.3,1
wn-0094:10:299,wn-0094:11:319,TEMPORAL,BEFORE,wn-0094,-1,0.3,1
wn-0094:10:299,wn-0094:11:326,TEMPORAL,BEFORE,wn-0094,-1,0.3,1
wn-0094:10:299,wn-0094:12:331,TEMPORAL,BEFORE,wn-0094,-1,0.3,1
wn-0094:11:317,wn-0094:11:319,TEMPORAL,SIMULTANEOUS,wn-0094,-1,0.7,1
wn-0094:11:317,wn-0094:11:326,TEMPORAL,SIMULTANEOUS,wn-0094,-1,0.7,1
wn-0094:11:317,wn-0094:12:331,TEMPORAL,BEFORE,wn-0094,-1,0.7,1
wn-0094:11:319,wn-0094:11:326,TEMPORAL,SIMULTANEOUS,wn-0094,-1,0.7,1
wn-0094:11:319,wn-0094:12:331,TEMPORAL,BEFORE,wn-0094,-1,0.7,1
wn-0094:11:326,wn-0094:12:331,TEMPORAL,BEFORE,wn-0094,-1,0.7,1
wn-0095:11:295,wn-0095:15:405,TEMPORAL,BEFORE,wn-0095,-1,0.3,1
wn-0095:11:295,wn-0095:36:919,TEMPORAL,BEFORE,wn-0095,-1,0.3,1
wn-0095:15:405,wn-0095:36:919,TEMPORAL,BEFORE,wn-0095,-1,0.3,1
wn-0097:0:7,wn-0097:4:87,TEMPORAL,BEFORE,wn-0097,-1,0.3,1
wn-0097:0:7,wn-0097:6:138,TEMPORAL,BEFORE,wn-0097,-1,0.3,1
wn-0097:4:87,wn-0097:6:138,TEMPORAL,AFTER,wn-0097,-1,0.8,1
wn-0098:0:19,wn-0098:1:29,TEMPORAL,BEFORE,wn-0098,-1,0.3,1
wn-0098:0:19,wn-0098:2:64,TEMPORAL,BEFORE,wn-0098,-1,0.3,1
wn-0098:0:19,wn-0098:2:73,TEMPORAL,BEFORE,wn-0098,-1,0.3,1
wn-0098:0:19,wn-0098:3:105,TEMPORAL,BEFORE,wn-0098,-1,0.3,1
wn-0098:0:19,wn-0098:3:98,TEMPORAL,BEFORE,wn-0098,-1,0.3,1
wn-0098:0:19,wn-0098:4:130,TEMPORAL,BEFORE,wn-0098,-1,0.3,1
wn-0098:0:19,wn-0098:4:137,TEMPORAL,BEFORE,wn-0098,-1,0.3,1
wn-0098:0:19,wn-0098:5:144,TEMPORAL,BEFORE,wn-0098,-1,0.3,1
wn-0098:0:3,wn-0098:1:29,TEMPORAL,BEFORE,wn-0098,-1,0.3,1
wn-0098:0:3,wn-0098:2:64,TEMPORAL,BEFORE,wn-0098,-1,0.3,1
wn-0098:0:3,wn-0098:2:73,TEMPORAL,BEFORE,wn-0098,-1,0.3,1
wn-0098:0:3,wn-0098:3:105,TEMPORAL,BEFORE,wn-0098,-1,0.3,1
wn-0098:0:3,wn-0098:3:98,TEMPORAL,BEFORE,wn-0098,-1,0.3,1
wn-0098:0:3,wn-0098:4:130,TEMPORAL,BEFORE,wn-0098,-1,0.3,1
wn-0098:0:3,wn-0098:4:137,TEMPORAL,BEFORE,wn-0098,-1,0.3,1
wn-0098:0:3,wn-0098:5:144,TEMPORAL,BEFORE,wn-0098,-1,0.3,1
wn-0098:0:5,wn-0098:1:29,TEMPORAL,BEFORE,wn-0098,-1,0.3,1
wn-0098:0:5,wn-0098:2:64,TEMPORAL,BEFORE,wn-0098,-1,0.3,1
wn-0098:0:5,wn-0098:2:73,TEMPORAL,BEFORE,wn-0098,-1,0.3,1
wn-0098:0:5,wn-0098:3:105,TEMPORAL,BEFORE,wn-0098,-1,0.3,1
wn-0098:0:5,wn-0098:3:98,TEMPORAL,BEFORE,wn-0098,-1,0.3,1
wn-0098:0:5,wn-0098:4:130,TEMPORAL,BEFORE,wn-0098,-1,0.3,1
wn-0098:0:5,wn-0098:4:137,TEMPORAL,BEFORE,wn-0098,-1,0.3,1
wn-0098:0:5,wn-0098:5:144,TEMPORAL,BEFORE,wn-0098,-1,0.3,1
wn-0098:1:29,wn-0098:2:64,TEMPORAL,BEFORE,wn-0098,-1,0.3,1
wn-0098:1:29,wn-0098:2:73,TEMPORAL,BEFORE,wn-0098,-1,0.3,1
wn-0098:1:29,wn-0098:3:105,TEMPORAL,BEFORE,wn-0098,-1,0.3,1
wn-0098:1:29,wn-0098:3:98,TEMPORAL,BEFORE,wn-0098,-1,0.3,1
wn-0098:1:29,wn-0098:4:130,TEMPORAL,BEFORE,wn-0098,-1,0.3,1
wn-0098:1:29,wn-0098:4:137,TEMPORAL,BEFORE,wn-0098,-1,0.3,1
wn-0098:1:29,wn-0098:5:144,TEMPORAL,BEFORE,wn-0098,-1,0.85,1
wn-0098:2:64,wn-0098:2:73,TEMPORAL,AFTER,wn-0098,-1,0.5,1
wn-0098:2:64,wn-0098:3:105,TEMPORAL,BEFORE,wn-0098,-1,0.3,1
wn-0098:2:64,wn-0098:3:98,TEMPORAL,BEFORE,wn-0098,-1,0.3,1
wn-0098:2:64,wn-0098:4:130,TEMPORAL,BEFORE,wn-0098,-1,0.3,1
wn-0098:2:64,wn-0098:4:137,TEMPORAL,BEFORE,wn-0098,-1,0.3,1
wn-0098:2:64,wn-0098:5:144,TEMPORAL,BEFORE,wn-0098,-1,0.3,1
wn-0098:2:73,wn-0098:3:105,TEMPORAL,BEFORE,wn-0098,-1,0.3,1
wn-0098:2:73,wn-0098:3:98,TEMPORAL,BEFORE,wn-0098,-1,0.3,1
wn-0098:2:73,wn-0098:4:130,TEMPORAL,BEFORE,wn-0098,-1,0.3,1
wn-0098:2:73,wn-0098:4:137,TEMPORAL,BEFORE,wn-0098,-1,0.3,1
wn-0098:2:73,wn-0098:5:144,TEMPORAL,BEFORE,wn-0098,-1,0.3,1
wn-0098:3:105,wn-0098:3:98,TEMPORAL,AFTER,wn-0098,-1,0.5,1
wn-0098:3:105,wn-0098:4:130,TEMPORAL,BEFORE,wn-0098,-1,0.3,1
wn-0098:3:105,wn-0098:4:137,TEMPORAL,BEFORE,wn-0098,-1,0.3,1
wn-0098:3:105,wn-0098:5:144,TEMPORAL,BEFORE,wn-0098,-1,0.3,1
wn-0098:3:98,wn-0098:4:130,TEMPORAL,BEFORE,wn-0098,-1,0.3,1
wn-0098:3:98,wn-0098:4:137,TEMPORAL,BEFORE,wn-0098,-1,0.3,1
wn-0098:3:98,wn-0098:5:144,TEMPORAL,BEFORE,wn-0098,-1,0.3,1
wn-0098:4:130,wn-0098:5:144,TEMPORAL,BEFORE,wn-0098,-1,0.3,1
wn-0098:4:137,wn-0098:5:144,TEMPORAL,BEFORE,wn-0098,-1,0.3,1
wn-0101:2:58,wn-0101:6:156,TEMPORAL,BEFORE,wn-0101,-1,0.3,1
wn-0101:2:58,wn-0101:7:191,TEMPORAL,BEFORE,wn-0101,-1,0.3,1
wn-0101:2:58,wn-0101:10:273,TEMPORAL,BEFORE,wn-0101,-1,0.3,1
wn-0101:6:156,wn-0101:7:191,TEMPORAL,BEFORE,wn-0101,-1,0.3,1
wn-0101:6:156,wn-0101:10:273,TEMPORAL,BEFORE,wn-0101,-1,0.3,1
wn-0101:7:191,wn-0101:10:273,TEMPORAL,BEFORE,wn-0101,-1,0.3,1
wn-0102:1:22,wn-0102:7:223,TEMPORAL,BEFORE,wn-0102,-1,0.3,1
wn-0103:0:8,wn-0103:3:82,TEMPORAL,BEFORE,wn-0103,-1,0.3,1
wn-0103:0:8,wn-0103:4:115,TEMPORAL,BEFORE,wn-0103,-1,0.3,1
wn-0103:3:82,wn-0103:4:115,TEMPORAL,BEFORE,wn-0103,-1,0.3,1
wn-0104:0:30,wn-0104:3:95,TEMPORAL,BEFORE,wn-0104,-1,0.3,1
wn-0104:0:30,wn-0104:11:276,TEMPORAL,BEFORE,wn-0104,-1,0.3,1
wn-0104:0:30,wn-0104:14:352,TEMPORAL,BEFORE,wn-0104,-1,0.3,1
wn-0104:0:30,wn-0104:15:380,TEMPORAL,BEFORE,wn-0104,-1,0.3,1
wn-0104:0:30,wn-0104:15:398,TEMPORAL,BEFORE,wn-0104,-1,0.3,1
wn-0104:3:95,wn-0104:11:276,TEMPORAL,BEFORE,wn-0104,-1,0.3,1
wn-0104:3:95,wn-0104:14:352,TEMPORAL,BEFORE,wn-0104,-1,0.3,1
wn-0104:3:95,wn-0104:15:380,TEMPORAL,BEFORE,wn-0104,-1,0.3,1
wn-0104:3:95,wn-0104:15:398,TEMPORAL,BEFORE,wn-0104,-1,0.3,1
wn-0104:11:276,wn-0104:14:352,TEMPORAL,BEFORE,wn-0104,-1,0.3,1
wn-0104:11:276,wn-0104:15:380,TEMPORAL,BEFORE,wn-0104,-1,0.3,1
wn-0104:11:276,wn-0104:15:398,TEMPORAL,BEFORE,wn-0104,-1,0.3,1
wn-0104:14:352,wn-0104:15:380,TEMPORAL,BEFORE,wn-0104,-1,0.3,1
wn-0104:14:352,wn-0104:15:398,TEMPORAL,BEFORE,wn-0104,-1,0.3,1
wn-0104:15:380,wn-0104:15:398,TEMPORAL,AFTER,wn-0104,-1,0.5,1
wn-0106:0:26,wn-0106:0:8,TEMPORAL,SIMULTANEOUS,wn-0106,-1,0.75,1
wn-0106:0:26,wn-0106:1:37,TEMPORAL,BEFORE,wn-0106,-1,0.3,1
wn-0106:0:26,wn-0106:1:58,TEMPORAL,BEFORE,wn-0106,-1,0.3,1
wn-0106:0:26,wn-0106:2:84,TEMPORAL,BEFORE,wn-0106,-1,0.3,1
wn-0106:0:26,wn-0106:7:206,TEMPORAL,AFTER,wn-0106,-1,0.75,1
wn-0106:0:26,wn-0106:10:292,TEMPORAL,BEFORE,wn-0106,-1,0.3,1
wn-0106:0:8,wn-0106:1:37,TEMPORAL,BEFORE,wn-0106,-1,0.3,1
wn-0106:0:8,wn-0106:1:58,TEMPORAL,BEFORE,wn-0106,-1,0.3,1
wn-0106:0:8,wn-0106:2:84,TEMPORAL,BEFORE,wn-0106,-1,0.3,1
wn-0106:0:8,wn-0106:7:206,TEMPORAL,AFTER,wn-0106,-1,0.75,1
wn-0106:0:8,wn-0106:10:292,TEMPORAL,BEFORE,wn-0106,-1,0.3,1
wn-0106:1:37,wn-0106:1:58,TEMPORAL,SIMULTANEOUS,wn-0106,-1,0.5,1
wn-0106:1:37,wn-0106:2:84,TEMPORAL,BEFORE,wn-0106,-1,0.3,1
wn-0106:1:37,wn-0106:7:206,TEMPORAL,BEFORE,wn-0106,-1,0.3,1
wn-0106:1:37,wn-0106:10:292,TEMPORAL,BEFORE,wn-0106,-1,0.3,1
wn-0106:1:58,wn-0106:2:84,TEMPORAL,BEFORE,wn-0106,-1,0.3,1
wn-0106:1:58,wn-0106:7:206,TEMPORAL,BEFORE,wn-0106,-1,0.3,1
wn-0106:1:58,wn-0106:10:292,TEMPORAL,BEFORE,wn-0106,-1,0.3,1
wn-0106:2:84,wn-0106:7:206,TEMPORAL,BEFORE,wn-0106,-1,0.3,1
wn-0106:2:84,wn-0106:10:292,TEMPORAL,BEFORE,wn-0106,-1,0.3,1
wn-0106:7:206,wn-0106:10:292,TEMPORAL,BEFORE,wn-0106,-1,0.3,1
wn-0108:0:10,wn-0108:2:69,TEMPORAL,BEFORE,wn-0108,-1,0.3,1
wn-0109:1:53,wn-0109:3:68,TEMPORAL,BEFORE,wn-0109,-1,0.3,1
wn-0109:1:53,wn-0109:3:85,TEMPORAL,BEFORE,wn-0109,-1,0.3,1
wn-0109:1:53,wn-0109:5:126,TEMPORAL,BEFORE,wn-0109,-1,0.3,1
wn-0109:1:53,wn-0109:6:130,TEMPORAL,BEFORE,wn-0109,-1,0.3,1
wn-0109:1:53,wn-0109:7:149,TEMPORAL,BEFORE,wn-0109,-1,0.3,1
wn-0109:1:53,wn-0109:9:193,TEMPORAL,BEFORE,wn-0109,-1,0.3,1
wn-0109:1:53,wn-0109:9:224,TEMPORAL,BEFORE,wn-0109,-1,0.3,1
wn-0109:1:53,wn-0109:10:232,TEMPORAL,BEFORE,wn-0109,-1,0.3,1
wn-0109:3:68,wn-0109:3:85,TEMPORAL,SIMULTANEOUS,wn-0109,-1,0.75,1
wn-0109:3:68,wn-0109:5:126,TEMPORAL,BEFORE,wn-0109,-1,0.3,1
wn-0109:3:68,wn-0109:6:130,TEMPORAL,BEFORE,wn-0109,-1,0.3,1
wn-0109:3:68,wn-0109:7:149,TEMPORAL,AFTER,wn-0109,-1,0.75,1
wn-0109:3:68,wn-0109:9:193,TEMPORAL,BEFORE,wn-0109,-1,0.3,1
wn-0109:3:68,wn-0109:9:224,TEMPORAL,BEFORE,wn-0109,-1,0.3,1
wn-0109:3:68,wn-0109:10:232,TEMPORAL,BEFORE,wn-0109,-1,0.75,1
wn-0109:3:85,wn-0109:5:126,TEMPORAL,BEFORE,wn-0109,-1,0.3,1
wn-0109:3:85,wn-0109:6:130,TEMPORAL,BEFORE,wn-0109,-1,0.3,1
wn-0109:3:85,wn-0109:7:149,TEMPORAL,AFTER,wn-0109,-1,0.75,1
wn-0109:3:85,wn-0109:9:193,TEMPORAL,BEFORE,wn-0109,-1,0.3,1
wn-0109:3:85,wn-0109:9:224,TEMPORAL,BEFORE,wn-0109,-1,0.3,1
wn-0109:3:85,wn-0109:10:232,TEMPORAL,BEFORE,wn-0109,-1,0.75,1
wn-0109:5:126,wn-0109:6:130,TEMPORAL,BEFORE,wn-0109,-1,0.3,1
wn-0109:5:126,wn-0109:7:149,TEMPORAL,BEFORE,wn-0109,-1,0.3,1
wn-0109:5:126,wn-0109:9:193,TEMPORAL,BEFORE,wn-0109,-1,0.3,1
wn-0109:5:126,wn-0109:9:224,TEMPORAL,BEFORE,wn-0109,-1,0.3,1
wn-0109:5:126,wn-0109:10:232,TEMPORAL,BEFORE,wn-0109,-1,0.3,1
wn-0109:6:130,wn-0109:7:149,TEMPORAL,BEFORE,wn-0109,-1,0.3,1
wn-0109:6:130,wn-0109:9:193,TEMPORAL,BEFORE,wn-0109,-1,0.3,1
wn-0109:6:130,wn-0109:9:224,TEMPORAL,BEFORE,wn-0109,-1,0.3,1
wn-0109:6:130,wn-0109:10:232,TEMPORAL,BEFORE,wn-0109,-1,0.3,1
wn-0109:7:149,wn-0109:9:193,TEMPORAL,BEFORE,wn-0109,-1,0.3,1
wn-0109:7:149,wn-0109:9:224,TEMPORAL,BEFORE,wn-0109,-1,0.3,1
wn-0109:7:149,wn-0109:10:232,TEMPORAL,BEFORE,wn-0109,-1,0.9,1
wn-0109:9:193,wn-0109:10:232,TEMPORAL,BEFORE,wn-0109,-1,0.3,1
wn-0109:9:224,wn-0109:10:232,TEMPORAL,BEFORE,wn-0109,-1,0.3,1
wn-0110:3:38,wn-0110:11:220,TEMPORAL,BEFORE,wn-0110,-1,0.3,1
wn-0110:3:38,wn-0110:11:258,TEMPORAL,BEFORE,wn-0110,-1,0.3,1
wn-0110:3:38,wn-0110:17:309,TEMPORAL,BEFORE,wn-0110,-1,0.3,1
wn-0110:3:38,wn-0110:26:529,TEMPORAL,BEFORE,wn-0110,-1,0.3,1
wn-0110:3:38,wn-0110:31:584,TEMPORAL,BEFORE,wn-0110,-1,0.3,1
wn-0110:3:38,wn-0110:51:1020,TEMPORAL,BEFORE,wn-0110,-1,0.3,1
wn-0110:3:38,wn-0110:52:1031,TEMPORAL,BEFORE,wn-0110,-1,0.3,1
wn-0110:3:38,wn-0110:53:1056,TEMPORAL,BEFORE,wn-0110,-1,0.3,1
wn-0110:3:38,wn-0110:58:1141,TEMPORAL,BEFORE,wn-0110,-1,0.3,1
wn-0110:3:38,wn-0110:58:1153,TEMPORAL,BEFORE,wn-0110,-1,0.3,1
wn-0110:3:38,wn-0110:60:1183,TEMPORAL,BEFORE,wn-0110,-1,0.3,1
wn-0110:3:38,wn-0110:65:1273,TEMPORAL,BEFORE,wn-0110,-1,0.3,1
wn-0110:3:38,wn-0110:68:1376,TEMPORAL,BEFORE,wn-0110,-1,0.3,1
wn-0110:3:38,wn-0110:69:1404,TEMPORAL,BEFORE,wn-0110,-1,0.3,1
wn-0110:3:38,wn-0110:72:1503,TEMPORAL,BEFORE,wn-0110,-1,0.3,1
wn-0110:3:38,wn-0110:114:2249,TEMPORAL,BEFORE,wn-0110,-1,0.3,1
wn-0110:3:38,wn-0110:121:2388,TEMPORAL,BEFORE,wn-0110,-1,0.3,1
wn-0110:3:38,wn-0110:121:2390,TEMPORAL,BEFORE,wn-0110,-1,0.3,1
wn-0110:3:38,wn-0110:125:2481,TEMPORAL,BEFORE,wn-0110,-1,0.3,1
wn-0110:3:38,wn-0110:126:2500,TEMPORAL,BEFORE,wn-0110,-1,0.3,1
wn-0110:3:38,wn-0110:147:2956,TEMPORAL,BEFORE,wn-0110,-1,0.3,1
wn-0110:3:38,wn-0110:148:2969,TEMPORAL,BEFORE,wn-0110,-1,0.3,1
wn-0110:3:38,wn-0110:149:2978,TEMPORAL,BEFORE,wn-0110,-1,0.3,1
wn-0110:3:38,wn-0110:150:3055,TEMPORAL,BEFORE,wn-0110,-1,0.3,1
wn-0110:11:220,wn-0110:17:309,TEMPORAL,BEFORE,wn-0110,-1,0.3,1
wn-0110:11:220,wn-0110:26:529,TEMPORAL,BEFORE,wn-0110,-1,0.3,1
wn-0110:11:220,wn-0110:31:584,TEMPORAL,BEFORE,wn-0110,-1,0.3,1
wn-0110:11:220,wn-0110:51:1020,TEMPORAL,BEFORE,wn-0110,-1,0.3,1
wn-0110:11:220,wn-0110:52:1031,TEMPORAL,BEFORE,wn-0110,-1,0.3,1
wn-0110:11:220,wn-0110:53:1056,TEMPORAL,BEFORE,wn-0110,-1,0.3,1
wn-0110:11:220,wn-0110:58:1141,TEMPORAL,BEFORE,wn-0110,-1,0.3,1
wn-0110:11:220,wn-0110:58:1153,TEMPORAL,BEFORE,wn-0110,-1,0.3,1
wn-0110:11:220,wn-0110:60:1183,TEMPORAL,BEFORE,wn-0110,-1,0.3,1
wn-0110:11:220,wn-0110:65:1273,TEMPORAL,BEFORE,wn-0110,-1,0.3,1
wn-0110:11:220,wn-0110:68:1376,TEMPORAL,BEFORE,wn-0110,-1,0.3,1
wn-0110:11:220,wn-0110:69:1404,TEMPORAL,BEFORE,wn-0110,-1,0.3,1
wn-0110:11:220,wn-0110:72:1503,TEMPORAL,BEFORE,wn-0110,-1,0.3,1
wn-0110:11:220,wn-0110:114:2249,TEMPORAL,BEFORE,wn-0110,-1,0.3,1
wn-0110:11:220,wn-0110:121:2388,TEMPORAL,BEFORE,wn-0110,-1,0.3,1
wn-0110:11:220,wn-0110:121:2390,TEMPORAL,BEFORE,wn-0110,-1,0.3,1
wn-0110:11:220,wn-0110:125:2481,TEMPORAL,BEFORE,wn-0110,-1,0.3,1
wn-0110:11:220,wn-0110:126:2500,TEMPORAL,BEFORE,wn-0110,-1,0.3,1
wn-0110:11:220,wn-0110:147:2956,TEMPORAL,BEFORE,wn-0110,-1,0.3,1
wn-0110:11:220,wn-0110:148:2969,TEMPORAL,BEFORE,wn-0110,-1,0.3,1
wn-0110:11:220,wn-0110:149:2978,TEMPORAL,BEFORE,wn-0110,-1,0.3,1
wn-0110:11:220,wn-0110:150:3055,TEMPORAL,BEFORE,wn-0110,-1,0.3,1
wn-0110:11:258,wn-0110:17:309,TEMPORAL,BEFORE,wn-0110,-1,0.3,1
wn-0110:11:258,wn-0110:26:529,TEMPORAL,BEFORE,wn-0110,-1,0.3,1
wn-0110:11:258,wn-0110:31:584,TEMPORAL,BEFORE,wn-0110,-1,0.3,1
wn-0110:11:258,wn-0110:51:1020,TEMPORAL,BEFORE,wn-0110,-1,0.3,1
wn-0110:11:258,wn-0110:52:1031,TEMPORAL,BEFORE,wn-0110,-1,0.3,1
wn-0110:11:258,wn-0110:53:1056,TEMPORAL,BEFORE,wn-0110,-1,0.3,1
wn-0110:11:258,wn-0110:58:1141,TEMPORAL,BEFORE,wn-0110,-1,0.3,1
wn-0110:11:258,wn-0110:58:1153,TEMPORAL,BEFORE,wn-0110,-1,0.3,1
wn-0110:11:258,wn-0110:60:1183,TEMPORAL,BEFORE,wn-0110,-1,0.3,1
wn-0110:11:258,wn-0110:65:1273,TEMPORAL,BEFORE,wn-0110,-1,0.3,1
wn-0110:11:258,wn-0110:68:1376,TEMPORAL,BEFORE,wn-0110,-1,0.3,1
wn-0110:11:258,wn-0110:69:1404,TEMPORAL,BEFORE,wn-0110,-1,0.3,1
wn-0110:11:258,wn-0110:72:1503,TEMPORAL,BEFORE,wn-0110,-1,0.3,1
wn-0110:11:258,wn-0110:114:2249,TEMPORAL,BEFORE,wn-0110,-1,0.3,1
wn-0110:11:258,wn-0110:121:2388,TEMPORAL,BEFORE,wn-0110,-1,0.3,1
wn-0110:11:258,wn-0110:121:2390,TEMPORAL,BEFORE,wn-0110,-1,0.3,1
wn-0110:11:258,wn-0110:125:2481,TEMPORAL,BEFORE,wn-0110,-1,0.3,1
wn-0110:11:258,wn-0110:126:2500,TEMPORAL,BEFORE,wn-0110,-1,0.3,1
wn-0110:11:258,wn-0110:147:2956,TEMPORAL,BEFORE,wn-0110,-1,0.3,1
wn-0110:11:258,wn-0110:148:2969,TEMPORAL,BEFORE,wn-0110,-1,0.3,1
wn-0110:11:258,wn-0110:149:2978,TEMPORAL,BEFORE,wn-0110,-1,0.3,1
wn-0110:11:258,wn-0110:150:3055,TEMPORAL,BEFORE,wn-0110,-1,0.3,1
wn-0110:17:309,wn-0110:26:529,TEMPORAL,BEFORE,wn-0110,-1,0.3,1
wn-0110:17:309,wn-0110:31:584,TEMPORAL,BEFORE,wn-0110,-1,0.3,1
wn-0110:17:309,wn-0110:51:1020,TEMPORAL,BEFORE,wn-0110,-1,0.3,1
wn-0110:17:309,wn-0110:52:1031,TEMPORAL,BEFORE,wn-0110,-1,0.3,1
wn-0110:17:309,wn-0110:53:1056,TEMPORAL,BEFORE,wn-0110,-1,0.3,1
wn-0110:17:309,wn-0110:58:1141,TEMPORAL,BEFORE,wn-0110,-1,0.3,1
wn-0110:17:309,wn-0110:58:1153,TEMPORAL,BEFORE,wn-0110,-1,0.3,1
wn-0110:17:309,wn-0110:60:1183,TEMPORAL,BEFORE,wn-0110,-1,0.3,1
wn-0110:17:309,wn-0110:65:1273,TEMPORAL,BEFORE,wn-0110,-1,0.3,1
wn-0110:17:309,wn-0110:68:1376,TEMPORAL,BEFORE,wn-0110,-1,0.3,1
wn-0110:17:309,wn-0110:69:1404,TEMPORAL,BEFORE,wn-0110,-1,0.3,1
wn-0110:17:309,wn-0110:72:1503,TEMPORAL,BEFORE,wn-0110,-1,0.3,1
wn-0110:17:309,wn-0110:114:2249,TEMPORAL,BEFORE,wn-0110,-1,0.3,1
wn-0110:17:309,wn-0110:121:2388,TEMPORAL,BEFORE,wn-0110,-1,0.3,1
wn-0110:17:309,wn-0110:121:2390,TEMPORAL,BEFORE,wn-0110,-1,0.3,1
wn-0110:17:309,wn-0110:125:2481,TEMPORAL,BEFORE,wn-0110,-1,0.3,1
wn-0110:17:309,wn-0110:126:2500,TEMPORAL,BEFORE,wn-0110,-1,0.3,1
wn-0110:17:309,wn-0110:147:2956,TEMPORAL,BEFORE,wn-0110,-1,0.3,1
wn-0110:17:309,wn-0110:148:2969,TEMPORAL,BEFORE,wn-0110,-1,0.3,1
wn-0110:17:309,wn-0110:149:2978,TEMPORAL,BEFORE,wn-0110,-1,0.3,1
wn-0110:17:309,wn-0110:150:3055,TEMPORAL,BEFORE,wn-0110,-1,0.3,1
wn-0110:26:529,wn-0110:31:584,TEMPORAL,BEFORE,wn-0110,-1,0.3,1
wn-0110:26:529,wn-0110:51:1020,TEMPORAL,BEFORE,wn-0110,-1,0.3,1
wn-0110:26:529,wn-0110:52:1031,TEMPORAL,BEFORE,wn-0110,-1,0.3,1
wn-0110:26:529,wn-0110:53:1056,TEMPORAL,BEFORE,wn-0110,-1,0.3,1
wn-0110:26:529,wn-0110:58:1141,TEMPORAL,BEFORE,wn-0110,-1,0.3,1
wn-0110:26:529,wn-0110:58:1153,TEMPORAL,BEFORE,wn-0110,-1,0.3,1
wn-0110:26:529,wn-0110:60:1183,TEMPORAL,BEFORE,wn-0110,-1,0.3,1
wn-0110:26:529,wn-0110:65:1273,TEMPORAL,BEFORE,wn-0110,-1,0.3,1
wn-0110:26:529,wn-0110:68:1376,TEMPORAL,BEFORE,wn-0110,-1,0.3,1
wn-0110:26:529,wn-0110:69:1404,TEMPORAL,BEFORE,wn-0110,-1,0.3,1
wn-0110:26:529,wn-0110:72:1503,TEMPORAL,BEFORE,wn-0110,-1,0.3,1
wn-0110:26:529,wn-0110:114:2249,TEMPORAL,BEFORE,wn-0110,-1,0.3,1
wn-0110:26:529,wn-0110:121:2388,TEMPORAL,BEFORE,wn-0110,-1,0.3,1
wn-0110:26:529,wn-0110:121:2390,TEMPORAL,BEFORE,wn-0110,-1,0.3,1
wn-0110:26:529,wn-0110:125:2481,TEMPORAL,BEFORE,wn-0110,-1,0.3,1
wn-0110:26:529,wn-0110:126:2500,TEMPORAL,BEFORE,wn-0110,-1,0.3,1
wn-0110:26:529,wn-0110:147:2956,TEMPORAL,BEFORE,wn-0110,-1,0.3,1
wn-0110:26:529,wn-0110:148:2969,TEMPORAL,BEFORE,wn-0110,-1,0.3,1
wn-0110:26:529,wn-0110:149:2978,TEMPORAL,BEFORE,wn-0110,-1,0.3,1
wn-0110:26:529,wn-0110:150:3055,TEMPORAL,BEFORE,wn-0110,-1,0.3,1
wn-0110:31:584,wn-0110:51:1020,TEMPORAL,BEFORE,wn-0110,-1,0.3,1
wn-0110:31:584,wn-0110:52:1031,TEMPORAL,BEFORE,wn-0110,-1,0.3,1
wn-0110:31:584,wn-0110:53:1056,TEMPORAL,BEFORE,wn-0110,-1,0.3,1
wn-0110:31:584,wn-0110:58:1141,TEMPORAL,BEFORE,wn-0110,-1,0.3,1
wn-0110:31:584,wn-0110:58:1153,TEMPORAL,BEFORE,wn-0110,-1,0.3,1
wn-0110:31:584,wn-0110:60:1183,TEMPORAL,BEFORE,wn-0110,-1,0.3,1
wn-0110:31:584,wn-0110:65:1273,TEMPORAL,BEFORE,wn-0110,-1,0.3,1
wn-0110:31:584,wn-0110:68:1376,TEMPORAL,BEFORE,wn-0110,-1,0.3,1
wn-0110:31:584,wn-0110:69:1404,TEMPORAL,BEFORE,wn-0110,-1,0.3,1
wn-0110:31:584,wn-0110:72:1503,TEMPORAL,BEFORE,wn-0110,-1,0.3,1
wn-0110:31:584,wn-0110:114:2249,TEMPORAL,BEFORE,wn-0110,-1,0.3,1
wn-0110:31:584,wn-0110:121:2388,TEMPORAL,BEFORE,wn-0110,-1,0.3,1
wn-0110:31:584,wn-0110:121:2390,TEMPORAL,BEFORE,wn-0110,-1,0.3,1
wn-0110:31:584,wn-0110:125:2481,TEMPORAL,BEFORE,wn-0110,-1,0.3,1
wn-0110:31:584,wn-0110:126:2500,TEMPORAL,BEFORE,wn-0110,-1,0.3,1
wn-0110:31:584,wn-0110:147:2956,TEMPORAL,BEFORE,wn-0110,-1,0.3,1
wn-0110:31:584,wn-0110:148:2969,TEMPORAL,BEFORE,wn-0110,-1,0.3,1
wn-0110:31:584,wn-0110:149:2978,TEMPORAL,BEFORE,wn-0110,-1,0.3,1
wn-0110:31:584,wn-0110:150:3055,TEMPORAL,BEFORE,wn-0110,-1,0.3,1
wn-0110:51:1020,wn-0110:52:1031,TEMPORAL,BEFORE,wn-0110,-1,0.3,1
wn-0110:51:1020,wn-0110:53:1056,TEMPORAL,BEFORE,wn-0110,-1,0.3,1
wn-0110:51:1020,wn-0110:58:1141,TEMPORAL,BEFORE,wn-0110,-1,0.3,1
wn-0110:51:1020,wn-0110:58:1153,TEMPORAL,BEFORE,wn-0110,-1,0.3,1
wn-0110:51:1020,wn-0110:60:1183,TEMPORAL,BEFORE,wn-0110,-1,0.3,1
wn-0110:51:1020,wn-0110:65:1273,TEMPORAL,BEFORE,wn-0110,-1,0.3,1
wn-0110:51:1020,wn-0110:68:1376,TEMPORAL,BEFORE,wn-0110,-1,0.3,1
wn-0110:51:1020,wn-0110:69:1404,TEMPORAL,BEFORE,wn-0110,-1,0.3,1
wn-0110:51:1020,wn-0110:72:1503,TEMPORAL,BEFORE,wn-0110,-1,0.3,1
wn-0110:51:1020,wn-0110:114:2249,TEMPORAL,BEFORE,wn-0110,-1,0.3,1
wn-0110:51:1020,wn-0110:121:2388,TEMPORAL,BEFORE,wn-0110,-1,0.3,1
wn-0110:51:1020,wn-0110:121:2390,TEMPORAL,BEFORE,wn-0110,-1,0.3,1
wn-0110:51:1020,wn-0110:125:2481,TEMPORAL,BEFORE,wn-0110,-1,0.3,1
wn-0110:51:1020,wn-0110:126:2500,TEMPORAL,BEFORE,wn-0110,-1,0.3,1
wn-0110:51:1020,wn-0110:147:2956,TEMPORAL,BEFORE,wn-0110,-1,0.3,1
wn-0110:51:1020,wn-0110:148:2969,TEMPORAL,BEFORE,wn-0110,-1,0.3,1
wn-0110:51:1020,wn-0110:149:2978,TEMPORAL,BEFORE,wn-0110,-1,0.3,1
wn-0110:51:1020,wn-0110:150:3055,TEMPORAL,BEFORE,wn-0110,-1,0.3,1
wn-0110:52:1031,wn-0110:53:1056,TEMPORAL,BEFORE,wn-0110,-1,0.3,1
wn-0110:52:1031,wn-0110:58:1141,TEMPORAL,BEFORE,wn-0110,-1,0.3,1
wn-0110:52:1031,wn-0110:58:1153,TEMPORAL,BEFORE,wn-0110,-1,0.3,1
wn-0110:52:1031,wn-0110:60:1183,TEMPORAL,BEFORE,wn-0110,-1,0.3,1
wn-0110:52:1031,wn-0110:65:1273,TEMPORAL,BEFORE,wn-0110,-1,0.3,1
wn-0110:52:1031,wn-0110:68:1376,TEMPORAL,BEFORE,wn-0110,-1,0.3,1
wn-0110:52:1031,wn-0110:69:1404,TEMPORAL,BEFORE,wn-0110,-1,0.3,1
wn-0110:52:1031,wn-0110:72:1503,TEMPORAL,BEFORE,wn-0110,-1,0.3,1
wn-0110:52:1031,wn-0110:114:2249,TEMPORAL,BEFORE,wn-0110,-1,0.3,1
wn-0110:52:1031,wn-0110:121:2388,TEMPORAL,BEFORE,wn-0110,-1,0.3,1
wn-0110:52:1031,wn-0110:121:2390,TEMPORAL,BEFORE,wn-0110,-1,0.3,1
wn-0110:52:1031,wn-0110:125:2481,TEMPORAL,BEFORE,wn-0110,-1,0.3,1
wn-0110:52:1031,wn-0110:126:2500,TEMPORAL,BEFORE,wn-0110,-1,0.3,1
wn-0110:52:1031,wn-0110:147:2956,TEMPORAL,BEFORE,wn-0110,-1,0.3,1
wn-0110:52:1031,wn-0110:148:2969,TEMPORAL,BEFORE,wn-0110,-1,0.3,1
wn-0110:52:1031,wn-0110:149:2978,TEMPORAL,BEFORE,wn-0110,-1,0.3,1
wn-0110:52:1031,wn-0110:150:3055,TEMPORAL,BEFORE,wn-0110,-1,0.3,1
wn-0110:53:1056,wn-0110:58:1141,TEMPORAL,BEFORE,wn-0110,-1,0.3,1
wn-0110:53:1056,wn-0110:58:1153,TEMPORAL,BEFORE,wn-0110,-1,0.3,1
wn-0110:53:1056,wn-0110:60:1183,TEMPORAL,BEFORE,wn-0110,-1,0.3,1
wn-0110:53:1056,wn-0110:65:1273,TEMPORAL,BEFORE,wn-0110,-1,0.3,1
wn-0110:53:1056,wn-0110:68:1376,TEMPORAL,BEFORE,wn-0110,-1,0.3,1
wn-0110:53:1056,wn-0110:69:1404,TEMPORAL,BEFORE,wn-0110,-1,0.3,1
wn-0110:53:1056,wn-0110:72:1503,TEMPORAL,BEFORE,wn-0110,-1,0.3,1
wn-0110:53:1056,wn-0110:114:2249,TEMPORAL,BEFORE,wn-0110,-1,0.3,1
wn-0110:53:1056,wn-0110:121:2388,TEMPORAL,BEFORE,wn-0110,-1,0.3,1
wn-0110:53:1056,wn-0110:121:2390,TEMPORAL,BEFORE,wn-0110,-1,0.3,1
wn-0110:53:1056,wn-0110:125:2481,TEMPORAL,BEFORE,wn-0110,-1,0.3,1
wn-0110:53:1056,wn-0110:126:2500,TEMPORAL,BEFORE,wn-0110,-1,0.3,1
wn-0110:53:1056,wn-0110:147:2956,TEMPORAL,BEFORE,wn-0110,-1,0.3,1
wn-0110:53:1056,wn-0110:148:2969,TEMPORAL,BEFORE,wn-0110,-1,0.3,1
wn-0110:53:1056,wn-0110:149:2978,TEMPORAL,BEFORE,wn-0110,-1,0.3,1
wn-0110:53:1056,wn-0110:150:3055,TEMPORAL,BEFORE,wn-0110,-1,0.3,1
wn-0110:58:1141,wn-0110:58:1153,TEMPORAL,BEFORE,wn-0110,-1,0.5,1
wn-0110:58:1141,wn-0110:60:1183,TEMPORAL,BEFORE,wn-0110,-1,0.3,1
wn-0110:58:1141,wn-0110:65:1273,TEMPORAL,BEFORE,wn-0110,-1,0.3,1
wn-0110:58:1141,wn-0110:68:1376,TEMPORAL,BEFORE,wn-0110,-1,0.3,1
wn-0110:58:1141,wn-0110:69:1404,TEMPORAL,BEFORE,wn-0110,-1,0.3,1
wn-0110:58:1141,wn-0110:72:1503,TEMPORAL,BEFORE,wn-0110,-1,0.3,1
wn-0110:58:1141,wn-0110:114:2249,TEMPORAL,BEFORE,wn-0110,-1,0.3,1
wn-0110:58:1141,wn-0110:121:2388,TEMPORAL,BEFORE,wn-0110,-1,0.3,1
wn-0110:58:1141,wn-0110:121:2390,TEMPORAL,BEFORE,wn-0110,-1,0.3,1
wn-0110:58:1141,wn-0110:125:2481,TEMPORAL,BEFORE,wn-0110,-1,0.3,1
wn-0110:58:1141,wn-0110:126:2500,TEMPORAL,BEFORE,wn-0110,-1,0.3,1
wn-0110:58:1141,wn-0110:147:2956,TEMPORAL,BEFORE,wn-0110,-1,0.3,1
wn-0110:58:1141,wn-0110:148:2969,TEMPORAL,BEFORE,wn-0110,-1,0.3,1
wn-0110:58:1141,wn-0110:149:2978,TEMPORAL,BEFORE,wn-0110,-1,0.3,1
wn-0110:58:1141,wn-0110:150:3055,TEMPORAL,BEFORE,wn-0110,-1,0.3,1
wn-0110:58:1153,wn-0110:60:1183,TEMPORAL,BEFORE,wn-0110,-1,0.3,1
wn-0110:58:1153,wn-0110:65:1273,TEMPORAL,BEFORE,wn-0110,-1,0.3,1
wn-0110:58:1153,wn-0110:68:1376,TEMPORAL,BEFORE,wn-0110,-1,0.3,1
wn-0110:58:1153,wn-0110:69:1404,TEMPORAL,BEFORE,wn-0110,-1,0.3,1
wn-0110:58:1153,wn-0110:72:1503,TEMPORAL,BEFORE,wn-0110,-1,0.3,1
wn-0110:58:1153,wn-0110:114:2249,TEMPORAL,BEFORE,wn-0110,-1,0.3,1
wn-0110:58:1153,wn-0110:121:2388,TEMPORAL,BEFORE,wn-0110,-1,0.3,1
wn-0110:58:1153,wn-0110:121:2390,TEMPORAL,BEFORE,wn-0110,-1,0.3,1
wn-0110:58:1153,wn-0110:125:2481,TEMPORAL,BEFORE,wn-0110,-1,0.3,1
wn-0110:58:1153,wn-0110:126:2500,TEMPORAL,BEFORE,wn-0110,-1,0.3,1
wn-0110:58:1153,wn-0110:147:2956,TEMPORAL,BEFORE,wn-0110,-1,0.3,1
wn-0110:58:1153,wn-0110:148:2969,TEMPORAL,BEFORE,wn-0110,-1,0.3,1
wn-0110:58:1153,wn-0110:149:2978,TEMPORAL,BEFORE,wn-0110,-1,0.3,1
wn-0110:58:1153,wn-0110:150:3055,TEMPORAL,BEFORE,wn-0110,-1,0.3,1
wn-0110:60:1183,wn-0110:65:1273,TEMPORAL,BEFORE,wn-0110,-1,0.3,1
wn-0110:60:1183,wn-0110:68:1376,TEMPORAL,BEFORE,wn-0110,-1,0.3,1
wn-0110:60:1183,wn-0110:69:1404,TEMPORAL,BEFORE,wn-0110,-1,0.3,1
wn-0110:60:1183,wn-0110:72:1503,TEMPORAL,BEFORE,wn-0110,-1,0.3,1
wn-0110:60:1183,wn-0110:114:2249,TEMPORAL,BEFORE,wn-0110,-1,0.3,1
wn-0110:60:1183,wn-0110:121:2388,TEMPORAL,BEFORE,wn-0110,-1,0.3,1
wn-0110:60:1183,wn-0110:121:2390,TEMPORAL,BEFORE,wn-0110,-1,0.3,1
wn-0110:60:1183,wn-0110:125:2481,TEMPORAL,BEFORE,wn-0110,-1,0.3,1
wn-0110:60:1183,wn-0110:126:2500,TEMPORAL,BEFORE,wn-0110,-1,0.3,1
wn-0110:60:1183,wn-0110:147:2956,TEMPORAL,BEFORE,wn-0110,-1,0.3,1
wn-0110:60:1183,wn-0110:148:2969,TEMPORAL,BEFORE,wn-0110,-1,0.3,1
wn-0110:60:1183,wn-0110:149:2978,TEMPORAL,BEFORE,wn-0110,-1,0.3,1
wn-0110:60:1183,wn-0110:150:3055,TEMPORAL,BEFORE,wn-0110,-1,0.3,1
wn-0110:65:1273,wn-0110:68:1376,TEMPORAL,BEFORE,wn-0110,-1,0.3,1
wn-0110:65:1273,wn-0110:69:1404,TEMPORAL,BEFORE,wn-0110,-1,0.3,1
wn-0110:65:1273,wn-0110:72:1503,TEMPORAL,BEFORE,wn-0110,-1,0.3,1
wn-0110:65:1273,wn-0110:114:2249,TEMPORAL,BEFORE,wn-0110,-1,0.3,1
wn-0110:65:1273,wn-0110:121:2388,TEMPORAL,BEFORE,wn-0110,-1,0.3,1
wn-0110:65:1273,wn-0110:121:2390,TEMPORAL,BEFORE,wn-0110,-1,0.3,1
wn-0110:65:1273,wn-0110:125:2481,TEMPORAL,BEFORE,wn-0110,-1,0.3,1
wn-0110:65:1273,wn-0110:126:2500,TEMPORAL,BEFORE,wn-0110,-1,0.3,1
wn-0110:65:1273,wn-0110:147:2956,TEMPORAL,BEFORE,wn-0110,-1,0.3,1
wn-0110:65:1273,wn-0110:148:2969,TEMPORAL,BEFORE,wn-0110,-1,0.3,1
wn-0110:65:1273,wn-0110:149:2978,TEMPORAL,BEFORE,wn-0110,-1,0.3,1
wn-0110:65:1273,wn-0110:150:3055,TEMPORAL,BEFORE,wn-0110,-1,0.3,1
wn-0110:68:1376,wn-0110:69:1404,TEMPORAL,BEFORE,wn-0110,-1,0.3,1
wn-0110:68:1376,wn-0110:72:1503,TEMPORAL,BEFORE,wn-0110,-1,0.3,1
wn-0110:68:1376,wn-0110:114:2249,TEMPORAL,BEFORE,wn-0110,-1,0.3,1
wn-0110:68:1376,wn-0110:121:2388,TEMPORAL,BEFORE,wn-0110,-1,0.3,1
wn-0110:68:1376,wn-0110:121:2390,TEMPORAL,BEFORE,wn-0110,-1,0.3,1
wn-0110:68:1376,wn-0110:125:2481,TEMPORAL,BEFORE,wn-0110,-1,0.3,1
wn-0110:68:1376,wn-0110:126:2500,TEMPORAL,BEFORE,wn-0110,-1,0.3,1
wn-0110:68:1376,wn-0110:147:2956,TEMPORAL,BEFORE,wn-0110,-1,0.3,1
wn-0110:68:1376,wn-0110:148:2969,TEMPORAL,BEFORE,wn-0110,-1,0.3,1
wn-0110:68:1376,wn-0110:149:2978,TEMPORAL,BEFORE,wn-0110,-1,0.3,1
wn-0110:68:1376,wn-0110:150:3055,TEMPORAL,BEFORE,wn-0110,-1,0.3,1
wn-0110:69:1404,wn-0110:72:1503,TEMPORAL,BEFORE,wn-0110,-1,0.3,1
wn-0110:69:1404,wn-0110:114:2249,TEMPORAL,BEFORE,wn-0110,-1,0.3,1
wn-0110:69:1404,wn-0110:121:2388,TEMPORAL,BEFORE,wn-0110,-1,0.3,1
wn-0110:69:1404,wn-0110:121:2390,TEMPORAL,BEFORE,wn-0110,-1,0.3,1
wn-0110:69:1404,wn-0110:125:2481,TEMPORAL,BEFORE,wn-0110,-1,0.3,1
wn-0110:69:1404,wn-0110:126:2500,TEMPORAL,BEFORE,wn-0110,-1,0.3,1
wn-0110:69:1404,wn-0110:147:2956,TEMPORAL,BEFORE,wn-0110,-1,0.3,1
wn-0110:69:1404,wn-0110:148:2969,TEMPORAL,BEFORE,wn-0110,-1,0.3,1
wn-0110:69:1404,wn-0110:149:2978,TEMPORAL,BEFORE,wn-0110,-1,0.3,1
wn-0110:69:1404,wn-0110:150:3055,TEMPORAL,BEFORE,wn-0110,-1,0.3,1
wn-0110:72:1503,wn-0110:114:2249,TEMPORAL,BEFORE,wn-0110,-1,0.3,1
wn-0110:72:1503,wn-0110:121:2388,TEMPORAL,BEFORE,wn-0110,-1,0.3,1
wn-0110:72:1503,wn-0110:121:2390,TEMPORAL,BEFORE,wn-0110,-1,0.3,1
wn-0110:72:1503,wn-0110:125:2481,TEMPORAL,BEFORE,wn-0110,-1,0.3,1
wn-0110:72:1503,wn-0110:126:2500,TEMPORAL,BEFORE,wn-0110,-1,0.3,1
wn-0110:72:1503,wn-0110:147:2956,TEMPORAL,BEFORE,wn-0110,-1,0.3,1
wn-0110:72:1503,wn-0110:148:2969,TEMPORAL,BEFORE,wn-0110,-1,0.3,1
wn-0110:72:1503,wn-0110:149:2978,TEMPORAL,BEFORE,wn-0110,-1,0.3,1
wn-0110:72:1503,wn-0110:150:3055,TEMPORAL,BEFORE,wn-0110,-1,0.3,1
wn-0110:114:2249,wn-0110:121:2388,TEMPORAL,BEFORE,wn-0110,-1,0.3,1
wn-0110:114:2249,wn-0110:121:2390,TEMPORAL,BEFORE,wn-0110,-1,0.3,1
wn-0110:114:2249,wn-0110:125:2481,TEMPORAL,BEFORE,wn-0110,-1,0.3,1
wn-0110:114:2249,wn-0110:126:2500,TEMPORAL,BEFORE,wn-0110,-1,0.3,1
wn-0110:114:2249,wn-0110:147:2956,TEMPORAL,BEFORE,wn-0110,-1,0.3,1
wn-0110:114:2249,wn-0110:148:2969,TEMPORAL,BEFORE,wn-0110,-1,0.3,1
wn-0110:114:2249,wn-0110:149:2978,TEMPORAL,BEFORE,wn-0110,-1,0.3,1
wn-0110:114:2249,wn-0110:150:3055,TEMPORAL,BEFORE,wn-0110,-1,0.3,1
wn-0110:121:2388,wn-0110:121:2390,TEMPORAL,SIMULTANEOUS,wn-0110,-1,0.5,1
wn-0110:121:2388,wn-0110:125:2481,TEMPORAL,BEFORE,wn-0110,-1,0.3,1
wn-0110:121:2388,wn-0110:126:2500,TEMPORAL,BEFORE,wn-0110,-1,0.3,1
wn-0110:121:2388,wn-0110:147:2956,TEMPORAL,BEFORE,wn-0110,-1,0.3,1
wn-0110:121:2388,wn-0110:148:2969,TEMPORAL,BEFORE,wn-0110,-1,0.3,1
wn-0110:121:2388,wn-0110:149:2978,TEMPORAL,BEFORE,wn-0110,-1,0.3,1
wn-0110:121:2388,wn-0110:150:3055,TEMPORAL,BEFORE,wn-0110,-1,0.3,1
wn-0110:121:2390,wn-0110:125:2481,TEMPORAL,BEFORE,wn-0110,-1,0.3,1
wn-0110:121:2390,wn-0110:126:2500,TEMPORAL,BEFORE,wn-0110,-1,0.3,1
wn-0110:121:2390,wn-0110:147:2956,TEMPORAL,BEFORE,wn-0110,-1,0.3,1
wn-0110:121:2390,wn-0110:148:2969,TEMPORAL,BEFORE,wn-0110,-1,0.3,1
wn-0110:121:2390,wn-0110:149:2978,TEMPORAL,BEFORE,wn-0110,-1,0.3,1
wn-0110:121:2390,wn-0110:150:3055,TEMPORAL,BEFORE,wn-0110,-1,0.3,1
wn-0110:125:2481,wn-0110:126:2500,TEMPORAL,BEFORE,wn-0110,-1,0.3,1
wn-0110:125:2481,wn-0110:147:2956,TEMPORAL,BEFORE,wn-0110,-1,0.3,1
wn-0110:125:2481,wn-0110:148:2969,TEMPORAL,BEFORE,wn-0110,-1,0.3,1
wn-0110:125:2481,wn-0110:149:2978,TEMPORAL,BEFORE,wn-0110,-1,0.3,1
wn-0110:125:2481,wn-0110:150:3055,TEMPORAL,BEFORE,wn-0110,-1,0.3,1
wn-0110:126:2500,wn-0110:147:2956,TEMPORAL,BEFORE,wn-0110,-1,0.3,1
wn-0110:126:2500,wn-0110:148:2969,TEMPORAL,BEFORE,wn-0110,-1,0.3,1
wn-0110:126:2500,wn-0110:149:2978,TEMPORAL,BEFORE,wn-0110,-1,0.3,1
wn-0110:126:2500,wn-0110:150:3055,TEMPORAL,BEFORE,wn-0110,-1,0.3,1
wn-0110:147:2956,wn-0110:148:2969,TEMPORAL,BEFORE,wn-0110,-1,0.3,1
wn-0110:147:2956,wn-0110:149:2978,TEMPORAL,BEFORE,wn-0110,-1,0.3,1
wn-0110:147:2956,wn-0110:150:3055,TEMPORAL,BEFORE,wn-0110,-1,0.3,1
wn-0110:148:2969,wn-0110:149:2978,TEMPORAL,BEFORE,wn-0110,-1,0.3,1
wn-0110:148:2969,wn-0110:150:3055,TEMPORAL,BEFORE,wn-0110,-1,0.3,1
wn-0110:149:2978,wn-0110:150:3055,TEMPORAL,BEFORE,wn-0110,-1,0.3,1
wn-0112:11:204,wn-0112:12:223,TEMPORAL,BEFORE,wn-0112,-1,0.7,1
wn-0112:11:204,wn-0112:13:240,TEMPORAL,BEFORE,wn-0112,-1,0.3,1
wn-0112:12:223,wn-0112:13:240,TEMPORAL,BEFORE,wn-0112,-1,0.3,1
wn-0113:0:5,wn-0113:0:9,TEMPORAL,SIMULTANEOUS,wn-0113,-1,0.9,1
wn-0113:0:5,wn-0113:1:43,TEMPORAL,BEFORE,wn-0113,-1,0.3,1
wn-0113:0:5,wn-0113:2:52,TEMPORAL,SIMULTANEOUS,wn-0113,-1,0.6,1
wn-0113:0:5,wn-0113:10:308,TEMPORAL,BEFORE,wn-0113,-1,0.3,1
wn-0113:0:5,wn-0113:11:319,TEMPORAL,BEFORE,wn-0113,-1,0.3,1
wn-0113:0:5,wn-0113:12:338,TEMPORAL,BEFORE,wn-0113,-1,0.3,1
wn-0113:0:5,wn-0113:12:355,TEMPORAL,BEFORE,wn-0113,-1,0.3,1
wn-0113:0:9,wn-0113:1:43,TEMPORAL,BEFORE,wn-0113,-1,0.3,1
wn-0113:0:9,wn-0113:2:52,TEMPORAL,SIMULTANEOUS,wn-0113,-1,0.6,1
wn-0113:0:9,wn-0113:10:308,TEMPORAL,BEFORE,wn-0113,-1,0.3,1
wn-0113:0:9,wn-0113:11:319,TEMPORAL,BEFORE,wn-0113,-1,0.3,1
wn-0113:0:9,wn-0113:12:338,TEMPORAL,BEFORE,wn-0113,-1,0.3,1
wn-0113:0:9,wn-0113:12:355,TEMPORAL,BEFORE,wn-0113,-1,0.3,1
wn-0113:1:43,wn-0113:2:52,TEMPORAL,BEFORE,wn-0113,-1,0.3,1
wn-0113:1:43,wn-0113:10:308,TEMPORAL,BEFORE,wn-0113,-1,0.3,1
wn-0113:1:43,wn-0113:11:319,TEMPORAL,BEFORE,wn-0113,-1,0.3,1
wn-0113:1:43,wn-0113:12:338,TEMPORAL,BEFORE,wn-0113,-1,0.3,1
wn-0113:1:43,wn-0113:12:355,TEMPORAL,BEFORE,wn-0113,-1,0.3,1
wn-0113:2:52,wn-0113:10:308,TEMPORAL,BEFORE,wn-0113,-1,0.3,1
wn-0113:2:52,wn-0113:11:319,TEMPORAL,BEFORE,wn-0113,-1,0.3,1
wn-0113:2:52,wn-0113:12:338,TEMPORAL,BEFORE,wn-0113,-1,0.3,1
wn-0113:2:52,wn-0113:12:355,TEMPORAL,BEFORE,wn-0113,-1,0.3,1
wn-0113:10:308,wn-0113:11:319,TEMPORAL,BEFORE,wn-0113,-1,0.3,1
wn-0113:10:308,wn-0113:12:338,TEMPORAL,BEFORE,wn-0113,-1,0.3,1
wn-0113:10:308,wn-0113:12:355,TEMPORAL,BEFORE,wn-0113,-1,0.3,1
wn-0113:11:319,wn-0113:12:338,TEMPORAL,BEFORE,wn-0113,-1,0.3,1
wn-0113:11:319,wn-0113:12:355,TEMPORAL,BEFORE,wn-0113,-1,0.3,1
wn-0113:12:338,wn-0113:12:355,TEMPORAL,BEFORE,wn-0113,-1,0.5,1
wn-0114:0:3,wn-0114:1:36,TEMPORAL,BEFORE,wn-0114,-1,0.3,1
wn-0114:0:3,wn-0114:2:107,TEMPORAL,BEFORE,wn-0114,-1,0.3,1
wn-0114:0:3,wn-0114:3:111,TEMPORAL,BEFORE,wn-0114,-1,0.3,1
wn-0114:0:3,wn-0114:3:117,TEMPORAL,BEFORE,wn-0114,-1,0.3,1
wn-0114:1:36,wn-0114:2:107,TEMPORAL,BEFORE,wn-0114,-1,0.3,1
wn-0114:1:36,wn-0114:3:111,TEMPORAL,BEFORE,wn-0114,-1,0.3,1
wn-0114:1:36,wn-0114:3:117,TEMPORAL,BEFORE,wn-0114,-1,0.3,1
wn-0114:2:107,wn-0114:3:111,TEMPORAL,BEFORE,wn-0114,-1,0.3,1
wn-0114:2:107,wn-0114:3:117,TEMPORAL,BEFORE,wn-0114,-1,0.3,1
wn-0114:3:111,wn-0114:3:117,TEMPORAL,AFTER,wn-0114,-1,0.5,1
wn-0115:4:82,wn-0115:7:139,TEMPORAL,BEFORE,wn-0115,-1,0.3,1
wn-0115:4:82,wn-0115:7:143,TEMPORAL,BEFORE,wn-0115,-1,0.3,1
wn-0115:4:82,wn-0115:13:250,TEMPORAL,BEFORE,wn-0115,-1,0.3,1
wn-0115:7:139,wn-0115:13:250,TEMPORAL,BEFORE,wn-0115,-1,0.3,1
wn-0115:7:143,wn-0115:13:250,TEMPORAL,BEFORE,wn-0115,-1,0.3,1
wn-0116:0:24,wn-0116:0:3,TEMPORAL,BEFORE,wn-0116,-1,0.8,1
wn-0116:0:24,wn-0116:4:116,TEMPORAL,BEFORE,wn-0116,-1,0.85,1
wn-0116:0:24,wn-0116:4:118,TEMPORAL,BEFORE,wn-0116,-1,0.85,1
wn-0116:0:24,wn-0116:4:126,TEMPORAL,BEFORE,wn-0116,-1,0.8,1
wn-0116:0:3,wn-0116:4:116,TEMPORAL,BEFORE,wn-0116,-1,0.8,1
wn-0116:0:3,wn-0116:4:118,TEMPORAL,BEFORE,wn-0116,-1,0.8,1
wn-0116:0:3,wn-0116:4:126,TEMPORAL,BEFORE,wn-0116,-1,0.8,1
wn-0116:4:116,wn-0116:4:118,TEMPORAL,SIMULTANEOUS,wn-0116,-1,0.85,1
wn-0116:4:116,wn-0116:4:126,TEMPORAL,AFTER,wn-0116,-1,0.8,1
wn-0116:4:118,wn-0116:4:126,TEMPORAL,AFTER,wn-0116,-1,0.8,1
wn-0117:1:50,wn-0117:6:191,TEMPORAL,BEFORE,wn-0117,-1,0.3,1
wn-0118:0:11,wn-0118:1:26,TEMPORAL,BEFORE,wn-0118,-1,0.3,1
wn-0118:0:11,wn-0118:1:37,TEMPORAL,BEFORE,wn-0118,-1,0.3,1
wn-0118:0:11,wn-0118:3:96,TEMPORAL,BEFORE,wn-0118,-1,0.3,1
wn-0118:0:11,wn-0118:4:118,TEMPORAL,BEFORE,wn-0118,-1,0.3,1
wn-0118:0:11,wn-0118:9:228,TEMPORAL,BEFORE,wn-0118,-1,0.3,1
wn-0118:0:11,wn-0118:10:245,TEMPORAL,BEFORE,wn-0118,-1,0.3,1
wn-0118:0:11,wn-0118:11:272,TEMPORAL,AFTER,wn-0118,-1,0.8,1
wn-0118:0:11,wn-0118:12:287,TEMPORAL,BEFORE,wn-0118,-1,0.3,1
wn-0118:1:26,wn-0118:3:96,TEMPORAL,BEFORE,wn-0118,-1,0.3,1
wn-0118:1:26,wn-0118:4:118,TEMPORAL,BEFORE,wn-0118,-1,0.3,1
wn-0118:1:26,wn-0118:9:228,TEMPORAL,BEFORE,wn-0118,-1,0.3,1
wn-0118:1:26,wn-0118:10:245,TEMPORAL,BEFORE,wn-0118,-1,0.3,1
wn-0118:1:26,wn-0118:11:272,TEMPORAL,BEFORE,wn-0118,-1,0.3,1
wn-0118:1:26,wn-0118:12:287,TEMPORAL,BEFORE,wn-0118,-1,0.3,1
wn-0118:1:37,wn-0118:3:96,TEMPORAL,BEFORE,wn-0118,-1,0.3,1
wn-0118:1:37,wn-0118:4:118,TEMPORAL,BEFORE,wn-0118,-1,0.3,1
wn-0118:1:37,wn-0118:9:228,TEMPORAL,BEFORE,wn-0118,-1,0.3,1
wn-0118:1:37,wn-0118:10:245,TEMPORAL,BEFORE,wn-0118,-1,0.3,1
wn-0118:1:37,wn-0118:11:272,TEMPORAL,BEFORE,wn-0118,-1,0.3,1
wn-0118:1:37,wn-0118:12:287,TEMPORAL,BEFORE,wn-0118,-1,0.3,1
wn-0118:3:96,wn-0118:4:118,TEMPORAL,BEFORE,wn-0118,-1,0.3,1
wn-0118:3:96,wn-0118:9:228,TEMPORAL,BEFORE,wn-0118,-1,0.3,1
wn-0118:3:96,wn-0118:10:245,TEMPORAL,BEFORE,wn-0118,-1,0.3,1
wn-0118:3:96,wn-0118:11:272,TEMPORAL,BEFORE,wn-0118,-1,0.3,1
wn-0118:3:96,wn-0118:12:287,TEMPORAL,BEFORE,wn-0118,-1,0.3,1
wn-0118:4:118,wn-0118:9:228,TEMPORAL,BEFORE,wn-0118,-1,0.3,1
wn-0118:4:118,wn-0118:10:245,TEMPORAL,BEFORE,wn-0118,-1,0.3,1
wn-0118:4:118,wn-0118:11:272,TEMPORAL,BEFORE,wn-0118,-1,0.3,1
wn-0118:4:118,wn-0118:12:287,TEMPORAL,BEFORE,wn-0118,-1,0.3,1
wn-0118:9:228,wn-0118:10:245,TEMPORAL,BEFORE,wn-0118,-1,0.3,1
wn-0118:9:228,wn-0118:11:272,TEMPORAL,BEFORE,wn-0118,-1,0.3,1
wn-0118:9:228,wn-0118:12:287,TEMPORAL,BEFORE,wn-0118,-1,0.3,1
wn-0118:10:245,wn-0118:11:272,TEMPORAL,BEFORE,wn-0118,-1,0.3,1
wn-0118:10:245,wn-0118:12:287,TEMPORAL,BEFORE,wn-0118,-1,0.3,1
wn-0118:11:272,wn-0118:12:287,TEMPORAL,BEFORE,wn-0118,-1,0.3,1
wn-0119:0:6,wn-0119:1:27,TEMPORAL,BEFORE,wn-0119,-1,0.3,1
wn-0119:0:6,wn-0119:3:77,TEMPORAL,BEFORE,wn-0119,-1,0.3,1
wn-0119:0:6,wn-0119:4:105,TEMPORAL,BEFORE,wn-0119,-1,0.3,1
wn-0119:0:6,wn-0119:8:178,TEMPORAL,BEFORE,wn-0119,-1,0.3,1
wn-0119:1:27,wn-0119:3:77,TEMPORAL,BEFORE,wn-0119,-1,0.8,1
wn-0119:1:27,wn-0119:4:105,TEMPORAL,BEFORE,wn-0119,-1,0.3,1
wn-0119:1:27,wn-0119:8:178,TEMPORAL,BEFORE,wn-0119,-1,0.75,1
wn-0119:3:77,wn-0119:4:105,TEMPORAL,BEFORE,wn-0119,-1,0.3,1
wn-0119:3:77,wn-0119:8:178,TEMPORAL,AFTER,wn-0119,-1,0.75,1
wn-0119:4:105,wn-0119:8:178,TEMPORAL,BEFORE,wn-0119,-1,0.3,1
wn-0120:0:3,wn-0120:3:86,TEMPORAL,BEFORE,wn-0120,-1,0.3,1
wn-0120:0:3,wn-0120:3:96,TEMPORAL,BEFORE,wn-0120,-1,0.3,1
wn-0120:0:3,wn-0120:5:143,TEMPORAL,BEFORE,wn-0120,-1,0.3,1
wn-0120:0:3,wn-0120:6:151,TEMPORAL,BEFORE,wn-0120,-1,0.3,1
wn-0120:0:3,wn-0120:7:193,TEMPORAL,BEFORE,wn-0120,-1,0.3,1
wn-0120:0:3,wn-0120:12:302,TEMPORAL,BEFORE,wn-0120,-1,0.3,1
wn-0120:3:86,wn-0120:5:143,TEMPORAL,BEFORE,wn-0120,-1,0.3,1
wn-0120:3:86,wn-0120:6:151,TEMPORAL,BEFORE,wn-0120,-1,0.3,1
wn-0120:3:86,wn-0120:7:193,TEMPORAL,BEFORE,wn-0120,-1,0.3,1
wn-0120:3:86,wn-0120:12:302,TEMPORAL,BEFORE,wn-0120,-1,0.3,1
wn-0120:3:96,wn-0120:5:143,TEMPORAL,BEFORE,wn-0120,-1,0.3,1
wn-0120:3:96,wn-0120:6:151,TEMPORAL,BEFORE,wn-0120,-1,0.3,1
wn-0120:3:96,wn-0120:7:193,TEMPORAL,BEFORE,wn-0120,-1,0.3,1
wn-0120:3:96,wn-0120:12:302,TEMPORAL,BEFORE,wn-0120,-1,0.3,1
wn-0120:5:143,wn-0120:6:151,TEMPORAL,BEFORE,wn-0120,-1,0.3,1
wn-0120:5:143,wn-0120:7:193,TEMPORAL,BEFORE,wn-0120,-1,0.3,1
wn-0120:5:143,wn-0120:12:302,TEMPORAL,BEFORE,wn-0120,-1,0.3,1
wn-0120:6:151,wn-0120:7:193,TEMPORAL,BEFORE,wn-0120,-1,0.3,1
wn-0120:6:151,wn-0120:12:302,TEMPORAL,BEFORE,wn-0120,-1,0.3,1
wn-0120:7:193,wn-0120:12:302,TEMPORAL,BEFORE,wn-0120,-1,0.3,1
wn-0121:2:61,wn-0121:5:127,TEMPORAL,BEFORE,wn-0121,-1,0.3,1
wn-0121:2:61,wn-0121:6:143,TEMPORAL,BEFORE,wn-0121,-1,0.3,1
wn-0121:5:127,wn-0121:6:143,TEMPORAL,AFTER,wn-0121,-1,0.85,1
wn-0122:0:19,wn-0122:1:43,TEMPORAL,BEFORE,wn-0122,-1,0.3,1
wn-0122:0:19,wn-0122:2:89,TEMPORAL,BEFORE,wn-0122,-1,0.3,1
wn-0122:1:43,wn-0122:2:89,TEMPORAL,BEFORE,wn-0122,-1,0.3,1
wn-0123:1:31,wn-0123:7:206,TEMPORAL,BEFORE,wn-0123,-1,0.3,1
wn-0124:0:7,wn-0124:1:44,TEMPORAL,BEFORE,wn-0124,-1,0.3,1
wn-0124:0:7,wn-0124:4:126,TEMPORAL,BEFORE,wn-0124,-1,0.3,1
wn-0124:0:7,wn-0124:14:344,TEMPORAL,BEFORE,wn-0124,-1,0.3,1
wn-0124:0:7,wn-0124:15:386,TEMPORAL,BEFORE,wn-0124,-1,0.3,1
wn-0124:1:44,wn-0124:4:126,TEMPORAL,BEFORE,wn-0124,-1,0.3,1
wn-0124:1:44,wn-0124:14:344,TEMPORAL,BEFORE,wn-0124,-1,0.3,1
wn-0124:1:44,wn-0124:15:386,TEMPORAL,BEFORE,wn-0124,-1,0.3,1
wn-0124:4:126,wn-0124:14:344,TEMPORAL,BEFORE,wn-0124,-1,0.3,1
wn-0124:4:126,wn-0124:15:386,TEMPORAL,BEFORE,wn-0124,-1,0.3,1
wn-0124:14:344,wn-0124:15:386,TEMPORAL,BEFORE,wn-0124,-1,0.3,1
wn-0125:0:11,wn-0125:9:318,TEMPORAL,BEFORE,wn-0125,-1,0.3,1
wn-0125:0:11,wn-0125:14:489,TEMPORAL,BEFORE,wn-0125,-1,0.3,1
wn-0125:9:318,wn-0125:14:489,TEMPORAL,BEFORE,wn-0125,-1,0.3,1
wn-0126:2:134,wn-0126:10:391,TEMPORAL,BEFORE,wn-0126,-1,0.3,1
wn-0126:2:134,wn-0126:18:604,TEMPORAL,BEFORE,wn-0126,-1,0.3,1
wn-0126:10:391,wn-0126:18:604,TEMPORAL,AFTER,wn-0126,-1,0.9,1
wn-0127:1:24,wn-0127:2:49,TEMPORAL,BEFORE,wn-0127,-1,0.3,1
wn-0127:1:24,wn-0127:10:174,TEMPORAL,BEFORE,wn-0127,-1,0.3,1
wn-0127:1:24,wn-0127:14:266,TEMPORAL,BEFORE,wn-0127,-1,0.3,1
wn-0127:1:24,wn-0127:17:346,TEMPORAL,BEFORE,wn-0127,-1,0.3,1
wn-0127:2:49,wn-0127:10:174,TEMPORAL,BEFORE,wn-0127,-1,0.3,1
wn-0127:2:49,wn-0127:14:266,TEMPORAL,BEFORE,wn-0127,-1,0.3,1
wn-0127:2:49,wn-0127:17:346,TEMPORAL,BEFORE,wn-0127,-1,0.3,1
wn-0127:10:174,wn-0127:14:266,TEMPORAL,BEFORE,wn-0127,-1,0.3,1
wn-0127:10:174,wn-0127:17:346,TEMPORAL,BEFORE,wn-0127,-1,0.3,1
wn-0127:14:266,wn-0127:17:346,TEMPORAL,BEFORE,wn-0127,-1,0.3,1
wn-0128:0:7,wn-0128:1:37,TEMPORAL,BEFORE,wn-0128,-1,0.3,1
wn-0128:0:7,wn-0128:3:68,TEMPORAL,BEFORE,wn-0128,-1,0.3,1
wn-0128:0:7,wn-0128:6:161,TEMPORAL,BEFORE,wn-0128,-1,0.3,1
wn-0128:0:7,wn-0128:8:202,TEMPORAL,AFTER,wn-0128,-1,0.75,1
wn-0128:0:7,wn-0128:8:214,TEMPORAL,AFTER,wn-0128,-1,0.75,1
wn-0128:0:7,wn-0128:10:243,TEMPORAL,SIMULTANEOUS,wn-0128,-1,0.9,1
wn-0128:0:7,wn-0128:11:263,TEMPORAL,AFTER,wn-0128,-1,0.75,1
wn-0128:0:7,wn-0128:17:381,TEMPORAL,BEFORE,wn-0128,-1,0.3,1
wn-0128:0:7,wn-0128:19:428,TEMPORAL,BEFORE,wn-0128,-1,0.3,1
wn-0128:0:7,wn-0128:22:461,TEMPORAL,BEFORE,wn-0128,-1,0.3,1
wn-0128:1:37,wn-0128:3:68,TEMPORAL,BEFORE,wn-0128,-1,0.3,1
wn-0128:1:37,wn-0128:6:161,TEMPORAL,BEFORE,wn-0128,-1,0.3,1
wn-0128:1:37,wn-0128:8:202,TEMPORAL,BEFORE,wn-0128,-1,0.3,1
wn-0128:1:37,wn-0128:8:214,TEMPORAL,BEFORE,wn-0128,-1,0.3,1
wn-0128:1:37,wn-0128:10:243,TEMPORAL,BEFORE,wn-0128,-1,0.3,1
wn-0128:1:37,wn-0128:11:263,TEMPORAL,BEFORE,wn-0128,-1,0.3,1
wn-0128:1:37,wn-0128:17:381,TEMPORAL,BEFORE,wn-0128,-1,0.3,1
wn-0128:1:37,wn-0128:19:428,TEMPORAL,BEFORE,wn-0128,-1,0.3,1
wn-0128:1:37,wn-0128:22:461,TEMPORAL,BEFORE,wn-0128,-1,0.3,1
wn-0128:3:68,wn-0128:6:161,TEMPORAL,BEFORE,wn-0128,-1,0.3,1
wn-0128:3:68,wn-0128:8:202,TEMPORAL,BEFORE,wn-0128,-1,0.3,1
wn-0128:3:68,wn-0128:8:214,TEMPORAL,BEFORE,wn-0128,-1,0.3,1
wn-0128:3:68,wn-0128:10:243,TEMPORAL,BEFORE,wn-0128,-1,0.3,1
wn-0128:3:68,wn-0128:11:263,TEMPORAL,BEFORE,wn-0128,-1,0.3,1
wn-0128:3:68,wn-0128:17:381,TEMPORAL,BEFORE,wn-0128,-1,0.3,1
wn-0128:3:68,wn-0128:19:428,TEMPORAL,BEFORE,wn-0128,-1,0.3,1
wn-0128:3:68,wn-0128:22:461,TEMPORAL,BEFORE,wn-0128,-1,0.3,1
wn-0128:6:161,wn-0128:8:202,TEMPORAL,BEFORE,wn-0128,-1,0.3,1
wn-0128:6:161,wn-0128:8:214,TEMPORAL,BEFORE,wn-0128,-1,0.3,1
wn-0128:6:161,wn-0128:10:243,TEMPORAL,BEFORE,wn-0128,-1,0.3,1
wn-0128:6:161,wn-0128:11:263,TEMPORAL,BEFORE,wn-0128,-1,0.3,1
wn-0128:6:161,wn-0128:17:381,TEMPORAL,BEFORE,wn-0128,-1,0.3,1
wn-0128:6:161,wn-0128:19:428,TEMPORAL,BEFORE,wn-0128,-1,0.3,1
wn-0128:6:161,wn-0128:22:461,TEMPORAL,BEFORE,wn-0128,-1,0.3,1
wn-0128:8:202,wn-0128:8:214,TEMPORAL,SIMULTANEOUS,wn-0128,-1,0.75,1
wn-0128:8:202,wn-0128:10:243,TEMPORAL,BEFORE,wn-0128,-1,0.75,1
wn-0128:8:202,wn-0128:11:263,TEMPORAL,BEFORE,wn-0128,-1,0.75,1
wn-0128:8:202,wn-0128:17:381,TEMPORAL,BEFORE,wn-0128,-1,0.3,1
wn-0128:8:202,wn-0128:19:428,TEMPORAL,BEFORE,wn-0128,-1,0.3,1
wn-0128:8:202,wn-0128:22:461,TEMPORAL,BEFORE,wn-0128,-1,0.3,1
wn-0128:8:214,wn-0128:10:243,TEMPORAL,BEFORE,wn-0128,-1,0.75,1
wn-0128:8:214,wn-0128:11:263,TEMPORAL,BEFORE,wn-0128,-1,0.75,1
wn-0128:8:214,wn-0128:17:381,TEMPORAL,BEFORE,wn-0128,-1,0.3,1
wn-0128:8:214,wn-0128:19:428,TEMPORAL,BEFORE,wn-0128,-1,0.3,1
wn-0128:8:214,wn-0128:22:461,TEMPORAL,BEFORE,wn-0128,-1,0.3,1
wn-0128:10:243,wn-0128:11:263,TEMPORAL,AFTER,wn-0128,-1,0.75,1
wn-0128:10:243,wn-0128:17:381,TEMPORAL,BEFORE,wn-0128,-1,0.3,1
wn-0128:10:243,wn-0128:19:428,TEMPORAL,BEFORE,wn-0128,-1,0.3,1
wn-0128:10:243,wn-0128:22:461,TEMPORAL,BEFORE,wn-0128,-1,0.3,1
wn-0128:11:263,wn-0128:17:381,TEMPORAL,BEFORE,wn-0128,-1,0.3,1
wn-0128:11:263,wn-0128:19:428,TEMPORAL,BEFORE,wn-0128,-1,0.3,1
wn-0128:11:263,wn-0128:22:461,TEMPORAL,BEFORE,wn-0128,-1,0.3,1
wn-0128:17:381,wn-0128:19:428,TEMPORAL,BEFORE,wn-0128,-1,0.3,1
wn-0128:17:381,wn-0128:22:461,TEMPORAL,BEFORE,wn-0128,-1,0.3,1
wn-0128:19:428,wn-0128:22:461,TEMPORAL,BEFORE,wn-0128,-1,0.3,1
wn-0129:0:1,wn-0129:2:116,TEMPORAL,BEFORE,wn-0129,-1,0.3,1
wn-0129:0:1,wn-0129:2:118,TEMPORAL,BEFORE,wn-0129,-1,0.3,1
wn-0129:0:1,wn-0129:2:96,TEMPORAL,BEFORE,wn-0129,-1,0.3,1
wn-0129:0:1,wn-0129:6:197,TEMPORAL,BEFORE,wn-0129,-1,0.3,1
wn-0129:0:1,wn-0129:8:245,TEMPORAL,BEFORE,wn-0129,-1,0.3,1
wn-0129:2:116,wn-0129:2:118,TEMPORAL,BEFORE,wn-0129,-1,0.5,1
wn-0129:2:116,wn-0129:2:96,TEMPORAL,BEFORE,wn-0129,-1,0.5,1
wn-0129:2:116,wn-0129:6:197,TEMPORAL,BEFORE,wn-0129,-1,0.3,1
wn-0129:2:116,wn-0129:8:245,TEMPORAL,BEFORE,wn-0129,-1,0.3,1
wn-0129:2:118,wn-0129:2:96,TEMPORAL,BEFORE,wn-0129,-1,0.5,1
wn-0129:2:118,wn-0129:6:197,TEMPORAL,BEFORE,wn-0129,-1,0.3,1
wn-0129:2:118,wn-0129:8:245,TEMPORAL,BEFORE,wn-0129,-1,0.3,1
wn-0129:2:96,wn-0129:6:197,TEMPORAL,BEFORE,wn-0129,-1,0.3,1
wn-0129:2:96,wn-0129:8:245,TEMPORAL,BEFORE,wn-0129,-1,0.3,1
wn-0129:6:197,wn-0129:8:245,TEMPORAL,BEFORE,wn-0129,-1,0.3,1
wn-0130:0:50,wn-0130:2:82,TEMPORAL,BEFORE,wn-0130,-1,0.3,1
wn-0130:0:50,wn-0130:3:106,TEMPORAL,BEFORE,wn-0130,-1,0.3,1
wn-0130:0:50,wn-0130:3:97,TEMPORAL,BEFORE,wn-0130,-1,0.3,1
wn-0130:0:50,wn-0130:6:177,TEMPORAL,BEFORE,wn-0130,-1,0.3,1
wn-0130:0:50,wn-0130:8:197,TEMPORAL,BEFORE,wn-0130,-1,0.3,1
wn-0130:0:50,wn-0130:15:448,TEMPORAL,BEFORE,wn-0130,-1,0.3,1
wn-0130:0:50,wn-0130:16:473,TEMPORAL,BEFORE,wn-0130,-1,0.3,1
wn-0130:0:50,wn-0130:18:498,TEMPORAL,BEFORE,wn-0130,-1,0.3,1
wn-0130:0:50,wn-0130:19:517,TEMPORAL,BEFORE,wn-0130,-1,0.3,1
wn-0130:0:50,wn-0130:20:530,TEMPORAL,BEFORE,wn-0130,-1,0.3,1
wn-0130:2:82,wn-0130:3:106,TEMPORAL,BEFORE,wn-0130,-1,0.3,1
wn-0130:2:82,wn-0130:3:97,TEMPORAL,BEFORE,wn-0130,-1,0.3,1
wn-0130:2:82,wn-0130:6:177,TEMPORAL,BEFORE,wn-0130,-1,0.3,1
wn-0130:2:82,wn-0130:8:197,TEMPORAL,BEFORE,wn-0130,-1,0.3,1
wn-0130:2:82,wn-0130:15:448,TEMPORAL,BEFORE,wn-0130,-1,0.3,1
wn-0130:2:82,wn-0130:16:473,TEMPORAL,BEFORE,wn-0130,-1,0.3,1
wn-0130:2:82,wn-0130:18:498,TEMPORAL,BEFORE,wn-0130,-1,0.3,1
wn-0130:2:82,wn-0130:19:517,TEMPORAL,BEFORE,wn-0130,-1,0.3,1
wn-0130:2:82,wn-0130:20:530,TEMPORAL,BEFORE,wn-0130,-1,0.3,1
wn-0130:3:106,wn-0130:6:177,TEMPORAL,BEFORE,wn-0130,-1,0.3,1
wn-0130:3:106,wn-0130:8:197,TEMPORAL,BEFORE,wn-0130,-1,0.3,1
wn-0130:3:106,wn-0130:15:448,TEMPORAL,BEFORE,wn-0130,-1,0.3,1
wn-0130:3:106,wn-0130:16:473,TEMPORAL,BEFORE,wn-0130,-1,0.3,1
wn-0130:3:106,wn-0130:18:498,TEMPORAL,BEFORE,wn-0130,-1,0.3,1
wn-0130:3:106,wn-0130:19:517,TEMPORAL,BEFORE,wn-0130,-1,0.3,1
wn-0130:3:106,wn-0130:20:530,TEMPORAL,BEFORE,wn-0130,-1,0.3,1
wn-0130:3:97,wn-0130:6:177,TEMPORAL,BEFORE,wn-0130,-1,0.3,1
wn-0130:3:97,wn-0130:8:197,TEMPORAL,BEFORE,wn-0130,-1,0.3,1
wn-0130:3:97,wn-0130:15:448,TEMPORAL,BEFORE,wn-0130,-1,0.3,1
wn-0130:3:97,wn-0130:16:473,TEMPORAL,BEFORE,wn-0130,-1,0.3,1
wn-0130:3:97,wn-0130:18:498,TEMPORAL,BEFORE,wn-0130,-1,0.3,1
wn-0130:3:97,wn-0130:19:517,TEMPORAL,BEFORE,wn-0130,-1,0.3,1
wn-0130:3:97,wn-0130:20:530,TEMPORAL,BEFORE,wn-0130,-1,0.3,1
wn-0130:6:177,wn-0130:8:197,TEMPORAL,BEFORE,wn-0130,-1,0.3,1
wn-0130:6:177,wn-0130:15:448,TEMPORAL,BEFORE,wn-0130,-1,0.3,1
wn-0130:6:177,wn-0130:16:473,TEMPORAL,BEFORE,wn-0130,-1,0.3,1
wn-0130:6:177,wn-0130:18:498,TEMPORAL,BEFORE,wn-0130,-1,0.3,1
wn-0130:6:177,wn-0130:19:517,TEMPORAL,BEFORE,wn-0130,-1,0.3,1
wn-0130:6:177,wn-0130:20:530,TEMPORAL,BEFORE,wn-0130,-1,0.3,1
wn-0130:8:197,wn-0130:15:448,TEMPORAL,BEFORE,wn-0130,-1,0.3,1
wn-0130:8:197,wn-0130:16:473,TEMPORAL,BEFORE,wn-0130,-1,0.3,1
wn-0130:8:197,wn-0130:18:498,TEMPORAL,BEFORE,wn-0130,-1,0.3,1
wn-0130:8:197,wn-0130:19:517,TEMPORAL,BEFORE,wn-0130,-1,0.3,1
wn-0130:8:197,wn-0130:20:530,TEMPORAL,BEFORE,wn-0130,-1,0.3,1
wn-0130:15:448,wn-0130:16:473,TEMPORAL,BEFORE,wn-0130,-1,0.3,1
wn-0130:15:448,wn-0130:18:498,TEMPORAL,BEFORE,wn-0130,-1,0.3,1
wn-0130:15:448,wn-0130:19:517,TEMPORAL,BEFORE,wn-0130,-1,0.3,1
wn-0130:15:448,wn-0130:20:530,TEMPORAL,BEFORE,wn-0130,-1,0.3,1
wn-0130:16:473,wn-0130:18:498,TEMPORAL,BEFORE,wn-0130,-1,0.3,1
wn-0130:16:473,wn-0130:19:517,TEMPORAL,BEFORE,wn-0130,-1,0.3,1
wn-0130:16:473,wn-0130:20:530,TEMPORAL,BEFORE,wn-0130,-1,0.3,1
wn-0130:18:498,wn-0130:19:517,TEMPORAL,BEFORE,wn-0130,-1,0.3,1
wn-0130:18:498,wn-0130:20:530,TEMPORAL,BEFORE,wn-0130,-1,0.3,1
wn-0130:19:517,wn-0130:20:530,TEMPORAL,BEFORE,wn-0130,-1,0.3,1
wn-0131:4:67,wn-0131:8:165,TEMPORAL,BEFORE,wn-0131,-1,0.3,1
wn-0131:4:67,wn-0131:9:186,TEMPORAL,BEFORE,wn-0131,-1,0.3,1
wn-0131:4:67,wn-0131:21:437,TEMPORAL,BEFORE,wn-0131,-1,0.3,1
wn-0131:4:67,wn-0131:21:463,TEMPORAL,BEFORE,wn-0131,-1,0.3,1
wn-0131:8:165,wn-0131:9:186,TEMPORAL,BEFORE,wn-0131,-1,0.3,1
wn-0131:8:165,wn-0131:21:437,TEMPORAL,BEFORE,wn-0131,-1,0.3,1
wn-0131:8:165,wn-0131:21:463,TEMPORAL,BEFORE,wn-0131,-1,0.3,1
wn-0131:9:186,wn-0131:21:437,TEMPORAL,BEFORE,wn-0131,-1,0.3,1
wn-0131:9:186,wn-0131:21:463,TEMPORAL,BEFORE,wn-0131,-1,0.3,1
wn-0131:21:437,wn-0131:21:463,TEMPORAL,SIMULTANEOUS,wn-0131,-1,0.9,1
wn-0132:2:43,wn-0132:4:112,TEMPORAL,AFTER,wn-0132,-1,0.9,1
wn-0132:2:43,wn-0132:10:235,TEMPORAL,BEFORE,wn-0132,-1,0.3,1
wn-0132:4:112,wn-0132:10:235,TEMPORAL,BEFORE,wn-0132,-1,0.3,1
wn-0133:0:10,wn-0133:1:25,TEMPORAL,BEFORE,wn-0133,-1,0.3,1
wn-0133:0:10,wn-0133:1:33,TEMPORAL,BEFORE,wn-0133,-1,0.3,1
wn-0133:0:10,wn-0133:3:69,TEMPORAL,BEFORE,wn-0133,-1,0.3,1
wn-0133:0:10,wn-0133:3:71,TEMPORAL,BEFORE,wn-0133,-1,0.3,1
wn-0133:0:10,wn-0133:7:161,TEMPORAL,BEFORE,wn-0133,-1,0.3,1
wn-0133:0:10,wn-0133:12:290,TEMPORAL,BEFORE,wn-0133,-1,0.3,1
wn-0133:1:25,wn-0133:3:69,TEMPORAL,BEFORE,wn-0133,-1,0.3,1
wn-0133:1:25,wn-0133:3:71,TEMPORAL,BEFORE,wn-0133,-1,0.3,1
wn-0133:1:25,wn-0133:7:161,TEMPORAL,BEFORE,wn-0133,-1,0.3,1
wn-0133:1:25,wn-0133:12:290,TEMPORAL,BEFORE,wn-0133,-1,0.3,1
wn-0133:1:33,wn-0133:3:69,TEMPORAL,BEFORE,wn-0133,-1,0.3,1
wn-0133:1:33,wn-0133:3:71,TEMPORAL,BEFORE,wn-0133,-1,0.3,1
wn-0133:1:33,wn-0133:7:161,TEMPORAL,BEFORE,wn-0133,-1,0.3,1
wn-0133:1:33,wn-0133:12:290,TEMPORAL,BEFORE,wn-0133,-1,0.3,1
wn-0133:3:69,wn-0133:3:71,TEMPORAL,SIMULTANEOUS,wn-0133,-1,0.85,1
wn-0133:3:69,wn-0133:7:161,TEMPORAL,BEFORE,wn-0133,-1,0.3,1
wn-0133:3:69,wn-0133:12:290,TEMPORAL,AFTER,wn-0133,-1,0.75,1
wn-0133:3:71,wn-0133:7:161,TEMPORAL,BEFORE,wn-0133,-1,0.3,1
wn-0133:3:71,wn-0133:12:290,TEMPORAL,AFTER,wn-0133,-1,0.75,1
wn-0133:7:161,wn-0133:12:290,TEMPORAL,BEFORE,wn-0133,-1,0.3,1
wn-0134:0:4,wn-0134:1:20,TEMPORAL,AFTER,wn-0134,-1,0.7,1
wn-0134:0:4,wn-0134:2:35,TEMPORAL,BEFORE,wn-0134,-1,0.3,1
wn-0134:0:4,wn-0134:8:124,TEMPORAL,SIMULTANEOUS,wn-0134,-1,0.7,1
wn-0134:0:4,wn-0134:8:130,TEMPORAL,SIMULTANEOUS,wn-0134,-1,0.7,1
wn-0134:0:4,wn-0134:8:138,TEMPORAL,BEFORE,wn-0134,-1,0.3,1
wn-0134:0:4,wn-0134:9:151,TEMPORAL,BEFORE,wn-0134,-1,0.3,1
wn-0134:0:4,wn-0134:9:157,TEMPORAL,BEFORE,wn-0134,-1,0.3,1
wn-0134:0:4,wn-0134:9:160,TEMPORAL,BEFORE,wn-0134,-1,0.3,1
wn-0134:1:20,wn-0134:2:35,TEMPORAL,BEFORE,wn-0134,-1,0.3,1
wn-0134:1:20,wn-0134:8:124,TEMPORAL,BEFORE,wn-0134,-1,0.7,1
wn-0134:1:20,wn-0134:8:130,TEMPORAL,BEFORE,wn-0134,-1,0.7,1
wn-0134:1:20,wn-0134:8:138,TEMPORAL,BEFORE,wn-0134,-1,0.3,1
wn-0134:1:20,wn-0134:9:151,TEMPORAL,BEFORE,wn-0134,-1,0.3,1
wn-0134:1:20,wn-0134:9:157,TEMPORAL,BEFORE,wn-0134,-1,0.3,1
wn-0134:1:20,wn-0134:9:160,TEMPORAL,BEFORE,wn-0134,-1,0.3,1
wn-0134:2:35,wn-0134:8:124,TEMPORAL,BEFORE,wn-0134,-1,0.3,1
wn-0134:2:35,wn-0134:8:130,TEMPORAL,BEFORE,wn-0134,-1,0.3,1
wn-0134:2:35,wn-0134:8:138,TEMPORAL,BEFORE,wn-0134,-1,0.3,1
wn-0134:2:35,wn-0134:9:151,TEMPORAL,BEFORE,wn-0134,-1,0.3,1
wn-0134:2:35,wn-0134:9:157,TEMPORAL,BEFORE,wn-0134,-1,0.3,1
wn-0134:2:35,wn-0134:9:160,TEMPORAL,BEFORE,wn-0134,-1,0.3,1
wn-0134:8:124,wn-0134:8:130,TEMPORAL,SIMULTANEOUS,wn-0134,-1,0.7,1
wn-0134:8:124,wn-0134:9:151,TEMPORAL,BEFORE,wn-0134,-1,0.3,1
wn-0134:8:124,wn-0134:9:157,TEMPORAL,BEFORE,wn-0134,-1,0.3,1
wn-0134:8:124,wn-0134:9:160,TEMPORAL,BEFORE,wn-0134,-1,0.3,1
wn-0134:8:130,wn-0134:9:151,TEMPORAL,BEFORE,wn-0134,-1,0.3,1
wn-0134:8:130,wn-0134:9:157,TEMPORAL,BEFORE,wn-0134,-1,0.3,1
wn-0134:8:130,wn-0134:9:160,TEMPORAL,BEFORE,wn-0134,-1,0.3,1
wn-0134:8:138,wn-0134:9:151,TEMPORAL,BEFORE,wn-0134,-1,0.3,1
wn-0134:8:138,wn-0134:9:157,TEMPORAL,BEFORE,wn-0134,-1,0.3,1
wn-0134:8:138,wn-0134:9:160,TEMPORAL,BEFORE,wn-0134,-1,0.3,1
wn-0135:9:181,wn-0135:9:182,TEMPORAL,BEFORE,wn-0135,-1,0.5,1
wn-0137:1:17,wn-0137:8:140,TEMPORAL,BEFORE,wn-0137,-1,0.3,1
wn-0137:1:17,wn-0137:10:189,TEMPORAL,BEFORE,wn-0137,-1,0.3,1
wn-0137:1:17,wn-0137:11:220,TEMPORAL,BEFORE,wn-0137,-1,0.3,1
wn-0137:1:17,wn-0137:12:226,TEMPORAL,BEFORE,wn-0137,-1,0.3,1
wn-0137:1:17,wn-0137:13:242,TEMPORAL,BEFORE,wn-0137,-1,0.3,1
wn-0137:1:17,wn-0137:13:251,TEMPORAL,BEFORE,wn-0137,-1,0.3,1
wn-0137:1:4,wn-0137:8:140,TEMPORAL,BEFORE,wn-0137,-1,0.3,1
wn-0137:1:4,wn-0137:10:189,TEMPORAL,BEFORE,wn-0137,-1,0.3,1
wn-0137:1:4,wn-0137:11:220,TEMPORAL,BEFORE,wn-0137,-1,0.3,1
wn-0137:1:4,wn-0137:12:226,TEMPORAL,BEFORE,wn-0137,-1,0.3,1
wn-0137:1:4,wn-0137:13:242,TEMPORAL,BEFORE,wn-0137,-1,0.3,1
wn-0137:1:4,wn-0137:13:251,TEMPORAL,BEFORE,wn-0137,-1,0.3,1
wn-0137:1:6,wn-0137:8:140,TEMPORAL,BEFORE,wn-0137,-1,0.3,1
wn-0137:1:6,wn-0137:10:189,TEMPORAL,BEFORE,wn-0137,-1,0.3,1
wn-0137:1:6,wn-0137:11:220,TEMPORAL,BEFORE,wn-0137,-1,0.3,1
wn-0137:1:6,wn-0137:12:226,TEMPORAL,BEFORE,wn-0137,-1,0.3,1
wn-0137:1:6,wn-0137:13:242,TEMPORAL,BEFORE,wn-0137,-1,0.3,1
wn-0137:1:6,wn-0137:13:251,TEMPORAL,BEFORE,wn-0137,-1,0.3,1
wn-0137:8:140,wn-0137:10:189,TEMPORAL,BEFORE,wn-0137,-1,0.3,1
wn-0137:8:140,wn-0137:11:220,TEMPORAL,BEFORE,wn-0137,-1,0.3,1
wn-0137:8:140,wn-0137:12:226,TEMPORAL,BEFORE,wn-0137,-1,0.3,1
wn-0137:8:140,wn-0137:13:242,TEMPORAL,BEFORE,wn-0137,-1,0.3,1
wn-0137:8:140,wn-0137:13:251,TEMPORAL,BEFORE,wn-0137,-1,0.3,1
wn-0137:10:189,wn-0137:11:220,TEMPORAL,BEFORE,wn-0137,-1,0.3,1
wn-0137:10:189,wn-0137:12:226,TEMPORAL,BEFORE,wn-0137,-1,0.3,1
wn-0137:10:189,wn-0137:13:242,TEMPORAL,BEFORE,wn-0137,-1,0.3,1
wn-0137:10:189,wn-0137:13:251,TEMPORAL,BEFORE,wn-0137,-1,0.3,1
wn-0137:11:220,wn-0137:12:226,TEMPORAL,BEFORE,wn-0137,-1,0.3,1
wn-0137:11:220,wn-0137:13:242,TEMPORAL,BEFORE,wn-0137,-1,0.3,1
wn-0137:11:220,wn-0137:13:251,TEMPORAL,BEFORE,wn-0137,-1,0.3,1
wn-0137:12:226,wn-0137:13:242,TEMPORAL,SIMULTANEOUS,wn-0137,-1,0.7,1
wn-0137:12:226,wn-0137:13:251,TEMPORAL,BEFORE,wn-0137,-1,0.75,1
wn-0137:13:242,wn-0137:13:251,TEMPORAL,BEFORE,wn-0137,-1,0.7,1
wn-0138:0:1,wn-0138:0:13,TEMPORAL,BEFORE,wn-0138,-1,0.5,1
wn-0138:0:1,wn-0138:2:59,TEMPORAL,BEFORE,wn-0138,-1,0.3,1
wn-0138:0:1,wn-0138:3:81,TEMPORAL,BEFORE,wn-0138,-1,0.3,1
wn-0138:0:1,wn-0138:4:100,TEMPORAL,BEFORE,wn-0138,-1,0.3,1
wn-0138:0:1,wn-0138:5:139,TEMPORAL,BEFORE,wn-0138,-1,0.3,1
wn-0138:0:1,wn-0138:6:179,TEMPORAL,BEFORE,wn-0138,-1,0.3,1
wn-0138:0:1,wn-0138:7:197,TEMPORAL,BEFORE,wn-0138,-1,0.3,1
wn-0138:0:1,wn-0138:8:211,TEMPORAL,BEFORE,wn-0138,-1,0.3,1
wn-0138:0:13,wn-0138:2:59,TEMPORAL,BEFORE,wn-0138,-1,0.3,1
wn-0138:0:13,wn-0138:3:81,TEMPORAL,BEFORE,wn-0138,-1,0.3,1
wn-0138:0:13,wn-0138:4:100,TEMPORAL,BEFORE,wn-0138,-1,0.3,1
wn-0138:0:13,wn-0138:5:139,TEMPORAL,BEFORE,wn-0138,-1,0.3,1
wn-0138:0:13,wn-0138:6:179,TEMPORAL,BEFORE,wn-0138,-1,0.3,1
wn-0138:0:13,wn-0138:7:197,TEMPORAL,BEFORE,wn-0138,-1,0.3,1
wn-0138:0:13,wn-0138:8:211,TEMPORAL,BEFORE,wn-0138,-1,0.3,1
wn-0138:2:59,wn-0138:3:81,TEMPORAL,BEFORE,wn-0138,-1,0.3,1
wn-0138:2:59,wn-0138:4:100,TEMPORAL,BEFORE,wn-0138,-1,0.3,1
wn-0138:2:59,wn-0138:5:139,TEMPORAL,BEFORE,wn-0138,-1,0.3,1
wn-0138:2:59,wn-0138:6:179,TEMPORAL,BEFORE,wn-0138,-1,0.3,1
wn-0138:2:59,wn-0138:7:197,TEMPORAL,BEFORE,wn-0138,-1,0.3,1
wn-0138:2:59,wn-0138:8:211,TEMPORAL,BEFORE,wn-0138,-1,0.3,1
wn-0138:3:81,wn-0138:4:100,TEMPORAL,BEFORE,wn-0138,-1,0.7,1
wn-0138:3:81,wn-0138:5:139,TEMPORAL,BEFORE,wn-0138,-1,0.3,1
wn-0138:3:81,wn-0138:6:179,TEMPORAL,BEFORE,wn-0138,-1,0.7,1
wn-0138:3:81,wn-0138:7:197,TEMPORAL,BEFORE,wn-0138,-1,0.3,1
wn-0138:3:81,wn-0138:8:211,TEMPORAL,BEFORE,wn-0138,-1,0.8,1
wn-0138:4:100,wn-0138:5:139,TEMPORAL,BEFORE,wn-0138,-1,0.3,1
wn-0138:4:100,wn-0138:6:179,TEMPORAL,SIMULTANEOUS,wn-0138,-1,0.7,1
wn-0138:4:100,wn-0138:7:197,TEMPORAL,BEFORE,wn-0138,-1,0.3,1
wn-0138:4:100,wn-0138:8:211,TEMPORAL,AFTER,wn-0138,-1,0.7,1
wn-0138:5:139,wn-0138:6:179,TEMPORAL,BEFORE,wn-0138,-1,0.3,1
wn-0138:5:139,wn-0138:7:197,TEMPORAL,BEFORE,wn-0138,-1,0.3,1
wn-0138:5:139,wn-0138:8:211,TEMPORAL,BEFORE,wn-0138,-1,0.3,1
wn-0138:6:179,wn-0138:7:197,TEMPORAL,BEFORE,wn-0138,-1,0.3,1
wn-0138:6:179,wn-0138:8:211,TEMPORAL,AFTER,wn-0138,-1,0.7,1
wn-0138:7:197,wn-0138:8:211,TEMPORAL,BEFORE,wn-0138,-1,0.3,1
wn-0139:0:4,wn-0139:1:13,TEMPORAL,BEFORE,wn-0139,-1,0.3,1
wn-0139:0:4,wn-0139:3:77,TEMPORAL,BEFORE,wn-0139,-1,0.3,1
wn-0139:0:4,wn-0139:4:112,TEMPORAL,BEFORE,wn-0139,-1,0.3,1
wn-0139:1:13,wn-0139:3:77,TEMPORAL,BEFORE,wn-0139,-1,0.3,1
wn-0139:1:13,wn-0139:4:112,TEMPORAL,BEFORE,wn-0139,-1,0.3,1
wn-0139:3:77,wn-0139:4:112,TEMPORAL,AFTER,wn-0139,-1,0.9,1
wn-0140:1:33,wn-0140:2:68,TEMPORAL,BEFORE,wn-0140,-1,0.3,1
wn-0140:1:33,wn-0140:3:74,TEMPORAL,BEFORE,wn-0140,-1,0.3,1
wn-0140:1:33,wn-0140:4:127,TEMPORAL,BEFORE,wn-0140,-1,0.75,1
wn-0140:1:33,wn-0140:10:347,TEMPORAL,BEFORE,wn-0140,-1,0.85,1
wn-0140:1:33,wn-0140:11:362,TEMPORAL,BEFORE,wn-0140,-1,0.3,1
wn-0140:2:68,wn-0140:3:74,TEMPORAL,BEFORE,wn-0140,-1,0.3,1
wn-0140:2:68,wn-0140:4:127,TEMPORAL,BEFORE,wn-0140,-1,0.3,1
wn-0140:2:68,wn-0140:10:347,TEMPORAL,BEFORE,wn-0140,-1,0.3,1
wn-0140:2:68,wn-0140:11:362,TEMPORAL,BEFORE,wn-0140,-1,0.3,1
wn-0140:3:74,wn-0140:4:127,TEMPORAL,BEFORE,wn-0140,-1,0.3,1
wn-0140:3:74,wn-0140:10:347,TEMPORAL,BEFORE,wn-0140,-1,0.3,1
wn-0140:3:74,wn-0140:11:362,TEMPORAL,BEFORE,wn-0140,-1,0.3,1
wn-0140:4:127,wn-0140:10:347,TEMPORAL,AFTER,wn-0140,-1,0.75,1
wn-0140:4:127,wn-0140:11:362,TEMPORAL,BEFORE,wn-0140,-1,0.3,1
wn-0140:10:347,wn-0140:11:362,TEMPORAL,BEFORE,wn-0140,-1,0.3,1
wn-0143:0:6,wn-0143:2:51,TEMPORAL,BEFORE,wn-0143,-1,0.3,1
wn-0143:0:6,wn-0143:2:60,TEMPORAL,BEFORE,wn-0143,-1,0.3,1
wn-0143:0:6,wn-0143:10:252,TEMPORAL,BEFORE,wn-0143,-1,0.3,1
wn-0143:0:6,wn-0143:10:256,TEMPORAL,BEFORE,wn-0143,-1,0.3,1
wn-0143:2:51,wn-0143:2:60,TEMPORAL,SIMULTANEOUS,wn-0143,-1,0.5,1
wn-0143:2:51,wn-0143:10:252,TEMPORAL,BEFORE,wn-0143,-1,0.3,1
wn-0143:2:51,wn-0143:10:256,TEMPORAL,BEFORE,wn-0143,-1,0.3,1
wn-0143:2:60,wn-0143:10:252,TEMPORAL,BEFORE,wn-0143,-1,0.3,1
wn-0143:2:60,wn-0143:10:256,TEMPORAL,BEFORE,wn-0143,-1,0.3,1
wn-0143:10:252,wn-0143:10:256,TEMPORAL,SIMULTANEOUS,wn-0143,-1,0.95,1
wn-0144:2:10,wn-0144:5:97,TEMPORAL,BEFORE,wn-0144,-1,0.3,1
wn-0144:2:10,wn-0144:6:117,TEMPORAL,BEFORE,wn-0144,-1,0.8,1
wn-0144:2:10,wn-0144:8:161,TEMPORAL,BEFORE,wn-0144,-1,0.7,1
wn-0144:2:10,wn-0144:8:193,TEMPORAL,BEFORE,wn-0144,-1,0.8,1
wn-0144:2:10,wn-0144:11:311,TEMPORAL,BEFORE,wn-0144,-1,0.3,1
wn-0144:5:97,wn-0144:6:117,TEMPORAL,BEFORE,wn-0144,-1,0.3,1
wn-0144:5:97,wn-0144:8:161,TEMPORAL,BEFORE,wn-0144,-1,0.3,1
wn-0144:5:97,wn-0144:8:193,TEMPORAL,BEFORE,wn-0144,-1,0.3,1
wn-0144:5:97,wn-0144:11:311,TEMPORAL,BEFORE,wn-0144,-1,0.3,1
wn-0144:6:117,wn-0144:8:161,TEMPORAL,BEFORE,wn-0144,-1,0.7,1
wn-0144:6:117,wn-0144:8:193,TEMPORAL,BEFORE,wn-0144,-1,0.8,1
wn-0144:6:117,wn-0144:11:311,TEMPORAL,BEFORE,wn-0144,-1,0.3,1
wn-0144:8:161,wn-0144:8:193,TEMPORAL,AFTER,wn-0144,-1,0.7,1
wn-0144:8:161,wn-0144:11:311,TEMPORAL,BEFORE,wn-0144,-1,0.3,1
wn-0144:8:193,wn-0144:11:311,TEMPORAL,BEFORE,wn-0144,-1,0.3,1
wn-0145:1:15,wn-0145:2:36,TEMPORAL,BEFORE,wn-0145,-1,0.3,1
wn-0145:1:15,wn-0145:4:57,TEMPORAL,BEFORE,wn-0145,-1,0.3,1
wn-0145:1:15,wn-0145:6:151,TEMPORAL,BEFORE,wn-0145,-1,0.3,1
wn-0145:2:36,wn-0145:4:57,TEMPORAL,BEFORE,wn-0145,-1,0.3,1
wn-0145:2:36,wn-0145:6:151,TEMPORAL,BEFORE,wn-0145,-1,0.3,1
wn-0145:4:57,wn-0145:6:151,TEMPORAL,BEFORE,wn-0145,-1,0.3,1
wn-0146:0:24,wn-0146:9:211,TEMPORAL,BEFORE,wn-0146,-1,0.3,1
wn-0147:2:74,wn-0147:5:169,TEMPORAL,BEFORE,wn-0147,-1,0.3,1
wn-0147:2:74,wn-0147:9:224,TEMPORAL,BEFORE,wn-0147,-1,0.3,1
wn-0147:2:74,wn-0147:10:246,TEMPORAL,BEFORE,wn-0147,-1,0.3,1
wn-0147:2:74,wn-0147:11:283,TEMPORAL,BEFORE,wn-0147,-1,0.3,1
wn-0147:2:74,wn-0147:13:338,TEMPORAL,BEFORE,wn-0147,-1,0.3,1
wn-0147:2:74,wn-0147:18:481,TEMPORAL,BEFORE,wn-0147,-1,0.3,1
wn-0147:2:74,wn-0147:20:504,TEMPORAL,BEFORE,wn-0147,-1,0.3,1
wn-0147:2:74,wn-0147:21:520,TEMPORAL,BEFORE,wn-0147,-1,0.3,1
wn-0147:5:169,wn-0147:9:224,TEMPORAL,BEFORE,wn-0147,-1,0.3,1
wn-0147:5:169,wn-0147:10:246,TEMPORAL,BEFORE,wn-0147,-1,0.3,1
wn-0147:5:169,wn-0147:11:283,TEMPORAL,BEFORE,wn-0147,-1,0.3,1
wn-0147:5:169,wn-0147:13:338,TEMPORAL,BEFORE,wn-0147,-1,0.3,1
wn-0147:5:169,wn-0147:18:481,TEMPORAL,BEFORE,wn-0147,-1,0.3,1
wn-0147:5:169,wn-0147:20:504,TEMPORAL,BEFORE,wn-0147,-1,0.3,1
wn-0147:5:169,wn-0147:21:520,TEMPORAL,BEFORE,wn-0147,-1,0.3,1
wn-0147:9:224,wn-0147:10:246,TEMPORAL,BEFORE,wn-0147,-1,0.3,1
wn-0147:9:224,wn-0147:11:283,TEMPORAL,BEFORE,wn-0147,-1,0.3,1
wn-0147:9:224,wn-0147:13:338,TEMPORAL,BEFORE,wn-0147,-1,0.3,1
wn-0147:9:224,wn-0147:18:481,TEMPORAL,BEFORE,wn-0147,-1,0.3,1
wn-0147:9:224,wn-0147:20:504,TEMPORAL,BEFORE,wn-0147,-1,0.3,1
wn-0147:9:224,wn-0147:21:520,TEMPORAL,BEFORE,wn-0147,-1,0.3,1
wn-0147:10:246,wn-0147:11:283,TEMPORAL,BEFORE,wn-0147,-1,0.3,1
wn-0147:10:246,wn-0147:13:338,TEMPORAL,BEFORE,wn-0147,-1,0.3,1
wn-0147:10:246,wn-0147:18:481,TEMPORAL,BEFORE,wn-0147,-1,0.3,1
wn-0147:10:246,wn-0147:20:504,TEMPORAL,BEFORE,wn-0147,-1,0.3,1
wn-0147:10:246,wn-0147:21:520,TEMPORAL,BEFORE,wn-0147,-1,0.3,1
wn-0147:11:283,wn-0147:13:338,TEMPORAL,BEFORE,wn-0147,-1,0.3,1
wn-0147:11:283,wn-0147:18:481,TEMPORAL,BEFORE,wn-0147,-1,0.9,1
wn-0147:11:283,wn-0147:20:504,TEMPORAL,BEFORE,wn-0147,-1,0.3,1
wn-0147:11:283,wn-0147:21:520,TEMPORAL,BEFORE,wn-0147,-1,0.75,1
wn-0147:13:338,wn-0147:18:481,TEMPORAL,BEFORE,wn-0147,-1,0.3,1
wn-0147:13:338,wn-0147:20:504,TEMPORAL,BEFORE,wn-0147,-1,0.3,1
wn-0147:13:338,wn-0147:21:520,TEMPORAL,BEFORE,wn-0147,-1,0.3,1
wn-0147:18:481,wn-0147:20:504,TEMPORAL,BEFORE,wn-0147,-1,0.3,1
wn-0147:18:481,wn-0147:21:520,TEMPORAL,AFTER,wn-0147,-1,0.75,1
wn-0147:20:504,wn-0147:21:520,TEMPORAL,BEFORE,wn-0147,-1,0.3,1
wn-0149:1:57,wn-0149:2:75,TEMPORAL,BEFORE,wn-0149,-1,0.3,1
wn-0149:1:57,wn-0149:4:125,TEMPORAL,BEFORE,wn-0149,-1,0.3,1
wn-0149:1:57,wn-0149:5:145,TEMPORAL,BEFORE,wn-0149,-1,0.3,1
wn-0149:1:57,wn-0149:7:199,TEMPORAL,BEFORE,wn-0149,-1,0.3,1
wn-0149:1:57,wn-0149:11:307,TEMPORAL,BEFORE,wn-0149,-1,0.3,1
wn-0149:2:75,wn-0149:4:125,TEMPORAL,BEFORE,wn-0149,-1,0.3,1
wn-0149:2:75,wn-0149:5:145,TEMPORAL,BEFORE,wn-0149,-1,0.3,1
wn-0149:2:75,wn-0149:7:199,TEMPORAL,BEFORE,wn-0149,-1,0.3,1
wn-0149:2:75,wn-0149:11:307,TEMPORAL,BEFORE,wn-0149,-1,0.3,1
wn-0149:4:125,wn-0149:5:145,TEMPORAL,BEFORE,wn-0149,-1,0.3,1
wn-0149:4:125,wn-0149:7:199,TEMPORAL,BEFORE,wn-0149,-1,0.3,1
wn-0149:4:125,wn-0149:11:307,TEMPORAL,BEFORE,wn-0149,-1,0.3,1
wn-0149:5:145,wn-0149:7:199,TEMPORAL,BEFORE,wn-0149,-1,0.3,1
wn-0149:5:145,wn-0149:11:307,TEMPORAL,BEFORE,wn-0149,-1,0.3,1
wn-0149:7:199,wn-0149:11:307,TEMPORAL,BEFORE,wn-0149,-1,0.3,1
wn-0150:3:101,wn-0150:5:165,TEMPORAL,BEFORE,wn-0150,-1,0.3,1
wn-0150:3:101,wn-0150:7:191,TEMPORAL,BEFORE,wn-0150,-1,0.3,1
wn-0150:3:101,wn-0150:8:227,TEMPORAL,BEFORE,wn-0150,-1,0.3,1
wn-0150:3:101,wn-0150:8:229,TEMPORAL,BEFORE,wn-0150,-1,0.3,1
wn-0150:3:101,wn-0150:17:407,TEMPORAL,BEFORE,wn-0150,-1,0.3,1
wn-0150:3:101,wn-0150:19:463,TEMPORAL,BEFORE,wn-0150,-1,0.3,1
wn-0150:3:103,wn-0150:5:165,TEMPORAL,BEFORE,wn-0150,-1,0.3,1
wn-0150:3:103,wn-0150:7:191,TEMPORAL,BEFORE,wn-0150,-1,0.3,1
wn-0150:3:103,wn-0150:8:227,TEMPORAL,BEFORE,wn-0150,-1,0.3,1
wn-0150:3:103,wn-0150:8:229,TEMPORAL,BEFORE,wn-0150,-1,0.3,1
wn-0150:3:103,wn-0150:17:407,TEMPORAL,BEFORE,wn-0150,-1,0.3,1
wn-0150:3:103,wn-0150:19:463,TEMPORAL,BEFORE,wn-0150,-1,0.3,1
wn-0150:5:165,wn-0150:7:191,TEMPORAL,BEFORE,wn-0150,-1,0.3,1
wn-0150:5:165,wn-0150:8:227,TEMPORAL,AFTER,wn-0150,-1,0.75,1
wn-0150:5:165,wn-0150:8:229,TEMPORAL,AFTER,wn-0150,-1,0.75,1
wn-0150:5:165,wn-0150:17:407,TEMPORAL,BEFORE,wn-0150,-1,0.3,1
wn-0150:5:165,wn-0150:19:463,TEMPORAL,BEFORE,wn-0150,-1,0.75,1
wn-0150:7:191,wn-0150:8:227,TEMPORAL,BEFORE,wn-0150,-1,0.3,1
wn-0150:7:191,wn-0150:8:229,TEMPORAL,BEFORE,wn-0150,-1,0.3,1
wn-0150:7:191,wn-0150:17:407,TEMPORAL,BEFORE,wn-0150,-1,0.3,1
wn-0150:7:191,wn-0150:19:463,TEMPORAL,BEFORE,wn-0150,-1,0.3,1
wn-0150:8:227,wn-0150:8:229,TEMPORAL,BEFORE,wn-0150,-1,0.95,1
wn-0150:8:227,wn-0150:17:407,TEMPORAL,BEFORE,wn-0150,-1,0.3,1
wn-0150:8:227,wn-0150:19:463,TEMPORAL,BEFORE,wn-0150,-1,0.85,1
wn-0150:8:229,wn-0150:17:407,TEMPORAL,BEFORE,wn-0150,-1,0.3,1
wn-0150:8:229,wn-0150:19:463,TEMPORAL,BEFORE,wn-0150,-1,0.85,1
wn-0150:17:407,wn-0150:19:463,TEMPORAL,BEFORE,wn-0150,-1,0.3,1
wn-0152:0:21,wn-0152:1:34,TEMPORAL,BEFORE,wn-0152,-1,0.3,1
wn-0152:0:21,wn-0152:3:80,TEMPORAL,BEFORE,wn-0152,-1,0.3,1
wn-0152:0:21,wn-0152:5:118,TEMPORAL,BEFORE,wn-0152,-1,0.3,1
wn-0152:1:34,wn-0152:3:80,TEMPORAL,BEFORE,wn-0152,-1,0.3,1
wn-0152:1:34,wn-0152:5:118,TEMPORAL,BEFORE,wn-0152,-1,0.3,1
wn-0152:3:80,wn-0152:5:118,TEMPORAL,BEFORE,wn-0152,-1,0.3,1
wn-0153:9:214,wn-0153:13:319,TEMPORAL,BEFORE,wn-0153,-1,0.3,1
wn-0154:2:33,wn-0154:4:74,TEMPORAL,BEFORE,wn-0154,-1,0.3,1
wn-0154:2:33,wn-0154:7:177,TEMPORAL,BEFORE,wn-0154,-1,0.3,1
wn-0154:4:74,wn-0154:7:177,TEMPORAL,BEFORE,wn-0154,-1,0.3,1
wn-0158:3:84,wn-0158:8:318,TEMPORAL,BEFORE,wn-0158,-1,0.3,1
wn-0158:3:84,wn-0158:18:569,TEMPORAL,BEFORE,wn-0158,-1,0.3,1
wn-0158:8:318,wn-0158:18:569,TEMPORAL,BEFORE,wn-0158,-1,0.3,1
wn-0159:0:2,wn-0159:0:33,TEMPORAL,AFTER,wn-0159,-1,0.5,1
wn-0159:0:2,wn-0159:0:4,TEMPORAL,AFTER,wn-0159,-1,0.5,1
wn-0159:0:2,wn-0159:1:52,TEMPORAL,BEFORE,wn-0159,-1,0.3,1
wn-0159:0:2,wn-0159:1:62,TEMPORAL,BEFORE,wn-0159,-1,0.3,1
wn-0159:0:2,wn-0159:1:86,TEMPORAL,BEFORE,wn-0159,-1,0.3,1
wn-0159:0:2,wn-0159:2:91,TEMPORAL,BEFORE,wn-0159,-1,0.3,1
wn-0159:0:2,wn-0159:3:104,TEMPORAL,BEFORE,wn-0159,-1,0.3,1
wn-0159:0:2,wn-0159:3:118,TEMPORAL,BEFORE,wn-0159,-1,0.3,1
wn-0159:0:33,wn-0159:0:4,TEMPORAL,AFTER,wn-0159,-1,0.5,1
wn-0159:0:33,wn-0159:1:52,TEMPORAL,BEFORE,wn-0159,-1,0.3,1
wn-0159:0:33,wn-0159:1:62,TEMPORAL,BEFORE,wn-0159,-1,0.3,1
wn-0159:0:33,wn-0159:1:86,TEMPORAL,BEFORE,wn-0159,-1,0.3,1
wn-0159:0:33,wn-0159:2:91,TEMPORAL,BEFORE,wn-0159,-1,0.3,1
wn-0159:0:33,wn-0159:3:104,TEMPORAL,BEFORE,wn-0159,-1,0.3,1
wn-0159:0:33,wn-0159:3:118,TEMPORAL,BEFORE,wn-0159,-1,0.3,1
wn-0159:0:4,wn-0159:1:52,TEMPORAL,BEFORE,wn-0159,-1,0.3,1
wn-0159:0:4,wn-0159:1:62,TEMPORAL,BEFORE,wn-0159,-1,0.3,1
wn-0159:0:4,wn-0159:1:86,TEMPORAL,BEFORE,wn-0159,-1,0.3,1
wn-0159:0:4,wn-0159:2:91,TEMPORAL,BEFORE,wn-0159,-1,0.3,1
wn-0159:0:4,wn-0159:3:104,TEMPORAL,BEFORE,wn-0159,-1,0.3,1
wn-0159:0:4,wn-0159:3:118,TEMPORAL,BEFORE,wn-0159,-1,0.3,1
wn-0159:1:52,wn-0159:1:62,TEMPORAL,SIMULTANEOUS,wn-0159,-1,0.85,1
wn-0159:1:52,wn-0159:1:86,TEMPORAL,BEFORE,wn-0159,-1,0.8,1
wn-0159:1:52,wn-0159:2:91,TEMPORAL,BEFORE,wn-0159,-1,0.85,1
wn-0159:1:52,wn-0159:3:104,TEMPORAL,BEFORE,wn-0159,-1,0.3,1
wn-0159:1:52,wn-0159:3:118,TEMPORAL,BEFORE,wn-0159,-1,0.3,1
wn-0159:1:62,wn-0159:1:86,TEMPORAL,BEFORE,wn-0159,-1,0.8,1
wn-0159:1:62,wn-0159:2:91,TEMPORAL,BEFORE,wn-0159,-1,0.85,1
wn-0159:1:62,wn-0159:3:104,TEMPORAL,BEFORE,wn-0159,-1,0.3,1
wn-0159:1:62,wn-0159:3:118,TEMPORAL,BEFORE,wn-0159,-1,0.3,1
wn-0159:1:86,wn-0159:2:91,TEMPORAL,BEFORE,wn-0159,-1,0.8,1
wn-0159:1:86,wn-0159:3:104,TEMPORAL,BEFORE,wn-0159,-1,0.3,1
wn-0159:1:86,wn-0159:3:118,TEMPORAL,BEFORE,wn-0159,-1,0.3,1
wn-0159:2:91,wn-0159:3:104,TEMPORAL,BEFORE,wn-0159,-1,0.3,1
wn-0159:2:91,wn-0159:3:118,TEMPORAL,BEFORE,wn-0159,-1,0.3,1
wn-0159:3:104,wn-0159:3:118,TEMPORAL,BEFORE,wn-0159,-1,0.5,1
wn-0161:0:6,wn-0161:4:132,TEMPORAL,BEFORE,wn-0161,-1,0.3,1
wn-0161:0:6,wn-0161:5:157,TEMPORAL,BEFORE,wn-0161,-1,0.3,1
wn-0161:4:132,wn-0161:5:157,TEMPORAL,BEFORE,wn-0161,-1,0.3,1
wn-0163:0:14,wn-0163:3:95,TEMPORAL,BEFORE,wn-0163,-1,0.3,1
wn-0163:0:14,wn-0163:7:154,TEMPORAL,BEFORE,wn-0163,-1,0.3,1
wn-0163:0:14,wn-0163:8:184,TEMPORAL,BEFORE,wn-0163,-1,0.3,1
wn-0163:0:14,wn-0163:12:274,TEMPORAL,BEFORE,wn-0163,-1,0.3,1
wn-0163:0:14,wn-0163:13:316,TEMPORAL,BEFORE,wn-0163,-1,0.3,1
wn-0163:0:14,wn-0163:14:325,TEMPORAL,BEFORE,wn-0163,-1,0.3,1
wn-0163:0:4,wn-0163:3:95,TEMPORAL,BEFORE,wn-0163,-1,0.3,1
wn-0163:0:4,wn-0163:7:154,TEMPORAL,BEFORE,wn-0163,-1,0.3,1
wn-0163:0:4,wn-0163:8:184,TEMPORAL,BEFORE,wn-0163,-1,0.3,1
wn-0163:0:4,wn-0163:12:274,TEMPORAL,BEFORE,wn-0163,-1,0.3,1
wn-0163:0:4,wn-0163:13:316,TEMPORAL,BEFORE,wn-0163,-1,0.3,1
wn-0163:0:4,wn-0163:14:325,TEMPORAL,BEFORE,wn-0163,-1,0.3,1
wn-0163:3:95,wn-0163:7:154,TEMPORAL,BEFORE,wn-0163,-1,0.3,1
wn-0163:3:95,wn-0163:8:184,TEMPORAL,BEFORE,wn-0163,-1,0.3,1
wn-0163:3:95,wn-0163:12:274,TEMPORAL,BEFORE,wn-0163,-1,0.3,1
wn-0163:3:95,wn-0163:13:316,TEMPORAL,BEFORE,wn-0163,-1,0.3,1
wn-0163:3:95,wn-0163:14:325,TEMPORAL,BEFORE,wn-0163,-1,0.3,1
wn-0163:7:154,wn-0163:8:184,TEMPORAL,BEFORE,wn-0163,-1,0.3,1
wn-0163:7:154,wn-0163:12:274,TEMPORAL,BEFORE,wn-0163,-1,0.3,1
wn-0163:7:154,wn-0163:13:316,TEMPORAL,BEFORE,wn-0163,-1,0.3,1
wn-0163:7:154,wn-0163:14:325,TEMPORAL,BEFORE,wn-0163,-1,0.3,1
wn-0163:8:184,wn-0163:12:274,TEMPORAL,BEFORE,wn-0163,-1,0.3,1
wn-0163:8:184,wn-0163:13:316,TEMPORAL,BEFORE,wn-0163,-1,0.3,1
wn-0163:8:184,wn-0163:14:325,TEMPORAL,BEFORE,wn-0163,-1,0.3,1
wn-0163:12:274,wn-0163:13:316,TEMPORAL,BEFORE,wn-0163,-1,0.3,1
wn-0163:12:274,wn-0163:14:325,TEMPORAL,BEFORE,wn-0163,-1,0.3,1
wn-0163:13:316,wn-0163:14:325,TEMPORAL,BEFORE,wn-0163,-1,0.3,1
wn-0164:14:352,wn-0164:15:358,TEMPORAL,BEFORE,wn-0164,-1,0.3,1
wn-0167:4:119,wn-0167:5:133,TEMPORAL,BEFORE,wn-0167,-1,0.3,1
wn-0167:4:119,wn-0167:9:246,TEMPORAL,BEFORE,wn-0167,-1,0.3,1
wn-0167:4:119,wn-0167:9:259,TEMPORAL,BEFORE,wn-0167,-1,0.3,1
wn-0167:5:133,wn-0167:9:246,TEMPORAL,BEFORE,wn-0167,-1,0.3,1
wn-0167:5:133,wn-0167:9:259,TEMPORAL,BEFORE,wn-0167,-1,0.3,1
wn-0167:9:246,wn-0167:9:259,TEMPORAL,SIMULTANEOUS,wn-0167,-1,0.5,1
wn-0168:2:61,wn-0168:3:71,TEMPORAL,BEFORE,wn-0168,-1,0.3,1
wn-0168:2:61,wn-0168:12:246,TEMPORAL,BEFORE,wn-0168,-1,0.3,1
wn-0168:3:71,wn-0168:12:246,TEMPORAL,BEFORE,wn-0168,-1,0.3,1
wn-0170:1:32,wn-0170:8:216,TEMPORAL,BEFORE,wn-0170,-1,0.3,1
wn-0171:3:68,wn-0171:22:272,TEMPORAL,BEFORE,wn-0171,-1,0.3,1
wn-0172:7:171,wn-0172:9:237,TEMPORAL,BEFORE,wn-0172,-1,0.3,1
wn-0173:3:95,wn-0173:5:158,TEMPORAL,BEFORE,wn-0173,-1,0.3,1
wn-0173:3:95,wn-0173:7:182,TEMPORAL,BEFORE,wn-0173,-1,0.3,1
wn-0173:3:95,wn-0173:9:227,TEMPORAL,BEFORE,wn-0173,-1,0.3,1
wn-0173:3:95,wn-0173:14:329,TEMPORAL,BEFORE,wn-0173,-1,0.3,1
wn-0173:5:158,wn-0173:7:182,TEMPORAL,BEFORE,wn-0173,-1,0.97,1
wn-0173:5:158,wn-0173:9:227,TEMPORAL,BEFORE,wn-0173,-1,0.3,1
wn-0173:5:158,wn-0173:14:329,TEMPORAL,BEFORE,wn-0173,-1,0.3,1
wn-0173:7:182,wn-0173:9:227,TEMPORAL,BEFORE,wn-0173,-1,0.3,1
wn-0173:7:182,wn-0173:14:329,TEMPORAL,BEFORE,wn-0173,-1,0.3,1
wn-0173:9:227,wn-0173:14:329,TEMPORAL,BEFORE,wn-0173,-1,0.3,1
wn-0174:0:21,wn-0174:0:26,TEMPORAL,BEFORE,wn-0174,-1,0.5,1
wn-0174:0:21,wn-0174:0:36,TEMPORAL,BEFORE,wn-0174,-1,0.5,1
wn-0174:0:21,wn-0174:2:79,TEMPORAL,BEFORE,wn-0174,-1,0.3,1
wn-0174:0:21,wn-0174:3:86,TEMPORAL,BEFORE,wn-0174,-1,0.3,1
wn-0174:0:21,wn-0174:3:91,TEMPORAL,BEFORE,wn-0174,-1,0.3,1
wn-0174:0:21,wn-0174:4:109,TEMPORAL,BEFORE,wn-0174,-1,0.3,1
wn-0174:0:21,wn-0174:4:97,TEMPORAL,BEFORE,wn-0174,-1,0.3,1
wn-0174:0:21,wn-0174:6:137,TEMPORAL,BEFORE,wn-0174,-1,0.3,1
wn-0174:0:21,wn-0174:6:138,TEMPORAL,BEFORE,wn-0174,-1,0.3,1
wn-0174:0:26,wn-0174:0:36,TEMPORAL,BEFORE,wn-0174,-1,0.5,1
wn-0174:0:26,wn-0174:2:79,TEMPORAL,BEFORE,wn-0174,-1,0.3,1
wn-0174:0:26,wn-0174:3:86,TEMPORAL,BEFORE,wn-0174,-1,0.3,1
wn-0174:0:26,wn-0174:3:91,TEMPORAL,BEFORE,wn-0174,-1,0.3,1
wn-0174:0:26,wn-0174:4:109,TEMPORAL,BEFORE,wn-0174,-1,0.3,1
wn-0174:0:26,wn-0174:4:97,TEMPORAL,BEFORE,wn-0174,-1,0.3,1
wn-0174:0:26,wn-0174:6:137,TEMPORAL,BEFORE,wn-0174,-1,0.3,1
wn-0174:0:26,wn-0174:6:138,TEMPORAL,BEFORE,wn-0174,-1,0.3,1
wn-0174:0:36,wn-0174:2:79,TEMPORAL,BEFORE,wn-0174,-1,0.3,1
wn-0174:0:36,wn-0174:3:86,TEMPORAL,BEFORE,wn-0174,-1,0.3,1
wn-0174:0:36,wn-0174:3:91,TEMPORAL,BEFORE,wn-0174,-1,0.3,1
wn-0174:0:36,wn-0174:4:109,TEMPORAL,BEFORE,wn-0174,-1,0.3,1
wn-0174:0:36,wn-0174:4:97,TEMPORAL,BEFORE,wn-0174,-1,0.3,1
wn-0174:0:36,wn-0174:6:137,TEMPORAL,BEFORE,wn-0174,-1,0.3,1
wn-0174:0:36,wn-0174:6:138,TEMPORAL,BEFORE,wn-0174,-1,0.3,1
wn-0174:2:79,wn-0174:3:86,TEMPORAL,BEFORE,wn-0174,-1,0.3,1
wn-0174:2:79,wn-0174:3:91,TEMPORAL,BEFORE,wn-0174,-1,0.3,1
wn-0174:2:79,wn-0174:4:109,TEMPORAL,BEFORE,wn-0174,-1,0.3,1
wn-0174:2:79,wn-0174:4:97,TEMPORAL,BEFORE,wn-0174,-1,0.3,1
wn-0174:2:79,wn-0174:6:137,TEMPORAL,BEFORE,wn-0174,-1,0.3,1
wn-0174:2:79,wn-0174:6:138,TEMPORAL,BEFORE,wn-0174,-1,0.3,1
wn-0174:3:86,wn-0174:4:109,TEMPORAL,BEFORE,wn-0174,-1,0.3,1
wn-0174:3:86,wn-0174:4:97,TEMPORAL,BEFORE,wn-0174,-1,0.3,1
wn-0174:3:86,wn-0174:6:137,TEMPORAL,BEFORE,wn-0174,-1,0.3,1
wn-0174:3:86,wn-0174:6:138,TEMPORAL,BEFORE,wn-0174,-1,0.3,1
wn-0174:3:91,wn-0174:4:109,TEMPORAL,BEFORE,wn-0174,-1,0.3,1
wn-0174:3:91,wn-0174:4:97,TEMPORAL,BEFORE,wn-0174,-1,0.3,1
wn-0174:3:91,wn-0174:6:137,TEMPORAL,BEFORE,wn-0174,-1,0.3,1
wn-0174:3:91,wn-0174:6:138,TEMPORAL,BEFORE,wn-0174,-1,0.3,1
wn-0174:4:109,wn-0174:4:97,TEMPORAL,SIMULTANEOUS,wn-0174,-1,0.5,1
wn-0174:4:109,wn-0174:6:137,TEMPORAL,BEFORE,wn-0174,-1,0.3,1
wn-0174:4:109,wn-0174:6:138,TEMPORAL,BEFORE,wn-0174,-1,0.3,1
wn-0174:4:97,wn-0174:6:137,TEMPORAL,BEFORE,wn-0174,-1,0.3,1
wn-0174:4:97,wn-0174:6:138,TEMPORAL,BEFORE,wn-0174,-1,0.3,1
wn-0174:6:137,wn-0174:6:138,TEMPORAL,BEFORE,wn-0174,-1,0.5,1
wn-0176:1:8,wn-0176:2:25,TEMPORAL,BEFORE,wn-0176,-1,0.3,1
wn-0176:1:8,wn-0176:3:67,TEMPORAL,BEFORE,wn-0176,-1,0.3,1
wn-0176:1:8,wn-0176:6:196,TEMPORAL,BEFORE,wn-0176,-1,0.3,1
wn-0176:1:8,wn-0176:7:228,TEMPORAL,BEFORE,wn-0176,-1,0.3,1
wn-0176:1:8,wn-0176:8:257,TEMPORAL,BEFORE,wn-0176,-1,0.3,1
wn-0176:1:8,wn-0176:8:260,TEMPORAL,BEFORE,wn-0176,-1,0.3,1
wn-0176:1:8,wn-0176:11:305,TEMPORAL,BEFORE,wn-0176,-1,0.3,1
wn-0176:1:8,wn-0176:22:592,TEMPORAL,BEFORE,wn-0176,-1,0.3,1
wn-0176:2:25,wn-0176:3:67,TEMPORAL,BEFORE,wn-0176,-1,0.3,1
wn-0176:2:25,wn-0176:6:196,TEMPORAL,BEFORE,wn-0176,-1,0.3,1
wn-0176:2:25,wn-0176:7:228,TEMPORAL,BEFORE,wn-0176,-1,0.3,1
wn-0176:2:25,wn-0176:8:257,TEMPORAL,BEFORE,wn-0176,-1,0.3,1
wn-0176:2:25,wn-0176:8:260,TEMPORAL,BEFORE,wn-0176,-1,0.3,1
wn-0176:2:25,wn-0176:11:305,TEMPORAL,BEFORE,wn-0176,-1,0.3,1
wn-0176:2:25,wn-0176:22:592,TEMPORAL,BEFORE,wn-0176,-1,0.3,1
wn-0176:3:67,wn-0176:6:196,TEMPORAL,BEFORE,wn-0176,-1,0.3,1
wn-0176:3:67,wn-0176:7:228,TEMPORAL,BEFORE,wn-0176,-1,0.3,1
wn-0176:3:67,wn-0176:8:257,TEMPORAL,BEFORE,wn-0176,-1,0.3,1
wn-0176:3:67,wn-0176:8:260,TEMPORAL,BEFORE,wn-0176,-1,0.3,1
wn-0176:3:67,wn-0176:11:305,TEMPORAL,BEFORE,wn-0176,-1,0.3,1
wn-0176:3:67,wn-0176:22:592,TEMPORAL,BEFORE,wn-0176,-1,0.3,1
wn-0176:6:196,wn-0176:7:228,TEMPORAL,BEFORE,wn-0176,-1,0.3,1
wn-0176:6:196,wn-0176:8:257,TEMPORAL,BEFORE,wn-0176,-1,0.3,1
wn-0176:6:196,wn-0176:8:260,TEMPORAL,BEFORE,wn-0176,-1,0.3,1
wn-0176:6:196,wn-0176:11:305,TEMPORAL,BEFORE,wn-0176,-1,0.3,1
wn-0176:6:196,wn-0176:22:592,TEMPORAL,BEFORE,wn-0176,-1,0.3,1
wn-0176:7:228,wn-0176:8:257,TEMPORAL,BEFORE,wn-0176,-1,0.3,1
wn-0176:7:228,wn-0176:8:260,TEMPORAL,BEFORE,wn-0176,-1,0.3,1
wn-0176:7:228,wn-0176:11:305,TEMPORAL,BEFORE,wn-0176,-1,0.3,1
wn-0176:7:228,wn-0176:22:592,TEMPORAL,BEFORE,wn-0176,-1,0.3,1
wn-0176:8:257,wn-0176:8:260,TEMPORAL,BEFORE,wn-0176,-1,0.5,1
wn-0176:8:257,wn-0176:11:305,TEMPORAL,BEFORE,wn-0176,-1,0.3,1
wn-0176:8:257,wn-0176:22:592,TEMPORAL,BEFORE,wn-0176,-1,0.3,1
wn-0176:8:260,wn-0176:11:305,TEMPORAL,BEFORE,wn-0176,-1,0.3,1
wn-0176:8:260,wn-0176:22:592,TEMPORAL,BEFORE,wn-0176,-1,0.3,1
wn-0176:11:305,wn-0176:22:592,TEMPORAL,BEFORE,wn-0176,-1,0.3,1
wn-0177:0:11,wn-0177:0:4,TEMPORAL,SIMULTANEOUS,wn-0177,-1,0.9,1
wn-0177:0:11,wn-0177:1:33,TEMPORAL,BEFORE,wn-0177,-1,0.3,1
wn-0177:0:11,wn-0177:1:37,TEMPORAL,BEFORE,wn-0177,-1,0.3,1
wn-0177:0:11,wn-0177:8:192,TEMPORAL,BEFORE,wn-0177,-1,0.3,1
wn-0177:0:4,wn-0177:1:33,TEMPORAL,BEFORE,wn-0177,-1,0.3,1
wn-0177:0:4,wn-0177:1:37,TEMPORAL,BEFORE,wn-0177,-1,0.3,1
wn-0177:0:4,wn-0177:8:192,TEMPORAL,BEFORE,wn-0177,-1,0.3,1
wn-0177:1:33,wn-0177:8:192,TEMPORAL,BEFORE,wn-0177,-1,0.3,1
wn-0177:1:37,wn-0177:8:192,TEMPORAL,BEFORE,wn-0177,-1,0.3,1
wn-0178:0:6,wn-0178:2:93,TEMPORAL,BEFORE,wn-0178,-1,0.3,1
wn-0178:0:6,wn-0178:2:95,TEMPORAL,BEFORE,wn-0178,-1,0.3,1
wn-0178:0:6,wn-0178:3:133,TEMPORAL,BEFORE,wn-0178,-1,0.3,1
wn-0178:0:6,wn-0178:4:166,TEMPORAL,BEFORE,wn-0178,-1,0.3,1
wn-0178:0:6,wn-0178:19:531,TEMPORAL,BEFORE,wn-0178,-1,0.3,1
wn-0178:2:93,wn-0178:2:95,TEMPORAL,BEFORE,wn-0178,-1,0.5,1
wn-0178:2:93,wn-0178:3:133,TEMPORAL,BEFORE,wn-0178,-1,0.3,1
wn-0178:2:93,wn-0178:4:166,TEMPORAL,BEFORE,wn-0178,-1,0.3,1
wn-0178:2:93,wn-0178:19:531,TEMPORAL,BEFORE,wn-0178,-1,0.3,1
wn-0178:2:95,wn-0178:3:133,TEMPORAL,BEFORE,wn-0178,-1,0.3,1
wn-0178:2:95,wn-0178:4:166,TEMPORAL,BEFORE,wn-0178,-1,0.3,1
wn-0178:2:95,wn-0178:19:531,TEMPORAL,BEFORE,wn-0178,-1,0.3,1
wn-0178:3:133,wn-0178:4:166,TEMPORAL,BEFORE,wn-0178,-1,0.3,1
wn-0178:3:133,wn-0178:19:531,TEMPORAL,BEFORE,wn-0178,-1,0.3,1
wn-0178:4:166,wn-0178:19:531,TEMPORAL,BEFORE,wn-0178,-1,0.3,1
wn-0179:0:28,wn-0179:1:49,TEMPORAL,BEFORE,wn-0179,-1,0.3,1
wn-0179:0:28,wn-0179:3:146,TEMPORAL,BEFORE,wn-0179,-1,0.3,1
wn-0179:0:28,wn-0179:4:190,TEMPORAL,BEFORE,wn-0179,-1,0.3,1
wn-0179:0:28,wn-0179:8:298,TEMPORAL,BEFORE,wn-0179,-1,0.3,1
wn-0179:0:28,wn-0179:8:305,TEMPORAL,BEFORE,wn-0179,-1,0.3,1
wn-0179:0:28,wn-0179:11:393,TEMPORAL,BEFORE,wn-0179,-1,0.3,1
wn-0179:0:28,wn-0179:13:405,TEMPORAL,BEFORE,wn-0179,-1,0.3,1
wn-0179:0:28,wn-0179:15:462,TEMPORAL,BEFORE,wn-0179,-1,0.3,1
wn-0179:0:28,wn-0179:17:479,TEMPORAL,AFTER,wn-0179,-1,0.75,1
wn-0179:0:28,wn-0179:18:499,TEMPORAL,BEFORE,wn-0179,-1,0.3,1
wn-0179:0:28,wn-0179:18:513,TEMPORAL,BEFORE,wn-0179,-1,0.3,1
wn-0179:1:49,wn-0179:3:146,TEMPORAL,BEFORE,wn-0179,-1,0.3,1
wn-0179:1:49,wn-0179:4:190,TEMPORAL,BEFORE,wn-0179,-1,0.3,1
wn-0179:1:49,wn-0179:8:298,TEMPORAL,BEFORE,wn-0179,-1,0.3,1
wn-0179:1:49,wn-0179:8:305,TEMPORAL,BEFORE,wn-0179,-1,0.3,1
wn-0179:1:49,wn-0179:11:393,TEMPORAL,BEFORE,wn-0179,-1,0.3,1
wn-0179:1:49,wn-0179:13:405,TEMPORAL,BEFORE,wn-0179,-1,0.3,1
wn-0179:1:49,wn-0179:15:462,TEMPORAL,BEFORE,wn-0179,-1,0.3,1
wn-0179:1:49,wn-0179:17:479,TEMPORAL,BEFORE,wn-0179,-1,0.3,1
wn-0179:1:49,wn-0179:18:499,TEMPORAL,BEFORE,wn-0179,-1,0.3,1
wn-0179:1:49,wn-0179:18:513,TEMPORAL,BEFORE,wn-0179,-1,0.3,1
wn-0179:3:146,wn-0179:4:190,TEMPORAL,BEFORE,wn-0179,-1,0.3,1
wn-0179:3:146,wn-0179:8:298,TEMPORAL,BEFORE,wn-0179,-1,0.3,1
wn-0179:3:146,wn-0179:8:305,TEMPORAL,BEFORE,wn-0179,-1,0.3,1
wn-0179:3:146,wn-0179:11:393,TEMPORAL,BEFORE,wn-0179,-1,0.3,1
wn-0179:3:146,wn-0179:13:405,TEMPORAL,BEFORE,wn-0179,-1,0.3,1
wn-0179:3:146,wn-0179:15:462,TEMPORAL,BEFORE,wn-0179,-1,0.3,1
wn-0179:3:146,wn-0179:17:479,TEMPORAL,BEFORE,wn-0179,-1,0.3,1
wn-0179:3:146,wn-0179:18:499,TEMPORAL,BEFORE,wn-0179,-1,0.3,1
wn-0179:3:146,wn-0179:18:513,TEMPORAL,BEFORE,wn-0179,-1,0.3,1
wn-0179:4:190,wn-0179:8:298,TEMPORAL,BEFORE,wn-0179,-1,0.3,1
wn-0179:4:190,wn-0179:8:305,TEMPORAL,BEFORE,wn-0179,-1,0.3,1
wn-0179:4:190,wn-0179:11:393,TEMPORAL,BEFORE,wn-0179,-1,0.3,1
wn-0179:4:190,wn-0179:13:405,TEMPORAL,BEFORE,wn-0179,-1,0.3,1
wn-0179:4:190,wn-0179:15:462,TEMPORAL,BEFORE,wn-0179,-1,0.3,1
wn-0179:4:190,wn-0179:17:479,TEMPORAL,BEFORE,wn-0179,-1,0.3,1
wn-0179:4:190,wn-0179:18:499,TEMPORAL,BEFORE,wn-0179,-1,0.3,1
wn-0179:4:190,wn-0179:18:513,TEMPORAL,BEFORE,wn-0179,-1,0.3,1
wn-0179:8:298,wn-0179:11:393,TEMPORAL,BEFORE,wn-0179,-1,0.3,1
wn-0179:8:298,wn-0179:13:405,TEMPORAL,BEFORE,wn-0179,-1,0.3,1
wn-0179:8:298,wn-0179:15:462,TEMPORAL,BEFORE,wn-0179,-1,0.3,1
wn-0179:8:298,wn-0179:17:479,TEMPORAL,BEFORE,wn-0179,-1,0.3,1
wn-0179:8:298,wn-0179:18:499,TEMPORAL,BEFORE,wn-0179,-1,0.3,1
wn-0179:8:298,wn-0179:18:513,TEMPORAL,BEFORE,wn-0179,-1,0.3,1
wn-0179:8:305,wn-0179:11:393,TEMPORAL,BEFORE,wn-0179,-1,0.3,1
wn-0179:8:305,wn-0179:13:405,TEMPORAL,BEFORE,wn-0179,-1,0.3,1
wn-0179:8:305,wn-0179:15:462,TEMPORAL,BEFORE,wn-0179,-1,0.3,1
wn-0179:8:305,wn-0179:17:479,TEMPORAL,BEFORE,wn-0179,-1,0.3,1
wn-0179:8:305,wn-0179:18:499,TEMPORAL,BEFORE,wn-0179,-1,0.3,1
wn-0179:8:305,wn-0179:18:513,TEMPORAL,BEFORE,wn-0179,-1,0.3,1
wn-0179:11:393,wn-0179:13:405,TEMPORAL,BEFORE,wn-0179,-1,0.3,1
wn-0179:11:393,wn-0179:15:462,TEMPORAL,BEFORE,wn-0179,-1,0.3,1
wn-0179:11:393,wn-0179:17:479,TEMPORAL,BEFORE,wn-0179,-1,0.3,1
wn-0179:11:393,wn-0179:18:499,TEMPORAL,BEFORE,wn-0179,-1,0.3,1
wn-0179:11:393,wn-0179:18:513,TEMPORAL,BEFORE,wn-0179,-1,0.3,1
wn-0179:13:405,wn-0179:15:462,TEMPORAL,BEFORE,wn-0179,-1,0.3,1
wn-0179:13:405,wn-0179:17:479,TEMPORAL,BEFORE,wn-0179,-1,0.3,1
wn-0179:13:405,wn-0179:18:499,TEMPORAL,BEFORE,wn-0179,-1,0.3,1
wn-0179:13:405,wn-0179:18:513,TEMPORAL,BEFORE,wn-0179,-1,0.3,1
wn-0179:15:462,wn-0179:17:479,TEMPORAL,BEFORE,wn-0179,-1,0.3,1
wn-0179:15:462,wn-0179:18:499,TEMPORAL,BEFORE,wn-0179,-1,0.3,1
wn-0179:15:462,wn-0179:18:513,TEMPORAL,BEFORE,wn-0179,-1,0.3,1
wn-0179:17:479,wn-0179:18:499,TEMPORAL,BEFORE,wn-0179,-1,0.3,1
wn-0179:17:479,wn-0179:18:513,TEMPORAL,BEFORE,wn-0179,-1,0.3,1
wn-0180:1:38,wn-0180:4:89,TEMPORAL,BEFORE,wn-0180,-1,0.3,1
wn-0180:1:38,wn-0180:14:319,TEMPORAL,BEFORE,wn-0180,-1,0.3,1
wn-0180:1:38,wn-0180:16:342,TEMPORAL,BEFORE,wn-0180,-1,0.3,1
wn-0180:4:89,wn-0180:14:319,TEMPORAL,BEFORE,wn-0180,-1,0.3,1
wn-0180:4:89,wn-0180:16:342,TEMPORAL,BEFORE,wn-0180,-1,0.3,1
wn-0180:14:319,wn-0180:16:342,TEMPORAL,SIMULTANEOUS,wn-0180,-1,0.9,1
wn-0182:3:67,wn-0182:6:114,TEMPORAL,BEFORE,wn-0182,-1,0.3,1
wn-0182:3:67,wn-0182:12:223,TEMPORAL,BEFORE,wn-0182,-1,0.3,1
wn-0182:3:67,wn-0182:18:352,TEMPORAL,BEFORE,wn-0182,-1,0.3,1
wn-0182:3:67,wn-0182:19:375,TEMPORAL,BEFORE,wn-0182,-1,0.3,1
wn-0182:3:67,wn-0182:26:479,TEMPORAL,BEFORE,wn-0182,-1,0.3,1
wn-0182:3:67,wn-0182:29:548,TEMPORAL,BEFORE,wn-0182,-1,0.3,1
wn-0182:3:67,wn-0182:33:653,TEMPORAL,BEFORE,wn-0182,-1,0.3,1
wn-0182:3:67,wn-0182:41:838,TEMPORAL,BEFORE,wn-0182,-1,0.3,1
wn-0182:6:114,wn-0182:12:223,TEMPORAL,BEFORE,wn-0182,-1,0.3,1
wn-0182:6:114,wn-0182:18:352,TEMPORAL,BEFORE,wn-0182,-1,0.3,1
wn-0182:6:114,wn-0182:19:375,TEMPORAL,BEFORE,wn-0182,-1,0.3,1
wn-0182:6:114,wn-0182:26:479,TEMPORAL,BEFORE,wn-0182,-1,0.3,1
wn-0182:6:114,wn-0182:29:548,TEMPORAL,BEFORE,wn-0182,-1,0.3,1
wn-0182:6:114,wn-0182:33:653,TEMPORAL,BEFORE,wn-0182,-1,0.3,1
wn-0182:6:114,wn-0182:41:838,TEMPORAL,BEFORE,wn-0182,-1,0.3,1
wn-0182:12:223,wn-0182:18:352,TEMPORAL,BEFORE,wn-0182,-1,0.3,1
wn-0182:12:223,wn-0182:19:375,TEMPORAL,BEFORE,wn-0182,-1,0.3,1
wn-0182:12:223,wn-0182:26:479,TEMPORAL,BEFORE,wn-0182,-1,0.3,1
wn-0182:12:223,wn-0182:29:548,TEMPORAL,BEFORE,wn-0182,-1,0.3,1
wn-0182:12:223,wn-0182:33:653,TEMPORAL,BEFORE,wn-0182,-1,0.3,1
wn-0182:12:223,wn-0182:41:838,TEMPORAL,BEFORE,wn-0182,-1,0.3,1
wn-0182:18:352,wn-0182:19:375,TEMPORAL,BEFORE,wn-0182,-1,0.3,1
wn-0182:18:352,wn-0182:26:479,TEMPORAL,BEFORE,wn-0182,-1,0.3,1
wn-0182:18:352,wn-0182:29:548,TEMPORAL,BEFORE,wn-0182,-1,0.3,1
wn-0182:18:352,wn-0182:33:653,TEMPORAL,AFTER,wn-0182,-1,0.75,1
wn-0182:18:352,wn-0182:41:838,TEMPORAL,BEFORE,wn-0182,-1,0.3,1
wn-0182:19:375,wn-0182:26:479,TEMPORAL,BEFORE,wn-0182,-1,0.3,1
wn-0182:19:375,wn-0182:29:548,TEMPORAL,BEFORE,wn-0182,-1,0.3,1
wn-0182:19:375,wn-0182:33:653,TEMPORAL,BEFORE,wn-0182,-1,0.3,1
wn-0182:19:375,wn-0182:41:838,TEMPORAL,BEFORE,wn-0182,-1,0.3,1
wn-0182:26:479,wn-0182:29:548,TEMPORAL,BEFORE,wn-0182,-1,0.3,1
wn-0182:26:479,wn-0182:33:653,TEMPORAL,BEFORE,wn-0182,-1,0.3,1
wn-0182:26:479,wn-0182:41:838,TEMPORAL,BEFORE,wn-0182,-1,0.3,1
wn-0182:29:548,wn-0182:33:653,TEMPORAL,BEFORE,wn-0182,-1,0.3,1
wn-0182:29:548,wn-0182:41:838,TEMPORAL,BEFORE,wn-0182,-1,0.3,1
wn-0182:33:653,wn-0182:41:838,TEMPORAL,BEFORE,wn-0182,-1,0.3,1
wn-0183:0:64,wn-0183:3:142,TEMPORAL,BEFORE,wn-0183,-1,0.3,1
wn-0183:0:64,wn-0183:13:471,TEMPORAL,BEFORE,wn-0183,-1,0.9,1
wn-0183:0:64,wn-0183:14:523,TEMPORAL,BEFORE,wn-0183,-1,0.9,1
wn-0183:3:142,wn-0183:13:471,TEMPORAL,BEFORE,wn-0183,-1,0.3,1
wn-0183:3:142,wn-0183:14:523,TEMPORAL,BEFORE,wn-0183,-1,0.3,1
wn-0183:13:471,wn-0183:14:523,TEMPORAL,BEFORE,wn-0183,-1,0.9,1
wn-0186:1:4,wn-0186:2:14,TEMPORAL,BEFORE,wn-0186,-1,0.8,1
wn-0186:1:4,wn-0186:2:24,TEMPORAL,SIMULTANEOUS,wn-0186,-1,0.85,1
wn-0186:1:4,wn-0186:2:25,TEMPORAL,SIMULTANEOUS,wn-0186,-1,0.85,1
wn-0186:1:4,wn-0186:5:82,TEMPORAL,BEFORE,wn-0186,-1,0.3,1
wn-0186:1:4,wn-0186:6:106,TEMPORAL,BEFORE,wn-0186,-1,0.3,1
wn-0186:1:4,wn-0186:6:93,TEMPORAL,BEFORE,wn-0186,-1,0.3,1
wn-0186:1:4,wn-0186:7:113,TEMPORAL,BEFORE,wn-0186,-1,0.3,1
wn-0186:1:4,wn-0186:7:122,TEMPORAL,BEFORE,wn-0186,-1,0.3,1
wn-0186:1:4,wn-0186:7:129,TEMPORAL,BEFORE,wn-0186,-1,0.3,1
wn-0186:1:4,wn-0186:7:133,TEMPORAL,BEFORE,wn-0186,-1,0.3,1
wn-0186:2:14,wn-0186:2:24,TEMPORAL,AFTER,wn-0186,-1,0.8,1
wn-0186:2:14,wn-0186:2:25,TEMPORAL,AFTER,wn-0186,-1,0.8,1
wn-0186:2:14,wn-0186:5:82,TEMPORAL,BEFORE,wn-0186,-1,0.3,1
wn-0186:2:14,wn-0186:6:106,TEMPORAL,BEFORE,wn-0186,-1,0.3,1
wn-0186:2:14,wn-0186:6:93,TEMPORAL,BEFORE,wn-0186,-1,0.3,1
wn-0186:2:14,wn-0186:7:113,TEMPORAL,BEFORE,wn-0186,-1,0.3,1
wn-0186:2:14,wn-0186:7:122,TEMPORAL,BEFORE,wn-0186,-1,0.3,1
wn-0186:2:14,wn-0186:7:129,TEMPORAL,BEFORE,wn-0186,-1,0.3,1
wn-0186:2:14,wn-0186:7:133,TEMPORAL,BEFORE,wn-0186,-1,0.3,1
wn-0186:2:24,wn-0186:2:25,TEMPORAL,SIMULTANEOUS,wn-0186,-1,0.85,1
wn-0186:2:24,wn-0186:5:82,TEMPORAL,BEFORE,wn-0186,-1,0.3,1
wn-0186:2:24,wn-0186:6:106,TEMPORAL,BEFORE,wn-0186,-1,0.3,1
wn-0186:2:24,wn-0186:6:93,TEMPORAL,BEFORE,wn-0186,-1,0.3,1
wn-0186:2:24,wn-0186:7:113,TEMPORAL,BEFORE,wn-0186,-1,0.3,1
wn-0186:2:24,wn-0186:7:122,TEMPORAL,BEFORE,wn-0186,-1,0.3,1
wn-0186:2:24,wn-0186:7:129,TEMPORAL,BEFORE,wn-0186,-1,0.3,1
wn-0186:2:24,wn-0186:7:133,TEMPORAL,BEFORE,wn-0186,-1,0.3,1
wn-0186:2:25,wn-0186:5:82,TEMPORAL,BEFORE,wn-0186,-1,0.3,1
wn-0186:2:25,wn-0186:6:106,TEMPORAL,BEFORE,wn-0186,-1,0.3,1
wn-0186:2:25,wn-0186:6:93,TEMPORAL,BEFORE,wn-0186,-1,0.3,1
wn-0186:2:25,wn-0186:7:113,TEMPORAL,BEFORE,wn-0186,-1,0.3,1
wn-0186:2:25,wn-0186:7:122,TEMPORAL,BEFORE,wn-0186,-1,0.3,1
wn-0186:2:25,wn-0186:7:129,TEMPORAL,BEFORE,wn-0186,-1,0.3,1
wn-0186:2:25,wn-0186:7:133,TEMPORAL,BEFORE,wn-0186,-1,0.3,1
wn-0186:5:82,wn-0186:6:106,TEMPORAL,BEFORE,wn-0186,-1,0.3,1
wn-0186:5:82,wn-0186:6:93,TEMPORAL,BEFORE,wn-0186,-1,0.3,1
wn-0186:5:82,wn-0186:7:113,TEMPORAL,BEFORE,wn-0186,-1,0.3,1
wn-0186:5:82,wn-0186:7:122,TEMPORAL,BEFORE,wn-0186,-1,0.3,1
wn-0186:5:82,wn-0186:7:129,TEMPORAL,BEFORE,wn-0186,-1,0.3,1
wn-0186:5:82,wn-0186:7:133,TEMPORAL,BEFORE,wn-0186,-1,0.3,1
wn-0186:6:106,wn-0186:7:113,TEMPORAL,BEFORE,wn-0186,-1,0.3,1
wn-0186:6:106,wn-0186:7:122,TEMPORAL,BEFORE,wn-0186,-1,0.3,1
wn-0186:6:106,wn-0186:7:129,TEMPORAL,BEFORE,wn-0186,-1,0.3,1
wn-0186:6:106,wn-0186:7:133,TEMPORAL,BEFORE,wn-0186,-1,0.3,1
wn-0186:6:93,wn-0186:7:113,TEMPORAL,BEFORE,wn-0186,-1,0.3,1
wn-0186:6:93,wn-0186:7:122,TEMPORAL,BEFORE,wn-0186,-1,0.3,1
wn-0186:6:93,wn-0186:7:129,TEMPORAL,BEFORE,wn-0186,-1,0.3,1
wn-0186:6:93,wn-0186:7:133,TEMPORAL,BEFORE,wn-0186,-1,0.3,1
wn-0187:0:6,wn-0187:1:25,TEMPORAL,BEFORE,wn-0187,-1,0.3,1
wn-0187:0:6,wn-0187:1:47,TEMPORAL,BEFORE,wn-0187,-1,0.3,1
wn-0187:0:6,wn-0187:1:51,TEMPORAL,BEFORE,wn-0187,-1,0.3,1
wn-0187:0:6,wn-0187:2:67,TEMPORAL,BEFORE,wn-0187,-1,0.3,1
wn-0187:0:6,wn-0187:2:90,TEMPORAL,BEFORE,wn-0187,-1,0.3,1
wn-0187:0:6,wn-0187:4:125,TEMPORAL,BEFORE,wn-0187,-1,0.3,1
wn-0187:0:6,wn-0187:6:158,TEMPORAL,BEFORE,wn-0187,-1,0.3,1
wn-0187:1:25,wn-0187:1:47,TEMPORAL,AFTER,wn-0187,-1,0.5,1
wn-0187:1:25,wn-0187:1:51,TEMPORAL,AFTER,wn-0187,-1,0.5,1
wn-0187:1:25,wn-0187:2:67,TEMPORAL,BEFORE,wn-0187,-1,0.3,1
wn-0187:1:25,wn-0187:2:90,TEMPORAL,BEFORE,wn-0187,-1,0.3,1
wn-0187:1:25,wn-0187:4:125,TEMPORAL,BEFORE,wn-0187,-1,0.3,1
wn-0187:1:25,wn-0187:6:158,TEMPORAL,BEFORE,wn-0187,-1,0.3,1
wn-0187:1:47,wn-0187:1:51,TEMPORAL,AFTER,wn-0187,-1,0.5,1
wn-0187:1:47,wn-0187:2:67,TEMPORAL,BEFORE,wn-0187,-1,0.3,1
wn-0187:1:47,wn-0187:2:90,TEMPORAL,BEFORE,wn-0187,-1,0.3,1
wn-0187:1:47,wn-0187:4:125,TEMPORAL,BEFORE,wn-0187,-1,0.3,1
wn-0187:1:47,wn-0187:6:158,TEMPORAL,BEFORE,wn-0187,-1,0.3,1
wn-0187:1:51,wn-0187:2:67,TEMPORAL,BEFORE,wn-0187,-1,0.3,1
wn-0187:1:51,wn-0187:2:90,TEMPORAL,BEFORE,wn-0187,-1,0.3,1
wn-0187:1:51,wn-0187:4:125,TEMPORAL,BEFORE,wn-0187,-1,0.3,1
wn-0187:1:51,wn-0187:6:158,TEMPORAL,BEFORE,wn-0187,-1,0.3,1
wn-0187:2:67,wn-0187:4:125,TEMPORAL,BEFORE,wn-0187,-1,0.3,1
wn-0187:2:67,wn-0187:6:158,TEMPORAL,BEFORE,wn-0187,-1,0.3,1
wn-0187:2:90,wn-0187:4:125,TEMPORAL,BEFORE,wn-0187,-1,0.3,1
wn-0187:2:90,wn-0187:6:158,TEMPORAL,BEFORE,wn-0187,-1,0.3,1
wn-0187:4:125,wn-0187:6:158,TEMPORAL,BEFORE,wn-0187,-1,0.3,1
wn-0188:0:8,wn-0188:4:160,TEMPORAL,BEFORE,wn-0188,-1,0.3,1
wn-0188:0:8,wn-0188:5:173,TEMPORAL,BEFORE,wn-0188,-1,0.3,1
wn-0188:0:8,wn-0188:6:243,TEMPORAL,BEFORE,wn-0188,-1,0.3,1
wn-0188:0:8,wn-0188:6:270,TEMPORAL,BEFORE,wn-0188,-1,0.3,1
wn-0188:0:8,wn-0188:8:303,TEMPORAL,BEFORE,wn-0188,-1,0.3,1
wn-0188:0:8,wn-0188:9:322,TEMPORAL,BEFORE,wn-0188,-1,0.3,1
wn-0188:0:8,wn-0188:10:336,TEMPORAL,BEFORE,wn-0188,-1,0.3,1
wn-0188:4:160,wn-0188:5:173,TEMPORAL,BEFORE,wn-0188,-1,0.3,1
wn-0188:4:160,wn-0188:6:243,TEMPORAL,BEFORE,wn-0188,-1,0.3,1
wn-0188:4:160,wn-0188:6:270,TEMPORAL,BEFORE,wn-0188,-1,0.3,1
wn-0188:4:160,wn-0188:8:303,TEMPORAL,BEFORE,wn-0188,-1,0.3,1
wn-0188:4:160,wn-0188:9:322,TEMPORAL,BEFORE,wn-0188,-1,0.3,1
wn-0188:4:160,wn-0188:10:336,TEMPORAL,BEFORE,wn-0188,-1,0.3,1
wn-0188:5:173,wn-0188:6:243,TEMPORAL,BEFORE,wn-0188,-1,0.3,1
wn-0188:5:173,wn-0188:6:270,TEMPORAL,BEFORE,wn-0188,-1,0.3,1
wn-0188:5:173,wn-0188:8:303,TEMPORAL,BEFORE,wn-0188,-1,0.3,1
wn-0188:5:173,wn-0188:9:322,TEMPORAL,BEFORE,wn-0188,-1,0.3,1
wn-0188:5:173,wn-0188:10:336,TEMPORAL,BEFORE,wn-0188,-1,0.3,1
wn-0188:6:243,wn-0188:6:270,TEMPORAL,BEFORE,wn-0188,-1,0.5,1
wn-0188:6:243,wn-0188:8:303,TEMPORAL,BEFORE,wn-0188,-1,0.3,1
wn-0188:6:243,wn-0188:9:322,TEMPORAL,BEFORE,wn-0188,-1,0.3,1
wn-0188:6:243,wn-0188:10:336,TEMPORAL,BEFORE,wn-0188,-1,0.3,1
wn-0188:6:270,wn-0188:8:303,TEMPORAL,BEFORE,wn-0188,-1,0.3,1
wn-0188:6:270,wn-0188:9:322,TEMPORAL,BEFORE,wn-0188,-1,0.3,1
wn-0188:6:270,wn-0188:10:336,TEMPORAL,BEFORE,wn-0188,-1,0.3,1
wn-0188:8:303,wn-0188:9:322,TEMPORAL,BEFORE,wn-0188,-1,0.3,1
wn-0188:8:303,wn-0188:10:336,TEMPORAL,BEFORE,wn-0188,-1,0.3,1
wn-0188:9:322,wn-0188:10:336,TEMPORAL,BEFORE,wn-0188,-1,0.3,1
wn-0189:2:39,wn-0189:3:71,TEMPORAL,BEFORE,wn-0189,-1,0.3,1
wn-0189:2:39,wn-0189:11:226,TEMPORAL,BEFORE,wn-0189,-1,0.3,1
wn-0189:3:71,wn-0189:11:226,TEMPORAL,BEFORE,wn-0189,-1,0.3,1
wn-0191:2:74,wn-0191:2:79,TEMPORAL,BEFORE,wn-0191,-1,0.95,1
wn-0192:0:20,wn-0192:1:41,TEMPORAL,BEFORE,wn-0192,-1,0.3,1
wn-0192:0:20,wn-0192:8:241,TEMPORAL,BEFORE,wn-0192,-1,0.3,1
wn-0192:0:20,wn-0192:9:247,TEMPORAL,BEFORE,wn-0192,-1,0.3,1
wn-0192:0:20,wn-0192:9:271,TEMPORAL,BEFORE,wn-0192,-1,0.3,1
wn-0192:0:25,wn-0192:1:41,TEMPORAL,BEFORE,wn-0192,-1,0.7,1
wn-0192:0:25,wn-0192:8:241,TEMPORAL,BEFORE,wn-0192,-1,0.3,1
wn-0192:0:25,wn-0192:9:247,TEMPORAL,BEFORE,wn-0192,-1,0.3,1
wn-0192:0:25,wn-0192:9:271,TEMPORAL,BEFORE,wn-0192,-1,0.3,1
wn-0192:1:41,wn-0192:8:241,TEMPORAL,BEFORE,wn-0192,-1,0.3,1
wn-0192:1:41,wn-0192:9:247,TEMPORAL,BEFORE,wn-0192,-1,0.3,1
wn-0192:1:41,wn-0192:9:271,TEMPORAL,BEFORE,wn-0192,-1,0.3,1
wn-0192:8:241,wn-0192:9:247,TEMPORAL,BEFORE,wn-0192,-1,0.3,1
wn-0192:8:241,wn-0192:9:271,TEMPORAL,BEFORE,wn-0192,-1,0.3,1
wn-0192:9:247,wn-0192:9:271,TEMPORAL,BEFORE,wn-0192,-1,0.5,1
wn-0194:1:47,wn-0194:2:76,TEMPORAL,BEFORE,wn-0194,-1,0.3,1
wn-0194:1:47,wn-0194:4:132,TEMPORAL,BEFORE,wn-0194,-1,0.3,1
wn-0194:1:47,wn-0194:5:144,TEMPORAL,BEFORE,wn-0194,-1,0.3,1
wn-0194:1:47,wn-0194:5:164,TEMPORAL,BEFORE,wn-0194,-1,0.3,1
wn-0194:1:47,wn-0194:9:239,TEMPORAL,BEFORE,wn-0194,-1,0.3,1
wn-0194:2:76,wn-0194:4:132,TEMPORAL,BEFORE,wn-0194,-1,0.3,1
wn-0194:2:76,wn-0194:5:144,TEMPORAL,BEFORE,wn-0194,-1,0.3,1
wn-0194:2:76,wn-0194:5:164,TEMPORAL,BEFORE,wn-0194,-1,0.3,1
wn-0194:2:76,wn-0194:9:239,TEMPORAL,BEFORE,wn-0194,-1,0.3,1
wn-0194:4:132,wn-0194:5:144,TEMPORAL,BEFORE,wn-0194,-1,0.3,1
wn-0194:4:132,wn-0194:5:164,TEMPORAL,BEFORE,wn-0194,-1,0.3,1
wn-0194:4:132,wn-0194:9:239,TEMPORAL,BEFORE,wn-0194,-1,0.3,1
wn-0194:5:144,wn-0194:5:164,TEMPORAL,SIMULTANEOUS,wn-0194,-1,0.5,1
wn-0194:5:144,wn-0194:9:239,TEMPORAL,BEFORE,wn-0194,-1,0.3,1
wn-0194:5:164,wn-0194:9:239,TEMPORAL,BEFORE,wn-0194,-1,0.3,1
wn-0195:0:14,wn-0195:4:120,TEMPORAL,BEFORE,wn-0195,-1,0.3,1
wn-0196:1:30,wn-0196:5:121,TEMPORAL,BEFORE,wn-0196,-1,0.3,1
wn-0196:1:30,wn-0196:6:140,TEMPORAL,BEFORE,wn-0196,-1,0.3,1
wn-0196:1:30,wn-0196:11:303,TEMPORAL,BEFORE,wn-0196,-1,0.3,1
wn-0196:5:121,wn-0196:6:140,TEMPORAL,BEFORE,wn-0196,-1,0.3,1
wn-0196:5:121,wn-0196:11:303,TEMPORAL,BEFORE,wn-0196,-1,0.3,1
wn-0196:6:140,wn-0196:11:303,TEMPORAL,BEFORE,wn-0196,-1,0.3,1
wn-0198:0:9,wn-0198:1:44,TEMPORAL,BEFORE,wn-0198,-1,0.3,1
wn-0198:0:9,wn-0198:2:52,TEMPORAL,BEFORE,wn-0198,-1,0.3,1
wn-0198:0:9,wn-0198:7:187,TEMPORAL,BEFORE,wn-0198,-1,0.3,1
wn-0198:0:9,wn-0198:8:215,TEMPORAL,BEFORE,wn-0198,-1,0.3,1
wn-0198:0:9,wn-0198:8:227,TEMPORAL,BEFORE,wn-0198,-1,0.3,1
wn-0198:1:44,wn-0198:2:52,TEMPORAL,BEFORE,wn-0198,-1,0.3,1
wn-0198:1:44,wn-0198:7:187,TEMPORAL,BEFORE,wn-0198,-1,0.3,1
wn-0198:1:44,wn-0198:8:215,TEMPORAL,BEFORE,wn-0198,-1,0.3,1
wn-0198:1:44,wn-0198:8:227,TEMPORAL,BEFORE,wn-0198,-1,0.3,1
wn-0198:2:52,wn-0198:7:187,TEMPORAL,BEFORE,wn-0198,-1,0.3,1
wn-0198:2:52,wn-0198:8:215,TEMPORAL,BEFORE,wn-0198,-1,0.3,1
wn-0198:2:52,wn-0198:8:227,TEMPORAL,BEFORE,wn-0198,-1,0.3,1
wn-0198:7:187,wn-0198:8:215,TEMPORAL,BEFORE,wn-0198,-1,0.3,1
wn-0198:7:187,wn-0198:8:227,TEMPORAL,BEFORE,wn-0198,-1,0.3,1
wn-0200:3:81,wn-0200:7:191,TEMPORAL,BEFORE,wn-0200,-1,0.3,1
wn-0200:3:81,wn-0200:7:198,TEMPORAL,BEFORE,wn-0200,-1,0.3,1
wn-0200:7:191,wn-0200:7:198,TEMPORAL,SIMULTANEOUS,wn-0200,-1,0.9,1
wn-0203:0:11,wn-0203:1:33,TEMPORAL,BEFORE,wn-0203,-1,0.3,1
wn-0203:0:11,wn-0203:4:122,TEMPORAL,BEFORE,wn-0203,-1,0.3,1
wn-0203:0:11,wn-0203:13:330,TEMPORAL,BEFORE,wn-0203,-1,0.3,1
wn-0203:0:11,wn-0203:13:342,TEMPORAL,BEFORE,wn-0203,-1,0.3,1
wn-0203:0:11,wn-0203:14:363,TEMPORAL,BEFORE,wn-0203,-1,0.3,1
wn-0203:1:33,wn-0203:4:122,TEMPORAL,BEFORE,wn-0203,-1,0.3,1
wn-0203:1:33,wn-0203:13:330,TEMPORAL,BEFORE,wn-0203,-1,0.3,1
wn-0203:1:33,wn-0203:13:342,TEMPORAL,BEFORE,wn-0203,-1,0.3,1
wn-0203:1:33,wn-0203:14:363,TEMPORAL,BEFORE,wn-0203,-1,0.3,1
wn-0203:4:122,wn-0203:13:330,TEMPORAL,BEFORE,wn-0203,-1,0.3,1
wn-0203:4:122,wn-0203:13:342,TEMPORAL,BEFORE,wn-0203,-1,0.3,1
wn-0203:4:122,wn-0203:14:363,TEMPORAL,BEFORE,wn-0203,-1,0.3,1
wn-0203:13:330,wn-0203:13:342,TEMPORAL,SIMULTANEOUS,wn-0203,-1,0.9,1
wn-0203:13:330,wn-0203:14:363,TEMPORAL,BEFORE,wn-0203,-1,0.75,1
wn-0203:13:342,wn-0203:14:363,TEMPORAL,BEFORE,wn-0203,-1,0.75,1
wn-0204:0:7,wn-0204:2:59,TEMPORAL,BEFORE,wn-0204,-1,0.3,1
wn-0204:0:7,wn-0204:3:66,TEMPORAL,BEFORE,wn-0204,-1,0.3,1
wn-0204:0:7,wn-0204:5:139,TEMPORAL,BEFORE,wn-0204,-1,0.3,1
wn-0204:0:7,wn-0204:6:150,TEMPORAL,BEFORE,wn-0204,-1,0.3,1
wn-0204:0:7,wn-0204:7:173,TEMPORAL,BEFORE,wn-0204,-1,0.3,1
wn-0204:0:7,wn-0204:9:219,TEMPORAL,BEFORE,wn-0204,-1,0.3,1
wn-0204:0:7,wn-0204:10:228,TEMPORAL,BEFORE,wn-0204,-1,0.3,1
wn-0204:0:7,wn-0204:11:238,TEMPORAL,BEFORE,wn-0204,-1,0.3,1
wn-0204:0:7,wn-0204:12:272,TEMPORAL,BEFORE,wn-0204,-1,0.3,1
wn-0204:0:7,wn-0204:15:336,TEMPORAL,BEFORE,wn-0204,-1,0.3,1
wn-0204:0:7,wn-0204:16:370,TEMPORAL,BEFORE,wn-0204,-1,0.3,1
wn-0204:0:7,wn-0204:21:522,TEMPORAL,BEFORE,wn-0204,-1,0.3,1
wn-0204:2:59,wn-0204:3:66,TEMPORAL,BEFORE,wn-0204,-1,0.3,1
wn-0204:2:59,wn-0204:5:139,TEMPORAL,BEFORE,wn-0204,-1,0.3,1
wn-0204:2:59,wn-0204:6:150,TEMPORAL,BEFORE,wn-0204,-1,0.3,1
wn-0204:2:59,wn-0204:7:173,TEMPORAL,BEFORE,wn-0204,-1,0.3,1
wn-0204:2:59,wn-0204:9:219,TEMPORAL,BEFORE,wn-0204,-1,0.3,1
wn-0204:2:59,wn-0204:10:228,TEMPORAL,BEFORE,wn-0204,-1,0.3,1
wn-0204:2:59,wn-0204:11:238,TEMPORAL,BEFORE,wn-0204,-1,0.3,1
wn-0204:2:59,wn-0204:12:272,TEMPORAL,BEFORE,wn-0204,-1,0.3,1
wn-0204:2:59,wn-0204:15:336,TEMPORAL,BEFORE,wn-0204,-1,0.3,1
wn-0204:2:59,wn-0204:16:370,TEMPORAL,BEFORE,wn-0204,-1,0.3,1
wn-0204:2:59,wn-0204:21:522,TEMPORAL,BEFORE,wn-0204,-1,0.3,1
wn-0204:3:66,wn-0204:5:139,TEMPORAL,BEFORE,wn-0204,-1,0.3,1
wn-0204:3:66,wn-0204:6:150,TEMPORAL,BEFORE,wn-0204,-1,0.3,1
wn-0204:3:66,wn-0204:7:173,TEMPORAL,BEFORE,wn-0204,-1,0.3,1
wn-0204:3:66,wn-0204:9:219,TEMPORAL,BEFORE,wn-0204,-1,0.3,1
wn-0204:3:66,wn-0204:10:228,TEMPORAL,BEFORE,wn-0204,-1,0.3,1
wn-0204:3:66,wn-0204:11:238,TEMPORAL,BEFORE,wn-0204,-1,0.3,1
wn-0204:3:66,wn-0204:12:272,TEMPORAL,BEFORE,wn-0204,-1,0.3,1
wn-0204:3:66,wn-0204:15:336,TEMPORAL,BEFORE,wn-0204,-1,0.3,1
wn-0204:3:66,wn-0204:16:370,TEMPORAL,BEFORE,wn-0204,-1,0.3,1
wn-0204:3:66,wn-0204:21:522,TEMPORAL,BEFORE,wn-0204,-1,0.3,1
wn-0204:5:139,wn-0204:6:150,TEMPORAL,BEFORE,wn-0204,-1,0.3,1
wn-0204:5:139,wn-0204:7:173,TEMPORAL,BEFORE,wn-0204,-1,0.3,1
wn-0204:5:139,wn-0204:9:219,TEMPORAL,BEFORE,wn-0204,-1,0.3,1
wn-0204:5:139,wn-0204:10:228,TEMPORAL,BEFORE,wn-0204,-1,0.3,1
wn-0204:5:139,wn-0204:11:238,TEMPORAL,BEFORE,wn-0204,-1,0.3,1
wn-0204:5:139,wn-0204:12:272,TEMPORAL,BEFORE,wn-0204,-1,0.3,1
wn-0204:5:139,wn-0204:15:336,TEMPORAL,BEFORE,wn-0204,-1,0.3,1
wn-0204:5:139,wn-0204:16:370,TEMPORAL,BEFORE,wn-0204,-1,0.3,1
wn-0204:5:139,wn-0204:21:522,TEMPORAL,BEFORE,wn-0204,-1,0.3,1
wn-0204:6:150,wn-0204:7:173,TEMPORAL,BEFORE,wn-0204,-1,0.3,1
wn-0204:6:150,wn-0204:9:219,TEMPORAL,BEFORE,wn-0204,-1,0.3,1
wn-0204:6:150,wn-0204:10:228,TEMPORAL,BEFORE,wn-0204,-1,0.3,1
wn-0204:6:150,wn-0204:11:238,TEMPORAL,BEFORE,wn-0204,-1,0.3,1
wn-0204:6:150,wn-0204:12:272,TEMPORAL,BEFORE,wn-0204,-1,0.3,1
wn-0204:6:150,wn-0204:15:336,TEMPORAL,BEFORE,wn-0204,-1,0.3,1
wn-0204:6:150,wn-0204:16:370,TEMPORAL,BEFORE,wn-0204,-1,0.3,1
wn-0204:6:150,wn-0204:21:522,TEMPORAL,BEFORE,wn-0204,-1,0.3,1
wn-0204:7:173,wn-0204:9:219,TEMPORAL,BEFORE,wn-0204,-1,0.3,1
wn-0204:7:173,wn-0204:10:228,TEMPORAL,BEFORE,wn-0204,-1,0.3,1
wn-0204:7:173,wn-0204:11:238,TEMPORAL,BEFORE,wn-0204,-1,0.3,1
wn-0204:7:173,wn-0204:12:272,TEMPORAL,BEFORE,wn-0204,-1,0.3,1
wn-0204:7:173,wn-0204:15:336,TEMPORAL,BEFORE,wn-0204,-1,0.3,1
wn-0204:7:173,wn-0204:16:370,TEMPORAL,BEFORE,wn-0204,-1,0.3,1
wn-0204:7:173,wn-0204:21:522,TEMPORAL,BEFORE,wn-0204,-1,0.3,1
wn-0204:9:219,wn-0204:10:228,TEMPORAL,BEFORE,wn-0204,-1,0.3,1
wn-0204:9:219,wn-0204:11:238,TEMPORAL,BEFORE,wn-0204,-1,0.3,1
wn-0204:9:219,wn-0204:12:272,TEMPORAL,BEFORE,wn-0204,-1,0.3,1
wn-0204:9:219,wn-0204:15:336,TEMPORAL,BEFORE,wn-0204,-1,0.3,1
wn-0204:9:219,wn-0204:16:370,TEMPORAL,BEFORE,wn-0204,-1,0.3,1
wn-0204:9:219,wn-0204:21:522,TEMPORAL,BEFORE,wn-0204,-1,0.3,1
wn-0204:10:228,wn-0204:11:238,TEMPORAL,BEFORE,wn-0204,-1,0.3,1
wn-0204:10:228,wn-0204:12:272,TEMPORAL,BEFORE,wn-0204,-1,0.3,1
wn-0204:10:228,wn-0204:15:336,TEMPORAL,BEFORE,wn-0204,-1,0.3,1
wn-0204:10:228,wn-0204:16:370,TEMPORAL,BEFORE,wn-0204,-1,0.3,1
wn-0204:10:228,wn-0204:21:522,TEMPORAL,BEFORE,wn-0204,-1,0.3,1
wn-0204:11:238,wn-0204:12:272,TEMPORAL,BEFORE,wn-0204,-1,0.3,1
wn-0204:11:238,wn-0204:15:336,TEMPORAL,BEFORE,wn-0204,-1,0.3,1
wn-0204:11:238,wn-0204:16:370,TEMPORAL,BEFORE,wn-0204,-1,0.3,1
wn-0204:11:238,wn-0204:21:522,TEMPORAL,BEFORE,wn-0204,-1,0.3,1
wn-0204:12:272,wn-0204:15:336,TEMPORAL,BEFORE,wn-0204,-1,0.3,1
wn-0204:12:272,wn-0204:16:370,TEMPORAL,BEFORE,wn-0204,-1,0.3,1
wn-0204:12:272,wn-0204:21:522,TEMPORAL,BEFORE,wn-0204,-1,0.3,1
wn-0204:15:336,wn-0204:16:370,TEMPORAL,BEFORE,wn-0204,-1,0.3,1
wn-0204:15:336,wn-0204:21:522,TEMPORAL,BEFORE,wn-0204,-1,0.3,1
wn-0204:16:370,wn-0204:21:522,TEMPORAL,BEFORE,wn-0204,-1,0.3,1
wn-0205:0:3,wn-0205:0:30,TEMPORAL,AFTER,wn-0205,-1,0.5,1
wn-0205:0:3,wn-0205:0:4,TEMPORAL,AFTER,wn-0205,-1,0.5,1
wn-0205:0:3,wn-0205:3:108,TEMPORAL,BEFORE,wn-0205,-1,0.3,1
wn-0205:0:3,wn-0205:3:155,TEMPORAL,BEFORE,wn-0205,-1,0.3,1
wn-0205:0:3,wn-0205:4:173,TEMPORAL,BEFORE,wn-0205,-1,0.3,1
wn-0205:0:30,wn-0205:0:4,TEMPORAL,AFTER,wn-0205,-1,0.5,1
wn-0205:0:30,wn-0205:3:108,TEMPORAL,BEFORE,wn-0205,-1,0.3,1
wn-0205:0:30,wn-0205:3:155,TEMPORAL,BEFORE,wn-0205,-1,0.3,1
wn-0205:0:30,wn-0205:4:173,TEMPORAL,BEFORE,wn-0205,-1,0.3,1
wn-0205:0:4,wn-0205:3:108,TEMPORAL,BEFORE,wn-0205,-1,0.3,1
wn-0205:0:4,wn-0205:3:155,TEMPORAL,BEFORE,wn-0205,-1,0.3,1
wn-0205:0:4,wn-0205:4:173,TEMPORAL,BEFORE,wn-0205,-1,0.3,1
wn-0205:3:108,wn-0205:3:155,TEMPORAL,BEFORE,wn-0205,-1,0.5,1
wn-0205:3:108,wn-0205:4:173,TEMPORAL,BEFORE,wn-0205,-1,0.3,1
wn-0205:3:155,wn-0205:4:173,TEMPORAL,BEFORE,wn-0205,-1,0.3,1
wn-0206:1:13,wn-0206:2:38,TEMPORAL,BEFORE,wn-0206,-1,0.8,1
wn-0206:1:13,wn-0206:2:50,TEMPORAL,BEFORE,wn-0206,-1,0.3,1
wn-0206:1:13,wn-0206:3:60,TEMPORAL,AFTER,wn-0206,-1,0.9,1
wn-0206:1:13,wn-0206:3:74,TEMPORAL,AFTER,wn-0206,-1,0.9,1
wn-0206:1:13,wn-0206:3:83,TEMPORAL,AFTER,wn-0206,-1,0.9,1
wn-0206:1:13,wn-0206:4:94,TEMPORAL,BEFORE,wn-0206,-1,0.9,1
wn-0206:1:13,wn-0206:9:221,TEMPORAL,BEFORE,wn-0206,-1,0.75,1
wn-0206:1:13,wn-0206:11:287,TEMPORAL,BEFORE,wn-0206,-1,0.3,1
wn-0206:1:13,wn-0206:12:302,TEMPORAL,SIMULTANEOUS,wn-0206,-1,0.9,1
wn-0206:1:13,wn-0206:14:333,TEMPORAL,BEFORE,wn-0206,-1,0.3,1
wn-0206:1:13,wn-0206:14:336,TEMPORAL,BEFORE,wn-0206,-1,0.3,1
wn-0206:2:38,wn-0206:3:60,TEMPORAL,AFTER,wn-0206,-1,0.8,1
wn-0206:2:38,wn-0206:3:74,TEMPORAL,AFTER,wn-0206,-1,0.8,1
wn-0206:2:38,wn-0206:3:83,TEMPORAL,AFTER,wn-0206,-1,0.8,1
wn-0206:2:38,wn-0206:4:94,TEMPORAL,BEFORE,wn-0206,-1,0.8,1
wn-0206:2:38,wn-0206:9:221,TEMPORAL,BEFORE,wn-0206,-1,0.75,1
wn-0206:2:38,wn-0206:11:287,TEMPORAL,BEFORE,wn-0206,-1,0.3,1
wn-0206:2:38,wn-0206:12:302,TEMPORAL,AFTER,wn-0206,-1,0.8,1
wn-0206:2:38,wn-0206:14:333,TEMPORAL,BEFORE,wn-0206,-1,0.3,1
wn-0206:2:38,wn-0206:14:336,TEMPORAL,BEFORE,wn-0206,-1,0.3,1
wn-0206:2:50,wn-0206:3:60,TEMPORAL,BEFORE,wn-0206,-1,0.3,1
wn-0206:2:50,wn-0206:3:74,TEMPORAL,BEFORE,wn-0206,-1,0.3,1
wn-0206:2:50,wn-0206:3:83,TEMPORAL,BEFORE,wn-0206,-1,0.3,1
wn-0206:2:50,wn-0206:4:94,TEMPORAL,BEFORE,wn-0206,-1,0.3,1
wn-0206:2:50,wn-0206:9:221,TEMPORAL,BEFORE,wn-0206,-1,0.3,1
wn-0206:2:50,wn-0206:11:287,TEMPORAL,BEFORE,wn-0206,-1,0.3,1
wn-0206:2:50,wn-0206:12:302,TEMPORAL,BEFORE,wn-0206,-1,0.3,1
wn-0206:2:50,wn-0206:14:333,TEMPORAL,BEFORE,wn-0206,-1,0.3,1
wn-0206:2:50,wn-0206:14:336,TEMPORAL,BEFORE,wn-0206,-1,0.3,1
wn-0206:3:60,wn-0206:3:74,TEMPORAL,SIMULTANEOUS,wn-0206,-1,0.97,1
wn-0206:3:60,wn-0206:3:83,TEMPORAL,SIMULTANEOUS,wn-0206,-1,0.97,1
wn-0206:3:60,wn-0206:4:94,TEMPORAL,BEFORE,wn-0206,-1,0.9,1
wn-0206:3:60,wn-0206:9:221,TEMPORAL,BEFORE,wn-0206,-1,0.75,1
wn-0206:3:60,wn-0206:11:287,TEMPORAL,BEFORE,wn-0206,-1,0.3,1
wn-0206:3:60,wn-0206:12:302,TEMPORAL,BEFORE,wn-0206,-1,0.9,1
wn-0206:3:60,wn-0206:14:333,TEMPORAL,BEFORE,wn-0206,-1,0.3,1
wn-0206:3:60,wn-0206:14:336,TEMPORAL,BEFORE,wn-0206,-1,0.3,1
wn-0206:3:74,wn-0206:3:83,TEMPORAL,SIMULTANEOUS,wn-0206,-1,0.97,1
wn-0206:3:74,wn-0206:4:94,TEMPORAL,BEFORE,wn-0206,-1,0.9,1
wn-0206:3:74,wn-0206:9:221,TEMPORAL,BEFORE,wn-0206,-1,0.75,1
wn-0206:3:74,wn-0206:11:287,TEMPORAL,BEFORE,wn-0206,-1,0.3,1
wn-0206:3:74,wn-0206:12:302,TEMPORAL,BEFORE,wn-0206,-1,0.9,1
wn-0206:3:74,wn-0206:14:333,TEMPORAL,BEFORE,wn-0206,-1,0.3,1
wn-0206:3:74,wn-0206:14:336,TEMPORAL,BEFORE,wn-0206,-1,0.3,1
wn-0206:3:83,wn-0206:4:94,TEMPORAL,BEFORE,wn-0206,-1,0.9,1
wn-0206:3:83,wn-0206:9:221,TEMPORAL,BEFORE,wn-0206,-1,0.75,1
wn-0206:3:83,wn-0206:11:287,TEMPORAL,BEFORE,wn-0206,-1,0.3,1
wn-0206:3:83,wn-0206:12:302,TEMPORAL,BEFORE,wn-0206,-1,0.9,1
wn-0206:3:83,wn-0206:14:333,TEMPORAL,BEFORE,wn-0206,-1,0.3,1
wn-0206:3:83,wn-0206:14:336,TEMPORAL,BEFORE,wn-0206,-1,0.3,1
wn-0206:4:94,wn-0206:9:221,TEMPORAL,BEFORE,wn-0206,-1,0.75,1
wn-0206:4:94,wn-0206:11:287,TEMPORAL,BEFORE,wn-0206,-1,0.3,1
wn-0206:4:94,wn-0206:12:302,TEMPORAL,AFTER,wn-0206,-1,0.9,1
wn-0206:4:94,wn-0206:14:333,TEMPORAL,BEFORE,wn-0206,-1,0.3,1
wn-0206:4:94,wn-0206:14:336,TEMPORAL,BEFORE,wn-0206,-1,0.3,1
wn-0206:9:221,wn-0206:11:287,TEMPORAL,BEFORE,wn-0206,-1,0.3,1
wn-0206:9:221,wn-0206:12:302,TEMPORAL,AFTER,wn-0206,-1,0.75,1
wn-0206:9:221,wn-0206:14:333,TEMPORAL,BEFORE,wn-0206,-1,0.3,1
wn-0206:9:221,wn-0206:14:336,TEMPORAL,BEFORE,wn-0206,-1,0.3,1
wn-0206:11:287,wn-0206:12:302,TEMPORAL,BEFORE,wn-0206,-1,0.3,1
wn-0206:11:287,wn-0206:14:333,TEMPORAL,BEFORE,wn-0206,-1,0.3,1
wn-0206:11:287,wn-0206:14:336,TEMPORAL,BEFORE,wn-0206,-1,0.3,1
wn-0206:12:302,wn-0206:14:333,TEMPORAL,BEFORE,wn-0206,-1,0.3,1
wn-0206:12:302,wn-0206:14:336,TEMPORAL,BEFORE,wn-0206,-1,0.3,1
wn-0207:1:38,wn-0207:7:177,TEMPORAL,BEFORE,wn-0207,-1,0.3,1
wn-0207:1:38,wn-0207:8:230,TEMPORAL,BEFORE,wn-0207,-1,0.8,1
wn-0207:1:38,wn-0207:8:238,TEMPORAL,BEFORE,wn-0207,-1,0.8,1
wn-0207:7:177,wn-0207:8:230,TEMPORAL,BEFORE,wn-0207,-1,0.3,1
wn-0207:7:177,wn-0207:8:238,TEMPORAL,BEFORE,wn-0207,-1,0.3,1
wn-0207:8:230,wn-0207:8:238,TEMPORAL,SIMULTANEOUS,wn-0207,-1,0.8,1
wn-0208:2:5,wn-0208:3:30,TEMPORAL,BEFORE,wn-0208,-1,0.8,1
wn-0209:2:44,wn-0209:3:47,TEMPORAL,BEFORE,wn-0209,-1,0.3,1
wn-0209:2:44,wn-0209:5:122,TEMPORAL,BEFORE,wn-0209,-1,0.3,1
wn-0209:2:44,wn-0209:5:128,TEMPORAL,BEFORE,wn-0209,-1,0.3,1
wn-0209:2:44,wn-0209:6:154,TEMPORAL,BEFORE,wn-0209,-1,0.3,1
wn-0209:2:44,wn-0209:8:231,TEMPORAL,BEFORE,wn-0209,-1,0.3,1
wn-0209:3:47,wn-0209:5:122,TEMPORAL,AFTER,wn-0209,-1,0.7,1
wn-0209:3:47,wn-0209:5:128,TEMPORAL,AFTER,wn-0209,-1,0.7,1
wn-0209:3:47,wn-0209:6:154,TEMPORAL,BEFORE,wn-0209,-1,0.3,1
wn-0209:3:47,wn-0209:8:231,TEMPORAL,BEFORE,wn-0209,-1,0.3,1
wn-0209:5:122,wn-0209:5:128,TEMPORAL,SIMULTANEOUS,wn-0209,-1,0.97,1
wn-0209:5:122,wn-0209:6:154,TEMPORAL,BEFORE,wn-0209,-1,0.3,1
wn-0209:5:122,wn-0209:8:231,TEMPORAL,BEFORE,wn-0209,-1,0.3,1
wn-0209:5:128,wn-0209:6:154,TEMPORAL,BEFORE,wn-0209,-1,0.3,1
wn-0209:5:128,wn-0209:8:231,TEMPORAL,BEFORE,wn-0209,-1,0.3,1
wn-0209:6:154,wn-0209:8:231,TEMPORAL,BEFORE,wn-0209,-1,0.3,1
wn-0210:0:39,wn-0210:2:58,TEMPORAL,BEFORE,wn-0210,-1,0.3,1
wn-0210:0:39,wn-0210:5:155,TEMPORAL,AFTER,wn-0210,-1,0.85,1
wn-0210:0:39,wn-0210:5:168,TEMPORAL,AFTER,wn-0210,-1,0.85,1
wn-0210:2:58,wn-0210:5:155,TEMPORAL,BEFORE,wn-0210,-1,0.3,1
wn-0210:2:58,wn-0210:5:168,TEMPORAL,BEFORE,wn-0210,-1,0.3,1
wn-0210:5:155,wn-0210:5:168,TEMPORAL,SIMULTANEOUS,wn-0210,-1,0.9,1
wn-0211:0:23,wn-0211:11:278,TEMPORAL,BEFORE,wn-0211,-1,0.3,1
wn-0213:1:48,wn-0213:2:64,TEMPORAL,BEFORE,wn-0213,-1,0.3,1
wn-0213:1:48,wn-0213:9:225,TEMPORAL,BEFORE,wn-0213,-1,0.3,1
wn-0213:1:48,wn-0213:10:244,TEMPORAL,BEFORE,wn-0213,-1,0.3,1
wn-0213:1:48,wn-0213:10:248,TEMPORAL,BEFORE,wn-0213,-1,0.3,1
wn-0213:1:48,wn-0213:14:416,TEMPORAL,BEFORE,wn-0213,-1,0.3,1
wn-0213:2:64,wn-0213:9:225,TEMPORAL,BEFORE,wn-0213,-1,0.3,1
wn-0213:2:64,wn-0213:10:244,TEMPORAL,BEFORE,wn-0213,-1,0.3,1
wn-0213:2:64,wn-0213:10:248,TEMPORAL,BEFORE,wn-0213,-1,0.3,1
wn-0213:2:64,wn-0213:14:416,TEMPORAL,BEFORE,wn-0213,-1,0.3,1
wn-0213:9:225,wn-0213:10:244,TEMPORAL,BEFORE,wn-0213,-1,0.3,1
wn-0213:9:225,wn-0213:10:248,TEMPORAL,BEFORE,wn-0213,-1,0.3,1
wn-0213:9:225,wn-0213:14:416,TEMPORAL,BEFORE,wn-0213,-1,0.3,1
wn-0213:10:244,wn-0213:10:248,TEMPORAL,SIMULTANEOUS,wn-0213,-1,0.9,1
wn-0213:10:244,wn-0213:14:416,TEMPORAL,AFTER,wn-0213,-1,0.85,1
wn-0213:10:248,wn-0213:14:416,TEMPORAL,AFTER,wn-0213,-1,0.85,1
wn-0215:1:24,wn-0215:3:85,TEMPORAL,BEFORE,wn-0215,-1,0.3,1
wn-0215:1:24,wn-0215:16:312,TEMPORAL,BEFORE,wn-0215,-1,0.3,1
wn-0215:3:85,wn-0215:16:312,TEMPORAL,BEFORE,wn-0215,-1,0.3,1
wn-0216:0:11,wn-0216:0:2,TEMPORAL,SIMULTANEOUS,wn-0216,-1,0.9,1
wn-0216:0:11,wn-0216:0:22,TEMPORAL,SIMULTANEOUS,wn-0216,-1,0.9,1
wn-0216:0:11,wn-0216:2:61,TEMPORAL,BEFORE,wn-0216,-1,0.3,1
wn-0216:0:11,wn-0216:3:80,TEMPORAL,BEFORE,wn-0216,-1,0.3,1
wn-0216:0:11,wn-0216:4:89,TEMPORAL,BEFORE,wn-0216,-1,0.3,1
wn-0216:0:11,wn-0216:5:101,TEMPORAL,BEFORE,wn-0216,-1,0.9,1
wn-0216:0:11,wn-0216:9:166,TEMPORAL,BEFORE,wn-0216,-1,0.7,1
wn-0216:0:11,wn-0216:9:167,TEMPORAL,BEFORE,wn-0216,-1,0.7,1
wn-0216:0:11,wn-0216:9:180,TEMPORAL,BEFORE,wn-0216,-1,0.7,1
wn-0216:0:11,wn-0216:12:256,TEMPORAL,AFTER,wn-0216,-1,0.7,1
wn-0216:0:11,wn-0216:13:276,TEMPORAL,AFTER,wn-0216,-1,0.7,1
wn-0216:0:11,wn-0216:13:288,TEMPORAL,AFTER,wn-0216,-1,0.7,1
wn-0216:0:11,wn-0216:13:294,TEMPORAL,AFTER,wn-0216,-1,0.7,1
wn-0216:0:11,wn-0216:14:305,TEMPORAL,BEFORE,wn-0216,-1,0.3,1
wn-0216:0:2,wn-0216:0:22,TEMPORAL,SIMULTANEOUS,wn-0216,-1,0.9,1
wn-0216:0:2,wn-0216:2:61,TEMPORAL,BEFORE,wn-0216,-1,0.3,1
wn-0216:0:2,wn-0216:3:80,TEMPORAL,BEFORE,wn-0216,-1,0.3,1
wn-0216:0:2,wn-0216:4:89,TEMPORAL,BEFORE,wn-0216,-1,0.3,1
wn-0216:0:2,wn-0216:5:101,TEMPORAL,BEFORE,wn-0216,-1,0.9,1
wn-0216:0:2,wn-0216:9:166,TEMPORAL,BEFORE,wn-0216,-1,0.7,1
wn-0216:0:2,wn-0216:9:167,TEMPORAL,BEFORE,wn-0216,-1,0.7,1
wn-0216:0:2,wn-0216:9:180,TEMPORAL,BEFORE,wn-0216,-1,0.7,1
wn-0216:0:2,wn-0216:12:256,TEMPORAL,AFTER,wn-0216,-1,0.7,1
wn-0216:0:2,wn-0216:13:276,TEMPORAL,AFTER,wn-0216,-1,0.7,1
wn-0216:0:2,wn-0216:13:288,TEMPORAL,AFTER,wn-0216,-1,0.7,1
wn-0216:0:2,wn-0216:13:294,TEMPORAL,AFTER,wn-0216,-1,0.7,1
wn-0216:0:2,wn-0216:14:305,TEMPORAL,BEFORE,wn-0216,-1,0.3,1
wn-0216:0:22,wn-0216:2:61,TEMPORAL,BEFORE,wn-0216,-1,0.3,1
wn-0216:0:22,wn-0216:3:80,TEMPORAL,BEFORE,wn-0216,-1,0.3,1
wn-0216:0:22,wn-0216:4:89,TEMPORAL,BEFORE,wn-0216,-1,0.3,1
wn-0216:0:22,wn-0216:5:101,TEMPORAL,BEFORE,wn-0216,-1,0.9,1
wn-0216:0:22,wn-0216:9:166,TEMPORAL,BEFORE,wn-0216,-1,0.7,1
wn-0216:0:22,wn-0216:9:167,TEMPORAL,BEFORE,wn-0216,-1,0.7,1
wn-0216:0:22,wn-0216:9:180,TEMPORAL,BEFORE,wn-0216,-1,0.7,1
wn-0216:0:22,wn-0216:12:256,TEMPORAL,AFTER,wn-0216,-1,0.7,1
wn-0216:0:22,wn-0216:13:276,TEMPORAL,AFTER,wn-0216,-1,0.7,1
wn-0216:0:22,wn-0216:13:288,TEMPORAL,AFTER,wn-0216,-1,0.7,1
wn-0216:0:22,wn-0216:13:294,TEMPORAL,AFTER,wn-0216,-1,0.7,1
wn-0216:0:22,wn-0216:14:305,TEMPORAL,BEFORE,wn-0216,-1,0.3,1
wn-0216:2:61,wn-0216:3:80,TEMPORAL,BEFORE,wn-0216,-1,0.3,1
wn-0216:2:61,wn-0216:4:89,TEMPORAL,BEFORE,wn-0216,-1,0.3,1
wn-0216:2:61,wn-0216:5:101,TEMPORAL,BEFORE,wn-0216,-1,0.3,1
wn-0216:2:61,wn-0216:9:166,TEMPORAL,BEFORE,wn-0216,-1,0.3,1
wn-0216:2:61,wn-0216:9:167,TEMPORAL,BEFORE,wn-0216,-1,0.3,1
wn-0216:2:61,wn-0216:9:180,TEMPORAL,BEFORE,wn-0216,-1,0.3,1
wn-0216:2:61,wn-0216:12:256,TEMPORAL,BEFORE,wn-0216,-1,0.3,1
wn-0216:2:61,wn-0216:13:276,TEMPORAL,BEFORE,wn-0216,-1,0.3,1
wn-0216:2:61,wn-0216:13:288,TEMPORAL,BEFORE,wn-0216,-1,0.3,1
wn-0216:2:61,wn-0216:13:294,TEMPORAL,BEFORE,wn-0216,-1,0.3,1
wn-0216:2:61,wn-0216:14:305,TEMPORAL,BEFORE,wn-0216,-1,0.3,1
wn-0216:3:80,wn-0216:4:89,TEMPORAL,BEFORE,wn-0216,-1,0.3,1
wn-0216:3:80,wn-0216:5:101,TEMPORAL,BEFORE,wn-0216,-1,0.3,1
wn-0216:3:80,wn-0216:9:166,TEMPORAL,BEFORE,wn-0216,-1,0.3,1
wn-0216:3:80,wn-0216:9:167,TEMPORAL,BEFORE,wn-0216,-1,0.3,1
wn-0216:3:80,wn-0216:9:180,TEMPORAL,BEFORE,wn-0216,-1,0.3,1
wn-0216:3:80,wn-0216:12:256,TEMPORAL,BEFORE,wn-0216,-1,0.3,1
wn-0216:3:80,wn-0216:13:276,TEMPORAL,BEFORE,wn-0216,-1,0.3,1
wn-0216:3:80,wn-0216:13:288,TEMPORAL,BEFORE,wn-0216,-1,0.3,1
wn-0216:3:80,wn-0216:13:294,TEMPORAL,BEFORE,wn-0216,-1,0.3,1
wn-0216:3:80,wn-0216:14:305,TEMPORAL,BEFORE,wn-0216,-1,0.3,1
wn-0216:4:89,wn-0216:5:101,TEMPORAL,BEFORE,wn-0216,-1,0.3,1
wn-0216:4:89,wn-0216:9:166,TEMPORAL,BEFORE,wn-0216,-1,0.3,1
wn-0216:4:89,wn-0216:9:167,TEMPORAL,BEFORE,wn-0216,-1,0.3,1
wn-0216:4:89,wn-0216:9:180,TEMPORAL,BEFORE,wn-0216,-1,0.3,1
wn-0216:4:89,wn-0216:12:256,TEMPORAL,BEFORE,wn-0216,-1,0.3,1
wn-0216:4:89,wn-0216:13:276,TEMPORAL,BEFORE,wn-0216,-1,0.3,1
wn-0216:4:89,wn-0216:13:288,TEMPORAL,BEFORE,wn-0216,-1,0.3,1
wn-0216:4:89,wn-0216:13:294,TEMPORAL,BEFORE,wn-0216,-1,0.3,1
wn-0216:4:89,wn-0216:14:305,TEMPORAL,BEFORE,wn-0216,-1,0.3,1
wn-0216:5:101,wn-0216:9:166,TEMPORAL,BEFORE,wn-0216,-1,0.7,1
wn-0216:5:101,wn-0216:9:167,TEMPORAL,BEFORE,wn-0216,-1,0.7,1
wn-0216:5:101,wn-0216:9:180,TEMPORAL,BEFORE,wn-0216,-1,0.7,1
wn-0216:5:101,wn-0216:12:256,TEMPORAL,AFTER,wn-0216,-1,0.7,1
wn-0216:5:101,wn-0216:13:276,TEMPORAL,AFTER,wn-0216,-1,0.7,1
wn-0216:5:101,wn-0216:13:288,TEMPORAL,AFTER,wn-0216,-1,0.7,1
wn-0216:5:101,wn-0216:13:294,TEMPORAL,AFTER,wn-0216,-1,0.7,1
wn-0216:5:101,wn-0216:14:305,TEMPORAL,BEFORE,wn-0216,-1,0.3,1
wn-0216:9:166,wn-0216:9:167,TEMPORAL,SIMULTANEOUS,wn-0216,-1,0.7,1
wn-0216:9:166,wn-0216:9:180,TEMPORAL,SIMULTANEOUS,wn-0216,-1,0.7,1
wn-0216:9:166,wn-0216:12:256,TEMPORAL,AFTER,wn-0216,-1,0.7,1
wn-0216:9:166,wn-0216:13:276,TEMPORAL,AFTER,wn-0216,-1,0.7,1
wn-0216:9:166,wn-0216:13:288,TEMPORAL,AFTER,wn-0216,-1,0.7,1
wn-0216:9:166,wn-0216:13:294,TEMPORAL,AFTER,wn-0216,-1,0.7,1
wn-0216:9:166,wn-0216:14:305,TEMPORAL,BEFORE,wn-0216,-1,0.3,1
wn-0216:9:167,wn-0216:9:180,TEMPORAL,SIMULTANEOUS,wn-0216,-1,0.7,1
wn-0216:9:167,wn-0216:12:256,TEMPORAL,AFTER,wn-0216,-1,0.7,1
wn-0216:9:167,wn-0216:13:276,TEMPORAL,AFTER,wn-0216,-1,0.7,1
wn-0216:9:167,wn-0216:13:288,TEMPORAL,AFTER,wn-0216,-1,0.7,1
wn-0216:9:167,wn-0216:13:294,TEMPORAL,AFTER,wn-0216,-1,0.7,1
wn-0216:9:167,wn-0216:14:305,TEMPORAL,BEFORE,wn-0216,-1,0.3,1
wn-0216:9:180,wn-0216:12:256,TEMPORAL,AFTER,wn-0216,-1,0.7,1
wn-0216:9:180,wn-0216:13:276,TEMPORAL,AFTER,wn-0216,-1,0.7,1
wn-0216:9:180,wn-0216:13:288,TEMPORAL,AFTER,wn-0216,-1,0.7,1
wn-0216:9:180,wn-0216:13:294,TEMPORAL,AFTER,wn-0216,-1,0.7,1
wn-0216:9:180,wn-0216:14:305,TEMPORAL,BEFORE,wn-0216,-1,0.3,1
wn-0216:12:256,wn-0216:13:276,TEMPORAL,AFTER,wn-0216,-1,0.7,1
wn-0216:12:256,wn-0216:13:288,TEMPORAL,AFTER,wn-0216,-1,0.7,1
wn-0216:12:256,wn-0216:13:294,TEMPORAL,AFTER,wn-0216,-1,0.7,1
wn-0216:12:256,wn-0216:14:305,TEMPORAL,BEFORE,wn-0216,-1,0.3,1
wn-0216:13:276,wn-0216:13:288,TEMPORAL,SIMULTANEOUS,wn-0216,-1,0.7,1
wn-0216:13:276,wn-0216:13:294,TEMPORAL,SIMULTANEOUS,wn-0216,-1,0.7,1
wn-0216:13:276,wn-0216:14:305,TEMPORAL,BEFORE,wn-0216,-1,0.3,1
wn-0216:13:288,wn-0216:13:294,TEMPORAL,SIMULTANEOUS,wn-0216,-1,0.7,1
wn-0216:13:288,wn-0216:14:305,TEMPORAL,BEFORE,wn-0216,-1,0.3,1
wn-0216:13:294,wn-0216:14:305,TEMPORAL,BEFORE,wn-0216,-1,0.3,1
wn-0217:0:8,wn-0217:1:64,TEMPORAL,BEFORE,wn-0217,-1,0.3,1
wn-0217:0:8,wn-0217:2:107,TEMPORAL,BEFORE,wn-0217,-1,0.3,1
wn-0217:0:8,wn-0217:2:114,TEMPORAL,BEFORE,wn-0217,-1,0.3,1
wn-0217:0:8,wn-0217:2:69,TEMPORAL,BEFORE,wn-0217,-1,0.3,1
wn-0217:0:8,wn-0217:2:94,TEMPORAL,BEFORE,wn-0217,-1,0.3,1
wn-0217:0:8,wn-0217:2:96,TEMPORAL,BEFORE,wn-0217,-1,0.3,1
wn-0217:0:8,wn-0217:3:127,TEMPORAL,BEFORE,wn-0217,-1,0.3,1
wn-0217:0:8,wn-0217:6:200,TEMPORAL,BEFORE,wn-0217,-1,0.3,1
wn-0217:0:8,wn-0217:6:208,TEMPORAL,BEFORE,wn-0217,-1,0.3,1
wn-0217:0:8,wn-0217:12:384,TEMPORAL,BEFORE,wn-0217,-1,0.3,1
wn-0217:0:8,wn-0217:14:463,TEMPORAL,BEFORE,wn-0217,-1,0.3,1
wn-0217:0:8,wn-0217:14:467,TEMPORAL,BEFORE,wn-0217,-1,0.3,1
wn-0217:0:8,wn-0217:14:483,TEMPORAL,BEFORE,wn-0217,-1,0.3,1
wn-0217:0:8,wn-0217:14:490,TEMPORAL,BEFORE,wn-0217,-1,0.3,1
wn-0217:1:64,wn-0217:2:107,TEMPORAL,BEFORE,wn-0217,-1,0.3,1
wn-0217:1:64,wn-0217:2:114,TEMPORAL,BEFORE,wn-0217,-1,0.3,1
wn-0217:1:64,wn-0217:2:69,TEMPORAL,BEFORE,wn-0217,-1,0.3,1
wn-0217:1:64,wn-0217:2:94,TEMPORAL,BEFORE,wn-0217,-1,0.3,1
wn-0217:1:64,wn-0217:2:96,TEMPORAL,BEFORE,wn-0217,-1,0.3,1
wn-0217:1:64,wn-0217:3:127,TEMPORAL,BEFORE,wn-0217,-1,0.3,1
wn-0217:1:64,wn-0217:6:200,TEMPORAL,BEFORE,wn-0217,-1,0.3,1
wn-0217:1:64,wn-0217:6:208,TEMPORAL,BEFORE,wn-0217,-1,0.3,1
wn-0217:1:64,wn-0217:12:384,TEMPORAL,BEFORE,wn-0217,-1,0.3,1
wn-0217:1:64,wn-0217:14:463,TEMPORAL,BEFORE,wn-0217,-1,0.3,1
wn-0217:1:64,wn-0217:14:467,TEMPORAL,BEFORE,wn-0217,-1,0.3,1
wn-0217:1:64,wn-0217:14:483,TEMPORAL,BEFORE,wn-0217,-1,0.3,1
wn-0217:1:64,wn-0217:14:490,TEMPORAL,BEFORE,wn-0217,-1,0.3,1
wn-0217:2:107,wn-0217:2:114,TEMPORAL,SIMULTANEOUS,wn-0217,-1,0.5,1
wn-0217:2:107,wn-0217:2:69,TEMPORAL,SIMULTANEOUS,wn-0217,-1,0.5,1
wn-0217:2:107,wn-0217:2:94,TEMPORAL,SIMULTANEOUS,wn-0217,-1,0.5,1
wn-0217:2:107,wn-0217:2:96,TEMPORAL,SIMULTANEOUS,wn-0217,-1,0.5,1
wn-0217:2:107,wn-0217:3:127,TEMPORAL,BEFORE,wn-0217,-1,0.3,1
wn-0217:2:107,wn-0217:6:200,TEMPORAL,BEFORE,wn-0217,-1,0.3,1
wn-0217:2:107,wn-0217:6:208,TEMPORAL,BEFORE,wn-0217,-1,0.3,1
wn-0217:2:107,wn-0217:12:384,TEMPORAL,BEFORE,wn-0217,-1,0.3,1
wn-0217:2:107,wn-0217:14:463,TEMPORAL,BEFORE,wn-0217,-1,0.3,1
wn-0217:2:107,wn-0217:14:467,TEMPORAL,BEFORE,wn-0217,-1,0.3,1
wn-0217:2:107,wn-0217:14:483,TEMPORAL,BEFORE,wn-0217,-1,0.3,1
wn-0217:2:107,wn-0217:14:490,TEMPORAL,BEFORE,wn-0217,-1,0.3,1
wn-0217:2:114,wn-0217:2:69,TEMPORAL,SIMULTANEOUS,wn-0217,-1,0.5,1
wn-0217:2:114,wn-0217:2:94,TEMPORAL,SIMULTANEOUS,wn-0217,-1,0.5,1
wn-0217:2:114,wn-0217:2:96,TEMPORAL,SIMULTANEOUS,wn-0217,-1,0.5,1
wn-0217:2:114,wn-0217:3:127,TEMPORAL,BEFORE,wn-0217,-1,0.3,1
wn-0217:2:114,wn-0217:6:200,TEMPORAL,BEFORE,wn-0217,-1,0.3,1
wn-0217:2:114,wn-0217:6:208,TEMPORAL,BEFORE,wn-0217,-1,0.3,1
wn-0217:2:114,wn-0217:12:384,TEMPORAL,BEFORE,wn-0217,-1,0.3,1
wn-0217:2:114,wn-0217:14:463,TEMPORAL,BEFORE,wn-0217,-1,0.3,1
wn-0217:2:114,wn-0217:14:467,TEMPORAL,BEFORE,wn-0217,-1,0.3,1
wn-0217:2:114,wn-0217:14:483,TEMPORAL,BEFORE,wn-0217,-1,0.3,1
wn-0217:2:114,wn-0217:14:490,TEMPORAL,BEFORE,wn-0217,-1,0.3,1
wn-0217:2:69,wn-0217:2:94,TEMPORAL,SIMULTANEOUS,wn-0217,-1,0.5,1
wn-0217:2:69,wn-0217:2:96,TEMPORAL,SIMULTANEOUS,wn-0217,-1,0.5,1
wn-0217:2:69,wn-0217:3:127,TEMPORAL,BEFORE,wn-0217,-1,0.3,1
wn-0217:2:69,wn-0217:6:200,TEMPORAL,BEFORE,wn-0217,-1,0.3,1
wn-0217:2:69,wn-0217:6:208,TEMPORAL,BEFORE,wn-0217,-1,0.3,1
wn-0217:2:69,wn-0217:12:384,TEMPORAL,BEFORE,wn-0217,-1,0.3,1
wn-0217:2:69,wn-0217:14:463,TEMPORAL,BEFORE,wn-0217,-1,0.3,1
wn-0217:2:69,wn-0217:14:467,TEMPORAL,BEFORE,wn-0217,-1,0.3,1
wn-0217:2:69,wn-0217:14:483,TEMPORAL,BEFORE,wn-0217,-1,0.3,1
wn-0217:2:69,wn-0217:14:490,TEMPORAL,BEFORE,wn-0217,-1,0.3,1
wn-0217:2:94,wn-0217:2:96,TEMPORAL,SIMULTANEOUS,wn-0217,-1,0.5,1
wn-0217:2:94,wn-0217:3:127,TEMPORAL,BEFORE,wn-0217,-1,0.3,1
wn-0217:2:94,wn-0217:6:200,TEMPORAL,BEFORE,wn-0217,-1,0.3,1
wn-0217:2:94,wn-0217:6:208,TEMPORAL,BEFORE,wn-0217,-1,0.3,1
wn-0217:2:94,wn-0217:12:384,TEMPORAL,BEFORE,wn-0217,-1,0.3,1
wn-0217:2:94,wn-0217:14:463,TEMPORAL,BEFORE,wn-0217,-1,0.3,1
wn-0217:2:94,wn-0217:14:467,TEMPORAL,BEFORE,wn-0217,-1,0.3,1
wn-0217:2:94,wn-0217:14:483,TEMPORAL,BEFORE,wn-0217,-1,0.3,1
wn-0217:2:94,wn-0217:14:490,TEMPORAL,BEFORE,wn-0217,-1,0.3,1
wn-0217:2:96,wn-0217:3:127,TEMPORAL,BEFORE,wn-0217,-1,0.3,1
wn-0217:2:96,wn-0217:6:200,TEMPORAL,BEFORE,wn-0217,-1,0.3,1
wn-0217:2:96,wn-0217:6:208,TEMPORAL,BEFORE,wn-0217,-1,0.3,1
wn-0217:2:96,wn-0217:12:384,TEMPORAL,BEFORE,wn-0217,-1,0.3,1
wn-0217:2:96,wn-0217:14:463,TEMPORAL,BEFORE,wn-0217,-1,0.3,1
wn-0217:2:96,wn-0217:14:467,TEMPORAL,BEFORE,wn-0217,-1,0.3,1
wn-0217:2:96,wn-0217:14:483,TEMPORAL,BEFORE,wn-0217,-1,0.3,1
wn-0217:2:96,wn-0217:14:490,TEMPORAL,BEFORE,wn-0217,-1,0.3,1
wn-0217:3:127,wn-0217:6:200,TEMPORAL,BEFORE,wn-0217,-1,0.3,1
wn-0217:3:127,wn-0217:6:208,TEMPORAL,BEFORE,wn-0217,-1,0.3,1
wn-0217:3:127,wn-0217:12:384,TEMPORAL,BEFORE,wn-0217,-1,0.3,1
wn-0217:3:127,wn-0217:14:463,TEMPORAL,BEFORE,wn-0217,-1,0.3,1
wn-0217:3:127,wn-0217:14:467,TEMPORAL,BEFORE,wn-0217,-1,0.3,1
wn-0217:3:127,wn-0217:14:483,TEMPORAL,BEFORE,wn-0217,-1,0.3,1
wn-0217:3:127,wn-0217:14:490,TEMPORAL,BEFORE,wn-0217,-1,0.3,1
wn-0217:6:200,wn-0217:6:208,TEMPORAL,SIMULTANEOUS,wn-0217,-1,0.85,1
wn-0217:6:200,wn-0217:12:384,TEMPORAL,BEFORE,wn-0217,-1,0.3,1
wn-0217:6:200,wn-0217:14:463,TEMPORAL,BEFORE,wn-0217,-1,0.3,1
wn-0217:6:200,wn-0217:14:467,TEMPORAL,BEFORE,wn-0217,-1,0.3,1
wn-0217:6:200,wn-0217:14:483,TEMPORAL,BEFORE,wn-0217,-1,0.3,1
wn-0217:6:200,wn-0217:14:490,TEMPORAL,BEFORE,wn-0217,-1,0.3,1
wn-0217:6:208,wn-0217:12:384,TEMPORAL,BEFORE,wn-0217,-1,0.3,1
wn-0217:6:208,wn-0217:14:463,TEMPORAL,BEFORE,wn-0217,-1,0.3,1
wn-0217:6:208,wn-0217:14:467,TEMPORAL,BEFORE,wn-0217,-1,0.3,1
wn-0217:6:208,wn-0217:14:483,TEMPORAL,BEFORE,wn-0217,-1,0.3,1
wn-0217:6:208,wn-0217:14:490,TEMPORAL,BEFORE,wn-0217,-1,0.3,1
wn-0217:12:384,wn-0217:14:463,TEMPORAL,BEFORE,wn-0217,-1,0.3,1
wn-0217:12:384,wn-0217:14:467,TEMPORAL,BEFORE,wn-0217,-1,0.3,1
wn-0217:12:384,wn-0217:14:483,TEMPORAL,BEFORE,wn-0217,-1,0.3,1
wn-0217:12:384,wn-0217:14:490,TEMPORAL,BEFORE,wn-0217,-1,0.3,1
wn-0217:14:463,wn-0217:14:467,TEMPORAL,AFTER,wn-0217,-1,0.5,1
wn-0217:14:463,wn-0217:14:483,TEMPORAL,AFTER,wn-0217,-1,0.5,1
wn-0217:14:463,wn-0217:14:490,TEMPORAL,AFTER,wn-0217,-1,0.5,1
wn-0217:14:467,wn-0217:14:483,TEMPORAL,AFTER,wn-0217,-1,0.5,1
wn-0217:14:467,wn-0217:14:490,TEMPORAL,AFTER,wn-0217,-1,0.5,1
wn-0217:14:483,wn-0217:14:490,TEMPORAL,AFTER,wn-0217,-1,0.5,1
wn-0219:0:5,wn-0219:1:25,TEMPORAL,BEFORE,wn-0219,-1,0.3,1
wn-0219:0:5,wn-0219:2:53,TEMPORAL,BEFORE,wn-0219,-1,0.3,1
wn-0219:0:5,wn-0219:3:100,TEMPORAL,BEFORE,wn-0219,-1,0.3,1
wn-0219:0:5,wn-0219:3:81,TEMPORAL,BEFORE,wn-0219,-1,0.3,1
wn-0219:0:5,wn-0219:5:144,TEMPORAL,BEFORE,wn-0219,-1,0.3,1
wn-0219:0:5,wn-0219:6:161,TEMPORAL,BEFORE,wn-0219,-1,0.3,1
wn-0219:0:5,wn-0219:7:191,TEMPORAL,BEFORE,wn-0219,-1,0.3,1
wn-0219:0:5,wn-0219:7:200,TEMPORAL,BEFORE,wn-0219,-1,0.3,1
wn-0219:1:25,wn-0219:2:53,TEMPORAL,BEFORE,wn-0219,-1,0.3,1
wn-0219:1:25,wn-0219:3:100,TEMPORAL,BEFORE,wn-0219,-1,0.85,1
wn-0219:1:25,wn-0219:3:81,TEMPORAL,SIMULTANEOUS,wn-0219,-1,0.85,1
wn-0219:1:25,wn-0219:5:144,TEMPORAL,BEFORE,wn-0219,-1,0.85,1
wn-0219:1:25,wn-0219:6:161,TEMPORAL,AFTER,wn-0219,-1,0.85,1
wn-0219:1:25,wn-0219:7:191,TEMPORAL,BEFORE,wn-0219,-1,0.3,1
wn-0219:1:25,wn-0219:7:200,TEMPORAL,BEFORE,wn-0219,-1,0.3,1
wn-0219:2:53,wn-0219:3:100,TEMPORAL,BEFORE,wn-0219,-1,0.3,1
wn-0219:2:53,wn-0219:3:81,TEMPORAL,BEFORE,wn-0219,-1,0.3,1
wn-0219:2:53,wn-0219:5:144,TEMPORAL,BEFORE,wn-0219,-1,0.3,1
wn-0219:2:53,wn-0219:6:161,TEMPORAL,BEFORE,wn-0219,-1,0.3,1
wn-0219:2:53,wn-0219:7:191,TEMPORAL,BEFORE,wn-0219,-1,0.3,1
wn-0219:2:53,wn-0219:7:200,TEMPORAL,BEFORE,wn-0219,-1,0.3,1
wn-0219:3:100,wn-0219:3:81,TEMPORAL,AFTER,wn-0219,-1,0.97,1
wn-0219:3:100,wn-0219:5:144,TEMPORAL,BEFORE,wn-0219,-1,0.85,1
wn-0219:3:100,wn-0219:6:161,TEMPORAL,AFTER,wn-0219,-1,0.9,1
wn-0219:3:100,wn-0219:7:191,TEMPORAL,BEFORE,wn-0219,-1,0.3,1
wn-0219:3:100,wn-0219:7:200,TEMPORAL,BEFORE,wn-0219,-1,0.3,1
wn-0219:3:81,wn-0219:5:144,TEMPORAL,BEFORE,wn-0219,-1,0.85,1
wn-0219:3:81,wn-0219:6:161,TEMPORAL,AFTER,wn-0219,-1,0.9,1
wn-0219:3:81,wn-0219:7:191,TEMPORAL,BEFORE,wn-0219,-1,0.3,1
wn-0219:3:81,wn-0219:7:200,TEMPORAL,BEFORE,wn-0219,-1,0.3,1
wn-0219:5:144,wn-0219:6:161,TEMPORAL,AFTER,wn-0219,-1,0.85,1
wn-0219:5:144,wn-0219:7:191,TEMPORAL,BEFORE,wn-0219,-1,0.3,1
wn-0219:5:144,wn-0219:7:200,TEMPORAL,BEFORE,wn-0219,-1,0.3,1
wn-0219:6:161,wn-0219:7:191,TEMPORAL,BEFORE,wn-0219,-1,0.3,1
wn-0219:6:161,wn-0219:7:200,TEMPORAL,BEFORE,wn-0219,-1,0.3,1
wn-0219:7:191,wn-0219:7:200,TEMPORAL,AFTER,wn-0219,-1,0.5,1
wn-0221:0:11,wn-0221:1:42,TEMPORAL,BEFORE,wn-0221,-1,0.3,1
wn-0221:0:11,wn-0221:2:56,TEMPORAL,BEFORE,wn-0221,-1,0.3,1
wn-0221:0:11,wn-0221:4:153,TEMPORAL,BEFORE,wn-0221,-1,0.3,1
wn-0221:0:11,wn-0221:5:173,TEMPORAL,BEFORE,wn-0221,-1,0.3,1
wn-0221:1:42,wn-0221:2:56,TEMPORAL,BEFORE,wn-0221,-1,0.3,1
wn-0221:1:42,wn-0221:4:153,TEMPORAL,BEFORE,wn-0221,-1,0.3,1
wn-0221:1:42,wn-0221:5:173,TEMPORAL,BEFORE,wn-0221,-1,0.3,1
wn-0221:2:56,wn-0221:4:153,TEMPORAL,BEFORE,wn-0221,-1,0.3,1
wn-0221:2:56,wn-0221:5:173,TEMPORAL,BEFORE,wn-0221,-1,0.3,1
wn-0221:4:153,wn-0221:5:173,TEMPORAL,BEFORE,wn-0221,-1,0.3,1
wn-0222:1:41,wn-0222:6:110,TEMPORAL,BEFORE,wn-0222,-1,0.3,1
wn-0223:4:104,wn-0223:5:146,TEMPORAL,BEFORE,wn-0223,-1,0.3,1
wn-0223:4:104,wn-0223:8:194,TEMPORAL,BEFORE,wn-0223,-1,0.3,1
wn-0223:4:111,wn-0223:5:146,TEMPORAL,BEFORE,wn-0223,-1,0.3,1
wn-0223:4:111,wn-0223:8:194,TEMPORAL,BEFORE,wn-0223,-1,0.3,1
wn-0223:5:146,wn-0223:8:194,TEMPORAL,BEFORE,wn-0223,-1,0.3,1
wn-0224:3:104,wn-0224:4:134,TEMPORAL,BEFORE,wn-0224,-1,0.3,1
wn-0225:0:8,wn-0225:7:188,TEMPORAL,BEFORE,wn-0225,-1,0.3,1
wn-0226:0:10,wn-0226:1:27,TEMPORAL,BEFORE,wn-0226,-1,0.3,1
wn-0226:0:10,wn-0226:2:55,TEMPORAL,BEFORE,wn-0226,-1,0.3,1
wn-0226:0:10,wn-0226:9:198,TEMPORAL,BEFORE,wn-0226,-1,0.3,1
wn-0226:0:10,wn-0226:10:230,TEMPORAL,BEFORE,wn-0226,-1,0.3,1
wn-0226:0:10,wn-0226:12:292,TEMPORAL,BEFORE,wn-0226,-1,0.3,1
wn-0226:1:27,wn-0226:2:55,TEMPORAL,BEFORE,wn-0226,-1,0.3,1
wn-0226:1:27,wn-0226:9:198,TEMPORAL,BEFORE,wn-0226,-1,0.3,1
wn-0226:1:27,wn-0226:10:230,TEMPORAL,BEFORE,wn-0226,-1,0.3,1
wn-0226:1:27,wn-0226:12:292,TEMPORAL,BEFORE,wn-0226,-1,0.3,1
wn-0226:2:55,wn-0226:9:198,TEMPORAL,BEFORE,wn-0226,-1,0.3,1
wn-0226:2:55,wn-0226:10:230,TEMPORAL,BEFORE,wn-0226,-1,0.3,1
wn-0226:2:55,wn-0226:12:292,TEMPORAL,BEFORE,wn-0226,-1,0.3,1
wn-0226:9:198,wn-0226:10:230,TEMPORAL,BEFORE,wn-0226,-1,0.3,1
wn-0226:9:198,wn-0226:12:292,TEMPORAL,BEFORE,wn-0226,-1,0.3,1
wn-0226:10:230,wn-0226:12:292,TEMPORAL,BEFORE,wn-0226,-1,0.3,1
wn-0229:2:56,wn-0229:3:70,TEMPORAL,BEFORE,wn-0229,-1,0.3,1
wn-0229:2:56,wn-0229:4:92,TEMPORAL,BEFORE,wn-0229,-1,0.3,1
wn-0229:3:70,wn-0229:4:92,TEMPORAL,BEFORE,wn-0229,-1,0.3,1
wn-0230:0:16,wn-0230:1:42,TEMPORAL,BEFORE,wn-0230,-1,0.3,1
wn-0230:0:16,wn-0230:2:63,TEMPORAL,BEFORE,wn-0230,-1,0.3,1
wn-0230:0:16,wn-0230:3:75,TEMPORAL,BEFORE,wn-0230,-1,0.3,1
wn-0230:0:16,wn-0230:3:76,TEMPORAL,BEFORE,wn-0230,-1,0.3,1
wn-0230:0:16,wn-0230:3:81,TEMPORAL,BEFORE,wn-0230,-1,0.3,1
wn-0230:0:16,wn-0230:5:133,TEMPORAL,BEFORE,wn-0230,-1,0.3,1
wn-0230:0:16,wn-0230:6:170,TEMPORAL,BEFORE,wn-0230,-1,0.3,1
wn-0230:0:16,wn-0230:8:192,TEMPORAL,BEFORE,wn-0230,-1,0.3,1
wn-0230:0:30,wn-0230:1:42,TEMPORAL,BEFORE,wn-0230,-1,0.3,1
wn-0230:0:30,wn-0230:2:63,TEMPORAL,BEFORE,wn-0230,-1,0.3,1
wn-0230:0:30,wn-0230:3:75,TEMPORAL,BEFORE,wn-0230,-1,0.3,1
wn-0230:0:30,wn-0230:3:76,TEMPORAL,BEFORE,wn-0230,-1,0.3,1
wn-0230:0:30,wn-0230:3:81,TEMPORAL,BEFORE,wn-0230,-1,0.3,1
wn-0230:0:30,wn-0230:5:133,TEMPORAL,BEFORE,wn-0230,-1,0.3,1
wn-0230:0:30,wn-0230:6:170,TEMPORAL,BEFORE,wn-0230,-1,0.3,1
wn-0230:0:30,wn-0230:8:192,TEMPORAL,BEFORE,wn-0230,-1,0.3,1
wn-0230:0:33,wn-0230:1:42,TEMPORAL,BEFORE,wn-0230,-1,0.3,1
wn-0230:0:33,wn-0230:2:63,TEMPORAL,BEFORE,wn-0230,-1,0.3,1
wn-0230:0:33,wn-0230:3:75,TEMPORAL,BEFORE,wn-0230,-1,0.3,1
wn-0230:0:33,wn-0230:3:76,TEMPORAL,BEFORE,wn-0230,-1,0.3,1
wn-0230:0:33,wn-0230:3:81,TEMPORAL,BEFORE,wn-0230,-1,0.3,1
wn-0230:0:33,wn-0230:5:133,TEMPORAL,BEFORE,wn-0230,-1,0.3,1
wn-0230:0:33,wn-0230:6:170,TEMPORAL,BEFORE,wn-0230,-1,0.3,1
wn-0230:0:33,wn-0230:8:192,TEMPORAL,BEFORE,wn-0230,-1,0.3,1
wn-0230:0:7,wn-0230:1:42,TEMPORAL,BEFORE,wn-0230,-1,0.3,1
wn-0230:0:7,wn-0230:2:63,TEMPORAL,BEFORE,wn-0230,-1,0.3,1
wn-0230:0:7,wn-0230:3:75,TEMPORAL,BEFORE,wn-0230,-1,0.3,1
wn-0230:0:7,wn-0230:3:76,TEMPORAL,BEFORE,wn-0230,-1,0.3,1
wn-0230:0:7,wn-0230:3:81,TEMPORAL,BEFORE,wn-0230,-1,0.3,1
wn-0230:0:7,wn-0230:5:133,TEMPORAL,BEFORE,wn-0230,-1,0.3,1
wn-0230:0:7,wn-0230:6:170,TEMPORAL,BEFORE,wn-0230,-1,0.3,1
wn-0230:0:7,wn-0230:8:192,TEMPORAL,BEFORE,wn-0230,-1,0.3,1
wn-0230:1:42,wn-0230:2:63,TEMPORAL,BEFORE,wn-0230,-1,0.3,1
wn-0230:1:42,wn-0230:3:75,TEMPORAL,BEFORE,wn-0230,-1,0.3,1
wn-0230:1:42,wn-0230:3:76,TEMPORAL,BEFORE,wn-0230,-1,0.3,1
wn-0230:1:42,wn-0230:3:81,TEMPORAL,BEFORE,wn-0230,-1,0.3,1
wn-0230:1:42,wn-0230:5:133,TEMPORAL,BEFORE,wn-0230,-1,0.3,1
wn-0230:1:42,wn-0230:6:170,TEMPORAL,BEFORE,wn-0230,-1,0.3,1
wn-0230:1:42,wn-0230:8:192,TEMPORAL,BEFORE,wn-0230,-1,0.3,1
wn-0230:2:63,wn-0230:3:75,TEMPORAL,BEFORE,wn-0230,-1,0.3,1
wn-0230:2:63,wn-0230:3:76,TEMPORAL,BEFORE,wn-0230,-1,0.3,1
wn-0230:2:63,wn-0230:3:81,TEMPORAL,BEFORE,wn-0230,-1,0.3,1
wn-0230:2:63,wn-0230:5:133,TEMPORAL,BEFORE,wn-0230,-1,0.3,1
wn-0230:2:63,wn-0230:6:170,TEMPORAL,BEFORE,wn-0230,-1,0.3,1
wn-0230:2:63,wn-0230:8:192,TEMPORAL,BEFORE,wn-0230,-1,0.3,1
wn-0230:3:75,wn-0230:3:76,TEMPORAL,AFTER,wn-0230,-1,0.5,1
wn-0230:3:75,wn-0230:3:81,TEMPORAL,AFTER,wn-0230,-1,0.5,1
wn-0230:3:75,wn-0230:5:133,TEMPORAL,BEFORE,wn-0230,-1,0.3,1
wn-0230:3:75,wn-0230:6:170,TEMPORAL,BEFORE,wn-0230,-1,0.3,1
wn-0230:3:75,wn-0230:8:192,TEMPORAL,BEFORE,wn-0230,-1,0.3,1
wn-0230:3:76,wn-0230:3:81,TEMPORAL,AFTER,wn-0230,-1,0.5,1
wn-0230:3:76,wn-0230:5:133,TEMPORAL,BEFORE,wn-0230,-1,0.3,1
wn-0230:3:76,wn-0230:6:170,TEMPORAL,BEFORE,wn-0230,-1,0.3,1
wn-0230:3:76,wn-0230:8:192,TEMPORAL,BEFORE,wn-0230,-1,0.3,1
wn-0230:3:81,wn-0230:5:133,TEMPORAL,BEFORE,wn-0230,-1,0.3,1
wn-0230:3:81,wn-0230:6:170,TEMPORAL,BEFORE,wn-0230,-1,0.3,1
wn-0230:3:81,wn-0230:8:192,TEMPORAL,BEFORE,wn-0230,-1,0.3,1
wn-0230:5:133,wn-0230:6:170,TEMPORAL,BEFORE,wn-0230,-1,0.3,1
wn-0230:5:133,wn-0230:8:192,TEMPORAL,BEFORE,wn-0230,-1,0.3,1
wn-0230:6:170,wn-0230:8:192,TEMPORAL,BEFORE,wn-0230,-1,0.3,1
wn-0231:0:9,wn-0231:3:67,TEMPORAL,AFTER,wn-0231,-1,0.9,1
wn-0231:0:9,wn-0231:3:75,TEMPORAL,AFTER,wn-0231,-1,0.9,1
wn-0231:0:9,wn-0231:5:112,TEMPORAL,BEFORE,wn-0231,-1,0.3,1
wn-0231:0:9,wn-0231:5:131,TEMPORAL,BEFORE,wn-0231,-1,0.3,1
wn-0231:0:9,wn-0231:6:138,TEMPORAL,BEFORE,wn-0231,-1,0.3,1
wn-0231:0:9,wn-0231:7:158,TEMPORAL,BEFORE,wn-0231,-1,0.3,1
wn-0231:0:9,wn-0231:8:178,TEMPORAL,BEFORE,wn-0231,-1,0.3,1
wn-0231:0:9,wn-0231:9:193,TEMPORAL,BEFORE,wn-0231,-1,0.3,1
wn-0231:0:9,wn-0231:9:200,TEMPORAL,BEFORE,wn-0231,-1,0.3,1
wn-0231:3:67,wn-0231:3:75,TEMPORAL,SIMULTANEOUS,wn-0231,-1,0.9,1
wn-0231:3:67,wn-0231:5:112,TEMPORAL,BEFORE,wn-0231,-1,0.3,1
wn-0231:3:67,wn-0231:5:131,TEMPORAL,BEFORE,wn-0231,-1,0.3,1
wn-0231:3:67,wn-0231:6:138,TEMPORAL,BEFORE,wn-0231,-1,0.3,1
wn-0231:3:67,wn-0231:7:158,TEMPORAL,BEFORE,wn-0231,-1,0.3,1
wn-0231:3:67,wn-0231:8:178,TEMPORAL,BEFORE,wn-0231,-1,0.3,1
wn-0231:3:67,wn-0231:9:193,TEMPORAL,BEFORE,wn-0231,-1,0.3,1
wn-0231:3:67,wn-0231:9:200,TEMPORAL,BEFORE,wn-0231,-1,0.3,1
wn-0231:3:75,wn-0231:5:112,TEMPORAL,BEFORE,wn-0231,-1,0.3,1
wn-0231:3:75,wn-0231:5:131,TEMPORAL,BEFORE,wn-0231,-1,0.3,1
wn-0231:3:75,wn-0231:6:138,TEMPORAL,BEFORE,wn-0231,-1,0.3,1
wn-0231:3:75,wn-0231:7:158,TEMPORAL,BEFORE,wn-0231,-1,0.3,1
wn-0231:3:75,wn-0231:8:178,TEMPORAL,BEFORE,wn-0231,-1,0.3,1
wn-0231:3:75,wn-0231:9:193,TEMPORAL,BEFORE,wn-0231,-1,0.3,1
wn-0231:3:75,wn-0231:9:200,TEMPORAL,BEFORE,wn-0231,-1,0.3,1
wn-0231:5:112,wn-0231:6:138,TEMPORAL,BEFORE,wn-0231,-1,0.3,1
wn-0231:5:112,wn-0231:7:158,TEMPORAL,BEFORE,wn-0231,-1,0.3,1
wn-0231:5:112,wn-0231:8:178,TEMPORAL,BEFORE,wn-0231,-1,0.3,1
wn-0231:5:112,wn-0231:9:193,TEMPORAL,BEFORE,wn-0231,-1,0.3,1
wn-0231:5:112,wn-0231:9:200,TEMPORAL,BEFORE,wn-0231,-1,0.3,1
wn-0231:5:131,wn-0231:6:138,TEMPORAL,BEFORE,wn-0231,-1,0.3,1
wn-0231:5:131,wn-0231:7:158,TEMPORAL,BEFORE,wn-0231,-1,0.3,1
wn-0231:5:131,wn-0231:8:178,TEMPORAL,BEFORE,wn-0231,-1,0.3,1
wn-0231:5:131,wn-0231:9:193,TEMPORAL,BEFORE,wn-0231,-1,0.3,1
wn-0231:5:131,wn-0231:9:200,TEMPORAL,BEFORE,wn-0231,-1,0.3,1
wn-0231:6:138,wn-0231:7:158,TEMPORAL,BEFORE,wn-0231,-1,0.3,1
wn-0231:6:138,wn-0231:8:178,TEMPORAL,BEFORE,wn-0231,-1,0.3,1
wn-0231:6:138,wn-0231:9:193,TEMPORAL,BEFORE,wn-0231,-1,0.3,1
wn-0231:6:138,wn-0231:9:200,TEMPORAL,BEFORE,wn-0231,-1,0.3,1
wn-0231:7:158,wn-0231:8:178,TEMPORAL,BEFORE,wn-0231,-1,0.3,1
wn-0231:7:158,wn-0231:9:193,TEMPORAL,BEFORE,wn-0231,-1,0.3,1
wn-0231:7:158,wn-0231:9:200,TEMPORAL,BEFORE,wn-0231,-1,0.3,1
wn-0231:8:178,wn-0231:9:193,TEMPORAL,BEFORE,wn-0231,-1,0.3,1
wn-0231:8:178,wn-0231:9:200,TEMPORAL,BEFORE,wn-0231,-1,0.3,1
wn-0231:9:193,wn-0231:9:200,TEMPORAL,BEFORE,wn-0231,-1,0.5,1
wn-0233:0:23,wn-0233:1:39,TEMPORAL,BEFORE,wn-0233,-1,0.8,1
wn-0233:0:23,wn-0233:7:225,TEMPORAL,BEFORE,wn-0233,-1,0.3,1
wn-0233:0:23,wn-0233:7:227,TEMPORAL,BEFORE,wn-0233,-1,0.3,1
wn-0233:0:23,wn-0233:7:234,TEMPORAL,BEFORE,wn-0233,-1,0.3,1
wn-0233:1:39,wn-0233:7:225,TEMPORAL,BEFORE,wn-0233,-1,0.3,1
wn-0233:1:39,wn-0233:7:227,TEMPORAL,BEFORE,wn-0233,-1,0.3,1
wn-0233:1:39,wn-0233:7:234,TEMPORAL,BEFORE,wn-0233,-1,0.3,1
wn-0233:7:225,wn-0233:7:227,TEMPORAL,BEFORE,wn-0233,-1,0.5,1
wn-0233:7:225,wn-0233:7:234,TEMPORAL,BEFORE,wn-0233,-1,0.5,1
wn-0233:7:227,wn-0233:7:234,TEMPORAL,BEFORE,wn-0233,-1,0.5,1
wn-0234:0:10,wn-0234:2:44,TEMPORAL,BEFORE,wn-0234,-1,0.75,1
wn-0234:0:10,wn-0234:2:61,TEMPORAL,BEFORE,wn-0234,-1,0.75,1
wn-0234:0:10,wn-0234:2:72,TEMPORAL,BEFORE,wn-0234,-1,0.75,1
wn-0234:0:10,wn-0234:3:85,TEMPORAL,AFTER,wn-0234,-1,0.85,1
wn-0234:0:10,wn-0234:3:99,TEMPORAL,AFTER,wn-0234,-1,0.85,1
wn-0234:0:10,wn-0234:4:116,TEMPORAL,SIMULTANEOUS,wn-0234,-1,0.85,1
wn-0234:0:10,wn-0234:5:136,TEMPORAL,BEFORE,wn-0234,-1,0.3,1
wn-0234:0:10,wn-0234:18:435,TEMPORAL,BEFORE,wn-0234,-1,0.3,1
wn-0234:0:10,wn-0234:22:571,TEMPORAL,SIMULTANEOUS,wn-0234,-1,0.85,1
wn-0234:2:44,wn-0234:2:61,TEMPORAL,SIMULTANEOUS,wn-0234,-1,0.75,1
wn-0234:2:44,wn-0234:2:72,TEMPORAL,SIMULTANEOUS,wn-0234,-1,0.75,1
wn-0234:2:44,wn-0234:3:85,TEMPORAL,AFTER,wn-0234,-1,0.75,1
wn-0234:2:44,wn-0234:3:99,TEMPORAL,AFTER,wn-0234,-1,0.75,1
wn-0234:2:44,wn-0234:4:116,TEMPORAL,AFTER,wn-0234,-1,0.75,1
wn-0234:2:44,wn-0234:5:136,TEMPORAL,BEFORE,wn-0234,-1,0.3,1
wn-0234:2:44,wn-0234:18:435,TEMPORAL,BEFORE,wn-0234,-1,0.3,1
wn-0234:2:44,wn-0234:22:571,TEMPORAL,AFTER,wn-0234,-1,0.75,1
wn-0234:2:61,wn-0234:2:72,TEMPORAL,SIMULTANEOUS,wn-0234,-1,0.75,1
wn-0234:2:61,wn-0234:3:85,TEMPORAL,AFTER,wn-0234,-1,0.75,1
wn-0234:2:61,wn-0234:3:99,TEMPORAL,AFTER,wn-0234,-1,0.75,1
wn-0234:2:61,wn-0234:4:116,TEMPORAL,AFTER,wn-0234,-1,0.75,1
wn-0234:2:61,wn-0234:5:136,TEMPORAL,BEFORE,wn-0234,-1,0.3,1
wn-0234:2:61,wn-0234:18:435,TEMPORAL,BEFORE,wn-0234,-1,0.3,1
wn-0234:2:61,wn-0234:22:571,TEMPORAL,AFTER,wn-0234,-1,0.75,1
wn-0234:2:72,wn-0234:3:85,TEMPORAL,AFTER,wn-0234,-1,0.75,1
wn-0234:2:72,wn-0234:3:99,TEMPORAL,AFTER,wn-0234,-1,0.75,1
wn-0234:2:72,wn-0234:4:116,TEMPORAL,AFTER,wn-0234,-1,0.75,1
wn-0234:2:72,wn-0234:5:136,TEMPORAL,BEFORE,wn-0234,-1,0.3,1
wn-0234:2:72,wn-0234:18:435,TEMPORAL,BEFORE,wn-0234,-1,0.3,1
wn-0234:2:72,wn-0234:22:571,TEMPORAL,AFTER,wn-0234,-1,0.75,1
wn-0234:3:85,wn-0234:3:99,TEMPORAL,SIMULTANEOUS,wn-0234,-1,0.85,1
wn-0234:3:85,wn-0234:4:116,TEMPORAL,BEFORE,wn-0234,-1,0.85,1
wn-0234:3:85,wn-0234:5:136,TEMPORAL,BEFORE,wn-0234,-1,0.3,1
wn-0234:3:85,wn-0234:18:435,TEMPORAL,BEFORE,wn-0234,-1,0.3,1
wn-0234:3:85,wn-0234:22:571,TEMPORAL,BEFORE,wn-0234,-1,0.85,1
wn-0234:3:99,wn-0234:4:116,TEMPORAL,BEFORE,wn-0234,-1,0.85,1
wn-0234:3:99,wn-0234:5:136,TEMPORAL,BEFORE,wn-0234,-1,0.3,1
wn-0234:3:99,wn-0234:18:435,TEMPORAL,BEFORE,wn-0234,-1,0.3,1
wn-0234:3:99,wn-0234:22:571,TEMPORAL,BEFORE,wn-0234,-1,0.85,1
wn-0234:4:116,wn-0234:5:136,TEMPORAL,BEFORE,wn-0234,-1,0.3,1
wn-0234:4:116,wn-0234:18:435,TEMPORAL,BEFORE,wn-0234,-1,0.3,1
wn-0234:4:116,wn-0234:22:571,TEMPORAL,SIMULTANEOUS,wn-0234,-1,0.85,1
wn-0234:5:136,wn-0234:18:435,TEMPORAL,BEFORE,wn-0234,-1,0.3,1
wn-0234:5:136,wn-0234:22:571,TEMPORAL,BEFORE,wn-0234,-1,0.3,1
wn-0234:18:435,wn-0234:22:571,TEMPORAL,BEFORE,wn-0234,-1,0.3,1
wn-0235:3:91,wn-0235:7:162,TEMPORAL,BEFORE,wn-0235,-1,0.3,1
wn-0235:3:91,wn-0235:9:191,TEMPORAL,BEFORE,wn-0235,-1,0.3,1
wn-0235:3:91,wn-0235:14:372,TEMPORAL,BEFORE,wn-0235,-1,0.3,1
wn-0235:3:91,wn-0235:15:408,TEMPORAL,BEFORE,wn-0235,-1,0.3,1
wn-0235:7:162,wn-0235:9:191,TEMPORAL,BEFORE,wn-0235,-1,0.3,1
wn-0235:7:162,wn-0235:14:372,TEMPORAL,BEFORE,wn-0235,-1,0.3,1
wn-0235:7:162,wn-0235:15:408,TEMPORAL,BEFORE,wn-0235,-1,0.3,1
wn-0235:9:191,wn-0235:14:372,TEMPORAL,BEFORE,wn-0235,-1,0.3,1
wn-0235:9:191,wn-0235:15:408,TEMPORAL,BEFORE,wn-0235,-1,0.3,1
wn-0235:14:372,wn-0235:15:408,TEMPORAL,BEFORE,wn-0235,-1,0.3,1
wn-0236:0:9,wn-0236:1:47,TEMPORAL,BEFORE,wn-0236,-1,0.3,1
wn-0236:0:9,wn-0236:2:82,TEMPORAL,BEFORE,wn-0236,-1,0.3,1
wn-0236:1:47,wn-0236:2:82,TEMPORAL,BEFORE,wn-0236,-1,0.3,1
wn-0238:1:35,wn-0238:10:330,TEMPORAL,BEFORE,wn-0238,-1,0.3,1
wn-0238:1:35,wn-0238:13:399,TEMPORAL,BEFORE,wn-0238,-1,0.3,1
wn-0238:1:35,wn-0238:14:418,TEMPORAL,BEFORE,wn-0238,-1,0.3,1
wn-0238:10:330,wn-0238:13:399,TEMPORAL,BEFORE,wn-0238,-1,0.3,1
wn-0238:10:330,wn-0238:14:418,TEMPORAL,BEFORE,wn-0238,-1,0.3,1
wn-0238:13:399,wn-0238:14:418,TEMPORAL,BEFORE,wn-0238,-1,0.3,1
wn-0239:0:43,wn-0239:7:232,TEMPORAL,BEFORE,wn-0239,-1,0.3,1
wn-0240:0:7,wn-0240:1:36,TEMPORAL,BEFORE,wn-0240,-1,0.8,1
wn-0240:0:7,wn-0240:3:73,TEMPORAL,BEFORE,wn-0240,-1,0.3,1
wn-0240:0:7,wn-0240:10:231,TEMPORAL,AFTER,wn-0240,-1,0.85,1
wn-0240:0:7,wn-0240:13:346,TEMPORAL,AFTER,wn-0240,-1,0.75,1
wn-0240:1:36,wn-0240:3:73,TEMPORAL,BEFORE,wn-0240,-1,0.3,1
wn-0240:1:36,wn-0240:10:231,TEMPORAL,AFTER,wn-0240,-1,0.8,1
wn-0240:1:36,wn-0240:13:346,TEMPORAL,AFTER,wn-0240,-1,0.75,1
wn-0240:3:73,wn-0240:10:231,TEMPORAL,BEFORE,wn-0240,-1,0.3,1
wn-0240:3:73,wn-0240:13:346,TEMPORAL,BEFORE,wn-0240,-1,0.3,1
wn-0240:10:231,wn-0240:13:346,TEMPORAL,AFTER,wn-0240,-1,0.75,1
wn-0241:1:55,wn-0241:1:91,TEMPORAL,SIMULTANEOUS,wn-0241,-1,0.9,1
wn-0241:1:55,wn-0241:7:267,TEMPORAL,BEFORE,wn-0241,-1,0.3,1
wn-0241:1:91,wn-0241:7:267,TEMPORAL,BEFORE,wn-0241,-1,0.3,1
wn-0242:11:321,wn-0242:12:358,TEMPORAL,BEFORE,wn-0242,-1,0.3,1
wn-0243:1:32,wn-0243:2:55,TEMPORAL,BEFORE,wn-0243,-1,0.3,1
wn-0243:1:32,wn-0243:5:124,TEMPORAL,BEFORE,wn-0243,-1,0.3,1
wn-0243:1:32,wn-0243:8:178,TEMPORAL,BEFORE,wn-0243,-1,0.3,1
wn-0243:2:55,wn-0243:5:124,TEMPORAL,BEFORE,wn-0243,-1,0.3,1
wn-0243:2:55,wn-0243:8:178,TEMPORAL,BEFORE,wn-0243,-1,0.8,1
wn-0243:5:124,wn-0243:8:178,TEMPORAL,BEFORE,wn-0243,-1,0.3,1
wn-0244:12:339,wn-0244:12:351,TEMPORAL,SIMULTANEOUS,wn-0244,-1,0.97,1
wn-0246:1:28,wn-0246:10:298,TEMPORAL,BEFORE,wn-0246,-1,0.3,1
wn-0247:5:116,wn-0247:8:175,TEMPORAL,BEFORE,wn-0247,-1,0.3,1
wn-0248:0:32,wn-0248:0:43,TEMPORAL,AFTER,wn-0248,-1,0.9,1
wn-0248:0:32,wn-0248:0:46,TEMPORAL,AFTER,wn-0248,-1,0.9,1
wn-0248:0:32,wn-0248:0:6,TEMPORAL,AFTER,wn-0248,-1,0.9,1
wn-0248:0:32,wn-0248:1:61,TEMPORAL,AFTER,wn-0248,-1,0.8,1
wn-0248:0:32,wn-0248:1:63,TEMPORAL,AFTER,wn-0248,-1,0.8,1
wn-0248:0:32,wn-0248:3:124,TEMPORAL,BEFORE,wn-0248,-1,0.3,1
wn-0248:0:32,wn-0248:3:128,TEMPORAL,BEFORE,wn-0248,-1,0.3,1
wn-0248:0:32,wn-0248:3:145,TEMPORAL,BEFORE,wn-0248,-1,0.3,1
wn-0248:0:32,wn-0248:4:166,TEMPORAL,AFTER,wn-0248,-1,0.85,1
wn-0248:0:32,wn-0248:6:209,TEMPORAL,BEFORE,wn-0248,-1,0.3,1
wn-0248:0:32,wn-0248:6:211,TEMPORAL,BEFORE,wn-0248,-1,0.3,1
wn-0248:0:43,wn-0248:0:46,TEMPORAL,SIMULTANEOUS,wn-0248,-1,0.9,1
wn-0248:0:43,wn-0248:0:6,TEMPORAL,SIMULTANEOUS,wn-0248,-1,0.9,1
wn-0248:0:43,wn-0248:1:61,TEMPORAL,BEFORE,wn-0248,-1,0.8,1
wn-0248:0:43,wn-0248:1:63,TEMPORAL,BEFORE,wn-0248,-1,0.8,1
wn-0248:0:43,wn-0248:3:124,TEMPORAL,BEFORE,wn-0248,-1,0.3,1
wn-0248:0:43,wn-0248:3:128,TEMPORAL,BEFORE,wn-0248,-1,0.3,1
wn-0248:0:43,wn-0248:3:145,TEMPORAL,BEFORE,wn-0248,-1,0.3,1
wn-0248:0:43,wn-0248:4:166,TEMPORAL,AFTER,wn-0248,-1,0.85,1
wn-0248:0:43,wn-0248:6:209,TEMPORAL,BEFORE,wn-0248,-1,0.3,1
wn-0248:0:43,wn-0248:6:211,TEMPORAL,BEFORE,wn-0248,-1,0.3,1
wn-0248:0:46,wn-0248:0:6,TEMPORAL,SIMULTANEOUS,wn-0248,-1,0.9,1
wn-0248:0:46,wn-0248:1:61,TEMPORAL,BEFORE,wn-0248,-1,0.8,1
wn-0248:0:46,wn-0248:1:63,TEMPORAL,BEFORE,wn-0248,-1,0.8,1
wn-0248:0:46,wn-0248:3:124,TEMPORAL,BEFORE,wn-0248,-1,0.3,1
wn-0248:0:46,wn-0248:3:128,TEMPORAL,BEFORE,wn-0248,-1,0.3,1
wn-0248:0:46,wn-0248:3:145,TEMPORAL,BEFORE,wn-0248,-1,0.3,1
wn-0248:0:46,wn-0248:4:166,TEMPORAL,AFTER,wn-0248,-1,0.85,1
wn-0248:0:46,wn-0248:6:209,TEMPORAL,BEFORE,wn-0248,-1,0.3,1
wn-0248:0:46,wn-0248:6:211,TEMPORAL,BEFORE,wn-0248,-1,0.3,1
wn-0248:0:6,wn-0248:1:61,TEMPORAL,BEFORE,wn-0248,-1,0.8,1
wn-0248:0:6,wn-0248:1:63,TEMPORAL,BEFORE,wn-0248,-1,0.8,1
wn-0248:0:6,wn-0248:3:124,TEMPORAL,BEFORE,wn-0248,-1,0.3,1
wn-0248:0:6,wn-0248:3:128,TEMPORAL,BEFORE,wn-0248,-1,0.3,1
wn-0248:0:6,wn-0248:3:145,TEMPORAL,BEFORE,wn-0248,-1,0.3,1
wn-0248:0:6,wn-0248:4:166,TEMPORAL,AFTER,wn-0248,-1,0.85,1
wn-0248:0:6,wn-0248:6:209,TEMPORAL,BEFORE,wn-0248,-1,0.3,1
wn-0248:0:6,wn-0248:6:211,TEMPORAL,BEFORE,wn-0248,-1,0.3,1
wn-0248:1:61,wn-0248:1:63,TEMPORAL,SIMULTANEOUS,wn-0248,-1,0.8,1
wn-0248:1:61,wn-0248:3:124,TEMPORAL,BEFORE,wn-0248,-1,0.3,1
wn-0248:1:61,wn-0248:3:128,TEMPORAL,BEFORE,wn-0248,-1,0.3,1
wn-0248:1:61,wn-0248:3:145,TEMPORAL,BEFORE,wn-0248,-1,0.3,1
wn-0248:1:61,wn-0248:4:166,TEMPORAL,AFTER,wn-0248,-1,0.8,1
wn-0248:1:61,wn-0248:6:209,TEMPORAL,BEFORE,wn-0248,-1,0.3,1
wn-0248:1:61,wn-0248:6:211,TEMPORAL,BEFORE,wn-0248,-1,0.3,1
wn-0248:1:63,wn-0248:3:124,TEMPORAL,BEFORE,wn-0248,-1,0.3,1
wn-0248:1:63,wn-0248:3:128,TEMPORAL,BEFORE,wn-0248,-1,0.3,1
wn-0248:1:63,wn-0248:3:145,TEMPORAL,BEFORE,wn-0248,-1,0.3,1
wn-0248:1:63,wn-0248:4:166,TEMPORAL,AFTER,wn-0248,-1,0.8,1
wn-0248:1:63,wn-0248:6:209,TEMPORAL,BEFORE,wn-0248,-1,0.3,1
wn-0248:1:63,wn-0248:6:211,TEMPORAL,BEFORE,wn-0248,-1,0.3,1
wn-0248:3:124,wn-0248:3:128,TEMPORAL,SIMULTANEOUS,wn-0248,-1,0.5,1
wn-0248:3:124,wn-0248:3:145,TEMPORAL,SIMULTANEOUS,wn-0248,-1,0.5,1
wn-0248:3:124,wn-0248:4:166,TEMPORAL,BEFORE,wn-0248,-1,0.3,1
wn-0248:3:124,wn-0248:6:209,TEMPORAL,BEFORE,wn-0248,-1,0.3,1
wn-0248:3:124,wn-0248:6:211,TEMPORAL,BEFORE,wn-0248,-1,0.3,1
wn-0248:3:128,wn-0248:3:145,TEMPORAL,SIMULTANEOUS,wn-0248,-1,0.5,1
wn-0248:3:128,wn-0248:4:166,TEMPORAL,BEFORE,wn-0248,-1,0.3,1
wn-0248:3:128,wn-0248:6:209,TEMPORAL,BEFORE,wn-0248,-1,0.3,1
wn-0248:3:128,wn-0248:6:211,TEMPORAL,BEFORE,wn-0248,-1,0.3,1
wn-0248:3:145,wn-0248:4:166,TEMPORAL,BEFORE,wn-0248,-1,0.3,1
wn-0248:3:145,wn-0248:6:209,TEMPORAL,BEFORE,wn-0248,-1,0.3,1
wn-0248:3:145,wn-0248:6:211,TEMPORAL,BEFORE,wn-0248,-1,0.3,1
wn-0248:4:166,wn-0248:6:209,TEMPORAL,BEFORE,wn-0248,-1,0.3,1
wn-0248:4:166,wn-0248:6:211,TEMPORAL,BEFORE,wn-0248,-1,0.3,1
wn-0249:7:219,wn-0249:8:232,TEMPORAL,BEFORE,wn-0249,-1,0.3,1
wn-0249:7:219,wn-0249:9:270,TEMPORAL,BEFORE,wn-0249,-1,0.3,1
wn-0249:8:232,wn-0249:9:270,TEMPORAL,BEFORE,wn-0249,-1,0.3,1
wn-0250:0:23,wn-0250:0:6,TEMPORAL,SIMULTANEOUS,wn-0250,-1,0.7,1
wn-0250:0:23,wn-0250:3:103,TEMPORAL,AFTER,wn-0250,-1,0.7,1
wn-0250:0:23,wn-0250:5:130,TEMPORAL,BEFORE,wn-0250,-1,0.3,1
wn-0250:0:23,wn-0250:5:135,TEMPORAL,BEFORE,wn-0250,-1,0.3,1
wn-0250:0:6,wn-0250:3:103,TEMPORAL,AFTER,wn-0250,-1,0.7,1
wn-0250:0:6,wn-0250:5:130,TEMPORAL,BEFORE,wn-0250,-1,0.3,1
wn-0250:0:6,wn-0250:5:135,TEMPORAL,BEFORE,wn-0250,-1,0.3,1
wn-0250:3:103,wn-0250:5:130,TEMPORAL,BEFORE,wn-0250,-1,0.3,1
wn-0250:3:103,wn-0250:5:135,TEMPORAL,BEFORE,wn-0250,-1,0.3,1
wn-0251:0:2,wn-0251:1:34,TEMPORAL,AFTER,wn-0251,-1,0.9,1
wn-0251:0:2,wn-0251:8:239,TEMPORAL,BEFORE,wn-0251,-1,0.3,1
wn-0251:1:34,wn-0251:8:239,TEMPORAL,BEFORE,wn-0251,-1,0.3,1
wn-0252:0:18,wn-0252:0:5,TEMPORAL,SIMULTANEOUS,wn-0252,-1,0.75,1
wn-0252:0:18,wn-0252:1:33,TEMPORAL,AFTER,wn-0252,-1,0.75,1
wn-0252:0:18,wn-0252:1:39,TEMPORAL,AFTER,wn-0252,-1,0.75,1
wn-0252:0:18,wn-0252:1:51,TEMPORAL,AFTER,wn-0252,-1,0.75,1
wn-0252:0:18,wn-0252:2:70,TEMPORAL,AFTER,wn-0252,-1,0.75,1
wn-0252:0:18,wn-0252:3:118,TEMPORAL,BEFORE,wn-0252,-1,0.3,1
wn-0252:0:18,wn-0252:4:133,TEMPORAL,AFTER,wn-0252,-1,0.75,1
wn-0252:0:18,wn-0252:4:143,TEMPORAL,AFTER,wn-0252,-1,0.75,1
wn-0252:0:18,wn-0252:4:152,TEMPORAL,AFTER,wn-0252,-1,0.75,1
wn-0252:0:18,wn-0252:5:193,TEMPORAL,BEFORE,wn-0252,-1,0.3,1
wn-0252:0:18,wn-0252:6:217,TEMPORAL,BEFORE,wn-0252,-1,0.3,1
wn-0252:0:5,wn-0252:1:33,TEMPORAL,AFTER,wn-0252,-1,0.75,1
wn-0252:0:5,wn-0252:1:39,TEMPORAL,AFTER,wn-0252,-1,0.75,1
wn-0252:0:5,wn-0252:1:51,TEMPORAL,AFTER,wn-0252,-1,0.75,1
wn-0252:0:5,wn-0252:2:70,TEMPORAL,AFTER,wn-0252,-1,0.75,1
wn-0252:0:5,wn-0252:3:118,TEMPORAL,BEFORE,wn-0252,-1,0.3,1
wn-0252:0:5,wn-0252:4:133,TEMPORAL,AFTER,wn-0252,-1,0.75,1
wn-0252:0:5,wn-0252:4:143,TEMPORAL,AFTER,wn-0252,-1,0.75,1
wn-0252:0:5,wn-0252:4:152,TEMPORAL,AFTER,wn-0252,-1,0.75,1
wn-0252:0:5,wn-0252:5:193,TEMPORAL,BEFORE,wn-0252,-1,0.3,1
wn-0252:0:5,wn-0252:6:217,TEMPORAL,BEFORE,wn-0252,-1,0.3,1
wn-0252:1:33,wn-0252:1:39,TEMPORAL,SIMULTANEOUS,wn-0252,-1,0.75,1
wn-0252:1:33,wn-0252:1:51,TEMPORAL,SIMULTANEOUS,wn-0252,-1,0.75,1
wn-0252:1:33,wn-0252:2:70,TEMPORAL,AFTER,wn-0252,-1,0.75,1
wn-0252:1:33,wn-0252:3:118,TEMPORAL,BEFORE,wn-0252,-1,0.3,1
wn-0252:1:33,wn-0252:4:133,TEMPORAL,BEFORE,wn-0252,-1,0.75,1
wn-0252:1:33,wn-0252:4:143,TEMPORAL,BEFORE,wn-0252,-1,0.75,1
wn-0252:1:33,wn-0252:4:152,TEMPORAL,BEFORE,wn-0252,-1,0.75,1
wn-0252:1:33,wn-0252:5:193,TEMPORAL,BEFORE,wn-0252,-1,0.3,1
wn-0252:1:33,wn-0252:6:217,TEMPORAL,BEFORE,wn-0252,-1,0.3,1
wn-0252:1:39,wn-0252:1:51,TEMPORAL,SIMULTANEOUS,wn-0252,-1,0.75,1
wn-0252:1:39,wn-0252:2:70,TEMPORAL,AFTER,wn-0252,-1,0.75,1
wn-0252:1:39,wn-0252:3:118,TEMPORAL,BEFORE,wn-0252,-1,0.3,1
wn-0252:1:39,wn-0252:4:133,TEMPORAL,BEFORE,wn-0252,-1,0.75,1
wn-0252:1:39,wn-0252:4:143,TEMPORAL,BEFORE,wn-0252,-1,0.75,1
wn-0252:1:39,wn-0252:4:152,TEMPORAL,BEFORE,wn-0252,-1,0.75,1
wn-0252:1:39,wn-0252:5:193,TEMPORAL,BEFORE,wn-0252,-1,0.3,1
wn-0252:1:39,wn-0252:6:217,TEMPORAL,BEFORE,wn-0252,-1,0.3,1
wn-0252:1:51,wn-0252:2:70,TEMPORAL,AFTER,wn-0252,-1,0.75,1
wn-0252:1:51,wn-0252:3:118,TEMPORAL,BEFORE,wn-0252,-1,0.3,1
wn-0252:1:51,wn-0252:4:133,TEMPORAL,BEFORE,wn-0252,-1,0.75,1
wn-0252:1:51,wn-0252:4:143,TEMPORAL,BEFORE,wn-0252,-1,0.75,1
wn-0252:1:51,wn-0252:4:152,TEMPORAL,BEFORE,wn-0252,-1,0.75,1
wn-0252:1:51,wn-0252:5:193,TEMPORAL,BEFORE,wn-0252,-1,0.3,1
wn-0252:1:51,wn-0252:6:217,TEMPORAL,BEFORE,wn-0252,-1,0.3,1
wn-0252:2:70,wn-0252:3:118,TEMPORAL,BEFORE,wn-0252,-1,0.3,1
wn-0252:2:70,wn-0252:4:133,TEMPORAL,BEFORE,wn-0252,-1,0.85,1
wn-0252:2:70,wn-0252:4:143,TEMPORAL,BEFORE,wn-0252,-1,0.85,1
wn-0252:2:70,wn-0252:4:152,TEMPORAL,BEFORE,wn-0252,-1,0.85,1
wn-0252:2:70,wn-0252:5:193,TEMPORAL,BEFORE,wn-0252,-1,0.3,1
wn-0252:2:70,wn-0252:6:217,TEMPORAL,BEFORE,wn-0252,-1,0.3,1
wn-0252:3:118,wn-0252:4:133,TEMPORAL,BEFORE,wn-0252,-1,0.3,1
wn-0252:3:118,wn-0252:4:143,TEMPORAL,BEFORE,wn-0252,-1,0.3,1
wn-0252:3:118,wn-0252:4:152,TEMPORAL,BEFORE,wn-0252,-1,0.3,1
wn-0252:3:118,wn-0252:5:193,TEMPORAL,BEFORE,wn-0252,-1,0.3,1
wn-0252:3:118,wn-0252:6:217,TEMPORAL,BEFORE,wn-0252,-1,0.3,1
wn-0252:4:133,wn-0252:4:143,TEMPORAL,SIMULTANEOUS,wn-0252,-1,0.85,1
wn-0252:4:133,wn-0252:4:152,TEMPORAL,BEFORE,wn-0252,-1,0.85,1
wn-0252:4:133,wn-0252:5:193,TEMPORAL,BEFORE,wn-0252,-1,0.3,1
wn-0252:4:133,wn-0252:6:217,TEMPORAL,BEFORE,wn-0252,-1,0.3,1
wn-0252:4:143,wn-0252:4:152,TEMPORAL,BEFORE,wn-0252,-1,0.85,1
wn-0252:4:143,wn-0252:5:193,TEMPORAL,BEFORE,wn-0252,-1,0.3,1
wn-0252:4:143,wn-0252:6:217,TEMPORAL,BEFORE,wn-0252,-1,0.3,1
wn-0252:4:152,wn-0252:5:193,TEMPORAL,BEFORE,wn-0252,-1,0.3,1
wn-0252:4:152,wn-0252:6:217,TEMPORAL,BEFORE,wn-0252,-1,0.3,1
wn-0252:5:193,wn-0252:6:217,TEMPORAL,BEFORE,wn-0252,-1,0.3,1
wn-0253:0:10,wn-0253:4:103,TEMPORAL,AFTER,wn-0253,-1,0.85,1
wn-0254:5:138,wn-0254:8:232,TEMPORAL,BEFORE,wn-0254,-1,0.3,1
wn-0254:5:138,wn-0254:9:241,TEMPORAL,BEFORE,wn-0254,-1,0.3,1
wn-0254:5:138,wn-0254:18:481,TEMPORAL,BEFORE,wn-0254,-1,0.3,1
wn-0254:8:232,wn-0254:9:241,TEMPORAL,BEFORE,wn-0254,-1,0.3,1
wn-0254:8:232,wn-0254:18:481,TEMPORAL,BEFORE,wn-0254,-1,0.3,1
wn-0254:9:241,wn-0254:18:481,TEMPORAL,BEFORE,wn-0254,-1,0.3,1
wn-0255:5:118,wn-0255:6:148,TEMPORAL,BEFORE,wn-0255,-1,0.3,1
wn-0255:5:118,wn-0255:7:160,TEMPORAL,BEFORE,wn-0255,-1,0.3,1
wn-0255:5:118,wn-0255:11:238,TEMPORAL,BEFORE,wn-0255,-1,0.3,1
wn-0255:5:118,wn-0255:12:295,TEMPORAL,BEFORE,wn-0255,-1,0.3,1
wn-0255:5:118,wn-0255:14:325,TEMPORAL,BEFORE,wn-0255,-1,0.3,1
wn-0255:5:118,wn-0255:14:335,TEMPORAL,BEFORE,wn-0255,-1,0.3,1
wn-0255:5:118,wn-0255:15:352,TEMPORAL,BEFORE,wn-0255,-1,0.3,1
wn-0255:5:118,wn-0255:16:373,TEMPORAL,AFTER,wn-0255,-1,0.95,1
wn-0255:5:118,wn-0255:17:393,TEMPORAL,BEFORE,wn-0255,-1,0.3,1
wn-0255:5:118,wn-0255:19:443,TEMPORAL,AFTER,wn-0255,-1,0.9,1
wn-0255:6:148,wn-0255:7:160,TEMPORAL,BEFORE,wn-0255,-1,0.3,1
wn-0255:6:148,wn-0255:11:238,TEMPORAL,BEFORE,wn-0255,-1,0.3,1
wn-0255:6:148,wn-0255:12:295,TEMPORAL,BEFORE,wn-0255,-1,0.3,1
wn-0255:6:148,wn-0255:14:325,TEMPORAL,BEFORE,wn-0255,-1,0.3,1
wn-0255:6:148,wn-0255:14:335,TEMPORAL,BEFORE,wn-0255,-1,0.3,1
wn-0255:6:148,wn-0255:15:352,TEMPORAL,BEFORE,wn-0255,-1,0.3,1
wn-0255:6:148,wn-0255:16:373,TEMPORAL,BEFORE,wn-0255,-1,0.3,1
wn-0255:6:148,wn-0255:17:393,TEMPORAL,BEFORE,wn-0255,-1,0.3,1
wn-0255:6:148,wn-0255:19:443,TEMPORAL,BEFORE,wn-0255,-1,0.3,1
wn-0255:7:160,wn-0255:11:238,TEMPORAL,BEFORE,wn-0255,-1,0.3,1
wn-0255:7:160,wn-0255:12:295,TEMPORAL,BEFORE,wn-0255,-1,0.3,1
wn-0255:7:160,wn-0255:14:325,TEMPORAL,BEFORE,wn-0255,-1,0.3,1
wn-0255:7:160,wn-0255:14:335,TEMPORAL,BEFORE,wn-0255,-1,0.3,1
wn-0255:7:160,wn-0255:15:352,TEMPORAL,BEFORE,wn-0255,-1,0.3,1
wn-0255:7:160,wn-0255:16:373,TEMPORAL,BEFORE,wn-0255,-1,0.3,1
wn-0255:7:160,wn-0255:17:393,TEMPORAL,BEFORE,wn-0255,-1,0.3,1
wn-0255:7:160,wn-0255:19:443,TEMPORAL,BEFORE,wn-0255,-1,0.3,1
wn-0255:11:238,wn-0255:12:295,TEMPORAL,BEFORE,wn-0255,-1,0.3,1
wn-0255:11:238,wn-0255:14:325,TEMPORAL,BEFORE,wn-0255,-1,0.3,1
wn-0255:11:238,wn-0255:14:335,TEMPORAL,BEFORE,wn-0255,-1,0.3,1
wn-0255:11:238,wn-0255:15:352,TEMPORAL,BEFORE,wn-0255,-1,0.3,1
wn-0255:11:238,wn-0255:16:373,TEMPORAL,BEFORE,wn-0255,-1,0.3,1
wn-0255:11:238,wn-0255:17:393,TEMPORAL,BEFORE,wn-0255,-1,0.3,1
wn-0255:11:238,wn-0255:19:443,TEMPORAL,BEFORE,wn-0255,-1,0.3,1
wn-0255:12:295,wn-0255:14:325,TEMPORAL,BEFORE,wn-0255,-1,0.3,1
wn-0255:12:295,wn-0255:14:335,TEMPORAL,BEFORE,wn-0255,-1,0.3,1
wn-0255:12:295,wn-0255:15:352,TEMPORAL,BEFORE,wn-0255,-1,0.3,1
wn-0255:12:295,wn-0255:16:373,TEMPORAL,BEFORE,wn-0255,-1,0.3,1
wn-0255:12:295,wn-0255:17:393,TEMPORAL,BEFORE,wn-0255,-1,0.3,1
wn-0255:12:295,wn-0255:19:443,TEMPORAL,BEFORE,wn-0255,-1,0.3,1
wn-0255:14:325,wn-0255:15:352,TEMPORAL,BEFORE,wn-0255,-1,0.3,1
wn-0255:14:325,wn-0255:16:373,TEMPORAL,BEFORE,wn-0255,-1,0.3,1
wn-0255:14:325,wn-0255:17:393,TEMPORAL,BEFORE,wn-0255,-1,0.3,1
wn-0255:14:325,wn-0255:19:443,TEMPORAL,BEFORE,wn-0255,-1,0.3,1
wn-0255:14:335,wn-0255:15:352,TEMPORAL,BEFORE,wn-0255,-1,0.3,1
wn-0255:14:335,wn-0255:16:373,TEMPORAL,BEFORE,wn-0255,-1,0.3,1
wn-0255:14:335,wn-0255:17:393,TEMPORAL,BEFORE,wn-0255,-1,0.3,1
wn-0255:14:335,wn-0255:19:443,TEMPORAL,BEFORE,wn-0255,-1,0.3,1
wn-0255:15:352,wn-0255:16:373,TEMPORAL,BEFORE,wn-0255,-1,0.3,1
wn-0255:15:352,wn-0255:17:393,TEMPORAL,BEFORE,wn-0255,-1,0.3,1
wn-0255:15:352,wn-0255:19:443,TEMPORAL,BEFORE,wn-0255,-1,0.3,1
wn-0255:16:373,wn-0255:17:393,TEMPORAL,BEFORE,wn-0255,-1,0.3,1
wn-0255:16:373,wn-0255:19:443,TEMPORAL,BEFORE,wn-0255,-1,0.9,1
wn-0255:17:393,wn-0255:19:443,TEMPORAL,BEFORE,wn-0255,-1,0.3,1
wn-0256:0:10,wn-0256:1:26,TEMPORAL,BEFORE,wn-0256,-1,0.3,1
wn-0256:0:10,wn-0256:2:31,TEMPORAL,BEFORE,wn-0256,-1,0.3,1
wn-0256:0:10,wn-0256:3:54,TEMPORAL,BEFORE,wn-0256,-1,0.3,1
wn-0256:0:10,wn-0256:4:73,TEMPORAL,BEFORE,wn-0256,-1,0.3,1
wn-0256:0:10,wn-0256:5:95,TEMPORAL,BEFORE,wn-0256,-1,0.3,1
wn-0256:0:10,wn-0256:6:110,TEMPORAL,BEFORE,wn-0256,-1,0.3,1
wn-0256:0:10,wn-0256:6:112,TEMPORAL,BEFORE,wn-0256,-1,0.3,1
wn-0256:0:10,wn-0256:7:128,TEMPORAL,BEFORE,wn-0256,-1,0.3,1
wn-0256:0:10,wn-0256:7:131,TEMPORAL,BEFORE,wn-0256,-1,0.3,1
wn-0256:0:10,wn-0256:14:359,TEMPORAL,BEFORE,wn-0256,-1,0.3,1
wn-0256:0:5,wn-0256:1:26,TEMPORAL,BEFORE,wn-0256,-1,0.3,1
wn-0256:0:5,wn-0256:2:31,TEMPORAL,BEFORE,wn-0256,-1,0.3,1
wn-0256:0:5,wn-0256:3:54,TEMPORAL,BEFORE,wn-0256,-1,0.3,1
wn-0256:0:5,wn-0256:4:73,TEMPORAL,BEFORE,wn-0256,-1,0.3,1
wn-0256:0:5,wn-0256:5:95,TEMPORAL,BEFORE,wn-0256,-1,0.3,1
wn-0256:0:5,wn-0256:6:110,TEMPORAL,BEFORE,wn-0256,-1,0.3,1
wn-0256:0:5,wn-0256:6:112,TEMPORAL,BEFORE,wn-0256,-1,0.3,1
wn-0256:0:5,wn-0256:7:128,TEMPORAL,BEFORE,wn-0256,-1,0.3,1
wn-0256:0:5,wn-0256:7:131,TEMPORAL,BEFORE,wn-0256,-1,0.3,1
wn-0256:0:5,wn-0256:14:359,TEMPORAL,BEFORE,wn-0256,-1,0.3,1
wn-0256:1:26,wn-0256:2:31,TEMPORAL,BEFORE,wn-0256,-1,0.3,1
wn-0256:1:26,wn-0256:3:54,TEMPORAL,BEFORE,wn-0256,-1,0.3,1
wn-0256:1:26,wn-0256:4:73,TEMPORAL,BEFORE,wn-0256,-1,0.3,1
wn-0256:1:26,wn-0256:5:95,TEMPORAL,BEFORE,wn-0256,-1,0.3,1
wn-0256:1:26,wn-0256:6:110,TEMPORAL,BEFORE,wn-0256,-1,0.3,1
wn-0256:1:26,wn-0256:6:112,TEMPORAL,BEFORE,wn-0256,-1,0.3,1
wn-0256:1:26,wn-0256:7:128,TEMPORAL,BEFORE,wn-0256,-1,0.3,1
wn-0256:1:26,wn-0256:7:131,TEMPORAL,BEFORE,wn-0256,-1,0.3,1
wn-0256:1:26,wn-0256:14:359,TEMPORAL,BEFORE,wn-0256,-1,0.3,1
wn-0256:2:31,wn-0256:3:54,TEMPORAL,BEFORE,wn-0256,-1,0.8,1
wn-0256:2:31,wn-0256:4:73,TEMPORAL,BEFORE,wn-0256,-1,0.8,1
wn-0256:2:31,wn-0256:5:95,TEMPORAL,BEFORE,wn-0256,-1,0.3,1
wn-0256:2:31,wn-0256:6:110,TEMPORAL,BEFORE,wn-0256,-1,0.3,1
wn-0256:2:31,wn-0256:6:112,TEMPORAL,BEFORE,wn-0256,-1,0.3,1
wn-0256:2:31,wn-0256:7:128,TEMPORAL,BEFORE,wn-0256,-1,0.3,1
wn-0256:2:31,wn-0256:7:131,TEMPORAL,BEFORE,wn-0256,-1,0.3,1
wn-0256:2:31,wn-0256:14:359,TEMPORAL,BEFORE,wn-0256,-1,0.3,1
wn-0256:3:54,wn-0256:4:73,TEMPORAL,BEFORE,wn-0256,-1,0.8,1
wn-0256:3:54,wn-0256:5:95,TEMPORAL,BEFORE,wn-0256,-1,0.3,1
wn-0256:3:54,wn-0256:6:110,TEMPORAL,BEFORE,wn-0256,-1,0.3,1
wn-0256:3:54,wn-0256:6:112,TEMPORAL,BEFORE,wn-0256,-1,0.3,1
wn-0256:3:54,wn-0256:7:128,TEMPORAL,BEFORE,wn-0256,-1,0.3,1
wn-0256:3:54,wn-0256:7:131,TEMPORAL,BEFORE,wn-0256,-1,0.3,1
wn-0256:3:54,wn-0256:14:359,TEMPORAL,BEFORE,wn-0256,-1,0.3,1
wn-0256:4:73,wn-0256:5:95,TEMPORAL,BEFORE,wn-0256,-1,0.3,1
wn-0256:4:73,wn-0256:6:110,TEMPORAL,BEFORE,wn-0256,-1,0.3,1
wn-0256:4:73,wn-0256:6:112,TEMPORAL,BEFORE,wn-0256,-1,0.3,1
wn-0256:4:73,wn-0256:7:128,TEMPORAL,BEFORE,wn-0256,-1,0.3,1
wn-0256:4:73,wn-0256:7:131,TEMPORAL,BEFORE,wn-0256,-1,0.3,1
wn-0256:4:73,wn-0256:14:359,TEMPORAL,BEFORE,wn-0256,-1,0.3,1
wn-0256:5:95,wn-0256:6:110,TEMPORAL,BEFORE,wn-0256,-1,0.3,1
wn-0256:5:95,wn-0256:6:112,TEMPORAL,BEFORE,wn-0256,-1,0.3,1
wn-0256:5:95,wn-0256:7:128,TEMPORAL,BEFORE,wn-0256,-1,0.3,1
wn-0256:5:95,wn-0256:7:131,TEMPORAL,BEFORE,wn-0256,-1,0.3,1
wn-0256:5:95,wn-0256:14:359,TEMPORAL,BEFORE,wn-0256,-1,0.3,1
wn-0256:6:110,wn-0256:7:128,TEMPORAL,BEFORE,wn-0256,-1,0.3,1
wn-0256:6:110,wn-0256:7:131,TEMPORAL,BEFORE,wn-0256,-1,0.3,1
wn-0256:6:110,wn-0256:14:359,TEMPORAL,BEFORE,wn-0256,-1,0.3,1
wn-0256:6:112,wn-0256:7:128,TEMPORAL,BEFORE,wn-0256,-1,0.3,1
wn-0256:6:112,wn-0256:7:131,TEMPORAL,BEFORE,wn-0256,-1,0.3,1
wn-0256:6:112,wn-0256:14:359,TEMPORAL,BEFORE,wn-0256,-1,0.3,1
wn-0256:7:128,wn-0256:14:359,TEMPORAL,BEFORE,wn-0256,-1,0.3,1
wn-0256:7:131,wn-0256:14:359,TEMPORAL,BEFORE,wn-0256,-1,0.3,1
wn-0257:2:79,wn-0257:4:148,TEMPORAL,BEFORE,wn-0257,-1,0.3,1
wn-0257:2:79,wn-0257:10:298,TEMPORAL,BEFORE,wn-0257,-1,0.85,1
wn-0257:2:79,wn-0257:10:311,TEMPORAL,BEFORE,wn-0257,-1,0.85,1
wn-0257:4:148,wn-0257:10:298,TEMPORAL,BEFORE,wn-0257,-1,0.3,1
wn-0257:4:148,wn-0257:10:311,TEMPORAL,BEFORE,wn-0257,-1,0.3,1
wn-0257:10:298,wn-0257:10:311,TEMPORAL,SIMULTANEOUS,wn-0257,-1,0.85,1
wn-0258:4:103,wn-0258:14:311,TEMPORAL,BEFORE,wn-0258,-1,0.3,1
wn-0258:4:103,wn-0258:15:322,TEMPORAL,BEFORE,wn-0258,-1,0.3,1
wn-0258:4:103,wn-0258:16:340,TEMPORAL,BEFORE,wn-0258,-1,0.3,1
wn-0258:14:311,wn-0258:15:322,TEMPORAL,BEFORE,wn-0258,-1,0.3,1
wn-0258:14:311,wn-0258:16:340,TEMPORAL,BEFORE,wn-0258,-1,0.3,1
wn-0258:15:322,wn-0258:16:340,TEMPORAL,BEFORE,wn-0258,-1,0.3,1
wn-0259:0:11,wn-0259:1:33,TEMPORAL,BEFORE,wn-0259,-1,0.3,1
wn-0259:0:11,wn-0259:3:103,TEMPORAL,BEFORE,wn-0259,-1,0.3,1
wn-0259:0:11,wn-0259:8:204,TEMPORAL,BEFORE,wn-0259,-1,0.3,1
wn-0259:1:33,wn-0259:3:103,TEMPORAL,BEFORE,wn-0259,-1,0.3,1
wn-0259:1:33,wn-0259:8:204,TEMPORAL,BEFORE,wn-0259,-1,0.3,1
wn-0259:3:103,wn-0259:8:204,TEMPORAL,AFTER,wn-0259,-1,0.9,1
wn-0260:0:16,wn-0260:1:26,TEMPORAL,BEFORE,wn-0260,-1,0.3,1
wn-0260:0:16,wn-0260:1:45,TEMPORAL,BEFORE,wn-0260,-1,0.3,1
wn-0260:0:16,wn-0260:3:88,TEMPORAL,BEFORE,wn-0260,-1,0.3,1
wn-0260:0:16,wn-0260:4:115,TEMPORAL,BEFORE,wn-0260,-1,0.3,1
wn-0260:0:16,wn-0260:30:577,TEMPORAL,BEFORE,wn-0260,-1,0.3,1
wn-0260:1:26,wn-0260:1:45,TEMPORAL,BEFORE,wn-0260,-1,0.5,1
wn-0260:1:26,wn-0260:3:88,TEMPORAL,BEFORE,wn-0260,-1,0.3,1
wn-0260:1:26,wn-0260:4:115,TEMPORAL,BEFORE,wn-0260,-1,0.3,1
wn-0260:1:26,wn-0260:30:577,TEMPORAL,BEFORE,wn-0260,-1,0.7,1
wn-0260:1:45,wn-0260:3:88,TEMPORAL,BEFORE,wn-0260,-1,0.3,1
wn-0260:1:45,wn-0260:4:115,TEMPORAL,BEFORE,wn-0260,-1,0.3,1
wn-0260:1:45,wn-0260:30:577,TEMPORAL,BEFORE,wn-0260,-1,0.3,1
wn-0260:3:88,wn-0260:4:115,TEMPORAL,BEFORE,wn-0260,-1,0.3,1
wn-0260:3:88,wn-0260:30:577,TEMPORAL,BEFORE,wn-0260,-1,0.3,1
wn-0260:4:115,wn-0260:30:577,TEMPORAL,BEFORE,wn-0260,-1,0.3,1
wn-0262:0:15,wn-0262:1:32,TEMPORAL,BEFORE,wn-0262,-1,0.3,1
wn-0262:0:15,wn-0262:2:60,TEMPORAL,BEFORE,wn-0262,-1,0.3,1
wn-0262:0:15,wn-0262:2:75,TEMPORAL,BEFORE,wn-0262,-1,0.3,1
wn-0262:0:15,wn-0262:4:120,TEMPORAL,BEFORE,wn-0262,-1,0.3,1
wn-0262:0:15,wn-0262:4:129,TEMPORAL,BEFORE,wn-0262,-1,0.3,1
wn-0262:0:15,wn-0262:5:162,TEMPORAL,BEFORE,wn-0262,-1,0.3,1
wn-0262:0:15,wn-0262:5:176,TEMPORAL,BEFORE,wn-0262,-1,0.3,1
wn-0262:0:15,wn-0262:8:231,TEMPORAL,BEFORE,wn-0262,-1,0.3,1
wn-0262:1:32,wn-0262:2:60,TEMPORAL,BEFORE,wn-0262,-1,0.7,1
wn-0262:1:32,wn-0262:2:75,TEMPORAL,BEFORE,wn-0262,-1,0.3,1
wn-0262:1:32,wn-0262:4:120,TEMPORAL,BEFORE,wn-0262,-1,0.3,1
wn-0262:1:32,wn-0262:4:129,TEMPORAL,BEFORE,wn-0262,-1,0.3,1
wn-0262:1:32,wn-0262:5:162,TEMPORAL,AFTER,wn-0262,-1,0.8,1
wn-0262:1:32,wn-0262:5:176,TEMPORAL,AFTER,wn-0262,-1,0.8,1
wn-0262:1:32,wn-0262:8:231,TEMPORAL,AFTER,wn-0262,-1,0.8,1
wn-0262:2:60,wn-0262:2:75,TEMPORAL,BEFORE,wn-0262,-1,0.5,1
wn-0262:2:60,wn-0262:4:120,TEMPORAL,BEFORE,wn-0262,-1,0.3,1
wn-0262:2:60,wn-0262:4:129,TEMPORAL,BEFORE,wn-0262,-1,0.3,1
wn-0262:2:60,wn-0262:5:162,TEMPORAL,AFTER,wn-0262,-1,0.7,1
wn-0262:2:60,wn-0262:5:176,TEMPORAL,AFTER,wn-0262,-1,0.7,1
wn-0262:2:60,wn-0262:8:231,TEMPORAL,AFTER,wn-0262,-1,0.7,1
wn-0262:2:75,wn-0262:4:120,TEMPORAL,BEFORE,wn-0262,-1,0.3,1
wn-0262:2:75,wn-0262:4:129,TEMPORAL,BEFORE,wn-0262,-1,0.3,1
wn-0262:2:75,wn-0262:5:162,TEMPORAL,BEFORE,wn-0262,-1,0.3,1
wn-0262:2:75,wn-0262:5:176,TEMPORAL,BEFORE,wn-0262,-1,0.3,1
wn-0262:2:75,wn-0262:8:231,TEMPORAL,BEFORE,wn-0262,-1,0.3,1
wn-0262:4:120,wn-0262:4:129,TEMPORAL,BEFORE,wn-0262,-1,0.5,1
wn-0262:4:120,wn-0262:5:162,TEMPORAL,BEFORE,wn-0262,-1,0.3,1
wn-0262:4:120,wn-0262:5:176,TEMPORAL,BEFORE,wn-0262,-1,0.3,1
wn-0262:4:120,wn-0262:8:231,TEMPORAL,BEFORE,wn-0262,-1,0.3,1
wn-0262:4:129,wn-0262:5:162,TEMPORAL,BEFORE,wn-0262,-1,0.3,1
wn-0262:4:129,wn-0262:5:176,TEMPORAL,BEFORE,wn-0262,-1,0.3,1
wn-0262:4:129,wn-0262:8:231,TEMPORAL,BEFORE,wn-0262,-1,0.3,1
wn-0262:5:162,wn-0262:5:176,TEMPORAL,SIMULTANEOUS,wn-0262,-1,0.9,1
wn-0262:5:162,wn-0262:8:231,TEMPORAL,AFTER,wn-0262,-1,0.9,1
wn-0262:5:176,wn-0262:8:231,TEMPORAL,AFTER,wn-0262,-1,0.9,1
wn-0263:0:16,wn-0263:1:50,TEMPORAL,BEFORE,wn-0263,-1,0.3,1
wn-0263:0:16,wn-0263:3:132,TEMPORAL,BEFORE,wn-0263,-1,0.3,1
wn-0263:0:16,wn-0263:7:222,TEMPORAL,BEFORE,wn-0263,-1,0.3,1
wn-0263:0:44,wn-0263:1:50,TEMPORAL,BEFORE,wn-0263,-1,0.3,1
wn-0263:0:44,wn-0263:3:132,TEMPORAL,BEFORE,wn-0263,-1,0.3,1
wn-0263:0:44,wn-0263:7:222,TEMPORAL,BEFORE,wn-0263,-1,0.3,1
wn-0263:1:50,wn-0263:3:132,TEMPORAL,BEFORE,wn-0263,-1,0.3,1
wn-0263:1:50,wn-0263:7:222,TEMPORAL,BEFORE,wn-0263,-1,0.3,1
wn-0263:3:132,wn-0263:7:222,TEMPORAL,BEFORE,wn-0263,-1,0.7,1
wn-0264:0:4,wn-0264:1:27,TEMPORAL,BEFORE,wn-0264,-1,0.3,1
wn-0264:0:4,wn-0264:1:40,TEMPORAL,BEFORE,wn-0264,-1,0.3,1
wn-0264:0:4,wn-0264:3:74,TEMPORAL,BEFORE,wn-0264,-1,0.3,1
wn-0264:0:4,wn-0264:3:89,TEMPORAL,BEFORE,wn-0264,-1,0.3,1
wn-0264:0:4,wn-0264:4:105,TEMPORAL,BEFORE,wn-0264,-1,0.3,1
wn-0264:0:4,wn-0264:4:95,TEMPORAL,BEFORE,wn-0264,-1,0.3,1
wn-0264:0:4,wn-0264:5:119,TEMPORAL,BEFORE,wn-0264,-1,0.3,1
wn-0264:0:4,wn-0264:7:171,TEMPORAL,BEFORE,wn-0264,-1,0.3,1
wn-0264:0:4,wn-0264:7:175,TEMPORAL,BEFORE,wn-0264,-1,0.3,1
wn-0264:0:4,wn-0264:8:198,TEMPORAL,BEFORE,wn-0264,-1,0.3,1
wn-0264:0:4,wn-0264:9:210,TEMPORAL,BEFORE,wn-0264,-1,0.3,1
wn-0264:0:4,wn-0264:9:224,TEMPORAL,BEFORE,wn-0264,-1,0.3,1
wn-0264:0:4,wn-0264:10:261,TEMPORAL,BEFORE,wn-0264,-1,0.3,1
wn-0264:0:4,wn-0264:11:297,TEMPORAL,BEFORE,wn-0264,-1,0.3,1
wn-0264:1:27,wn-0264:3:74,TEMPORAL,BEFORE,wn-0264,-1,0.3,1
wn-0264:1:27,wn-0264:3:89,TEMPORAL,BEFORE,wn-0264,-1,0.3,1
wn-0264:1:27,wn-0264:4:105,TEMPORAL,BEFORE,wn-0264,-1,0.3,1
wn-0264:1:27,wn-0264:4:95,TEMPORAL,BEFORE,wn-0264,-1,0.3,1
wn-0264:1:27,wn-0264:5:119,TEMPORAL,BEFORE,wn-0264,-1,0.3,1
wn-0264:1:27,wn-0264:7:171,TEMPORAL,BEFORE,wn-0264,-1,0.3,1
wn-0264:1:27,wn-0264:7:175,TEMPORAL,BEFORE,wn-0264,-1,0.3,1
wn-0264:1:27,wn-0264:8:198,TEMPORAL,BEFORE,wn-0264,-1,0.3,1
wn-0264:1:27,wn-0264:9:210,TEMPORAL,BEFORE,wn-0264,-1,0.3,1
wn-0264:1:27,wn-0264:9:224,TEMPORAL,BEFORE,wn-0264,-1,0.3,1
wn-0264:1:27,wn-0264:10:261,TEMPORAL,BEFORE,wn-0264,-1,0.3,1
wn-0264:1:27,wn-0264:11:297,TEMPORAL,BEFORE,wn-0264,-1,0.3,1
wn-0264:1:40,wn-0264:3:74,TEMPORAL,BEFORE,wn-0264,-1,0.3,1
wn-0264:1:40,wn-0264:3:89,TEMPORAL,BEFORE,wn-0264,-1,0.3,1
wn-0264:1:40,wn-0264:4:105,TEMPORAL,BEFORE,wn-0264,-1,0.3,1
wn-0264:1:40,wn-0264:4:95,TEMPORAL,BEFORE,wn-0264,-1,0.3,1
wn-0264:1:40,wn-0264:5:119,TEMPORAL,BEFORE,wn-0264,-1,0.3,1
wn-0264:1:40,wn-0264:7:171,TEMPORAL,BEFORE,wn-0264,-1,0.3,1
wn-0264:1:40,wn-0264:7:175,TEMPORAL,BEFORE,wn-0264,-1,0.3,1
wn-0264:1:40,wn-0264:8:198,TEMPORAL,BEFORE,wn-0264,-1,0.3,1
wn-0264:1:40,wn-0264:9:210,TEMPORAL,BEFORE,wn-0264,-1,0.3,1
wn-0264:1:40,wn-0264:9:224,TEMPORAL,BEFORE,wn-0264,-1,0.3,1
wn-0264:1:40,wn-0264:10:261,TEMPORAL,BEFORE,wn-0264,-1,0.3,1
wn-0264:1:40,wn-0264:11:297,TEMPORAL,BEFORE,wn-0264,-1,0.3,1
wn-0264:3:74,wn-0264:3:89,TEMPORAL,AFTER,wn-0264,-1,0.5,1
wn-0264:3:74,wn-0264:4:105,TEMPORAL,BEFORE,wn-0264,-1,0.3,1
wn-0264:3:74,wn-0264:4:95,TEMPORAL,BEFORE,wn-0264,-1,0.3,1
wn-0264:3:74,wn-0264:5:119,TEMPORAL,BEFORE,wn-0264,-1,0.3,1
wn-0264:3:74,wn-0264:7:171,TEMPORAL,BEFORE,wn-0264,-1,0.3,1
wn-0264:3:74,wn-0264:7:175,TEMPORAL,BEFORE,wn-0264,-1,0.3,1
wn-0264:3:74,wn-0264:8:198,TEMPORAL,BEFORE,wn-0264,-1,0.3,1
wn-0264:3:74,wn-0264:9:210,TEMPORAL,BEFORE,wn-0264,-1,0.3,1
wn-0264:3:74,wn-0264:9:224,TEMPORAL,BEFORE,wn-0264,-1,0.3,1
wn-0264:3:74,wn-0264:10:261,TEMPORAL,BEFORE,wn-0264,-1,0.3,1
wn-0264:3:74,wn-0264:11:297,TEMPORAL,BEFORE,wn-0264,-1,0.3,1
wn-0264:3:89,wn-0264:4:105,TEMPORAL,BEFORE,wn-0264,-1,0.3,1
wn-0264:3:89,wn-0264:4:95,TEMPORAL,BEFORE,wn-0264,-1,0.3,1
wn-0264:3:89,wn-0264:5:119,TEMPORAL,BEFORE,wn-0264,-1,0.3,1
wn-0264:3:89,wn-0264:7:171,TEMPORAL,BEFORE,wn-0264,-1,0.3,1
wn-0264:3:89,wn-0264:7:175,TEMPORAL,BEFORE,wn-0264,-1,0.3,1
wn-0264:3:89,wn-0264:8:198,TEMPORAL,BEFORE,wn-0264,-1,0.3,1
wn-0264:3:89,wn-0264:9:210,TEMPORAL,BEFORE,wn-0264,-1,0.3,1
wn-0264:3:89,wn-0264:9:224,TEMPORAL,BEFORE,wn-0264,-1,0.3,1
wn-0264:3:89,wn-0264:10:261,TEMPORAL,BEFORE,wn-0264,-1,0.3,1
wn-0264:3:89,wn-0264:11:297,TEMPORAL,BEFORE,wn-0264,-1,0.3,1
wn-0264:4:105,wn-0264:4:95,TEMPORAL,SIMULTANEOUS,wn-0264,-1,0.7,1
wn-0264:4:105,wn-0264:5:119,TEMPORAL,AFTER,wn-0264,-1,0.7,1
wn-0264:4:105,wn-0264:7:171,TEMPORAL,BEFORE,wn-0264,-1,0.3,1
wn-0264:4:105,wn-0264:7:175,TEMPORAL,BEFORE,wn-0264,-1,0.3,1
wn-0264:4:105,wn-0264:8:198,TEMPORAL,BEFORE,wn-0264,-1,0.3,1
wn-0264:4:105,wn-0264:9:210,TEMPORAL,BEFORE,wn-0264,-1,0.3,1
wn-0264:4:105,wn-0264:9:224,TEMPORAL,BEFORE,wn-0264,-1,0.3,1
wn-0264:4:105,wn-0264:10:261,TEMPORAL,AFTER,wn-0264,-1,0.7,1
wn-0264:4:105,wn-0264:11:297,TEMPORAL,BEFORE,wn-0264,-1,0.7,1
wn-0264:4:95,wn-0264:5:119,TEMPORAL,AFTER,wn-0264,-1,0.7,1
wn-0264:4:95,wn-0264:7:171,TEMPORAL,BEFORE,wn-0264,-1,0.3,1
wn-0264:4:95,wn-0264:7:175,TEMPORAL,BEFORE,wn-0264,-1,0.3,1
wn-0264:4:95,wn-0264:8:198,TEMPORAL,BEFORE,wn-0264,-1,0.3,1
wn-0264:4:95,wn-0264:9:210,TEMPORAL,BEFORE,wn-0264,-1,0.3,1
wn-0264:4:95,wn-0264:9:224,TEMPORAL,BEFORE,wn-0264,-1,0.3,1
wn-0264:4:95,wn-0264:10:261,TEMPORAL,AFTER,wn-0264,-1,0.7,1
wn-0264:4:95,wn-0264:11:297,TEMPORAL,BEFORE,wn-0264,-1,0.7,1
wn-0264:5:119,wn-0264:7:171,TEMPORAL,BEFORE,wn-0264,-1,0.3,1
wn-0264:5:119,wn-0264:7:175,TEMPORAL,BEFORE,wn-0264,-1,0.3,1
wn-0264:5:119,wn-0264:8:198,TEMPORAL,BEFORE,wn-0264,-1,0.3,1
wn-0264:5:119,wn-0264:9:210,TEMPORAL,BEFORE,wn-0264,-1,0.3,1
wn-0264:5:119,wn-0264:9:224,TEMPORAL,BEFORE,wn-0264,-1,0.3,1
wn-0264:5:119,wn-0264:10:261,TEMPORAL,AFTER,wn-0264,-1,0.9,1
wn-0264:5:119,wn-0264:11:297,TEMPORAL,BEFORE,wn-0264,-1,0.85,1
wn-0264:7:171,wn-0264:8:198,TEMPORAL,BEFORE,wn-0264,-1,0.3,1
wn-0264:7:171,wn-0264:9:210,TEMPORAL,BEFORE,wn-0264,-1,0.3,1
wn-0264:7:171,wn-0264:9:224,TEMPORAL,BEFORE,wn-0264,-1,0.3,1
wn-0264:7:171,wn-0264:10:261,TEMPORAL,BEFORE,wn-0264,-1,0.3,1
wn-0264:7:171,wn-0264:11:297,TEMPORAL,BEFORE,wn-0264,-1,0.3,1
wn-0264:7:175,wn-0264:8:198,TEMPORAL,BEFORE,wn-0264,-1,0.3,1
wn-0264:7:175,wn-0264:9:210,TEMPORAL,BEFORE,wn-0264,-1,0.3,1
wn-0264:7:175,wn-0264:9:224,TEMPORAL,BEFORE,wn-0264,-1,0.3,1
wn-0264:7:175,wn-0264:10:261,TEMPORAL,BEFORE,wn-0264,-1,0.3,1
wn-0264:7:175,wn-0264:11:297,TEMPORAL,BEFORE,wn-0264,-1,0.3,1
wn-0264:8:198,wn-0264:9:210,TEMPORAL,BEFORE,wn-0264,-1,0.3,1
wn-0264:8:198,wn-0264:9:224,TEMPORAL,BEFORE,wn-0264,-1,0.3,1
wn-0264:8:198,wn-0264:10:261,TEMPORAL,BEFORE,wn-0264,-1,0.3,1
wn-0264:8:198,wn-0264:11:297,TEMPORAL,BEFORE,wn-0264,-1,0.3,1
wn-0264:9:210,wn-0264:9:224,TEMPORAL,SIMULTANEOUS,wn-0264,-1,0.5,1
wn-0264:9:210,wn-0264:10:261,TEMPORAL,BEFORE,wn-0264,-1,0.3,1
wn-0264:9:210,wn-0264:11:297,TEMPORAL,BEFORE,wn-0264,-1,0.3,1
wn-0264:9:224,wn-0264:10:261,TEMPORAL,BEFORE,wn-0264,-1,0.3,1
wn-0264:9:224,wn-0264:11:297,TEMPORAL,BEFORE,wn-0264,-1,0.3,1
wn-0264:10:261,wn-0264:11:297,TEMPORAL,BEFORE,wn-0264,-1,0.85,1
wn-0265:0:13,wn-0265:1:31,TEMPORAL,BEFORE,wn-0265,-1,0.3,1
wn-0265:0:13,wn-0265:2:49,TEMPORAL,BEFORE,wn-0265,-1,0.3,1
wn-0265:0:13,wn-0265:3:71,TEMPORAL,BEFORE,wn-0265,-1,0.3,1
wn-0265:0:13,wn-0265:4:92,TEMPORAL,BEFORE,wn-0265,-1,0.3,1
wn-0265:0:13,wn-0265:6:157,TEMPORAL,BEFORE,wn-0265,-1,0.3,1
wn-0265:0:13,wn-0265:9:236,TEMPORAL,BEFORE,wn-0265,-1,0.3,1
wn-0265:0:9,wn-0265:1:31,TEMPORAL,BEFORE,wn-0265,-1,0.3,1
wn-0265:0:9,wn-0265:2:49,TEMPORAL,BEFORE,wn-0265,-1,0.3,1
wn-0265:0:9,wn-0265:3:71,TEMPORAL,BEFORE,wn-0265,-1,0.3,1
wn-0265:0:9,wn-0265:4:92,TEMPORAL,BEFORE,wn-0265,-1,0.3,1
wn-0265:0:9,wn-0265:6:157,TEMPORAL,BEFORE,wn-0265,-1,0.3,1
wn-0265:0:9,wn-0265:9:236,TEMPORAL,BEFORE,wn-0265,-1,0.3,1
wn-0265:1:31,wn-0265:2:49,TEMPORAL,BEFORE,wn-0265,-1,0.7,1
wn-0265:1:31,wn-0265:3:71,TEMPORAL,AFTER,wn-0265,-1,0.7,1
wn-0265:1:31,wn-0265:4:92,TEMPORAL,BEFORE,wn-0265,-1,0.3,1
wn-0265:1:31,wn-0265:6:157,TEMPORAL,BEFORE,wn-0265,-1,0.7,1
wn-0265:1:31,wn-0265:9:236,TEMPORAL,BEFORE,wn-0265,-1,0.3,1
wn-0265:2:49,wn-0265:3:71,TEMPORAL,AFTER,wn-0265,-1,0.8,1
wn-0265:2:49,wn-0265:4:92,TEMPORAL,BEFORE,wn-0265,-1,0.3,1
wn-0265:2:49,wn-0265:6:157,TEMPORAL,AFTER,wn-0265,-1,0.7,1
wn-0265:2:49,wn-0265:9:236,TEMPORAL,BEFORE,wn-0265,-1,0.3,1
wn-0265:3:71,wn-0265:4:92,TEMPORAL,BEFORE,wn-0265,-1,0.3,1
wn-0265:3:71,wn-0265:6:157,TEMPORAL,BEFORE,wn-0265,-1,0.7,1
wn-0265:3:71,wn-0265:9:236,TEMPORAL,BEFORE,wn-0265,-1,0.3,1
wn-0265:4:92,wn-0265:6:157,TEMPORAL,BEFORE,wn-0265,-1,0.3,1
wn-0265:4:92,wn-0265:9:236,TEMPORAL,BEFORE,wn-0265,-1,0.3,1
wn-0265:6:157,wn-0265:9:236,TEMPORAL,BEFORE,wn-0265,-1,0.3,1
wn-0267:0:21,wn-0267:0:4,TEMPORAL,SIMULTANEOUS,wn-0267,-1,0.9,1
wn-0267:0:21,wn-0267:1:41,TEMPORAL,BEFORE,wn-0267,-1,0.6,1
wn-0267:0:21,wn-0267:1:56,TEMPORAL,BEFORE,wn-0267,-1,0.6,1
wn-0267:0:21,wn-0267:8:202,TEMPORAL,AFTER,wn-0267,-1,0.9,1
wn-0267:0:21,wn-0267:8:204,TEMPORAL,AFTER,wn-0267,-1,0.9,1
wn-0267:0:21,wn-0267:8:209,TEMPORAL,AFTER,wn-0267,-1,0.9,1
wn-0267:0:21,wn-0267:8:216,TEMPORAL,BEFORE,wn-0267,-1,0.9,1
wn-0267:0:21,wn-0267:8:229,TEMPORAL,BEFORE,wn-0267,-1,0.9,1
wn-0267:0:4,wn-0267:1:41,TEMPORAL,BEFORE,wn-0267,-1,0.6,1
wn-0267:0:4,wn-0267:1:56,TEMPORAL,BEFORE,wn-0267,-1,0.6,1
wn-0267:0:4,wn-0267:8:202,TEMPORAL,AFTER,wn-0267,-1,0.9,1
wn-0267:0:4,wn-0267:8:204,TEMPORAL,AFTER,wn-0267,-1,0.9,1
wn-0267:0:4,wn-0267:8:209,TEMPORAL,AFTER,wn-0267,-1,0.9,1
wn-0267:0:4,wn-0267:8:216,TEMPORAL,BEFORE,wn-0267,-1,0.9,1
wn-0267:0:4,wn-0267:8:229,TEMPORAL,BEFORE,wn-0267,-1,0.9,1
wn-0267:1:41,wn-0267:1:56,TEMPORAL,SIMULTANEOUS,wn-0267,-1,0.6,1
wn-0267:1:41,wn-0267:8:202,TEMPORAL,AFTER,wn-0267,-1,0.6,1
wn-0267:1:41,wn-0267:8:204,TEMPORAL,AFTER,wn-0267,-1,0.6,1
wn-0267:1:41,wn-0267:8:209,TEMPORAL,AFTER,wn-0267,-1,0.6,1
wn-0267:1:41,wn-0267:8:216,TEMPORAL,AFTER,wn-0267,-1,0.6,1
wn-0267:1:41,wn-0267:8:229,TEMPORAL,AFTER,wn-0267,-1,0.6,1
wn-0267:1:56,wn-0267:8:202,TEMPORAL,AFTER,wn-0267,-1,0.6,1
wn-0267:1:56,wn-0267:8:204,TEMPORAL,AFTER,wn-0267,-1,0.6,1
wn-0267:1:56,wn-0267:8:209,TEMPORAL,AFTER,wn-0267,-1,0.6,1
wn-0267:1:56,wn-0267:8:216,TEMPORAL,AFTER,wn-0267,-1,0.6,1
wn-0267:1:56,wn-0267:8:229,TEMPORAL,AFTER,wn-0267,-1,0.6,1
wn-0267:8:202,wn-0267:8:204,TEMPORAL,SIMULTANEOUS,wn-0267,-1,0.9,1
wn-0267:8:202,wn-0267:8:209,TEMPORAL,SIMULTANEOUS,wn-0267,-1,0.9,1
wn-0267:8:202,wn-0267:8:216,TEMPORAL,BEFORE,wn-0267,-1,0.9,1
wn-0267:8:202,wn-0267:8:229,TEMPORAL,BEFORE,wn-0267,-1,0.9,1
wn-0267:8:204,wn-0267:8:209,TEMPORAL,SIMULTANEOUS,wn-0267,-1,0.9,1
wn-0267:8:204,wn-0267:8:216,TEMPORAL,BEFORE,wn-0267,-1,0.9,1
wn-0267:8:204,wn-0267:8:229,TEMPORAL,BEFORE,wn-0267,-1,0.9,1
wn-0267:8:209,wn-0267:8:216,TEMPORAL,BEFORE,wn-0267,-1,0.9,1
wn-0267:8:209,wn-0267:8:229,TEMPORAL,BEFORE,wn-0267,-1,0.9,1
wn-0267:8:216,wn-0267:8:229,TEMPORAL,SIMULTANEOUS,wn-0267,-1,0.9,1
wn-0269:1:46,wn-0269:8:231,TEMPORAL,BEFORE,wn-0269,-1,0.3,1
wn-0269:1:46,wn-0269:9:263,TEMPORAL,BEFORE,wn-0269,-1,0.3,1
wn-0269:8:231,wn-0269:9:263,TEMPORAL,BEFORE,wn-0269,-1,0.3,1
wn-0271:0:13,wn-0271:0:20,TEMPORAL,SIMULTANEOUS,wn-0271,-1,0.95,1
wn-0271:0:13,wn-0271:0:23,TEMPORAL,SIMULTANEOUS,wn-0271,-1,0.95,1
wn-0271:0:13,wn-0271:1:29,TEMPORAL,BEFORE,wn-0271,-1,0.3,1
wn-0271:0:13,wn-0271:2:76,TEMPORAL,BEFORE,wn-0271,-1,0.3,1
wn-0271:0:13,wn-0271:4:113,TEMPORAL,BEFORE,wn-0271,-1,0.3,1
wn-0271:0:13,wn-0271:4:116,TEMPORAL,BEFORE,wn-0271,-1,0.3,1
wn-0271:0:13,wn-0271:6:180,TEMPORAL,BEFORE,wn-0271,-1,0.3,1
wn-0271:0:13,wn-0271:7:186,TEMPORAL,BEFORE,wn-0271,-1,0.3,1
wn-0271:0:13,wn-0271:9:268,TEMPORAL,BEFORE,wn-0271,-1,0.3,1
wn-0271:0:13,wn-0271:12:343,TEMPORAL,BEFORE,wn-0271,-1,0.3,1
wn-0271:0:13,wn-0271:15:399,TEMPORAL,BEFORE,wn-0271,-1,0.3,1
wn-0271:0:13,wn-0271:18:467,TEMPORAL,BEFORE,wn-0271,-1,0.3,1
wn-0271:0:13,wn-0271:18:482,TEMPORAL,BEFORE,wn-0271,-1,0.3,1
wn-0271:0:20,wn-0271:0:23,TEMPORAL,SIMULTANEOUS,wn-0271,-1,0.95,1
wn-0271:0:20,wn-0271:1:29,TEMPORAL,BEFORE,wn-0271,-1,0.3,1
wn-0271:0:20,wn-0271:2:76,TEMPORAL,BEFORE,wn-0271,-1,0.3,1
wn-0271:0:20,wn-0271:4:113,TEMPORAL,BEFORE,wn-0271,-1,0.3,1
wn-0271:0:20,wn-0271:4:116,TEMPORAL,BEFORE,wn-0271,-1,0.3,1
wn-0271:0:20,wn-0271:6:180,TEMPORAL,BEFORE,wn-0271,-1,0.3,1
wn-0271:0:20,wn-0271:7:186,TEMPORAL,BEFORE,wn-0271,-1,0.3,1
wn-0271:0:20,wn-0271:9:268,TEMPORAL,BEFORE,wn-0271,-1,0.3,1
wn-0271:0:20,wn-0271:12:343,TEMPORAL,BEFORE,wn-0271,-1,0.3,1
wn-0271:0:20,wn-0271:15:399,TEMPORAL,BEFORE,wn-0271,-1,0.3,1
wn-0271:0:20,wn-0271:18:467,TEMPORAL,BEFORE,wn-0271,-1,0.3,1
wn-0271:0:20,wn-0271:18:482,TEMPORAL,BEFORE,wn-0271,-1,0.3,1
wn-0271:0:23,wn-0271:1:29,TEMPORAL,BEFORE,wn-0271,-1,0.3,1
wn-0271:0:23,wn-0271:2:76,TEMPORAL,BEFORE,wn-0271,-1,0.3,1
wn-0271:0:23,wn-0271:4:113,TEMPORAL,BEFORE,wn-0271,-1,0.3,1
wn-0271:0:23,wn-0271:4:116,TEMPORAL,BEFORE,wn-0271,-1,0.3,1
wn-0271:0:23,wn-0271:6:180,TEMPORAL,BEFORE,wn-0271,-1,0.3,1
wn-0271:0:23,wn-0271:7:186,TEMPORAL,BEFORE,wn-0271,-1,0.3,1
wn-0271:0:23,wn-0271:9:268,TEMPORAL,BEFORE,wn-0271,-1,0.3,1
wn-0271:0:23,wn-0271:12:343,TEMPORAL,BEFORE,wn-0271,-1,0.3,1
wn-0271:0:23,wn-0271:15:399,TEMPORAL,BEFORE,wn-0271,-1,0.3,1
wn-0271:0:23,wn-0271:18:467,TEMPORAL,BEFORE,wn-0271,-1,0.3,1
wn-0271:0:23,wn-0271:18:482,TEMPORAL,BEFORE,wn-0271,-1,0.3,1
wn-0271:1:29,wn-0271:2:76,TEMPORAL,BEFORE,wn-0271,-1,0.3,1
wn-0271:1:29,wn-0271:4:113,TEMPORAL,BEFORE,wn-0271,-1,0.3,1
wn-0271:1:29,wn-0271:4:116,TEMPORAL,BEFORE,wn-0271,-1,0.3,1
wn-0271:1:29,wn-0271:6:180,TEMPORAL,BEFORE,wn-0271,-1,0.3,1
wn-0271:1:29,wn-0271:7:186,TEMPORAL,BEFORE,wn-0271,-1,0.3,1
wn-0271:1:29,wn-0271:9:268,TEMPORAL,BEFORE,wn-0271,-1,0.3,1
wn-0271:1:29,wn-0271:12:343,TEMPORAL,BEFORE,wn-0271,-1,0.3,1
wn-0271:1:29,wn-0271:15:399,TEMPORAL,BEFORE,wn-0271,-1,0.3,1
wn-0271:1:29,wn-0271:18:467,TEMPORAL,BEFORE,wn-0271,-1,0.3,1
wn-0271:1:29,wn-0271:18:482,TEMPORAL,BEFORE,wn-0271,-1,0.3,1
wn-0271:2:76,wn-0271:4:113,TEMPORAL,BEFORE,wn-0271,-1,0.3,1
wn-0271:2:76,wn-0271:4:116,TEMPORAL,BEFORE,wn-0271,-1,0.3,1
wn-0271:2:76,wn-0271:6:180,TEMPORAL,BEFORE,wn-0271,-1,0.3,1
wn-0271:2:76,wn-0271:7:186,TEMPORAL,BEFORE,wn-0271,-1,0.3,1
wn-0271:2:76,wn-0271:9:268,TEMPORAL,BEFORE,wn-0271,-1,0.3,1
wn-0271:2:76,wn-0271:12:343,TEMPORAL,BEFORE,wn-0271,-1,0.3,1
wn-0271:2:76,wn-0271:15:399,TEMPORAL,BEFORE,wn-0271,-1,0.3,1
wn-0271:2:76,wn-0271:18:467,TEMPORAL,BEFORE,wn-0271,-1,0.3,1
wn-0271:2:76,wn-0271:18:482,TEMPORAL,BEFORE,wn-0271,-1,0.3,1
wn-0271:4:113,wn-0271:4:116,TEMPORAL,AFTER,wn-0271,-1,0.5,1
wn-0271:4:113,wn-0271:6:180,TEMPORAL,BEFORE,wn-0271,-1,0.3,1
wn-0271:4:113,wn-0271:7:186,TEMPORAL,BEFORE,wn-0271,-1,0.3,1
wn-0271:4:113,wn-0271:9:268,TEMPORAL,BEFORE,wn-0271,-1,0.3,1
wn-0271:4:113,wn-0271:12:343,TEMPORAL,BEFORE,wn-0271,-1,0.3,1
wn-0271:4:113,wn-0271:15:399,TEMPORAL,BEFORE,wn-0271,-1,0.3,1
wn-0271:4:113,wn-0271:18:467,TEMPORAL,BEFORE,wn-0271,-1,0.3,1
wn-0271:4:113,wn-0271:18:482,TEMPORAL,BEFORE,wn-0271,-1,0.3,1
wn-0271:4:116,wn-0271:6:180,TEMPORAL,BEFORE,wn-0271,-1,0.3,1
wn-0271:4:116,wn-0271:7:186,TEMPORAL,BEFORE,wn-0271,-1,0.3,1
wn-0271:4:116,wn-0271:9:268,TEMPORAL,BEFORE,wn-0271,-1,0.3,1
wn-0271:4:116,wn-0271:12:343,TEMPORAL,BEFORE,wn-0271,-1,0.3,1
wn-0271:4:116,wn-0271:15:399,TEMPORAL,BEFORE,wn-0271,-1,0.3,1
wn-0271:4:116,wn-0271:18:467,TEMPORAL,BEFORE,wn-0271,-1,0.3,1
wn-0271:4:116,wn-0271:18:482,TEMPORAL,BEFORE,wn-0271,-1,0.3,1
wn-0271:6:180,wn-0271:7:186,TEMPORAL,BEFORE,wn-0271,-1,0.3,1
wn-0271:6:180,wn-0271:9:268,TEMPORAL,BEFORE,wn-0271,-1,0.3,1
wn-0271:6:180,wn-0271:12:343,TEMPORAL,BEFORE,wn-0271,-1,0.3,1
wn-0271:6:180,wn-0271:15:399,TEMPORAL,BEFORE,wn-0271,-1,0.3,1
wn-0271:6:180,wn-0271:18:467,TEMPORAL,BEFORE,wn-0271,-1,0.3,1
wn-0271:6:180,wn-0271:18:482,TEMPORAL,BEFORE,wn-0271,-1,0.3,1
wn-0271:7:186,wn-0271:9:268,TEMPORAL,BEFORE,wn-0271,-1,0.3,1
wn-0271:7:186,wn-0271:12:343,TEMPORAL,BEFORE,wn-0271,-1,0.3,1
wn-0271:7:186,wn-0271:15:399,TEMPORAL,BEFORE,wn-0271,-1,0.3,1
wn-0271:7:186,wn-0271:18:467,TEMPORAL,BEFORE,wn-0271,-1,0.3,1
wn-0271:7:186,wn-0271:18:482,TEMPORAL,BEFORE,wn-0271,-1,0.3,1
wn-0271:9:268,wn-0271:12:343,TEMPORAL,BEFORE,wn-0271,-1,0.3,1
wn-0271:9:268,wn-0271:15:399,TEMPORAL,BEFORE,wn-0271,-1,0.3,1
wn-0271:9:268,wn-0271:18:467,TEMPORAL,BEFORE,wn-0271,-1,0.3,1
wn-0271:9:268,wn-0271:18:482,TEMPORAL,BEFORE,wn-0271,-1,0.3,1
wn-0271:12:343,wn-0271:15:399,TEMPORAL,BEFORE,wn-0271,-1,0.3,1
wn-0271:12:343,wn-0271:18:467,TEMPORAL,BEFORE,wn-0271,-1,0.3,1
wn-0271:12:343,wn-0271:18:482,TEMPORAL,BEFORE,wn-0271,-1,0.3,1
wn-0271:15:399,wn-0271:18:467,TEMPORAL,BEFORE,wn-0271,-1,0.3,1
wn-0271:15:399,wn-0271:18:482,TEMPORAL,BEFORE,wn-0271,-1,0.3,1
wn-0271:18:467,wn-0271:18:482,TEMPORAL,BEFORE,wn-0271,-1,0.5,1
wn-0272:0:4,wn-0272:2:39,TEMPORAL,BEFORE,wn-0272,-1,0.3,1
wn-0272:0:4,wn-0272:3:64,TEMPORAL,BEFORE,wn-0272,-1,0.3,1
wn-0272:0:4,wn-0272:4:111,TEMPORAL,BEFORE,wn-0272,-1,0.3,1
wn-0272:0:4,wn-0272:4:74,TEMPORAL,BEFORE,wn-0272,-1,0.3,1
wn-0272:0:4,wn-0272:5:123,TEMPORAL,BEFORE,wn-0272,-1,0.3,1
wn-0272:0:4,wn-0272:5:142,TEMPORAL,BEFORE,wn-0272,-1,0.3,1
wn-0272:0:4,wn-0272:5:144,TEMPORAL,BEFORE,wn-0272,-1,0.3,1
wn-0272:0:4,wn-0272:8:206,TEMPORAL,BEFORE,wn-0272,-1,0.3,1
wn-0272:0:4,wn-0272:10:270,TEMPORAL,BEFORE,wn-0272,-1,0.3,1
wn-0272:0:4,wn-0272:11:280,TEMPORAL,BEFORE,wn-0272,-1,0.3,1
wn-0272:0:4,wn-0272:12:334,TEMPORAL,BEFORE,wn-0272,-1,0.3,1
wn-0272:2:39,wn-0272:3:64,TEMPORAL,BEFORE,wn-0272,-1,0.7,1
wn-0272:2:39,wn-0272:4:111,TEMPORAL,BEFORE,wn-0272,-1,0.3,1
wn-0272:2:39,wn-0272:4:74,TEMPORAL,BEFORE,wn-0272,-1,0.3,1
wn-0272:2:39,wn-0272:5:123,TEMPORAL,BEFORE,wn-0272,-1,0.3,1
wn-0272:2:39,wn-0272:5:142,TEMPORAL,BEFORE,wn-0272,-1,0.3,1
wn-0272:2:39,wn-0272:5:144,TEMPORAL,BEFORE,wn-0272,-1,0.3,1
wn-0272:2:39,wn-0272:8:206,TEMPORAL,BEFORE,wn-0272,-1,0.3,1
wn-0272:2:39,wn-0272:10:270,TEMPORAL,BEFORE,wn-0272,-1,0.3,1
wn-0272:2:39,wn-0272:11:280,TEMPORAL,AFTER,wn-0272,-1,0.8,1
wn-0272:2:39,wn-0272:12:334,TEMPORAL,BEFORE,wn-0272,-1,0.3,1
wn-0272:3:64,wn-0272:4:111,TEMPORAL,BEFORE,wn-0272,-1,0.3,1
wn-0272:3:64,wn-0272:4:74,TEMPORAL,BEFORE,wn-0272,-1,0.3,1
wn-0272:3:64,wn-0272:5:123,TEMPORAL,BEFORE,wn-0272,-1,0.3,1
wn-0272:3:64,wn-0272:5:142,TEMPORAL,BEFORE,wn-0272,-1,0.3,1
wn-0272:3:64,wn-0272:5:144,TEMPORAL,BEFORE,wn-0272,-1,0.3,1
wn-0272:3:64,wn-0272:8:206,TEMPORAL,BEFORE,wn-0272,-1,0.3,1
wn-0272:3:64,wn-0272:10:270,TEMPORAL,BEFORE,wn-0272,-1,0.3,1
wn-0272:3:64,wn-0272:11:280,TEMPORAL,AFTER,wn-0272,-1,0.7,1
wn-0272:3:64,wn-0272:12:334,TEMPORAL,BEFORE,wn-0272,-1,0.3,1
wn-0272:4:111,wn-0272:4:74,TEMPORAL,SIMULTANEOUS,wn-0272,-1,0.5,1
wn-0272:4:111,wn-0272:5:123,TEMPORAL,BEFORE,wn-0272,-1,0.3,1
wn-0272:4:111,wn-0272:5:142,TEMPORAL,BEFORE,wn-0272,-1,0.3,1
wn-0272:4:111,wn-0272:5:144,TEMPORAL,BEFORE,wn-0272,-1,0.3,1
wn-0272:4:111,wn-0272:8:206,TEMPORAL,BEFORE,wn-0272,-1,0.3,1
wn-0272:4:111,wn-0272:10:270,TEMPORAL,BEFORE,wn-0272,-1,0.3,1
wn-0272:4:111,wn-0272:11:280,TEMPORAL,BEFORE,wn-0272,-1,0.3,1
wn-0272:4:111,wn-0272:12:334,TEMPORAL,BEFORE,wn-0272,-1,0.3,1
wn-0272:4:74,wn-0272:5:123,TEMPORAL,BEFORE,wn-0272,-1,0.3,1
wn-0272:4:74,wn-0272:5:142,TEMPORAL,BEFORE,wn-0272,-1,0.3,1
wn-0272:4:74,wn-0272:5:144,TEMPORAL,BEFORE,wn-0272,-1,0.3,1
wn-0272:4:74,wn-0272:8:206,TEMPORAL,BEFORE,wn-0272,-1,0.3,1
wn-0272:4:74,wn-0272:10:270,TEMPORAL,BEFORE,wn-0272,-1,0.3,1
wn-0272:4:74,wn-0272:11:280,TEMPORAL,BEFORE,wn-0272,-1,0.3,1
wn-0272:4:74,wn-0272:12:334,TEMPORAL,BEFORE,wn-0272,-1,0.3,1
wn-0272:5:123,wn-0272:8:206,TEMPORAL,BEFORE,wn-0272,-1,0.3,1
wn-0272:5:123,wn-0272:10:270,TEMPORAL,BEFORE,wn-0272,-1,0.3,1
wn-0272:5:123,wn-0272:11:280,TEMPORAL,BEFORE,wn-0272,-1,0.3,1
wn-0272:5:123,wn-0272:12:334,TEMPORAL,BEFORE,wn-0272,-1,0.3,1
wn-0272:5:142,wn-0272:8:206,TEMPORAL,BEFORE,wn-0272,-1,0.3,1
wn-0272:5:142,wn-0272:10:270,TEMPORAL,BEFORE,wn-0272,-1,0.3,1
wn-0272:5:142,wn-0272:11:280,TEMPORAL,BEFORE,wn-0272,-1,0.3,1
wn-0272:5:142,wn-0272:12:334,TEMPORAL,BEFORE,wn-0272,-1,0.3,1
wn-0272:5:144,wn-0272:8:206,TEMPORAL,BEFORE,wn-0272,-1,0.3,1
wn-0272:5:144,wn-0272:10:270,TEMPORAL,BEFORE,wn-0272,-1,0.3,1
wn-0272:5:144,wn-0272:11:280,TEMPORAL,BEFORE,wn-0272,-1,0.3,1
wn-0272:5:144,wn-0272:12:334,TEMPORAL,BEFORE,wn-0272,-1,0.3,1
wn-0272:8:206,wn-0272:10:270,TEMPORAL,BEFORE,wn-0272,-1,0.3,1
wn-0272:8:206,wn-0272:11:280,TEMPORAL,BEFORE,wn-0272,-1,0.3,1
wn-0272:8:206,wn-0272:12:334,TEMPORAL,BEFORE,wn-0272,-1,0.3,1
wn-0272:10:270,wn-0272:11:280,TEMPORAL,BEFORE,wn-0272,-1,0.3,1
wn-0272:10:270,wn-0272:12:334,TEMPORAL,BEFORE,wn-0272,-1,0.3,1
wn-0272:11:280,wn-0272:12:334,TEMPORAL,BEFORE,wn-0272,-1,0.3,1
wn-0273:0:14,wn-0273:1:30,TEMPORAL,BEFORE,wn-0273,-1,0.3,1
wn-0273:0:14,wn-0273:1:40,TEMPORAL,BEFORE,wn-0273,-1,0.3,1
wn-0273:0:14,wn-0273:7:181,TEMPORAL,BEFORE,wn-0273,-1,0.3,1
wn-0273:0:14,wn-0273:9:229,TEMPORAL,BEFORE,wn-0273,-1,0.3,1
wn-0273:0:14,wn-0273:9:233,TEMPORAL,BEFORE,wn-0273,-1,0.3,1
wn-0273:0:14,wn-0273:10:239,TEMPORAL,BEFORE,wn-0273,-1,0.3,1
wn-0273:0:14,wn-0273:10:254,TEMPORAL,BEFORE,wn-0273,-1,0.3,1
wn-0273:0:14,wn-0273:10:256,TEMPORAL,BEFORE,wn-0273,-1,0.3,1
wn-0273:0:14,wn-0273:11:280,TEMPORAL,BEFORE,wn-0273,-1,0.3,1
wn-0273:0:14,wn-0273:12:319,TEMPORAL,BEFORE,wn-0273,-1,0.3,1
wn-0273:0:14,wn-0273:13:355,TEMPORAL,BEFORE,wn-0273,-1,0.3,1
wn-0273:0:4,wn-0273:1:30,TEMPORAL,BEFORE,wn-0273,-1,0.3,1
wn-0273:0:4,wn-0273:1:40,TEMPORAL,BEFORE,wn-0273,-1,0.3,1
wn-0273:0:4,wn-0273:7:181,TEMPORAL,BEFORE,wn-0273,-1,0.3,1
wn-0273:0:4,wn-0273:9:229,TEMPORAL,BEFORE,wn-0273,-1,0.3,1
wn-0273:0:4,wn-0273:9:233,TEMPORAL,BEFORE,wn-0273,-1,0.3,1
wn-0273:0:4,wn-0273:10:239,TEMPORAL,BEFORE,wn-0273,-1,0.3,1
wn-0273:0:4,wn-0273:10:254,TEMPORAL,BEFORE,wn-0273,-1,0.3,1
wn-0273:0:4,wn-0273:10:256,TEMPORAL,BEFORE,wn-0273,-1,0.3,1
wn-0273:0:4,wn-0273:11:280,TEMPORAL,BEFORE,wn-0273,-1,0.3,1
wn-0273:0:4,wn-0273:12:319,TEMPORAL,BEFORE,wn-0273,-1,0.3,1
wn-0273:0:4,wn-0273:13:355,TEMPORAL,BEFORE,wn-0273,-1,0.3,1
wn-0273:1:30,wn-0273:1:40,TEMPORAL,BEFORE,wn-0273,-1,0.8,1
wn-0273:1:30,wn-0273:7:181,TEMPORAL,BEFORE,wn-0273,-1,0.3,1
wn-0273:1:30,wn-0273:9:229,TEMPORAL,BEFORE,wn-0273,-1,0.75,1
wn-0273:1:30,wn-0273:9:233,TEMPORAL,BEFORE,wn-0273,-1,0.75,1
wn-0273:1:30,wn-0273:10:239,TEMPORAL,BEFORE,wn-0273,-1,0.8,1
wn-0273:1:30,wn-0273:10:254,TEMPORAL,BEFORE,wn-0273,-1,0.8,1
wn-0273:1:30,wn-0273:10:256,TEMPORAL,BEFORE,wn-0273,-1,0.8,1
wn-0273:1:30,wn-0273:11:280,TEMPORAL,BEFORE,wn-0273,-1,0.3,1
wn-0273:1:30,wn-0273:12:319,TEMPORAL,BEFORE,wn-0273,-1,0.75,1
wn-0273:1:30,wn-0273:13:355,TEMPORAL,BEFORE,wn-0273,-1,0.75,1
wn-0273:1:40,wn-0273:7:181,TEMPORAL,BEFORE,wn-0273,-1,0.3,1
wn-0273:1:40,wn-0273:9:229,TEMPORAL,BEFORE,wn-0273,-1,0.75,1
wn-0273:1:40,wn-0273:9:233,TEMPORAL,BEFORE,wn-0273,-1,0.75,1
wn-0273:1:40,wn-0273:10:239,TEMPORAL,AFTER,wn-0273,-1,0.8,1
wn-0273:1:40,wn-0273:10:254,TEMPORAL,AFTER,wn-0273,-1,0.8,1
wn-0273:1:40,wn-0273:10:256,TEMPORAL,AFTER,wn-0273,-1,0.8,1
wn-0273:1:40,wn-0273:11:280,TEMPORAL,BEFORE,wn-0273,-1,0.3,1
wn-0273:1:40,wn-0273:12:319,TEMPORAL,BEFORE,wn-0273,-1,0.75,1
wn-0273:1:40,wn-0273:13:355,TEMPORAL,BEFORE,wn-0273,-1,0.75,1
wn-0273:7:181,wn-0273:9:229,TEMPORAL,BEFORE,wn-0273,-1,0.3,1
wn-0273:7:181,wn-0273:9:233,TEMPORAL,BEFORE,wn-0273,-1,0.3,1
wn-0273:7:181,wn-0273:10:239,TEMPORAL,BEFORE,wn-0273,-1,0.3,1
wn-0273:7:181,wn-0273:10:254,TEMPORAL,BEFORE,wn-0273,-1,0.3,1
wn-0273:7:181,wn-0273:10:256,TEMPORAL,BEFORE,wn-0273,-1,0.3,1
wn-0273:7:181,wn-0273:11:280,TEMPORAL,BEFORE,wn-0273,-1,0.3,1
wn-0273:7:181,wn-0273:12:319,TEMPORAL,BEFORE,wn-0273,-1,0.3,1
wn-0273:7:181,wn-0273:13:355,TEMPORAL,BEFORE,wn-0273,-1,0.3,1
wn-0273:9:229,wn-0273:9:233,TEMPORAL,SIMULTANEOUS,wn-0273,-1,0.75,1
wn-0273:9:229,wn-0273:10:239,TEMPORAL,AFTER,wn-0273,-1,0.75,1
wn-0273:9:229,wn-0273:10:254,TEMPORAL,AFTER,wn-0273,-1,0.75,1
wn-0273:9:229,wn-0273:10:256,TEMPORAL,AFTER,wn-0273,-1,0.75,1
wn-0273:9:229,wn-0273:11:280,TEMPORAL,BEFORE,wn-0273,-1,0.3,1
wn-0273:9:229,wn-0273:12:319,TEMPORAL,AFTER,wn-0273,-1,0.75,1
wn-0273:9:229,wn-0273:13:355,TEMPORAL,AFTER,wn-0273,-1,0.75,1
wn-0273:9:233,wn-0273:10:239,TEMPORAL,AFTER,wn-0273,-1,0.75,1
wn-0273:9:233,wn-0273:10:254,TEMPORAL,AFTER,wn-0273,-1,0.75,1
wn-0273:9:233,wn-0273:10:256,TEMPORAL,AFTER,wn-0273,-1,0.75,1
wn-0273:9:233,wn-0273:11:280,TEMPORAL,BEFORE,wn-0273,-1,0.3,1
wn-0273:9:233,wn-0273:12:319,TEMPORAL,AFTER,wn-0273,-1,0.75,1
wn-0273:9:233,wn-0273:13:355,TEMPORAL,AFTER,wn-0273,-1,0.75,1
wn-0273:10:239,wn-0273:10:254,TEMPORAL,SIMULTANEOUS,wn-0273,-1,0.8,1
wn-0273:10:239,wn-0273:10:256,TEMPORAL,SIMULTANEOUS,wn-0273,-1,0.8,1
wn-0273:10:239,wn-0273:11:280,TEMPORAL,BEFORE,wn-0273,-1,0.3,1
wn-0273:10:239,wn-0273:12:319,TEMPORAL,BEFORE,wn-0273,-1,0.75,1
wn-0273:10:239,wn-0273:13:355,TEMPORAL,BEFORE,wn-0273,-1,0.75,1
wn-0273:10:254,wn-0273:10:256,TEMPORAL,SIMULTANEOUS,wn-0273,-1,0.8,1
wn-0273:10:254,wn-0273:11:280,TEMPORAL,BEFORE,wn-0273,-1,0.3,1
wn-0273:10:254,wn-0273:12:319,TEMPORAL,BEFORE,wn-0273,-1,0.75,1
wn-0273:10:254,wn-0273:13:355,TEMPORAL,BEFORE,wn-0273,-1,0.75,1
wn-0273:10:256,wn-0273:11:280,TEMPORAL,BEFORE,wn-0273,-1,0.3,1
wn-0273:10:256,wn-0273:12:319,TEMPORAL,BEFORE,wn-0273,-1,0.75,1
wn-0273:10:256,wn-0273:13:355,TEMPORAL,BEFORE,wn-0273,-1,0.75,1
wn-0273:11:280,wn-0273:12:319,TEMPORAL,BEFORE,wn-0273,-1,0.3,1
wn-0273:11:280,wn-0273:13:355,TEMPORAL,BEFORE,wn-0273,-1,0.3,1
wn-0273:12:319,wn-0273:13:355,TEMPORAL,BEFORE,wn-0273,-1,0.75,1
wn-0274:0:6,wn-0274:1:28,TEMPORAL,BEFORE,wn-0274,-1,0.3,1
wn-0274:0:6,wn-0274:3:91,TEMPORAL,BEFORE,wn-0274,-1,0.3,1
wn-0274:0:6,wn-0274:5:127,TEMPORAL,BEFORE,wn-0274,-1,0.3,1
wn-0274:0:6,wn-0274:6:154,TEMPORAL,BEFORE,wn-0274,-1,0.3,1
wn-0274:0:6,wn-0274:7:184,TEMPORAL,BEFORE,wn-0274,-1,0.3,1
wn-0274:0:6,wn-0274:7:188,TEMPORAL,BEFORE,wn-0274,-1,0.3,1
wn-0274:0:6,wn-0274:9:216,TEMPORAL,BEFORE,wn-0274,-1,0.3,1
wn-0274:0:6,wn-0274:9:234,TEMPORAL,BEFORE,wn-0274,-1,0.3,1
wn-0274:0:6,wn-0274:11:298,TEMPORAL,BEFORE,wn-0274,-1,0.3,1
wn-0274:0:6,wn-0274:13:361,TEMPORAL,BEFORE,wn-0274,-1,0.3,1
wn-0274:1:28,wn-0274:3:91,TEMPORAL,BEFORE,wn-0274,-1,0.3,1
wn-0274:1:28,wn-0274:5:127,TEMPORAL,AFTER,wn-0274,-1,0.8,1
wn-0274:1:28,wn-0274:6:154,TEMPORAL,AFTER,wn-0274,-1,0.8,1
wn-0274:1:28,wn-0274:7:184,TEMPORAL,BEFORE,wn-0274,-1,0.3,1
wn-0274:1:28,wn-0274:7:188,TEMPORAL,BEFORE,wn-0274,-1,0.3,1
wn-0274:1:28,wn-0274:9:216,TEMPORAL,BEFORE,wn-0274,-1,0.3,1
wn-0274:1:28,wn-0274:9:234,TEMPORAL,BEFORE,wn-0274,-1,0.3,1
wn-0274:1:28,wn-0274:11:298,TEMPORAL,BEFORE,wn-0274,-1,0.3,1
wn-0274:1:28,wn-0274:13:361,TEMPORAL,BEFORE,wn-0274,-1,0.3,1
wn-0274:3:91,wn-0274:5:127,TEMPORAL,BEFORE,wn-0274,-1,0.3,1
wn-0274:3:91,wn-0274:6:154,TEMPORAL,BEFORE,wn-0274,-1,0.3,1
wn-0274:3:91,wn-0274:7:184,TEMPORAL,BEFORE,wn-0274,-1,0.3,1
wn-0274:3:91,wn-0274:7:188,TEMPORAL,BEFORE,wn-0274,-1,0.3,1
wn-0274:3:91,wn-0274:9:216,TEMPORAL,BEFORE,wn-0274,-1,0.3,1
wn-0274:3:91,wn-0274:9:234,TEMPORAL,BEFORE,wn-0274,-1,0.3,1
wn-0274:3:91,wn-0274:11:298,TEMPORAL,BEFORE,wn-0274,-1,0.3,1
wn-0274:3:91,wn-0274:13:361,TEMPORAL,BEFORE,wn-0274,-1,0.3,1
wn-0274:5:127,wn-0274:6:154,TEMPORAL,AFTER,wn-0274,-1,0.95,1
wn-0274:5:127,wn-0274:7:184,TEMPORAL,BEFORE,wn-0274,-1,0.3,1
wn-0274:5:127,wn-0274:7:188,TEMPORAL,BEFORE,wn-0274,-1,0.3,1
wn-0274:5:127,wn-0274:9:216,TEMPORAL,BEFORE,wn-0274,-1,0.3,1
wn-0274:5:127,wn-0274:9:234,TEMPORAL,BEFORE,wn-0274,-1,0.3,1
wn-0274:5:127,wn-0274:11:298,TEMPORAL,BEFORE,wn-0274,-1,0.3,1
wn-0274:5:127,wn-0274:13:361,TEMPORAL,BEFORE,wn-0274,-1,0.3,1
wn-0274:6:154,wn-0274:7:184,TEMPORAL,BEFORE,wn-0274,-1,0.3,1
wn-0274:6:154,wn-0274:7:188,TEMPORAL,BEFORE,wn-0274,-1,0.3,1
wn-0274:6:154,wn-0274:9:216,TEMPORAL,BEFORE,wn-0274,-1,0.3,1
wn-0274:6:154,wn-0274:9:234,TEMPORAL,BEFORE,wn-0274,-1,0.3,1
wn-0274:6:154,wn-0274:11:298,TEMPORAL,BEFORE,wn-0274,-1,0.3,1
wn-0274:6:154,wn-0274:13:361,TEMPORAL,BEFORE,wn-0274,-1,0.3,1
wn-0274:7:184,wn-0274:9:216,TEMPORAL,BEFORE,wn-0274,-1,0.3,1
wn-0274:7:184,wn-0274:9:234,TEMPORAL,BEFORE,wn-0274,-1,0.3,1
wn-0274:7:184,wn-0274:11:298,TEMPORAL,BEFORE,wn-0274,-1,0.3,1
wn-0274:7:184,wn-0274:13:361,TEMPORAL,BEFORE,wn-0274,-1,0.3,1
wn-0274:7:188,wn-0274:9:216,TEMPORAL,BEFORE,wn-0274,-1,0.3,1
wn-0274:7:188,wn-0274:9:234,TEMPORAL,BEFORE,wn-0274,-1,0.3,1
wn-0274:7:188,wn-0274:11:298,TEMPORAL,BEFORE,wn-0274,-1,0.3,1
wn-0274:7:188,wn-0274:13:361,TEMPORAL,BEFORE,wn-0274,-1,0.3,1
wn-0274:9:216,wn-0274:11:298,TEMPORAL,BEFORE,wn-0274,-1,0.3,1
wn-0274:9:216,wn-0274:13:361,TEMPORAL,BEFORE,wn-0274,-1,0.3,1
wn-0274:9:234,wn-0274:11:298,TEMPORAL,BEFORE,wn-0274,-1,0.3,1
wn-0274:9:234,wn-0274:13:361,TEMPORAL,BEFORE,wn-0274,-1,0.3,1
wn-0274:11:298,wn-0274:13:361,TEMPORAL,BEFORE,wn-0274,-1,0.3,1
wn-0275:1:76,wn-0275:4:164,TEMPORAL,BEFORE,wn-0275,-1,0.3,1
wn-0276:3:96,wn-0276:4:118,TEMPORAL,BEFORE,wn-0276,-1,0.3,1
wn-0276:3:96,wn-0276:5:159,TEMPORAL,BEFORE,wn-0276,-1,0.3,1
wn-0276:4:118,wn-0276:5:159,TEMPORAL,AFTER,wn-0276,-1,0.75,1
wn-0277:0:5,wn-0277:2:53,TEMPORAL,BEFORE,wn-0277,-1,0.3,1
wn-0277:0:5,wn-0277:3:67,TEMPORAL,BEFORE,wn-0277,-1,0.3,1
wn-0277:0:5,wn-0277:4:103,TEMPORAL,BEFORE,wn-0277,-1,0.3,1
wn-0277:0:5,wn-0277:6:136,TEMPORAL,BEFORE,wn-0277,-1,0.3,1
wn-0277:0:5,wn-0277:8:201,TEMPORAL,BEFORE,wn-0277,-1,0.3,1
wn-0277:0:5,wn-0277:12:282,TEMPORAL,BEFORE,wn-0277,-1,0.3,1
wn-0277:0:5,wn-0277:13:321,TEMPORAL,BEFORE,wn-0277,-1,0.3,1
wn-0277:0:5,wn-0277:16:373,TEMPORAL,BEFORE,wn-0277,-1,0.3,1
wn-0277:0:5,wn-0277:17:396,TEMPORAL,BEFORE,wn-0277,-1,0.3,1
wn-0277:0:5,wn-0277:17:403,TEMPORAL,BEFORE,wn-0277,-1,0.3,1
wn-0277:0:5,wn-0277:18:419,TEMPORAL,BEFORE,wn-0277,-1,0.3,1
wn-0277:0:5,wn-0277:19:447,TEMPORAL,BEFORE,wn-0277,-1,0.3,1
wn-0277:0:5,wn-0277:19:459,TEMPORAL,BEFORE,wn-0277,-1,0.3,1
wn-0277:0:5,wn-0277:19:468,TEMPORAL,BEFORE,wn-0277,-1,0.3,1
wn-0277:0:5,wn-0277:21:543,TEMPORAL,BEFORE,wn-0277,-1,0.3,1
wn-0277:0:5,wn-0277:22:563,TEMPORAL,BEFORE,wn-0277,-1,0.3,1
wn-0277:0:5,wn-0277:22:571,TEMPORAL,BEFORE,wn-0277,-1,0.3,1
wn-0277:0:5,wn-0277:24:629,TEMPORAL,BEFORE,wn-0277,-1,0.3,1
wn-0277:0:5,wn-0277:26:670,TEMPORAL,BEFORE,wn-0277,-1,0.3,1
wn-0277:0:5,wn-0277:26:672,TEMPORAL,BEFORE,wn-0277,-1,0.3,1
wn-0277:0:5,wn-0277:27:685,TEMPORAL,BEFORE,wn-0277,-1,0.3,1
wn-0277:0:5,wn-0277:28:699,TEMPORAL,BEFORE,wn-0277,-1,0.3,1
wn-0277:2:53,wn-0277:3:67,TEMPORAL,BEFORE,wn-0277,-1,0.3,1
wn-0277:2:53,wn-0277:4:103,TEMPORAL,BEFORE,wn-0277,-1,0.3,1
wn-0277:2:53,wn-0277:6:136,TEMPORAL,BEFORE,wn-0277,-1,0.3,1
wn-0277:2:53,wn-0277:8:201,TEMPORAL,BEFORE,wn-0277,-1,0.3,1
wn-0277:2:53,wn-0277:12:282,TEMPORAL,BEFORE,wn-0277,-1,0.3,1
wn-0277:2:53,wn-0277:13:321,TEMPORAL,BEFORE,wn-0277,-1,0.75,1
wn-0277:2:53,wn-0277:16:373,TEMPORAL,BEFORE,wn-0277,-1,0.3,1
wn-0277:2:53,wn-0277:17:396,TEMPORAL,AFTER,wn-0277,-1,0.75,1
wn-0277:2:53,wn-0277:17:403,TEMPORAL,AFTER,wn-0277,-1,0.75,1
wn-0277:2:53,wn-0277:18:419,TEMPORAL,AFTER,wn-0277,-1,0.7,1
wn-0277:2:53,wn-0277:19:447,TEMPORAL,BEFORE,wn-0277,-1,0.3,1
wn-0277:2:53,wn-0277:19:459,TEMPORAL,BEFORE,wn-0277,-1,0.3,1
wn-0277:2:53,wn-0277:19:468,TEMPORAL,BEFORE,wn-0277,-1,0.3,1
wn-0277:2:53,wn-0277:21:543,TEMPORAL,BEFORE,wn-0277,-1,0.3,1
wn-0277:2:53,wn-0277:22:563,TEMPORAL,BEFORE,wn-0277,-1,0.3,1
wn-0277:2:53,wn-0277:22:571,TEMPORAL,BEFORE,wn-0277,-1,0.3,1
wn-0277:2:53,wn-0277:24:629,TEMPORAL,BEFORE,wn-0277,-1,0.3,1
wn-0277:2:53,wn-0277:26:670,TEMPORAL,BEFORE,wn-0277,-1,0.3,1
wn-0277:2:53,wn-0277:26:672,TEMPORAL,BEFORE,wn-0277,-1,0.3,1
wn-0277:2:53,wn-0277:27:685,TEMPORAL,AFTER,wn-0277,-1,0.75,1
wn-0277:2:53,wn-0277:28:699,TEMPORAL,BEFORE,wn-0277,-1,0.3,1
wn-0277:3:67,wn-0277:4:103,TEMPORAL,BEFORE,wn-0277,-1,0.3,1
wn-0277:3:67,wn-0277:6:136,TEMPORAL,BEFORE,wn-0277,-1,0.3,1
wn-0277:3:67,wn-0277:8:201,TEMPORAL,BEFORE,wn-0277,-1,0.3,1
wn-0277:3:67,wn-0277:12:282,TEMPORAL,BEFORE,wn-0277,-1,0.3,1
wn-0277:3:67,wn-0277:13:321,TEMPORAL,BEFORE,wn-0277,-1,0.3,1
wn-0277:3:67,wn-0277:16:373,TEMPORAL,BEFORE,wn-0277,-1,0.3,1
wn-0277:3:67,wn-0277:17:396,TEMPORAL,BEFORE,wn-0277,-1,0.3,1
wn-0277:3:67,wn-0277:17:403,TEMPORAL,BEFORE,wn-0277,-1,0.3,1
wn-0277:3:67,wn-0277:18:419,TEMPORAL,BEFORE,wn-0277,-1,0.3,1
wn-0277:3:67,wn-0277:19:447,TEMPORAL,BEFORE,wn-0277,-1,0.3,1
wn-0277:3:67,wn-0277:19:459,TEMPORAL,BEFORE,wn-0277,-1,0.3,1
wn-0277:3:67,wn-0277:19:468,TEMPORAL,BEFORE,wn-0277,-1,0.3,1
wn-0277:3:67,wn-0277:21:543,TEMPORAL,BEFORE,wn-0277,-1,0.3,1
wn-0277:3:67,wn-0277:22:563,TEMPORAL,BEFORE,wn-0277,-1,0.3,1
wn-0277:3:67,wn-0277:22:571,TEMPORAL,BEFORE,wn-0277,-1,0.3,1
wn-0277:3:67,wn-0277:24:629,TEMPORAL,BEFORE,wn-0277,-1,0.3,1
wn-0277:3:67,wn-0277:26:670,TEMPORAL,BEFORE,wn-0277,-1,0.3,1
wn-0277:3:67,wn-0277:26:672,TEMPORAL,BEFORE,wn-0277,-1,0.3,1
wn-0277:3:67,wn-0277:27:685,TEMPORAL,BEFORE,wn-0277,-1,0.3,1
wn-0277:3:67,wn-0277:28:699,TEMPORAL,BEFORE,wn-0277,-1,0.3,1
wn-0277:4:103,wn-0277:6:136,TEMPORAL,BEFORE,wn-0277,-1,0.3,1
wn-0277:4:103,wn-0277:8:201,TEMPORAL,BEFORE,wn-0277,-1,0.3,1
wn-0277:4:103,wn-0277:12:282,TEMPORAL,BEFORE,wn-0277,-1,0.3,1
wn-0277:4:103,wn-0277:13:321,TEMPORAL,BEFORE,wn-0277,-1,0.3,1
wn-0277:4:103,wn-0277:16:373,TEMPORAL,BEFORE,wn-0277,-1,0.3,1
wn-0277:4:103,wn-0277:17:396,TEMPORAL,BEFORE,wn-0277,-1,0.3,1
wn-0277:4:103,wn-0277:17:403,TEMPORAL,BEFORE,wn-0277,-1,0.3,1
wn-0277:4:103,wn-0277:18:419,TEMPORAL,BEFORE,wn-0277,-1,0.3,1
wn-0277:4:103,wn-0277:19:447,TEMPORAL,BEFORE,wn-0277,-1,0.3,1
wn-0277:4:103,wn-0277:19:459,TEMPORAL,BEFORE,wn-0277,-1,0.3,1
wn-0277:4:103,wn-0277:19:468,TEMPORAL,BEFORE,wn-0277,-1,0.3,1
wn-0277:4:103,wn-0277:21:543,TEMPORAL,BEFORE,wn-0277,-1,0.3,1
wn-0277:4:103,wn-0277:22:563,TEMPORAL,BEFORE,wn-0277,-1,0.3,1
wn-0277:4:103,wn-0277:22:571,TEMPORAL,BEFORE,wn-0277,-1,0.3,1
wn-0277:4:103,wn-0277:24:629,TEMPORAL,BEFORE,wn-0277,-1,0.3,1
wn-0277:4:103,wn-0277:26:670,TEMPORAL,BEFORE,wn-0277,-1,0.3,1
wn-0277:4:103,wn-0277:26:672,TEMPORAL,BEFORE,wn-0277,-1,0.3,1
wn-0277:4:103,wn-0277:27:685,TEMPORAL,BEFORE,wn-0277,-1,0.3,1
wn-0277:4:103,wn-0277:28:699,TEMPORAL,BEFORE,wn-0277,-1,0.3,1
wn-0277:6:136,wn-0277:8:201,TEMPORAL,BEFORE,wn-0277,-1,0.3,1
wn-0277:6:136,wn-0277:12:282,TEMPORAL,BEFORE,wn-0277,-1,0.3,1
wn-0277:6:136,wn-0277:13:321,TEMPORAL,BEFORE,wn-0277,-1,0.3,1
wn-0277:6:136,wn-0277:16:373,TEMPORAL,BEFORE,wn-0277,-1,0.3,1
wn-0277:6:136,wn-0277:17:396,TEMPORAL,BEFORE,wn-0277,-1,0.3,1
wn-0277:6:136,wn-0277:17:403,TEMPORAL,BEFORE,wn-0277,-1,0.3,1
wn-0277:6:136,wn-0277:18:419,TEMPORAL,BEFORE,wn-0277,-1,0.3,1
wn-0277:6:136,wn-0277:19:447,TEMPORAL,BEFORE,wn-0277,-1,0.3,1
wn-0277:6:136,wn-0277:19:459,TEMPORAL,BEFORE,wn-0277,-1,0.3,1
wn-0277:6:136,wn-0277:19:468,TEMPORAL,BEFORE,wn-0277,-1,0.3,1
wn-0277:6:136,wn-0277:21:543,TEMPORAL,BEFORE,wn-0277,-1,0.3,1
wn-0277:6:136,wn-0277:22:563,TEMPORAL,BEFORE,wn-0277,-1,0.3,1
wn-0277:6:136,wn-0277:22:571,TEMPORAL,BEFORE,wn-0277,-1,0.3,1
wn-0277:6:136,wn-0277:24:629,TEMPORAL,BEFORE,wn-0277,-1,0.3,1
wn-0277:6:136,wn-0277:26:670,TEMPORAL,BEFORE,wn-0277,-1,0.3,1
wn-0277:6:136,wn-0277:26:672,TEMPORAL,BEFORE,wn-0277,-1,0.3,1
wn-0277:6:136,wn-0277:27:685,TEMPORAL,BEFORE,wn-0277,-1,0.3,1
wn-0277:6:136,wn-0277:28:699,TEMPORAL,BEFORE,wn-0277,-1,0.3,1
wn-0277:8:201,wn-0277:12:282,TEMPORAL,BEFORE,wn-0277,-1,0.3,1
wn-0277:8:201,wn-0277:13:321,TEMPORAL,BEFORE,wn-0277,-1,0.3,1
wn-0277:8:201,wn-0277:16:373,TEMPORAL,BEFORE,wn-0277,-1,0.3,1
wn-0277:8:201,wn-0277:17:396,TEMPORAL,BEFORE,wn-0277,-1,0.3,1
wn-0277:8:201,wn-0277:17:403,TEMPORAL,BEFORE,wn-0277,-1,0.3,1
wn-0277:8:201,wn-0277:18:419,TEMPORAL,BEFORE,wn-0277,-1,0.3,1
wn-0277:8:201,wn-0277:19:447,TEMPORAL,BEFORE,wn-0277,-1,0.3,1
wn-0277:8:201,wn-0277:19:459,TEMPORAL,BEFORE,wn-0277,-1,0.3,1
wn-0277:8:201,wn-0277:19:468,TEMPORAL,BEFORE,wn-0277,-1,0.3,1
wn-0277:8:201,wn-0277:21:543,TEMPORAL,BEFORE,wn-0277,-1,0.3,1
wn-0277:8:201,wn-0277:22:563,TEMPORAL,BEFORE,wn-0277,-1,0.3,1
wn-0277:8:201,wn-0277:22:571,TEMPORAL,BEFORE,wn-0277,-1,0.3,1
wn-0277:8:201,wn-0277:24:629,TEMPORAL,BEFORE,wn-0277,-1,0.3,1
wn-0277:8:201,wn-0277:26:670,TEMPORAL,BEFORE,wn-0277,-1,0.3,1
wn-0277:8:201,wn-0277:26:672,TEMPORAL,BEFORE,wn-0277,-1,0.3,1
wn-0277:8:201,wn-0277:27:685,TEMPORAL,BEFORE,wn-0277,-1,0.3,1
wn-0277:8:201,wn-0277:28:699,TEMPORAL,BEFORE,wn-0277,-1,0.3,1
wn-0277:12:282,wn-0277:13:321,TEMPORAL,BEFORE,wn-0277,-1,0.3,1
wn-0277:12:282,wn-0277:16:373,TEMPORAL,BEFORE,wn-0277,-1,0.3,1
wn-0277:12:282,wn-0277:17:396,TEMPORAL,BEFORE,wn-0277,-1,0.3,1
wn-0277:12:282,wn-0277:17:403,TEMPORAL,BEFORE,wn-0277,-1,0.3,1
wn-0277:12:282,wn-0277:18:419,TEMPORAL,BEFORE,wn-0277,-1,0.3,1
wn-0277:12:282,wn-0277:19:447,TEMPORAL,BEFORE,wn-0277,-1,0.3,1
wn-0277:12:282,wn-0277:19:459,TEMPORAL,BEFORE,wn-0277,-1,0.3,1
wn-0277:12:282,wn-0277:19:468,TEMPORAL,BEFORE,wn-0277,-1,0.3,1
wn-0277:12:282,wn-0277:21:543,TEMPORAL,BEFORE,wn-0277,-1,0.3,1
wn-0277:12:282,wn-0277:22:563,TEMPORAL,BEFORE,wn-0277,-1,0.3,1
wn-0277:12:282,wn-0277:22:571,TEMPORAL,BEFORE,wn-0277,-1,0.3,1
wn-0277:12:282,wn-0277:24:629,TEMPORAL,BEFORE,wn-0277,-1,0.3,1
wn-0277:12:282,wn-0277:26:670,TEMPORAL,BEFORE,wn-0277,-1,0.3,1
wn-0277:12:282,wn-0277:26:672,TEMPORAL,BEFORE,wn-0277,-1,0.3,1
wn-0277:12:282,wn-0277:27:685,TEMPORAL,BEFORE,wn-0277,-1,0.3,1
wn-0277:12:282,wn-0277:28:699,TEMPORAL,BEFORE,wn-0277,-1,0.3,1
wn-0277:13:321,wn-0277:16:373,TEMPORAL,BEFORE,wn-0277,-1,0.3,1
wn-0277:13:321,wn-0277:17:396,TEMPORAL,AFTER,wn-0277,-1,0.75,1
wn-0277:13:321,wn-0277:17:403,TEMPORAL,AFTER,wn-0277,-1,0.75,1
wn-0277:13:321,wn-0277:18:419,TEMPORAL,AFTER,wn-0277,-1,0.7,1
wn-0277:13:321,wn-0277:19:447,TEMPORAL,BEFORE,wn-0277,-1,0.3,1
wn-0277:13:321,wn-0277:19:459,TEMPORAL,BEFORE,wn-0277,-1,0.3,1
wn-0277:13:321,wn-0277:19:468,TEMPORAL,BEFORE,wn-0277,-1,0.3,1
wn-0277:13:321,wn-0277:21:543,TEMPORAL,BEFORE,wn-0277,-1,0.3,1
wn-0277:13:321,wn-0277:22:563,TEMPORAL,BEFORE,wn-0277,-1,0.3,1
wn-0277:13:321,wn-0277:22:571,TEMPORAL,BEFORE,wn-0277,-1,0.3,1
wn-0277:13:321,wn-0277:24:629,TEMPORAL,BEFORE,wn-0277,-1,0.3,1
wn-0277:13:321,wn-0277:26:670,TEMPORAL,BEFORE,wn-0277,-1,0.3,1
wn-0277:13:321,wn-0277:26:672,TEMPORAL,BEFORE,wn-0277,-1,0.3,1
wn-0277:13:321,wn-0277:27:685,TEMPORAL,AFTER,wn-0277,-1,0.9,1
wn-0277:13:321,wn-0277:28:699,TEMPORAL,BEFORE,wn-0277,-1,0.3,1
wn-0277:16:373,wn-0277:17:396,TEMPORAL,BEFORE,wn-0277,-1,0.3,1
wn-0277:16:373,wn-0277:17:403,TEMPORAL,BEFORE,wn-0277,-1,0.3,1
wn-0277:16:373,wn-0277:18:419,TEMPORAL,BEFORE,wn-0277,-1,0.3,1
wn-0277:16:373,wn-0277:19:447,TEMPORAL,BEFORE,wn-0277,-1,0.3,1
wn-0277:16:373,wn-0277:19:459,TEMPORAL,BEFORE,wn-0277,-1,0.3,1
wn-0277:16:373,wn-0277:19:468,TEMPORAL,BEFORE,wn-0277,-1,0.3,1
wn-0277:16:373,wn-0277:21:543,TEMPORAL,BEFORE,wn-0277,-1,0.3,1
wn-0277:16:373,wn-0277:22:563,TEMPORAL,BEFORE,wn-0277,-1,0.3,1
wn-0277:16:373,wn-0277:22:571,TEMPORAL,BEFORE,wn-0277,-1,0.3,1
wn-0277:16:373,wn-0277:24:629,TEMPORAL,BEFORE,wn-0277,-1,0.3,1
wn-0277:16:373,wn-0277:26:670,TEMPORAL,BEFORE,wn-0277,-1,0.3,1
wn-0277:16:373,wn-0277:26:672,TEMPORAL,BEFORE,wn-0277,-1,0.3,1
wn-0277:16:373,wn-0277:27:685,TEMPORAL,BEFORE,wn-0277,-1,0.3,1
wn-0277:16:373,wn-0277:28:699,TEMPORAL,BEFORE,wn-0277,-1,0.3,1
wn-0277:17:396,wn-0277:17:403,TEMPORAL,SIMULTANEOUS,wn-0277,-1,0.75,1
wn-0277:17:396,wn-0277:18:419,TEMPORAL,BEFORE,wn-0277,-1,0.7,1
wn-0277:17:396,wn-0277:19:447,TEMPORAL,BEFORE,wn-0277,-1,0.3,1
wn-0277:17:396,wn-0277:19:459,TEMPORAL,BEFORE,wn-0277,-1,0.3,1
wn-0277:17:396,wn-0277:19:468,TEMPORAL,BEFORE,wn-0277,-1,0.3,1
wn-0277:17:396,wn-0277:21:543,TEMPORAL,BEFORE,wn-0277,-1,0.3,1
wn-0277:17:396,wn-0277:22:563,TEMPORAL,BEFORE,wn-0277,-1,0.3,1
wn-0277:17:396,wn-0277:22:571,TEMPORAL,BEFORE,wn-0277,-1,0.3,1
wn-0277:17:396,wn-0277:24:629,TEMPORAL,BEFORE,wn-0277,-1,0.3,1
wn-0277:17:396,wn-0277:26:670,TEMPORAL,BEFORE,wn-0277,-1,0.3,1
wn-0277:17:396,wn-0277:26:672,TEMPORAL,BEFORE,wn-0277,-1,0.3,1
wn-0277:17:396,wn-0277:27:685,TEMPORAL,BEFORE,wn-0277,-1,0.75,1
wn-0277:17:396,wn-0277:28:699,TEMPORAL,BEFORE,wn-0277,-1,0.3,1
wn-0277:17:403,wn-0277:18:419,TEMPORAL,BEFORE,wn-0277,-1,0.7,1
wn-0277:17:403,wn-0277:19:447,TEMPORAL,BEFORE,wn-0277,-1,0.3,1
wn-0277:17:403,wn-0277:19:459,TEMPORAL,BEFORE,wn-0277,-1,0.3,1
wn-0277:17:403,wn-0277:19:468,TEMPORAL,BEFORE,wn-0277,-1,0.3,1
wn-0277:17:403,wn-0277:21:543,TEMPORAL,BEFORE,wn-0277,-1,0.3,1
wn-0277:17:403,wn-0277:22:563,TEMPORAL,BEFORE,wn-0277,-1,0.3,1
wn-0277:17:403,wn-0277:22:571,TEMPORAL,BEFORE,wn-0277,-1,0.3,1
wn-0277:17:403,wn-0277:24:629,TEMPORAL,BEFORE,wn-0277,-1,0.3,1
wn-0277:17:403,wn-0277:26:670,TEMPORAL,BEFORE,wn-0277,-1,0.3,1
wn-0277:17:403,wn-0277:26:672,TEMPORAL,BEFORE,wn-0277,-1,0.3,1
wn-0277:17:403,wn-0277:27:685,TEMPORAL,BEFORE,wn-0277,-1,0.75,1
wn-0277:17:403,wn-0277:28:699,TEMPORAL,BEFORE,wn-0277,-1,0.3,1
wn-0277:18:419,wn-0277:19:447,TEMPORAL,BEFORE,wn-0277,-1,0.3,1
wn-0277:18:419,wn-0277:19:459,TEMPORAL,BEFORE,wn-0277,-1,0.3,1
wn-0277:18:419,wn-0277:19:468,TEMPORAL,BEFORE,wn-0277,-1,0.3,1
wn-0277:18:419,wn-0277:21:543,TEMPORAL,BEFORE,wn-0277,-1,0.3,1
wn-0277:18:419,wn-0277:22:563,TEMPORAL,BEFORE,wn-0277,-1,0.3,1
wn-0277:18:419,wn-0277:22:571,TEMPORAL,BEFORE,wn-0277,-1,0.3,1
wn-0277:18:419,wn-0277:24:629,TEMPORAL,BEFORE,wn-0277,-1,0.3,1
wn-0277:18:419,wn-0277:26:670,TEMPORAL,BEFORE,wn-0277,-1,0.3,1
wn-0277:18:419,wn-0277:26:672,TEMPORAL,BEFORE,wn-0277,-1,0.3,1
wn-0277:18:419,wn-0277:27:685,TEMPORAL,AFTER,wn-0277,-1,0.7,1
wn-0277:18:419,wn-0277:28:699,TEMPORAL,BEFORE,wn-0277,-1,0.3,1
wn-0277:19:447,wn-0277:19:459,TEMPORAL,AFTER,wn-0277,-1,0.5,1
wn-0277:19:447,wn-0277:19:468,TEMPORAL,AFTER,wn-0277,-1,0.5,1
wn-0277:19:447,wn-0277:21:543,TEMPORAL,BEFORE,wn-0277,-1,0.3,1
wn-0277:19:447,wn-0277:22:563,TEMPORAL,BEFORE,wn-0277,-1,0.3,1
wn-0277:19:447,wn-0277:22:571,TEMPORAL,BEFORE,wn-0277,-1,0.3,1
wn-0277:19:447,wn-0277:24:629,TEMPORAL,BEFORE,wn-0277,-1,0.3,1
wn-0277:19:447,wn-0277:26:670,TEMPORAL,BEFORE,wn-0277,-1,0.3,1
wn-0277:19:447,wn-0277:26:672,TEMPORAL,BEFORE,wn-0277,-1,0.3,1
wn-0277:19:447,wn-0277:27:685,TEMPORAL,BEFORE,wn-0277,-1,0.3,1
wn-0277:19:447,wn-0277:28:699,TEMPORAL,BEFORE,wn-0277,-1,0.3,1
wn-0277:19:459,wn-0277:19:468,TEMPORAL,AFTER,wn-0277,-1,0.5,1
wn-0277:19:459,wn-0277:21:543,TEMPORAL,BEFORE,wn-0277,-1,0.3,1
wn-0277:19:459,wn-0277:22:563,TEMPORAL,BEFORE,wn-0277,-1,0.3,1
wn-0277:19:459,wn-0277:22:571,TEMPORAL,BEFORE,wn-0277,-1,0.3,1
wn-0277:19:459,wn-0277:24:629,TEMPORAL,BEFORE,wn-0277,-1,0.3,1
wn-0277:19:459,wn-0277:26:670,TEMPORAL,BEFORE,wn-0277,-1,0.3,1
wn-0277:19:459,wn-0277:26:672,TEMPORAL,BEFORE,wn-0277,-1,0.3,1
wn-0277:19:459,wn-0277:27:685,TEMPORAL,BEFORE,wn-0277,-1,0.3,1
wn-0277:19:459,wn-0277:28:699,TEMPORAL,BEFORE,wn-0277,-1,0.3,1
wn-0277:19:468,wn-0277:21:543,TEMPORAL,BEFORE,wn-0277,-1,0.3,1
wn-0277:19:468,wn-0277:22:563,TEMPORAL,BEFORE,wn-0277,-1,0.3,1
wn-0277:19:468,wn-0277:22:571,TEMPORAL,BEFORE,wn-0277,-1,0.3,1
wn-0277:19:468,wn-0277:24:629,TEMPORAL,BEFORE,wn-0277,-1,0.3,1
wn-0277:19:468,wn-0277:26:670,TEMPORAL,BEFORE,wn-0277,-1,0.3,1
wn-0277:19:468,wn-0277:26:672,TEMPORAL,BEFORE,wn-0277,-1,0.3,1
wn-0277:19:468,wn-0277:27:685,TEMPORAL,BEFORE,wn-0277,-1,0.3,1
wn-0277:19:468,wn-0277:28:699,TEMPORAL,BEFORE,wn-0277,-1,0.3,1
wn-0277:21:543,wn-0277:22:563,TEMPORAL,BEFORE,wn-0277,-1,0.3,1
wn-0277:21:543,wn-0277:22:571,TEMPORAL,BEFORE,wn-0277,-1,0.3,1
wn-0277:21:543,wn-0277:24:629,TEMPORAL,BEFORE,wn-0277,-1,0.3,1
wn-0277:21:543,wn-0277:26:670,TEMPORAL,BEFORE,wn-0277,-1,0.3,1
wn-0277:21:543,wn-0277:26:672,TEMPORAL,BEFORE,wn-0277,-1,0.3,1
wn-0277:21:543,wn-0277:27:685,TEMPORAL,BEFORE,wn-0277,-1,0.3,1
wn-0277:21:543,wn-0277:28:699,TEMPORAL,BEFORE,wn-0277,-1,0.3,1
wn-0277:22:563,wn-0277:22:571,TEMPORAL,BEFORE,wn-0277,-1,0.5,1
wn-0277:22:563,wn-0277:24:629,TEMPORAL,BEFORE,wn-0277,-1,0.3,1
wn-0277:22:563,wn-0277:26:670,TEMPORAL,BEFORE,wn-0277,-1,0.3,1
wn-0277:22:563,wn-0277:26:672,TEMPORAL,BEFORE,wn-0277,-1,0.3,1
wn-0277:22:563,wn-0277:27:685,TEMPORAL,BEFORE,wn-0277,-1,0.3,1
wn-0277:22:563,wn-0277:28:699,TEMPORAL,BEFORE,wn-0277,-1,0.3,1
wn-0277:22:571,wn-0277:24:629,TEMPORAL,BEFORE,wn-0277,-1,0.3,1
wn-0277:22:571,wn-0277:26:670,TEMPORAL,BEFORE,wn-0277,-1,0.3,1
wn-0277:22:571,wn-0277:26:672,TEMPORAL,BEFORE,wn-0277,-1,0.3,1
wn-0277:22:571,wn-0277:27:685,TEMPORAL,BEFORE,wn-0277,-1,0.3,1
wn-0277:22:571,wn-0277:28:699,TEMPORAL,BEFORE,wn-0277,-1,0.3,1
wn-0277:24:629,wn-0277:26:670,TEMPORAL,BEFORE,wn-0277,-1,0.3,1
wn-0277:24:629,wn-0277:26:672,TEMPORAL,BEFORE,wn-0277,-1,0.3,1
wn-0277:24:629,wn-0277:27:685,TEMPORAL,BEFORE,wn-0277,-1,0.3,1
wn-0277:24:629,wn-0277:28:699,TEMPORAL,BEFORE,wn-0277,-1,0.3,1
wn-0277:26:670,wn-0277:27:685,TEMPORAL,BEFORE,wn-0277,-1,0.3,1
wn-0277:26:670,wn-0277:28:699,TEMPORAL,BEFORE,wn-0277,-1,0.3,1
wn-0277:26:672,wn-0277:27:685,TEMPORAL,BEFORE,wn-0277,-1,0.3,1
wn-0277:26:672,wn-0277:28:699,TEMPORAL,BEFORE,wn-0277,-1,0.3,1
wn-0277:27:685,wn-0277:28:699,TEMPORAL,BEFORE,wn-0277,-1,0.3,1
wn-0278:0:4,wn-0278:4:116,TEMPORAL,BEFORE,wn-0278,-1,0.3,1
wn-0278:0:4,wn-0278:8:195,TEMPORAL,BEFORE,wn-0278,-1,0.3,1
wn-0278:0:4,wn-0278:8:221,TEMPORAL,BEFORE,wn-0278,-1,0.3,1
wn-0278:0:4,wn-0278:16:389,TEMPORAL,BEFORE,wn-0278,-1,0.3,1
wn-0278:0:4,wn-0278:16:391,TEMPORAL,BEFORE,wn-0278,-1,0.3,1
wn-0278:0:4,wn-0278:16:425,TEMPORAL,BEFORE,wn-0278,-1,0.3,1
wn-0278:0:4,wn-0278:18:487,TEMPORAL,BEFORE,wn-0278,-1,0.3,1
wn-0278:0:4,wn-0278:19:496,TEMPORAL,BEFORE,wn-0278,-1,0.3,1
wn-0278:0:4,wn-0278:20:505,TEMPORAL,BEFORE,wn-0278,-1,0.3,1
wn-0278:0:4,wn-0278:23:562,TEMPORAL,BEFORE,wn-0278,-1,0.3,1
wn-0278:0:4,wn-0278:25:623,TEMPORAL,BEFORE,wn-0278,-1,0.3,1
wn-0278:0:4,wn-0278:26:645,TEMPORAL,BEFORE,wn-0278,-1,0.3,1
wn-0278:0:4,wn-0278:27:676,TEMPORAL,BEFORE,wn-0278,-1,0.3,1
wn-0278:0:4,wn-0278:28:680,TEMPORAL,BEFORE,wn-0278,-1,0.3,1
wn-0278:0:4,wn-0278:28:692,TEMPORAL,BEFORE,wn-0278,-1,0.3,1
wn-0278:0:4,wn-0278:29:700,TEMPORAL,BEFORE,wn-0278,-1,0.3,1
wn-0278:0:4,wn-0278:29:714,TEMPORAL,BEFORE,wn-0278,-1,0.3,1
wn-0278:4:116,wn-0278:8:195,TEMPORAL,BEFORE,wn-0278,-1,0.75,1
wn-0278:4:116,wn-0278:8:221,TEMPORAL,BEFORE,wn-0278,-1,0.75,1
wn-0278:4:116,wn-0278:16:389,TEMPORAL,BEFORE,wn-0278,-1,0.3,1
wn-0278:4:116,wn-0278:16:391,TEMPORAL,BEFORE,wn-0278,-1,0.3,1
wn-0278:4:116,wn-0278:16:425,TEMPORAL,BEFORE,wn-0278,-1,0.3,1
wn-0278:4:116,wn-0278:18:487,TEMPORAL,BEFORE,wn-0278,-1,0.3,1
wn-0278:4:116,wn-0278:19:496,TEMPORAL,BEFORE,wn-0278,-1,0.3,1
wn-0278:4:116,wn-0278:20:505,TEMPORAL,BEFORE,wn-0278,-1,0.3,1
wn-0278:4:116,wn-0278:23:562,TEMPORAL,BEFORE,wn-0278,-1,0.3,1
wn-0278:4:116,wn-0278:25:623,TEMPORAL,BEFORE,wn-0278,-1,0.3,1
wn-0278:4:116,wn-0278:26:645,TEMPORAL,BEFORE,wn-0278,-1,0.3,1
wn-0278:4:116,wn-0278:27:676,TEMPORAL,AFTER,wn-0278,-1,0.85,1
wn-0278:4:116,wn-0278:28:680,TEMPORAL,BEFORE,wn-0278,-1,0.3,1
wn-0278:4:116,wn-0278:28:692,TEMPORAL,BEFORE,wn-0278,-1,0.3,1
wn-0278:4:116,wn-0278:29:700,TEMPORAL,BEFORE,wn-0278,-1,0.85,1
wn-0278:4:116,wn-0278:29:714,TEMPORAL,BEFORE,wn-0278,-1,0.85,1
wn-0278:8:195,wn-0278:8:221,TEMPORAL,SIMULTANEOUS,wn-0278,-1,0.75,1
wn-0278:8:195,wn-0278:16:389,TEMPORAL,BEFORE,wn-0278,-1,0.3,1
wn-0278:8:195,wn-0278:16:391,TEMPORAL,BEFORE,wn-0278,-1,0.3,1
wn-0278:8:195,wn-0278:16:425,TEMPORAL,BEFORE,wn-0278,-1,0.3,1
wn-0278:8:195,wn-0278:18:487,TEMPORAL,BEFORE,wn-0278,-1,0.3,1
wn-0278:8:195,wn-0278:19:496,TEMPORAL,BEFORE,wn-0278,-1,0.3,1
wn-0278:8:195,wn-0278:20:505,TEMPORAL,BEFORE,wn-0278,-1,0.3,1
wn-0278:8:195,wn-0278:23:562,TEMPORAL,BEFORE,wn-0278,-1,0.3,1
wn-0278:8:195,wn-0278:25:623,TEMPORAL,BEFORE,wn-0278,-1,0.3,1
wn-0278:8:195,wn-0278:26:645,TEMPORAL,BEFORE,wn-0278,-1,0.3,1
wn-0278:8:195,wn-0278:27:676,TEMPORAL,AFTER,wn-0278,-1,0.75,1
wn-0278:8:195,wn-0278:28:680,TEMPORAL,BEFORE,wn-0278,-1,0.3,1
wn-0278:8:195,wn-0278:28:692,TEMPORAL,BEFORE,wn-0278,-1,0.3,1
wn-0278:8:195,wn-0278:29:700,TEMPORAL,BEFORE,wn-0278,-1,0.75,1
wn-0278:8:195,wn-0278:29:714,TEMPORAL,BEFORE,wn-0278,-1,0.75,1
wn-0278:8:221,wn-0278:16:389,TEMPORAL,BEFORE,wn-0278,-1,0.3,1
wn-0278:8:221,wn-0278:16:391,TEMPORAL,BEFORE,wn-0278,-1,0.3,1
wn-0278:8:221,wn-0278:16:425,TEMPORAL,BEFORE,wn-0278,-1,0.3,1
wn-0278:8:221,wn-0278:18:487,TEMPORAL,BEFORE,wn-0278,-1,0.3,1
wn-0278:8:221,wn-0278:19:496,TEMPORAL,BEFORE,wn-0278,-1,0.3,1
wn-0278:8:221,wn-0278:20:505,TEMPORAL,BEFORE,wn-0278,-1,0.3,1
wn-0278:8:221,wn-0278:23:562,TEMPORAL,BEFORE,wn-0278,-1,0.3,1
wn-0278:8:221,wn-0278:25:623,TEMPORAL,BEFORE,wn-0278,-1,0.3,1
wn-0278:8:221,wn-0278:26:645,TEMPORAL,BEFORE,wn-0278,-1,0.3,1
wn-0278:8:221,wn-0278:27:676,TEMPORAL,AFTER,wn-0278,-1,0.75,1
wn-0278:8:221,wn-0278:28:680,TEMPORAL,BEFORE,wn-0278,-1,0.3,1
wn-0278:8:221,wn-0278:28:692,TEMPORAL,BEFORE,wn-0278,-1,0.3,1
wn-0278:8:221,wn-0278:29:700,TEMPORAL,BEFORE,wn-0278,-1,0.75,1
wn-0278:8:221,wn-0278:29:714,TEMPORAL,BEFORE,wn-0278,-1,0.75,1
wn-0278:16:389,wn-0278:16:391,TEMPORAL,SIMULTANEOUS,wn-0278,-1,0.5,1
wn-0278:16:389,wn-0278:16:425,TEMPORAL,SIMULTANEOUS,wn-0278,-1,0.5,1
wn-0278:16:389,wn-0278:18:487,TEMPORAL,BEFORE,wn-0278,-1,0.3,1
wn-0278:16:389,wn-0278:19:496,TEMPORAL,BEFORE,wn-0278,-1,0.3,1
wn-0278:16:389,wn-0278:20:505,TEMPORAL,BEFORE,wn-0278,-1,0.3,1
wn-0278:16:389,wn-0278:23:562,TEMPORAL,BEFORE,wn-0278,-1,0.3,1
wn-0278:16:389,wn-0278:25:623,TEMPORAL,BEFORE,wn-0278,-1,0.3,1
wn-0278:16:389,wn-0278:26:645,TEMPORAL,BEFORE,wn-0278,-1,0.3,1
wn-0278:16:389,wn-0278:27:676,TEMPORAL,BEFORE,wn-0278,-1,0.3,1
wn-0278:16:389,wn-0278:28:680,TEMPORAL,BEFORE,wn-0278,-1,0.3,1
wn-0278:16:389,wn-0278:28:692,TEMPORAL,BEFORE,wn-0278,-1,0.3,1
wn-0278:16:389,wn-0278:29:700,TEMPORAL,BEFORE,wn-0278,-1,0.3,1
wn-0278:16:389,wn-0278:29:714,TEMPORAL,BEFORE,wn-0278,-1,0.3,1
wn-0278:16:391,wn-0278:16:425,TEMPORAL,SIMULTANEOUS,wn-0278,-1,0.5,1
wn-0278:16:391,wn-0278:18:487,TEMPORAL,BEFORE,wn-0278,-1,0.3,1
wn-0278:16:391,wn-0278:19:496,TEMPORAL,BEFORE,wn-0278,-1,0.3,1
wn-0278:16:391,wn-0278:20:505,TEMPORAL,BEFORE,wn-0278,-1,0.3,1
wn-0278:16:391,wn-0278:23:562,TEMPORAL,BEFORE,wn-0278,-1,0.3,1
wn-0278:16:391,wn-0278:25:623,TEMPORAL,BEFORE,wn-0278,-1,0.3,1
wn-0278:16:391,wn-0278:26:645,TEMPORAL,BEFORE,wn-0278,-1,0.3,1
wn-0278:16:391,wn-0278:27:676,TEMPORAL,BEFORE,wn-0278,-1,0.3,1
wn-0278:16:391,wn-0278:28:680,TEMPORAL,BEFORE,wn-0278,-1,0.3,1
wn-0278:16:391,wn-0278:28:692,TEMPORAL,BEFORE,wn-0278,-1,0.3,1
wn-0278:16:391,wn-0278:29:700,TEMPORAL,BEFORE,wn-0278,-1,0.3,1
wn-0278:16:391,wn-0278:29:714,TEMPORAL,BEFORE,wn-0278,-1,0.3,1
wn-0278:16:425,wn-0278:18:487,TEMPORAL,BEFORE,wn-0278,-1,0.3,1
wn-0278:16:425,wn-0278:19:496,TEMPORAL,BEFORE,wn-0278,-1,0.3,1
wn-0278:16:425,wn-0278:20:505,TEMPORAL,BEFORE,wn-0278,-1,0.3,1
wn-0278:16:425,wn-0278:23:562,TEMPORAL,BEFORE,wn-0278,-1,0.3,1
wn-0278:16:425,wn-0278:25:623,TEMPORAL,BEFORE,wn-0278,-1,0.3,1
wn-0278:16:425,wn-0278:26:645,TEMPORAL,BEFORE,wn-0278,-1,0.3,1
wn-0278:16:425,wn-0278:27:676,TEMPORAL,BEFORE,wn-0278,-1,0.3,1
wn-0278:16:425,wn-0278:28:680,TEMPORAL,BEFORE,wn-0278,-1,0.3,1
wn-0278:16:425,wn-0278:28:692,TEMPORAL,BEFORE,wn-0278,-1,0.3,1
wn-0278:16:425,wn-0278:29:700,TEMPORAL,BEFORE,wn-0278,-1,0.3,1
wn-0278:16:425,wn-0278:29:714,TEMPORAL,BEFORE,wn-0278,-1,0.3,1
wn-0278:18:487,wn-0278:19:496,TEMPORAL,BEFORE,wn-0278,-1,0.3,1
wn-0278:18:487,wn-0278:20:505,TEMPORAL,BEFORE,wn-0278,-1,0.3,1
wn-0278:18:487,wn-0278:23:562,TEMPORAL,BEFORE,wn-0278,-1,0.3,1
wn-0278:18:487,wn-0278:25:623,TEMPORAL,BEFORE,wn-0278,-1,0.3,1
wn-0278:18:487,wn-0278:26:645,TEMPORAL,BEFORE,wn-0278,-1,0.3,1
wn-0278:18:487,wn-0278:27:676,TEMPORAL,BEFORE,wn-0278,-1,0.3,1
wn-0278:18:487,wn-0278:28:680,TEMPORAL,BEFORE,wn-0278,-1,0.3,1
wn-0278:18:487,wn-0278:28:692,TEMPORAL,BEFORE,wn-0278,-1,0.3,1
wn-0278:18:487,wn-0278:29:700,TEMPORAL,BEFORE,wn-0278,-1,0.3,1
wn-0278:18:487,wn-0278:29:714,TEMPORAL,BEFORE,wn-0278,-1,0.3,1
wn-0278:19:496,wn-0278:20:505,TEMPORAL,BEFORE,wn-0278,-1,0.3,1
wn-0278:19:496,wn-0278:23:562,TEMPORAL,BEFORE,wn-0278,-1,0.3,1
wn-0278:19:496,wn-0278:25:623,TEMPORAL,BEFORE,wn-0278,-1,0.3,1
wn-0278:19:496,wn-0278:26:645,TEMPORAL,BEFORE,wn-0278,-1,0.3,1
wn-0278:19:496,wn-0278:27:676,TEMPORAL,BEFORE,wn-0278,-1,0.3,1
wn-0278:19:496,wn-0278:28:680,TEMPORAL,BEFORE,wn-0278,-1,0.3,1
wn-0278:19:496,wn-0278:28:692,TEMPORAL,BEFORE,wn-0278,-1,0.3,1
wn-0278:19:496,wn-0278:29:700,TEMPORAL,BEFORE,wn-0278,-1,0.3,1
wn-0278:19:496,wn-0278:29:714,TEMPORAL,BEFORE,wn-0278,-1,0.3,1
wn-0278:20:505,wn-0278:23:562,TEMPORAL,BEFORE,wn-0278,-1,0.3,1
wn-0278:20:505,wn-0278:25:623,TEMPORAL,BEFORE,wn-0278,-1,0.3,1
wn-0278:20:505,wn-0278:26:645,TEMPORAL,BEFORE,wn-0278,-1,0.3,1
wn-0278:20:505,wn-0278:27:676,TEMPORAL,BEFORE,wn-0278,-1,0.3,1
wn-0278:20:505,wn-0278:28:680,TEMPORAL,BEFORE,wn-0278,-1,0.3,1
wn-0278:20:505,wn-0278:28:692,TEMPORAL,BEFORE,wn-0278,-1,0.3,1
wn-0278:20:505,wn-0278:29:700,TEMPORAL,BEFORE,wn-0278,-1,0.3,1
wn-0278:20:505,wn-0278:29:714,TEMPORAL,BEFORE,wn-0278,-1,0.3,1
wn-0278:23:562,wn-0278:25:623,TEMPORAL,BEFORE,wn-0278,-1,0.3,1
wn-0278:23:562,wn-0278:26:645,TEMPORAL,BEFORE,wn-0278,-1,0.3,1
wn-0278:23:562,wn-0278:27:676,TEMPORAL,BEFORE,wn-0278,-1,0.3,1
wn-0278:23:562,wn-0278:28:680,TEMPORAL,BEFORE,wn-0278,-1,0.3,1
wn-0278:23:562,wn-0278:28:692,TEMPORAL,BEFORE,wn-0278,-1,0.3,1
wn-0278:23:562,wn-0278:29:700,TEMPORAL,BEFORE,wn-0278,-1,0.3,1
wn-0278:23:562,wn-0278:29:714,TEMPORAL,BEFORE,wn-0278,-1,0.3,1
wn-0278:25:623,wn-0278:26:645,TEMPORAL,BEFORE,wn-0278,-1,0.3,1
wn-0278:25:623,wn-0278:27:676,TEMPORAL,BEFORE,wn-0278,-1,0.3,1
wn-0278:25:623,wn-0278:28:680,TEMPORAL,BEFORE,wn-0278,-1,0.3,1
wn-0278:25:623,wn-0278:28:692,TEMPORAL,BEFORE,wn-0278,-1,0.3,1
wn-0278:25:623,wn-0278:29:700,TEMPORAL,BEFORE,wn-0278,-1,0.3,1
wn-0278:25:623,wn-0278:29:714,TEMPORAL,BEFORE,wn-0278,-1,0.3,1
wn-0278:26:645,wn-0278:27:676,TEMPORAL,BEFORE,wn-0278,-1,0.3,1
wn-0278:26:645,wn-0278:28:680,TEMPORAL,BEFORE,wn-0278,-1,0.3,1
wn-0278:26:645,wn-0278:28:692,TEMPORAL,BEFORE,wn-0278,-1,0.3,1
wn-0278:26:645,wn-0278:29:700,TEMPORAL,BEFORE,wn-0278,-1,0.3,1
wn-0278:26:645,wn-0278:29:714,TEMPORAL,BEFORE,wn-0278,-1,0.3,1
wn-0278:27:676,wn-0278:28:680,TEMPORAL,BEFORE,wn-0278,-1,0.3,1
wn-0278:27:676,wn-0278:28:692,TEMPORAL,BEFORE,wn-0278,-1,0.3,1
wn-0278:27:676,wn-0278:29:700,TEMPORAL,BEFORE,wn-0278,-1,0.85,1
wn-0278:27:676,wn-0278:29:714,TEMPORAL,BEFORE,wn-0278,-1,0.85,1
wn-0278:28:680,wn-0278:29:700,TEMPORAL,BEFORE,wn-0278,-1,0.3,1
wn-0278:28:680,wn-0278:29:714,TEMPORAL,BEFORE,wn-0278,-1,0.3,1
wn-0278:28:692,wn-0278:29:700,TEMPORAL,BEFORE,wn-0278,-1,0.3,1
wn-0278:28:692,wn-0278:29:714,TEMPORAL,BEFORE,wn-0278,-1,0.3,1
wn-0278:29:700,wn-0278:29:714,TEMPORAL,SIMULTANEOUS,wn-0278,-1,0.85,1
wn-0279:0:6,wn-0279:1:35,TEMPORAL,BEFORE,wn-0279,-1,0.3,1
wn-0279:0:6,wn-0279:3:103,TEMPORAL,BEFORE,wn-0279,-1,0.3,1
wn-0279:0:6,wn-0279:3:94,TEMPORAL,BEFORE,wn-0279,-1,0.3,1
wn-0279:0:6,wn-0279:4:128,TEMPORAL,BEFORE,wn-0279,-1,0.3,1
wn-0279:0:6,wn-0279:4:139,TEMPORAL,BEFORE,wn-0279,-1,0.3,1
wn-0279:0:6,wn-0279:5:149,TEMPORAL,BEFORE,wn-0279,-1,0.3,1
wn-0279:0:6,wn-0279:7:173,TEMPORAL,BEFORE,wn-0279,-1,0.3,1
wn-0279:0:6,wn-0279:7:202,TEMPORAL,BEFORE,wn-0279,-1,0.3,1
wn-0279:0:6,wn-0279:8:214,TEMPORAL,BEFORE,wn-0279,-1,0.3,1
wn-0279:0:6,wn-0279:9:228,TEMPORAL,BEFORE,wn-0279,-1,0.3,1
wn-0279:0:6,wn-0279:9:231,TEMPORAL,BEFORE,wn-0279,-1,0.3,1
wn-0279:0:6,wn-0279:11:279,TEMPORAL,BEFORE,wn-0279,-1,0.3,1
wn-0279:0:6,wn-0279:11:284,TEMPORAL,BEFORE,wn-0279,-1,0.3,1
wn-0279:0:6,wn-0279:13:328,TEMPORAL,BEFORE,wn-0279,-1,0.3,1
wn-0279:0:6,wn-0279:13:334,TEMPORAL,BEFORE,wn-0279,-1,0.3,1
wn-0279:0:6,wn-0279:13:347,TEMPORAL,BEFORE,wn-0279,-1,0.3,1
wn-0279:0:6,wn-0279:14:360,TEMPORAL,BEFORE,wn-0279,-1,0.3,1
wn-0279:0:6,wn-0279:15:377,TEMPORAL,BEFORE,wn-0279,-1,0.3,1
wn-0279:1:35,wn-0279:3:103,TEMPORAL,BEFORE,wn-0279,-1,0.3,1
wn-0279:1:35,wn-0279:3:94,TEMPORAL,BEFORE,wn-0279,-1,0.3,1
wn-0279:1:35,wn-0279:4:128,TEMPORAL,BEFORE,wn-0279,-1,0.3,1
wn-0279:1:35,wn-0279:4:139,TEMPORAL,BEFORE,wn-0279,-1,0.3,1
wn-0279:1:35,wn-0279:5:149,TEMPORAL,BEFORE,wn-0279,-1,0.3,1
wn-0279:1:35,wn-0279:7:173,TEMPORAL,BEFORE,wn-0279,-1,0.3,1
wn-0279:1:35,wn-0279:7:202,TEMPORAL,BEFORE,wn-0279,-1,0.3,1
wn-0279:1:35,wn-0279:8:214,TEMPORAL,BEFORE,wn-0279,-1,0.3,1
wn-0279:1:35,wn-0279:9:228,TEMPORAL,BEFORE,wn-0279,-1,0.3,1
wn-0279:1:35,wn-0279:9:231,TEMPORAL,BEFORE,wn-0279,-1,0.3,1
wn-0279:1:35,wn-0279:11:279,TEMPORAL,BEFORE,wn-0279,-1,0.3,1
wn-0279:1:35,wn-0279:11:284,TEMPORAL,BEFORE,wn-0279,-1,0.3,1
wn-0279:1:35,wn-0279:13:328,TEMPORAL,BEFORE,wn-0279,-1,0.3,1
wn-0279:1:35,wn-0279:13:334,TEMPORAL,BEFORE,wn-0279,-1,0.3,1
wn-0279:1:35,wn-0279:13:347,TEMPORAL,BEFORE,wn-0279,-1,0.3,1
wn-0279:1:35,wn-0279:14:360,TEMPORAL,BEFORE,wn-0279,-1,0.3,1
wn-0279:1:35,wn-0279:15:377,TEMPORAL,BEFORE,wn-0279,-1,0.3,1
wn-0279:3:103,wn-0279:4:128,TEMPORAL,BEFORE,wn-0279,-1,0.3,1
wn-0279:3:103,wn-0279:4:139,TEMPORAL,BEFORE,wn-0279,-1,0.3,1
wn-0279:3:103,wn-0279:5:149,TEMPORAL,BEFORE,wn-0279,-1,0.3,1
wn-0279:3:103,wn-0279:7:173,TEMPORAL,BEFORE,wn-0279,-1,0.3,1
wn-0279:3:103,wn-0279:7:202,TEMPORAL,BEFORE,wn-0279,-1,0.3,1
wn-0279:3:103,wn-0279:8:214,TEMPORAL,BEFORE,wn-0279,-1,0.3,1
wn-0279:3:103,wn-0279:9:228,TEMPORAL,BEFORE,wn-0279,-1,0.3,1
wn-0279:3:103,wn-0279:9:231,TEMPORAL,BEFORE,wn-0279,-1,0.3,1
wn-0279:3:103,wn-0279:11:279,TEMPORAL,BEFORE,wn-0279,-1,0.3,1
wn-0279:3:103,wn-0279:11:284,TEMPORAL,BEFORE,wn-0279,-1,0.3,1
wn-0279:3:103,wn-0279:13:328,TEMPORAL,BEFORE,wn-0279,-1,0.3,1
wn-0279:3:103,wn-0279:13:334,TEMPORAL,BEFORE,wn-0279,-1,0.3,1
wn-0279:3:103,wn-0279:13:347,TEMPORAL,BEFORE,wn-0279,-1,0.3,1
wn-0279:3:103,wn-0279:14:360,TEMPORAL,BEFORE,wn-0279,-1,0.3,1
wn-0279:3:103,wn-0279:15:377,TEMPORAL,BEFORE,wn-0279,-1,0.3,1
wn-0279:3:94,wn-0279:4:128,TEMPORAL,BEFORE,wn-0279,-1,0.3,1
wn-0279:3:94,wn-0279:4:139,TEMPORAL,BEFORE,wn-0279,-1,0.3,1
wn-0279:3:94,wn-0279:5:149,TEMPORAL,BEFORE,wn-0279,-1,0.3,1
wn-0279:3:94,wn-0279:7:173,TEMPORAL,BEFORE,wn-0279,-1,0.3,1
wn-0279:3:94,wn-0279:7:202,TEMPORAL,BEFORE,wn-0279,-1,0.3,1
wn-0279:3:94,wn-0279:8:214,TEMPORAL,BEFORE,wn-0279,-1,0.3,1
wn-0279:3:94,wn-0279:9:228,TEMPORAL,BEFORE,wn-0279,-1,0.3,1
wn-0279:3:94,wn-0279:9:231,TEMPORAL,BEFORE,wn-0279,-1,0.3,1
wn-0279:3:94,wn-0279:11:279,TEMPORAL,BEFORE,wn-0279,-1,0.3,1
wn-0279:3:94,wn-0279:11:284,TEMPORAL,BEFORE,wn-0279,-1,0.3,1
wn-0279:3:94,wn-0279:13:328,TEMPORAL,BEFORE,wn-0279,-1,0.3,1
wn-0279:3:94,wn-0279:13:334,TEMPORAL,BEFORE,wn-0279,-1,0.3,1
wn-0279:3:94,wn-0279:13:347,TEMPORAL,BEFORE,wn-0279,-1,0.3,1
wn-0279:3:94,wn-0279:14:360,TEMPORAL,BEFORE,wn-0279,-1,0.3,1
wn-0279:3:94,wn-0279:15:377,TEMPORAL,BEFORE,wn-0279,-1,0.3,1
wn-0279:4:128,wn-0279:4:139,TEMPORAL,SIMULTANEOUS,wn-0279,-1,0.9,1
wn-0279:4:128,wn-0279:5:149,TEMPORAL,AFTER,wn-0279,-1,0.9,1
wn-0279:4:128,wn-0279:7:173,TEMPORAL,BEFORE,wn-0279,-1,0.3,1
wn-0279:4:128,wn-0279:7:202,TEMPORAL,BEFORE,wn-0279,-1,0.3,1
wn-0279:4:128,wn-0279:8:214,TEMPORAL,BEFORE,wn-0279,-1,0.3,1
wn-0279:4:128,wn-0279:9:228,TEMPORAL,BEFORE,wn-0279,-1,0.3,1
wn-0279:4:128,wn-0279:9:231,TEMPORAL,AFTER,wn-0279,-1,0.9,1
wn-0279:4:128,wn-0279:11:279,TEMPORAL,AFTER,wn-0279,-1,0.85,1
wn-0279:4:128,wn-0279:11:284,TEMPORAL,AFTER,wn-0279,-1,0.85,1
wn-0279:4:128,wn-0279:13:328,TEMPORAL,BEFORE,wn-0279,-1,0.3,1
wn-0279:4:128,wn-0279:13:334,TEMPORAL,BEFORE,wn-0279,-1,0.3,1
wn-0279:4:128,wn-0279:13:347,TEMPORAL,BEFORE,wn-0279,-1,0.3,1
wn-0279:4:128,wn-0279:14:360,TEMPORAL,BEFORE,wn-0279,-1,0.7,1
wn-0279:4:128,wn-0279:15:377,TEMPORAL,BEFORE,wn-0279,-1,0.75,1
wn-0279:4:139,wn-0279:5:149,TEMPORAL,AFTER,wn-0279,-1,0.9,1
wn-0279:4:139,wn-0279:7:173,TEMPORAL,BEFORE,wn-0279,-1,0.3,1
wn-0279:4:139,wn-0279:7:202,TEMPORAL,BEFORE,wn-0279,-1,0.3,1
wn-0279:4:139,wn-0279:8:214,TEMPORAL,BEFORE,wn-0279,-1,0.3,1
wn-0279:4:139,wn-0279:9:228,TEMPORAL,BEFORE,wn-0279,-1,0.3,1
wn-0279:4:139,wn-0279:9:231,TEMPORAL,AFTER,wn-0279,-1,0.9,1
wn-0279:4:139,wn-0279:11:279,TEMPORAL,AFTER,wn-0279,-1,0.85,1
wn-0279:4:139,wn-0279:11:284,TEMPORAL,AFTER,wn-0279,-1,0.85,1
wn-0279:4:139,wn-0279:13:328,TEMPORAL,BEFORE,wn-0279,-1,0.3,1
wn-0279:4:139,wn-0279:13:334,TEMPORAL,BEFORE,wn-0279,-1,0.3,1
wn-0279:4:139,wn-0279:13:347,TEMPORAL,BEFORE,wn-0279,-1,0.3,1
wn-0279:4:139,wn-0279:14:360,TEMPORAL,BEFORE,wn-0279,-1,0.7,1
wn-0279:4:139,wn-0279:15:377,TEMPORAL,BEFORE,wn-0279,-1,0.75,1
wn-0279:5:149,wn-0279:7:173,TEMPORAL,BEFORE,wn-0279,-1,0.3,1
wn-0279:5:149,wn-0279:7:202,TEMPORAL,BEFORE,wn-0279,-1,0.3,1
wn-0279:5:149,wn-0279:8:214,TEMPORAL,BEFORE,wn-0279,-1,0.3,1
wn-0279:5:149,wn-0279:9:228,TEMPORAL,BEFORE,wn-0279,-1,0.3,1
wn-0279:5:149,wn-0279:9:231,TEMPORAL,AFTER,wn-0279,-1,0.9,1
wn-0279:5:149,wn-0279:11:279,TEMPORAL,SIMULTANEOUS,wn-0279,-1,0.85,1
wn-0279:5:149,wn-0279:11:284,TEMPORAL,SIMULTANEOUS,wn-0279,-1,0.85,1
wn-0279:5:149,wn-0279:13:328,TEMPORAL,BEFORE,wn-0279,-1,0.3,1
wn-0279:5:149,wn-0279:13:334,TEMPORAL,BEFORE,wn-0279,-1,0.3,1
wn-0279:5:149,wn-0279:13:347,TEMPORAL,BEFORE,wn-0279,-1,0.3,1
wn-0279:5:149,wn-0279:14:360,TEMPORAL,BEFORE,wn-0279,-1,0.7,1
wn-0279:5:149,wn-0279:15:377,TEMPORAL,BEFORE,wn-0279,-1,0.75,1
wn-0279:7:173,wn-0279:7:202,TEMPORAL,BEFORE,wn-0279,-1,0.5,1
wn-0279:7:173,wn-0279:8:214,TEMPORAL,BEFORE,wn-0279,-1,0.3,1
wn-0279:7:173,wn-0279:9:228,TEMPORAL,BEFORE,wn-0279,-1,0.3,1
wn-0279:7:173,wn-0279:9:231,TEMPORAL,BEFORE,wn-0279,-1,0.3,1
wn-0279:7:173,wn-0279:11:279,TEMPORAL,BEFORE,wn-0279,-1,0.3,1
wn-0279:7:173,wn-0279:11:284,TEMPORAL,BEFORE,wn-0279,-1,0.3,1
wn-0279:7:173,wn-0279:13:328,TEMPORAL,BEFORE,wn-0279,-1,0.3,1
wn-0279:7:173,wn-0279:13:334,TEMPORAL,BEFORE,wn-0279,-1,0.3,1
wn-0279:7:173,wn-0279:13:347,TEMPORAL,BEFORE,wn-0279,-1,0.3,1
wn-0279:7:173,wn-0279:14:360,TEMPORAL,BEFORE,wn-0279,-1,0.3,1
wn-0279:7:173,wn-0279:15:377,TEMPORAL,BEFORE,wn-0279,-1,0.3,1
wn-0279:7:202,wn-0279:8:214,TEMPORAL,BEFORE,wn-0279,-1,0.3,1
wn-0279:7:202,wn-0279:9:228,TEMPORAL,BEFORE,wn-0279,-1,0.3,1
wn-0279:7:202,wn-0279:9:231,TEMPORAL,BEFORE,wn-0279,-1,0.3,1
wn-0279:7:202,wn-0279:11:279,TEMPORAL,BEFORE,wn-0279,-1,0.3,1
wn-0279:7:202,wn-0279:11:284,TEMPORAL,BEFORE,wn-0279,-1,0.3,1
wn-0279:7:202,wn-0279:13:328,TEMPORAL,BEFORE,wn-0279,-1,0.3,1
wn-0279:7:202,wn-0279:13:334,TEMPORAL,BEFORE,wn-0279,-1,0.3,1
wn-0279:7:202,wn-0279:13:347,TEMPORAL,BEFORE,wn-0279,-1,0.3,1
wn-0279:7:202,wn-0279:14:360,TEMPORAL,BEFORE,wn-0279,-1,0.3,1
wn-0279:7:202,wn-0279:15:377,TEMPORAL,BEFORE,wn-0279,-1,0.3,1
wn-0279:8:214,wn-0279:9:228,TEMPORAL,BEFORE,wn-0279,-1,0.3,1
wn-0279:8:214,wn-0279:9:231,TEMPORAL,BEFORE,wn-0279,-1,0.3,1
wn-0279:8:214,wn-0279:11:279,TEMPORAL,BEFORE,wn-0279,-1,0.3,1
wn-0279:8:214,wn-0279:11:284,TEMPORAL,BEFORE,wn-0279,-1,0.3,1
wn-0279:8:214,wn-0279:13:328,TEMPORAL,BEFORE,wn-0279,-1,0.3,1
wn-0279:8:214,wn-0279:13:334,TEMPORAL,BEFORE,wn-0279,-1,0.3,1
wn-0279:8:214,wn-0279:13:347,TEMPORAL,BEFORE,wn-0279,-1,0.3,1
wn-0279:8:214,wn-0279:14:360,TEMPORAL,BEFORE,wn-0279,-1,0.3,1
wn-0279:8:214,wn-0279:15:377,TEMPORAL,BEFORE,wn-0279,-1,0.3,1
wn-0279:9:228,wn-0279:9:231,TEMPORAL,BEFORE,wn-0279,-1,0.5,1
wn-0279:9:228,wn-0279:11:279,TEMPORAL,BEFORE,wn-0279,-1,0.3,1
wn-0279:9:228,wn-0279:11:284,TEMPORAL,BEFORE,wn-0279,-1,0.3,1
wn-0279:9:228,wn-0279:13:328,TEMPORAL,BEFORE,wn-0279,-1,0.3,1
wn-0279:9:228,wn-0279:13:334,TEMPORAL,BEFORE,wn-0279,-1,0.3,1
wn-0279:9:228,wn-0279:13:347,TEMPORAL,BEFORE,wn-0279,-1,0.3,1
wn-0279:9:228,wn-0279:14:360,TEMPORAL,BEFORE,wn-0279,-1,0.3,1
wn-0279:9:228,wn-0279:15:377,TEMPORAL,BEFORE,wn-0279,-1,0.3,1
wn-0279:9:231,wn-0279:11:279,TEMPORAL,BEFORE,wn-0279,-1,0.85,1
wn-0279:9:231,wn-0279:11:284,TEMPORAL,BEFORE,wn-0279,-1,0.85,1
wn-0279:9:231,wn-0279:13:328,TEMPORAL,BEFORE,wn-0279,-1,0.3,1
wn-0279:9:231,wn-0279:13:334,TEMPORAL,BEFORE,wn-0279,-1,0.3,1
wn-0279:9:231,wn-0279:13:347,TEMPORAL,BEFORE,wn-0279,-1,0.3,1
wn-0279:9:231,wn-0279:14:360,TEMPORAL,BEFORE,wn-0279,-1,0.7,1
wn-0279:9:231,wn-0279:15:377,TEMPORAL,BEFORE,wn-0279,-1,0.75,1
wn-0279:11:279,wn-0279:11:284,TEMPORAL,SIMULTANEOUS,wn-0279,-1,0.85,1
wn-0279:11:279,wn-0279:13:328,TEMPORAL,BEFORE,wn-0279,-1,0.3,1
wn-0279:11:279,wn-0279:13:334,TEMPORAL,BEFORE,wn-0279,-1,0.3,1
wn-0279:11:279,wn-0279:13:347,TEMPORAL,BEFORE,wn-0279,-1,0.3,1
wn-0279:11:279,wn-0279:14:360,TEMPORAL,BEFORE,wn-0279,-1,0.7,1
wn-0279:11:279,wn-0279:15:377,TEMPORAL,BEFORE,wn-0279,-1,0.75,1
wn-0279:11:284,wn-0279:13:328,TEMPORAL,BEFORE,wn-0279,-1,0.3,1
wn-0279:11:284,wn-0279:13:334,TEMPORAL,BEFORE,wn-0279,-1,0.3,1
wn-0279:11:284,wn-0279:13:347,TEMPORAL,BEFORE,wn-0279,-1,0.3,1
wn-0279:11:284,wn-0279:14:360,TEMPORAL,BEFORE,wn-0279,-1,0.7,1
wn-0279:11:284,wn-0279:15:377,TEMPORAL,BEFORE,wn-0279,-1,0.75,1
wn-0279:13:328,wn-0279:13:334,TEMPORAL,AFTER,wn-0279,-1,0.5,1
wn-0279:13:328,wn-0279:13:347,TEMPORAL,AFTER,wn-0279,-1,0.5,1
wn-0279:13:328,wn-0279:14:360,TEMPORAL,BEFORE,wn-0279,-1,0.3,1
wn-0279:13:328,wn-0279:15:377,TEMPORAL,BEFORE,wn-0279,-1,0.3,1
wn-0279:13:334,wn-0279:13:347,TEMPORAL,AFTER,wn-0279,-1,0.5,1
wn-0279:13:334,wn-0279:14:360,TEMPORAL,BEFORE,wn-0279,-1,0.3,1
wn-0279:13:334,wn-0279:15:377,TEMPORAL,BEFORE,wn-0279,-1,0.3,1
wn-0279:13:347,wn-0279:14:360,TEMPORAL,BEFORE,wn-0279,-1,0.3,1
wn-0279:13:347,wn-0279:15:377,TEMPORAL,BEFORE,wn-0279,-1,0.3,1
wn-0279:14:360,wn-0279:15:377,TEMPORAL,BEFORE,wn-0279,-1,0.7,1
wn-0280:0:16,wn-0280:1:50,TEMPORAL,BEFORE,wn-0280,-1,0.3,1
wn-0280:0:16,wn-0280:2:74,TEMPORAL,BEFORE,wn-0280,-1,0.3,1
wn-0280:0:16,wn-0280:5:126,TEMPORAL,BEFORE,wn-0280,-1,0.3,1
wn-0280:0:16,wn-0280:5:134,TEMPORAL,BEFORE,wn-0280,-1,0.3,1
wn-0280:0:16,wn-0280:6:141,TEMPORAL,BEFORE,wn-0280,-1,0.3,1
wn-0280:0:16,wn-0280:6:150,TEMPORAL,BEFORE,wn-0280,-1,0.3,1
wn-0280:0:16,wn-0280:6:151,TEMPORAL,BEFORE,wn-0280,-1,0.3,1
wn-0280:0:16,wn-0280:6:157,TEMPORAL,BEFORE,wn-0280,-1,0.3,1
wn-0280:0:16,wn-0280:6:163,TEMPORAL,BEFORE,wn-0280,-1,0.3,1
wn-0280:0:16,wn-0280:7:175,TEMPORAL,BEFORE,wn-0280,-1,0.3,1
wn-0280:0:16,wn-0280:7:182,TEMPORAL,BEFORE,wn-0280,-1,0.3,1
wn-0280:0:16,wn-0280:7:190,TEMPORAL,BEFORE,wn-0280,-1,0.3,1
wn-0280:0:16,wn-0280:7:193,TEMPORAL,BEFORE,wn-0280,-1,0.3,1
wn-0280:0:16,wn-0280:9:234,TEMPORAL,BEFORE,wn-0280,-1,0.3,1
wn-0280:1:50,wn-0280:2:74,TEMPORAL,BEFORE,wn-0280,-1,0.3,1
wn-0280:1:50,wn-0280:5:126,TEMPORAL,BEFORE,wn-0280,-1,0.3,1
wn-0280:1:50,wn-0280:5:134,TEMPORAL,BEFORE,wn-0280,-1,0.3,1
wn-0280:1:50,wn-0280:6:141,TEMPORAL,BEFORE,wn-0280,-1,0.3,1
wn-0280:1:50,wn-0280:6:150,TEMPORAL,BEFORE,wn-0280,-1,0.3,1
wn-0280:1:50,wn-0280:6:151,TEMPORAL,BEFORE,wn-0280,-1,0.3,1
wn-0280:1:50,wn-0280:6:157,TEMPORAL,BEFORE,wn-0280,-1,0.3,1
wn-0280:1:50,wn-0280:6:163,TEMPORAL,BEFORE,wn-0280,-1,0.3,1
wn-0280:1:50,wn-0280:7:175,TEMPORAL,BEFORE,wn-0280,-1,0.3,1
wn-0280:1:50,wn-0280:7:182,TEMPORAL,BEFORE,wn-0280,-1,0.3,1
wn-0280:1:50,wn-0280:7:190,TEMPORAL,BEFORE,wn-0280,-1,0.3,1
wn-0280:1:50,wn-0280:7:193,TEMPORAL,BEFORE,wn-0280,-1,0.3,1
wn-0280:1:50,wn-0280:9:234,TEMPORAL,BEFORE,wn-0280,-1,0.3,1
wn-0280:2:74,wn-0280:5:126,TEMPORAL,BEFORE,wn-0280,-1,0.3,1
wn-0280:2:74,wn-0280:5:134,TEMPORAL,BEFORE,wn-0280,-1,0.3,1
wn-0280:2:74,wn-0280:6:141,TEMPORAL,BEFORE,wn-0280,-1,0.3,1
wn-0280:2:74,wn-0280:6:150,TEMPORAL,BEFORE,wn-0280,-1,0.3,1
wn-0280:2:74,wn-0280:6:151,TEMPORAL,BEFORE,wn-0280,-1,0.3,1
wn-0280:2:74,wn-0280:6:157,TEMPORAL,BEFORE,wn-0280,-1,0.3,1
wn-0280:2:74,wn-0280:6:163,TEMPORAL,BEFORE,wn-0280,-1,0.3,1
wn-0280:2:74,wn-0280:7:175,TEMPORAL,BEFORE,wn-0280,-1,0.3,1
wn-0280:2:74,wn-0280:7:182,TEMPORAL,BEFORE,wn-0280,-1,0.3,1
wn-0280:2:74,wn-0280:7:190,TEMPORAL,BEFORE,wn-0280,-1,0.3,1
wn-0280:2:74,wn-0280:7:193,TEMPORAL,BEFORE,wn-0280,-1,0.3,1
wn-0280:2:74,wn-0280:9:234,TEMPORAL,BEFORE,wn-0280,-1,0.3,1
wn-0280:5:126,wn-0280:5:134,TEMPORAL,SIMULTANEOUS,wn-0280,-1,0.9,1
wn-0280:5:126,wn-0280:6:141,TEMPORAL,BEFORE,wn-0280,-1,0.3,1
wn-0280:5:126,wn-0280:6:150,TEMPORAL,BEFORE,wn-0280,-1,0.3,1
wn-0280:5:126,wn-0280:6:151,TEMPORAL,BEFORE,wn-0280,-1,0.3,1
wn-0280:5:126,wn-0280:6:157,TEMPORAL,BEFORE,wn-0280,-1,0.3,1
wn-0280:5:126,wn-0280:6:163,TEMPORAL,BEFORE,wn-0280,-1,0.3,1
wn-0280:5:126,wn-0280:7:175,TEMPORAL,BEFORE,wn-0280,-1,0.3,1
wn-0280:5:126,wn-0280:7:182,TEMPORAL,BEFORE,wn-0280,-1,0.3,1
wn-0280:5:126,wn-0280:7:190,TEMPORAL,BEFORE,wn-0280,-1,0.3,1
wn-0280:5:126,wn-0280:7:193,TEMPORAL,AFTER,wn-0280,-1,0.75,1
wn-0280:5:126,wn-0280:9:234,TEMPORAL,BEFORE,wn-0280,-1,0.3,1
wn-0280:5:134,wn-0280:6:141,TEMPORAL,BEFORE,wn-0280,-1,0.3,1
wn-0280:5:134,wn-0280:6:150,TEMPORAL,BEFORE,wn-0280,-1,0.3,1
wn-0280:5:134,wn-0280:6:151,TEMPORAL,BEFORE,wn-0280,-1,0.3,1
wn-0280:5:134,wn-0280:6:157,TEMPORAL,BEFORE,wn-0280,-1,0.3,1
wn-0280:5:134,wn-0280:6:163,TEMPORAL,BEFORE,wn-0280,-1,0.3,1
wn-0280:5:134,wn-0280:7:175,TEMPORAL,BEFORE,wn-0280,-1,0.3,1
wn-0280:5:134,wn-0280:7:182,TEMPORAL,BEFORE,wn-0280,-1,0.3,1
wn-0280:5:134,wn-0280:7:190,TEMPORAL,BEFORE,wn-0280,-1,0.3,1
wn-0280:5:134,wn-0280:7:193,TEMPORAL,AFTER,wn-0280,-1,0.75,1
wn-0280:5:134,wn-0280:9:234,TEMPORAL,BEFORE,wn-0280,-1,0.3,1
wn-0280:6:141,wn-0280:6:150,TEMPORAL,BEFORE,wn-0280,-1,0.5,1
wn-0280:6:141,wn-0280:6:151,TEMPORAL,BEFORE,wn-0280,-1,0.5,1
wn-0280:6:141,wn-0280:6:157,TEMPORAL,BEFORE,wn-0280,-1,0.5,1
wn-0280:6:141,wn-0280:6:163,TEMPORAL,BEFORE,wn-0280,-1,0.5,1
wn-0280:6:141,wn-0280:7:175,TEMPORAL,BEFORE,wn-0280,-1,0.3,1
wn-0280:6:141,wn-0280:7:182,TEMPORAL,BEFORE,wn-0280,-1,0.3,1
wn-0280:6:141,wn-0280:7:190,TEMPORAL,BEFORE,wn-0280,-1,0.3,1
wn-0280:6:141,wn-0280:7:193,TEMPORAL,BEFORE,wn-0280,-1,0.3,1
wn-0280:6:141,wn-0280:9:234,TEMPORAL,BEFORE,wn-0280,-1,0.3,1
wn-0280:6:150,wn-0280:6:151,TEMPORAL,BEFORE,wn-0280,-1,0.5,1
wn-0280:6:150,wn-0280:6:157,TEMPORAL,BEFORE,wn-0280,-1,0.5,1
wn-0280:6:150,wn-0280:6:163,TEMPORAL,BEFORE,wn-0280,-1,0.5,1
wn-0280:6:150,wn-0280:7:175,TEMPORAL,BEFORE,wn-0280,-1,0.3,1
wn-0280:6:150,wn-0280:7:182,TEMPORAL,BEFORE,wn-0280,-1,0.3,1
wn-0280:6:150,wn-0280:7:190,TEMPORAL,BEFORE,wn-0280,-1,0.3,1
wn-0280:6:150,wn-0280:7:193,TEMPORAL,BEFORE,wn-0280,-1,0.3,1
wn-0280:6:150,wn-0280:9:234,TEMPORAL,BEFORE,wn-0280,-1,0.3,1
wn-0280:6:151,wn-0280:6:157,TEMPORAL,BEFORE,wn-0280,-1,0.5,1
wn-0280:6:151,wn-0280:6:163,TEMPORAL,BEFORE,wn-0280,-1,0.5,1
wn-0280:6:151,wn-0280:7:175,TEMPORAL,BEFORE,wn-0280,-1,0.3,1
wn-0280:6:151,wn-0280:7:182,TEMPORAL,BEFORE,wn-0280,-1,0.3,1
wn-0280:6:151,wn-0280:7:190,TEMPORAL,BEFORE,wn-0280,-1,0.3,1
wn-0280:6:151,wn-0280:7:193,TEMPORAL,BEFORE,wn-0280,-1,0.3,1
wn-0280:6:151,wn-0280:9:234,TEMPORAL,BEFORE,wn-0280,-1,0.3,1
wn-0280:6:157,wn-0280:6:163,TEMPORAL,BEFORE,wn-0280,-1,0.5,1
wn-0280:6:157,wn-0280:7:175,TEMPORAL,BEFORE,wn-0280,-1,0.3,1
wn-0280:6:157,wn-0280:7:182,TEMPORAL,BEFORE,wn-0280,-1,0.3,1
wn-0280:6:157,wn-0280:7:190,TEMPORAL,BEFORE,wn-0280,-1,0.3,1
wn-0280:6:157,wn-0280:7:193,TEMPORAL,BEFORE,wn-0280,-1,0.3,1
wn-0280:6:157,wn-0280:9:234,TEMPORAL,BEFORE,wn-0280,-1,0.3,1
wn-0280:6:163,wn-0280:7:175,TEMPORAL,BEFORE,wn-0280,-1,0.3,1
wn-0280:6:163,wn-0280:7:182,TEMPORAL,BEFORE,wn-0280,-1,0.3,1
wn-0280:6:163,wn-0280:7:190,TEMPORAL,BEFORE,wn-0280,-1,0.3,1
wn-0280:6:163,wn-0280:7:193,TEMPORAL,BEFORE,wn-0280,-1,0.3,1
wn-0280:6:163,wn-0280:9:234,TEMPORAL,BEFORE,wn-0280,-1,0.3,1
wn-0280:7:175,wn-0280:7:182,TEMPORAL,AFTER,wn-0280,-1,0.5,1
wn-0280:7:175,wn-0280:7:190,TEMPORAL,AFTER,wn-0280,-1,0.5,1
wn-0280:7:175,wn-0280:7:193,TEMPORAL,AFTER,wn-0280,-1,0.5,1
wn-0280:7:175,wn-0280:9:234,TEMPORAL,BEFORE,wn-0280,-1,0.3,1
wn-0280:7:182,wn-0280:7:190,TEMPORAL,AFTER,wn-0280,-1,0.5,1
wn-0280:7:182,wn-0280:7:193,TEMPORAL,AFTER,wn-0280,-1,0.5,1
wn-0280:7:182,wn-0280:9:234,TEMPORAL,BEFORE,wn-0280,-1,0.3,1
wn-0280:7:190,wn-0280:7:193,TEMPORAL,AFTER,wn-0280,-1,0.5,1
wn-0280:7:190,wn-0280:9:234,TEMPORAL,BEFORE,wn-0280,-1,0.3,1
wn-0280:7:193,wn-0280:9:234,TEMPORAL,BEFORE,wn-0280,-1,0.3,1
wn-0281:0:6,wn-0281:3:114,TEMPORAL,BEFORE,wn-0281,-1,0.3,1
wn-0281:0:6,wn-0281:4:153,TEMPORAL,BEFORE,wn-0281,-1,0.3,1
wn-0281:0:6,wn-0281:12:344,TEMPORAL,AFTER,wn-0281,-1,0.7,1
wn-0281:3:114,wn-0281:4:153,TEMPORAL,BEFORE,wn-0281,-1,0.3,1
wn-0281:3:114,wn-0281:12:344,TEMPORAL,BEFORE,wn-0281,-1,0.3,1
wn-0281:4:153,wn-0281:12:344,TEMPORAL,BEFORE,wn-0281,-1,0.3,1
wn-0282:0:4,wn-0282:3:98,TEMPORAL,BEFORE,wn-0282,-1,0.3,1
wn-0282:0:4,wn-0282:5:138,TEMPORAL,AFTER,wn-0282,-1,0.8,1
wn-0282:0:4,wn-0282:6:158,TEMPORAL,AFTER,wn-0282,-1,0.8,1
wn-0282:0:4,wn-0282:6:168,TEMPORAL,AFTER,wn-0282,-1,0.8,1
wn-0282:3:98,wn-0282:5:138,TEMPORAL,BEFORE,wn-0282,-1,0.3,1
wn-0282:3:98,wn-0282:6:158,TEMPORAL,BEFORE,wn-0282,-1,0.3,1
wn-0282:3:98,wn-0282:6:168,TEMPORAL,BEFORE,wn-0282,-1,0.3,1
wn-0282:5:138,wn-0282:6:158,TEMPORAL,BEFORE,wn-0282,-1,0.9,1
wn-0282:5:138,wn-0282:6:168,TEMPORAL,BEFORE,wn-0282,-1,0.9,1
wn-0282:6:158,wn-0282:6:168,TEMPORAL,SIMULTANEOUS,wn-0282,-1,0.9,1
wn-0283:11:446,wn-0283:18:691,TEMPORAL,BEFORE,wn-0283,-1,0.85,1
wn-0284:0:26,wn-0284:1:43,TEMPORAL,BEFORE,wn-0284,-1,0.3,1
wn-0284:0:26,wn-0284:7:232,TEMPORAL,BEFORE,wn-0284,-1,0.3,1
wn-0284:0:26,wn-0284:7:239,TEMPORAL,BEFORE,wn-0284,-1,0.3,1
wn-0284:0:26,wn-0284:8:249,TEMPORAL,BEFORE,wn-0284,-1,0.3,1
wn-0284:0:26,wn-0284:8:289,TEMPORAL,BEFORE,wn-0284,-1,0.3,1
wn-0284:0:26,wn-0284:11:358,TEMPORAL,BEFORE,wn-0284,-1,0.3,1
wn-0284:0:26,wn-0284:13:390,TEMPORAL,BEFORE,wn-0284,-1,0.3,1
wn-0284:0:26,wn-0284:13:406,TEMPORAL,BEFORE,wn-0284,-1,0.3,1
wn-0284:0:26,wn-0284:14:421,TEMPORAL,BEFORE,wn-0284,-1,0.3,1
wn-0284:0:26,wn-0284:15:450,TEMPORAL,BEFORE,wn-0284,-1,0.3,1
wn-0284:0:9,wn-0284:1:43,TEMPORAL,BEFORE,wn-0284,-1,0.3,1
wn-0284:0:9,wn-0284:7:232,TEMPORAL,BEFORE,wn-0284,-1,0.3,1
wn-0284:0:9,wn-0284:7:239,TEMPORAL,BEFORE,wn-0284,-1,0.3,1
wn-0284:0:9,wn-0284:8:249,TEMPORAL,BEFORE,wn-0284,-1,0.3,1
wn-0284:0:9,wn-0284:8:289,TEMPORAL,BEFORE,wn-0284,-1,0.3,1
wn-0284:0:9,wn-0284:11:358,TEMPORAL,BEFORE,wn-0284,-1,0.3,1
wn-0284:0:9,wn-0284:13:390,TEMPORAL,BEFORE,wn-0284,-1,0.3,1
wn-0284:0:9,wn-0284:13:406,TEMPORAL,BEFORE,wn-0284,-1,0.3,1
wn-0284:0:9,wn-0284:14:421,TEMPORAL,BEFORE,wn-0284,-1,0.3,1
wn-0284:0:9,wn-0284:15:450,TEMPORAL,BEFORE,wn-0284,-1,0.3,1
wn-0284:1:43,wn-0284:7:232,TEMPORAL,BEFORE,wn-0284,-1,0.3,1
wn-0284:1:43,wn-0284:7:239,TEMPORAL,BEFORE,wn-0284,-1,0.3,1
wn-0284:1:43,wn-0284:8:249,TEMPORAL,BEFORE,wn-0284,-1,0.3,1
wn-0284:1:43,wn-0284:8:289,TEMPORAL,BEFORE,wn-0284,-1,0.3,1
wn-0284:1:43,wn-0284:11:358,TEMPORAL,BEFORE,wn-0284,-1,0.3,1
wn-0284:1:43,wn-0284:13:390,TEMPORAL,BEFORE,wn-0284,-1,0.3,1
wn-0284:1:43,wn-0284:13:406,TEMPORAL,BEFORE,wn-0284,-1,0.3,1
wn-0284:1:43,wn-0284:14:421,TEMPORAL,BEFORE,wn-0284,-1,0.3,1
wn-0284:1:43,wn-0284:15:450,TEMPORAL,BEFORE,wn-0284,-1,0.3,1
wn-0284:7:232,wn-0284:8:249,TEMPORAL,BEFORE,wn-0284,-1,0.3,1
wn-0284:7:232,wn-0284:8:289,TEMPORAL,BEFORE,wn-0284,-1,0.3,1
wn-0284:7:232,wn-0284:11:358,TEMPORAL,BEFORE,wn-0284,-1,0.3,1
wn-0284:7:232,wn-0284:13:390,TEMPORAL,BEFORE,wn-0284,-1,0.3,1
wn-0284:7:232,wn-0284:13:406,TEMPORAL,BEFORE,wn-0284,-1,0.3,1
wn-0284:7:232,wn-0284:14:421,TEMPORAL,BEFORE,wn-0284,-1,0.3,1
wn-0284:7:232,wn-0284:15:450,TEMPORAL,BEFORE,wn-0284,-1,0.3,1
wn-0284:7:239,wn-0284:8:249,TEMPORAL,BEFORE,wn-0284,-1,0.3,1
wn-0284:7:239,wn-0284:8:289,TEMPORAL,BEFORE,wn-0284,-1,0.3,1
wn-0284:7:239,wn-0284:11:358,TEMPORAL,BEFORE,wn-0284,-1,0.3,1
wn-0284:7:239,wn-0284:13:390,TEMPORAL,BEFORE,wn-0284,-1,0.3,1
wn-0284:7:239,wn-0284:13:406,TEMPORAL,BEFORE,wn-0284,-1,0.3,1
wn-0284:7:239,wn-0284:14:421,TEMPORAL,BEFORE,wn-0284,-1,0.3,1
wn-0284:7:239,wn-0284:15:450,TEMPORAL,BEFORE,wn-0284,-1,0.3,1
wn-0284:8:249,wn-0284:11:358,TEMPORAL,BEFORE,wn-0284,-1,0.3,1
wn-0284:8:249,wn-0284:13:390,TEMPORAL,BEFORE,wn-0284,-1,0.3,1
wn-0284:8:249,wn-0284:13:406,TEMPORAL,BEFORE,wn-0284,-1,0.3,1
wn-0284:8:249,wn-0284:14:421,TEMPORAL,BEFORE,wn-0284,-1,0.3,1
wn-0284:8:249,wn-0284:15:450,TEMPORAL,BEFORE,wn-0284,-1,0.3,1
wn-0284:8:289,wn-0284:11:358,TEMPORAL,BEFORE,wn-0284,-1,0.3,1
wn-0284:8:289,wn-0284:13:390,TEMPORAL,BEFORE,wn-0284,-1,0.3,1
wn-0284:8:289,wn-0284:13:406,TEMPORAL,BEFORE,wn-0284,-1,0.3,1
wn-0284:8:289,wn-0284:14:421,TEMPORAL,BEFORE,wn-0284,-1,0.3,1
wn-0284:8:289,wn-0284:15:450,TEMPORAL,BEFORE,wn-0284,-1,0.3,1
wn-0284:11:358,wn-0284:13:390,TEMPORAL,BEFORE,wn-0284,-1,0.3,1
wn-0284:11:358,wn-0284:13:406,TEMPORAL,BEFORE,wn-0284,-1,0.3,1
wn-0284:11:358,wn-0284:14:421,TEMPORAL,BEFORE,wn-0284,-1,0.3,1
wn-0284:11:358,wn-0284:15:450,TEMPORAL,BEFORE,wn-0284,-1,0.3,1
wn-0284:13:390,wn-0284:13:406,TEMPORAL,SIMULTANEOUS,wn-0284,-1,0.85,1
wn-0284:13:390,wn-0284:14:421,TEMPORAL,BEFORE,wn-0284,-1,0.3,1
wn-0284:13:390,wn-0284:15:450,TEMPORAL,BEFORE,wn-0284,-1,0.3,1
wn-0284:13:406,wn-0284:14:421,TEMPORAL,BEFORE,wn-0284,-1,0.3,1
wn-0284:13:406,wn-0284:15:450,TEMPORAL,BEFORE,wn-0284,-1,0.3,1
wn-0284:14:421,wn-0284:15:450,TEMPORAL,BEFORE,wn-0284,-1,0.3,1
wn-0285:0:2,wn-0285:1:20,TEMPORAL,BEFORE,wn-0285,-1,0.3,1
wn-0285:0:2,wn-0285:1:27,TEMPORAL,BEFORE,wn-0285,-1,0.3,1
wn-0285:0:2,wn-0285:2:61,TEMPORAL,BEFORE,wn-0285,-1,0.3,1
wn-0285:0:2,wn-0285:2:69,TEMPORAL,BEFORE,wn-0285,-1,0.3,1
wn-0285:0:2,wn-0285:2:85,TEMPORAL,BEFORE,wn-0285,-1,0.3,1
wn-0285:0:2,wn-0285:4:116,TEMPORAL,BEFORE,wn-0285,-1,0.3,1
wn-0285:0:2,wn-0285:4:119,TEMPORAL,BEFORE,wn-0285,-1,0.3,1
wn-0285:0:2,wn-0285:4:128,TEMPORAL,BEFORE,wn-0285,-1,0.3,1
wn-0285:0:2,wn-0285:4:133,TEMPORAL,BEFORE,wn-0285,-1,0.3,1
wn-0285:0:2,wn-0285:4:138,TEMPORAL,BEFORE,wn-0285,-1,0.3,1
wn-0285:0:2,wn-0285:5:140,TEMPORAL,BEFORE,wn-0285,-1,0.3,1
wn-0285:0:2,wn-0285:5:160,TEMPORAL,BEFORE,wn-0285,-1,0.3,1
wn-0285:0:2,wn-0285:5:168,TEMPORAL,BEFORE,wn-0285,-1,0.3,1
wn-0285:0:2,wn-0285:8:241,TEMPORAL,BEFORE,wn-0285,-1,0.3,1
wn-0285:0:2,wn-0285:9:249,TEMPORAL,BEFORE,wn-0285,-1,0.3,1
wn-0285:0:2,wn-0285:12:308,TEMPORAL,BEFORE,wn-0285,-1,0.3,1
wn-0285:0:2,wn-0285:13:354,TEMPORAL,BEFORE,wn-0285,-1,0.3,1
wn-0285:0:2,wn-0285:15:404,TEMPORAL,BEFORE,wn-0285,-1,0.3,1
wn-0285:0:2,wn-0285:15:409,TEMPORAL,BEFORE,wn-0285,-1,0.3,1
wn-0285:0:2,wn-0285:16:426,TEMPORAL,BEFORE,wn-0285,-1,0.3,1
wn-0285:0:2,wn-0285:16:440,TEMPORAL,BEFORE,wn-0285,-1,0.3,1
wn-0285:0:2,wn-0285:18:457,TEMPORAL,BEFORE,wn-0285,-1,0.3,1
wn-0285:0:7,wn-0285:1:20,TEMPORAL,BEFORE,wn-0285,-1,0.3,1
wn-0285:0:7,wn-0285:1:27,TEMPORAL,BEFORE,wn-0285,-1,0.3,1
wn-0285:0:7,wn-0285:2:61,TEMPORAL,BEFORE,wn-0285,-1,0.3,1
wn-0285:0:7,wn-0285:2:69,TEMPORAL,BEFORE,wn-0285,-1,0.3,1
wn-0285:0:7,wn-0285:2:85,TEMPORAL,BEFORE,wn-0285,-1,0.3,1
wn-0285:0:7,wn-0285:4:116,TEMPORAL,BEFORE,wn-0285,-1,0.3,1
wn-0285:0:7,wn-0285:4:119,TEMPORAL,BEFORE,wn-0285,-1,0.3,1
wn-0285:0:7,wn-0285:4:128,TEMPORAL,BEFORE,wn-0285,-1,0.3,1
wn-0285:0:7,wn-0285:4:133,TEMPORAL,BEFORE,wn-0285,-1,0.3,1
wn-0285:0:7,wn-0285:4:138,TEMPORAL,BEFORE,wn-0285,-1,0.3,1
wn-0285:0:7,wn-0285:5:140,TEMPORAL,BEFORE,wn-0285,-1,0.3,1
wn-0285:0:7,wn-0285:5:160,TEMPORAL,BEFORE,wn-0285,-1,0.3,1
wn-0285:0:7,wn-0285:5:168,TEMPORAL,BEFORE,wn-0285,-1,0.3,1
wn-0285:0:7,wn-0285:8:241,TEMPORAL,BEFORE,wn-0285,-1,0.3,1
wn-0285:0:7,wn-0285:9:249,TEMPORAL,BEFORE,wn-0285,-1,0.3,1
wn-0285:0:7,wn-0285:12:308,TEMPORAL,BEFORE,wn-0285,-1,0.3,1
wn-0285:0:7,wn-0285:13:354,TEMPORAL,BEFORE,wn-0285,-1,0.3,1
wn-0285:0:7,wn-0285:15:404,TEMPORAL,BEFORE,wn-0285,-1,0.3,1
wn-0285:0:7,wn-0285:15:409,TEMPORAL,BEFORE,wn-0285,-1,0.3,1
wn-0285:0:7,wn-0285:16:426,TEMPORAL,BEFORE,wn-0285,-1,0.3,1
wn-0285:0:7,wn-0285:16:440,TEMPORAL,BEFORE,wn-0285,-1,0.3,1
wn-0285:0:7,wn-0285:18:457,TEMPORAL,BEFORE,wn-0285,-1,0.3,1
wn-0285:1:20,wn-0285:2:61,TEMPORAL,BEFORE,wn-0285,-1,0.3,1
wn-0285:1:20,wn-0285:2:69,TEMPORAL,BEFORE,wn-0285,-1,0.3,1
wn-0285:1:20,wn-0285:2:85,TEMPORAL,BEFORE,wn-0285,-1,0.3,1
wn-0285:1:20,wn-0285:4:116,TEMPORAL,BEFORE,wn-0285,-1,0.3,1
wn-0285:1:20,wn-0285:4:119,TEMPORAL,BEFORE,wn-0285,-1,0.3,1
wn-0285:1:20,wn-0285:4:128,TEMPORAL,BEFORE,wn-0285,-1,0.3,1
wn-0285:1:20,wn-0285:4:133,TEMPORAL,BEFORE,wn-0285,-1,0.3,1
wn-0285:1:20,wn-0285:4:138,TEMPORAL,BEFORE,wn-0285,-1,0.3,1
wn-0285:1:20,wn-0285:5:140,TEMPORAL,BEFORE,wn-0285,-1,0.3,1
wn-0285:1:20,wn-0285:5:160,TEMPORAL,BEFORE,wn-0285,-1,0.3,1
wn-0285:1:20,wn-0285:5:168,TEMPORAL,BEFORE,wn-0285,-1,0.3,1
wn-0285:1:20,wn-0285:8:241,TEMPORAL,BEFORE,wn-0285,-1,0.3,1
wn-0285:1:20,wn-0285:9:249,TEMPORAL,BEFORE,wn-0285,-1,0.3,1
wn-0285:1:20,wn-0285:12:308,TEMPORAL,BEFORE,wn-0285,-1,0.3,1
wn-0285:1:20,wn-0285:13:354,TEMPORAL,BEFORE,wn-0285,-1,0.3,1
wn-0285:1:20,wn-0285:15:404,TEMPORAL,BEFORE,wn-0285,-1,0.3,1
wn-0285:1:20,wn-0285:15:409,TEMPORAL,BEFORE,wn-0285,-1,0.3,1
wn-0285:1:20,wn-0285:16:426,TEMPORAL,BEFORE,wn-0285,-1,0.3,1
wn-0285:1:20,wn-0285:16:440,TEMPORAL,BEFORE,wn-0285,-1,0.3,1
wn-0285:1:20,wn-0285:18:457,TEMPORAL,BEFORE,wn-0285,-1,0.3,1
wn-0285:1:27,wn-0285:2:61,TEMPORAL,AFTER,wn-0285,-1,0.9,1
wn-0285:1:27,wn-0285:2:69,TEMPORAL,AFTER,wn-0285,-1,0.9,1
wn-0285:1:27,wn-0285:2:85,TEMPORAL,AFTER,wn-0285,-1,0.9,1
wn-0285:1:27,wn-0285:4:116,TEMPORAL,AFTER,wn-0285,-1,0.9,1
wn-0285:1:27,wn-0285:4:119,TEMPORAL,AFTER,wn-0285,-1,0.9,1
wn-0285:1:27,wn-0285:4:128,TEMPORAL,AFTER,wn-0285,-1,0.9,1
wn-0285:1:27,wn-0285:4:133,TEMPORAL,AFTER,wn-0285,-1,0.9,1
wn-0285:1:27,wn-0285:4:138,TEMPORAL,AFTER,wn-0285,-1,0.9,1
wn-0285:1:27,wn-0285:5:140,TEMPORAL,AFTER,wn-0285,-1,0.85,1
wn-0285:1:27,wn-0285:5:160,TEMPORAL,BEFORE,wn-0285,-1,0.3,1
wn-0285:1:27,wn-0285:5:168,TEMPORAL,BEFORE,wn-0285,-1,0.3,1
wn-0285:1:27,wn-0285:8:241,TEMPORAL,BEFORE,wn-0285,-1,0.3,1
wn-0285:1:27,wn-0285:9:249,TEMPORAL,AFTER,wn-0285,-1,0.7,1
wn-0285:1:27,wn-0285:12:308,TEMPORAL,BEFORE,wn-0285,-1,0.3,1
wn-0285:1:27,wn-0285:13:354,TEMPORAL,BEFORE,wn-0285,-1,0.3,1
wn-0285:1:27,wn-0285:15:404,TEMPORAL,AFTER,wn-0285,-1,0.85,1
wn-0285:1:27,wn-0285:15:409,TEMPORAL,AFTER,wn-0285,-1,0.85,1
wn-0285:1:27,wn-0285:16:426,TEMPORAL,BEFORE,wn-0285,-1,0.3,1
wn-0285:1:27,wn-0285:16:440,TEMPORAL,BEFORE,wn-0285,-1,0.3,1
wn-0285:1:27,wn-0285:18:457,TEMPORAL,BEFORE,wn-0285,-1,0.75,1
wn-0285:2:61,wn-0285:2:69,TEMPORAL,SIMULTANEOUS,wn-0285,-1,0.9,1
wn-0285:2:61,wn-0285:2:85,TEMPORAL,SIMULTANEOUS,wn-0285,-1,0.9,1
wn-0285:2:61,wn-0285:4:116,TEMPORAL,AFTER,wn-0285,-1,0.9,1
wn-0285:2:61,wn-0285:4:119,TEMPORAL,AFTER,wn-0285,-1,0.9,1
wn-0285:2:61,wn-0285:4:128,TEMPORAL,AFTER,wn-0285,-1,0.9,1
wn-0285:2:61,wn-0285:4:133,TEMPORAL,AFTER,wn-0285,-1,0.9,1
wn-0285:2:61,wn-0285:4:138,TEMPORAL,AFTER,wn-0285,-1,0.9,1
wn-0285:2:61,wn-0285:5:140,TEMPORAL,BEFORE,wn-0285,-1,0.85,1
wn-0285:2:61,wn-0285:5:160,TEMPORAL,BEFORE,wn-0285,-1,0.3,1
wn-0285:2:61,wn-0285:5:168,TEMPORAL,BEFORE,wn-0285,-1,0.3,1
wn-0285:2:61,wn-0285:8:241,TEMPORAL,BEFORE,wn-0285,-1,0.3,1
wn-0285:2:61,wn-0285:9:249,TEMPORAL,BEFORE,wn-0285,-1,0.7,1
wn-0285:2:61,wn-0285:12:308,TEMPORAL,BEFORE,wn-0285,-1,0.3,1
wn-0285:2:61,wn-0285:13:354,TEMPORAL,BEFORE,wn-0285,-1,0.3,1
wn-0285:2:61,wn-0285:15:404,TEMPORAL,SIMULTANEOUS,wn-0285,-1,0.85,1
wn-0285:2:61,wn-0285:15:409,TEMPORAL,SIMULTANEOUS,wn-0285,-1,0.85,1
wn-0285:2:61,wn-0285:16:426,TEMPORAL,BEFORE,wn-0285,-1,0.3,1
wn-0285:2:61,wn-0285:16:440,TEMPORAL,BEFORE,wn-0285,-1,0.3,1
wn-0285:2:61,wn-0285:18:457,TEMPORAL,BEFORE,wn-0285,-1,0.75,1
wn-0285:2:69,wn-0285:2:85,TEMPORAL,SIMULTANEOUS,wn-0285,-1,0.9,1
wn-0285:2:69,wn-0285:4:116,TEMPORAL,AFTER,wn-0285,-1,0.9,1
wn-0285:2:69,wn-0285:4:119,TEMPORAL,AFTER,wn-0285,-1,0.9,1
wn-0285:2:69,wn-0285:4:128,TEMPORAL,AFTER,wn-0285,-1,0.9,1
wn-0285:2:69,wn-0285:4:133,TEMPORAL,AFTER,wn-0285,-1,0.9,1
wn-0285:2:69,wn-0285:4:138,TEMPORAL,AFTER,wn-0285,-1,0.9,1
wn-0285:2:69,wn-0285:5:140,TEMPORAL,BEFORE,wn-0285,-1,0.85,1
wn-0285:2:69,wn-0285:5:160,TEMPORAL,BEFORE,wn-0285,-1,0.3,1
wn-0285:2:69,wn-0285:5:168,TEMPORAL,BEFORE,wn-0285,-1,0.3,1
wn-0285:2:69,wn-0285:8:241,TEMPORAL,BEFORE,wn-0285,-1,0.3,1
wn-0285:2:69,wn-0285:9:249,TEMPORAL,BEFORE,wn-0285,-1,0.7,1
wn-0285:2:69,wn-0285:12:308,TEMPORAL,BEFORE,wn-0285,-1,0.3,1
wn-0285:2:69,wn-0285:13:354,TEMPORAL,BEFORE,wn-0285,-1,0.3,1
wn-0285:2:69,wn-0285:15:404,TEMPORAL,SIMULTANEOUS,wn-0285,-1,0.85,1
wn-0285:2:69,wn-0285:15:409,TEMPORAL,SIMULTANEOUS,wn-0285,-1,0.85,1
wn-0285:2:69,wn-0285:16:426,TEMPORAL,BEFORE,wn-0285,-1,0.3,1
wn-0285:2:69,wn-0285:16:440,TEMPORAL,BEFORE,wn-0285,-1,0.3,1
wn-0285:2:69,wn-0285:18:457,TEMPORAL,BEFORE,wn-0285,-1,0.75,1
wn-0285:2:85,wn-0285:4:116,TEMPORAL,AFTER,wn-0285,-1,0.9,1
wn-0285:2:85,wn-0285:4:119,TEMPORAL,AFTER,wn-0285,-1,0.9,1
wn-0285:2:85,wn-0285:4:128,TEMPORAL,AFTER,wn-0285,-1,0.9,1
wn-0285:2:85,wn-0285:4:133,TEMPORAL,AFTER,wn-0285,-1,0.9,1
wn-0285:2:85,wn-0285:4:138,TEMPORAL,AFTER,wn-0285,-1,0.9,1
wn-0285:2:85,wn-0285:5:140,TEMPORAL,BEFORE,wn-0285,-1,0.85,1
wn-0285:2:85,wn-0285:5:160,TEMPORAL,BEFORE,wn-0285,-1,0.3,1
wn-0285:2:85,wn-0285:5:168,TEMPORAL,BEFORE,wn-0285,-1,0.3,1
wn-0285:2:85,wn-0285:8:241,TEMPORAL,BEFORE,wn-0285,-1,0.3,1
wn-0285:2:85,wn-0285:9:249,TEMPORAL,BEFORE,wn-0285,-1,0.7,1
wn-0285:2:85,wn-0285:12:308,TEMPORAL,BEFORE,wn-0285,-1,0.3,1
wn-0285:2:85,wn-0285:13:354,TEMPORAL,BEFORE,wn-0285,-1,0.3,1
wn-0285:2:85,wn-0285:15:404,TEMPORAL,SIMULTANEOUS,wn-0285,-1,0.85,1
wn-0285:2:85,wn-0285:15:409,TEMPORAL,SIMULTANEOUS,wn-0285,-1,0.85,1
wn-0285:2:85,wn-0285:16:426,TEMPORAL,BEFORE,wn-0285,-1,0.3,1
wn-0285:2:85,wn-0285:16:440,TEMPORAL,BEFORE,wn-0285,-1,0.3,1
wn-0285:2:85,wn-0285:18:457,TEMPORAL,BEFORE,wn-0285,-1,0.75,1
wn-0285:4:116,wn-0285:4:119,TEMPORAL,SIMULTANEOUS,wn-0285,-1,0.95,1
wn-0285:4:116,wn-0285:4:128,TEMPORAL,SIMULTANEOUS,wn-0285,-1,0.95,1
wn-0285:4:116,wn-0285:4:133,TEMPORAL,SIMULTANEOUS,wn-0285,-1,0.95,1
wn-0285:4:116,wn-0285:4:138,TEMPORAL,SIMULTANEOUS,wn-0285,-1,0.95,1
wn-0285:4:116,wn-0285:5:140,TEMPORAL,BEFORE,wn-0285,-1,0.85,1
wn-0285:4:116,wn-0285:5:160,TEMPORAL,BEFORE,wn-0285,-1,0.3,1
wn-0285:4:116,wn-0285:5:168,TEMPORAL,BEFORE,wn-0285,-1,0.3,1
wn-0285:4:116,wn-0285:8:241,TEMPORAL,BEFORE,wn-0285,-1,0.3,1
wn-0285:4:116,wn-0285:9:249,TEMPORAL,BEFORE,wn-0285,-1,0.7,1
wn-0285:4:116,wn-0285:12:308,TEMPORAL,BEFORE,wn-0285,-1,0.3,1
wn-0285:4:116,wn-0285:13:354,TEMPORAL,BEFORE,wn-0285,-1,0.3,1
wn-0285:4:116,wn-0285:15:404,TEMPORAL,BEFORE,wn-0285,-1,0.85,1
wn-0285:4:116,wn-0285:15:409,TEMPORAL,BEFORE,wn-0285,-1,0.85,1
wn-0285:4:116,wn-0285:16:426,TEMPORAL,BEFORE,wn-0285,-1,0.3,1
wn-0285:4:116,wn-0285:16:440,TEMPORAL,BEFORE,wn-0285,-1,0.3,1
wn-0285:4:116,wn-0285:18:457,TEMPORAL,BEFORE,wn-0285,-1,0.75,1
wn-0285:4:119,wn-0285:4:128,TEMPORAL,SIMULTANEOUS,wn-0285,-1,0.95,1
wn-0285:4:119,wn-0285:4:133,TEMPORAL,SIMULTANEOUS,wn-0285,-1,0.95,1
wn-0285:4:119,wn-0285:4:138,TEMPORAL,SIMULTANEOUS,wn-0285,-1,0.95,1
wn-0285:4:119,wn-0285:5:140,TEMPORAL,BEFORE,wn-0285,-1,0.85,1
wn-0285:4:119,wn-0285:5:160,TEMPORAL,BEFORE,wn-0285,-1,0.3,1
wn-0285:4:119,wn-0285:5:168,TEMPORAL,BEFORE,wn-0285,-1,0.3,1
wn-0285:4:119,wn-0285:8:241,TEMPORAL,BEFORE,wn-0285,-1,0.3,1
wn-0285:4:119,wn-0285:9:249,TEMPORAL,BEFORE,wn-0285,-1,0.7,1
wn-0285:4:119,wn-0285:12:308,TEMPORAL,BEFORE,wn-0285,-1,0.3,1
wn-0285:4:119,wn-0285:13:354,TEMPORAL,BEFORE,wn-0285,-1,0.3,1
wn-0285:4:119,wn-0285:15:404,TEMPORAL,BEFORE,wn-0285,-1,0.85,1
wn-0285:4:119,wn-0285:15:409,TEMPORAL,BEFORE,wn-0285,-1,0.85,1
wn-0285:4:119,wn-0285:16:426,TEMPORAL,BEFORE,wn-0285,-1,0.3,1
wn-0285:4:119,wn-0285:16:440,TEMPORAL,BEFORE,wn-0285,-1,0.3,1
wn-0285:4:119,wn-0285:18:457,TEMPORAL,BEFORE,wn-0285,-1,0.75,1
wn-0285:4:128,wn-0285:4:133,TEMPORAL,SIMULTANEOUS,wn-0285,-1,0.95,1
wn-0285:4:128,wn-0285:4:138,TEMPORAL,SIMULTANEOUS,wn-0285,-1,0.95,1
wn-0285:4:128,wn-0285:5:140,TEMPORAL,BEFORE,wn-0285,-1,0.85,1
wn-0285:4:128,wn-0285:5:160,TEMPORAL,BEFORE,wn-0285,-1,0.3,1
wn-0285:4:128,wn-0285:5:168,TEMPORAL,BEFORE,wn-0285,-1,0.3,1
wn-0285:4:128,wn-0285:8:241,TEMPORAL,BEFORE,wn-0285,-1,0.3,1
wn-0285:4:128,wn-0285:9:249,TEMPORAL,BEFORE,wn-0285,-1,0.7,1
wn-0285:4:128,wn-0285:12:308,TEMPORAL,BEFORE,wn-0285,-1,0.3,1
wn-0285:4:128,wn-0285:13:354,TEMPORAL,BEFORE,wn-0285,-1,0.3,1
wn-0285:4:128,wn-0285:15:404,TEMPORAL,BEFORE,wn-0285,-1,0.85,1
wn-0285:4:128,wn-0285:15:409,TEMPORAL,BEFORE,wn-0285,-1,0.85,1
wn-0285:4:128,wn-0285:16:426,TEMPORAL,BEFORE,wn-0285,-1,0.3,1
wn-0285:4:128,wn-0285:16:440,TEMPORAL,BEFORE,wn-0285,-1,0.3,1
wn-0285:4:128,wn-0285:18:457,TEMPORAL,BEFORE,wn-0285,-1,0.75,1
wn-0285:4:133,wn-0285:4:138,TEMPORAL,SIMULTANEOUS,wn-0285,-1,0.95,1
wn-0285:4:133,wn-0285:5:140,TEMPORAL,BEFORE,wn-0285,-1,0.85,1
wn-0285:4:133,wn-0285:5:160,TEMPORAL,BEFORE,wn-0285,-1,0.3,1
wn-0285:4:133,wn-0285:5:168,TEMPORAL,BEFORE,wn-0285,-1,0.3,1
wn-0285:4:133,wn-0285:8:241,TEMPORAL,BEFORE,wn-0285,-1,0.3,1
wn-0285:4:133,wn-0285:9:249,TEMPORAL,BEFORE,wn-0285,-1,0.7,1
wn-0285:4:133,wn-0285:12:308,TEMPORAL,BEFORE,wn-0285,-1,0.3,1
wn-0285:4:133,wn-0285:13:354,TEMPORAL,BEFORE,wn-0285,-1,0.3,1
wn-0285:4:133,wn-0285:15:404,TEMPORAL,BEFORE,wn-0285,-1,0.85,1
wn-0285:4:133,wn-0285:15:409,TEMPORAL,BEFORE,wn-0285,-1,0.85,1
wn-0285:4:133,wn-0285:16:426,TEMPORAL,BEFORE,wn-0285,-1,0.3,1
wn-0285:4:133,wn-0285:16:440,TEMPORAL,BEFORE,wn-0285,-1,0.3,1
wn-0285:4:133,wn-0285:18:457,TEMPORAL,BEFORE,wn-0285,-1,0.75,1
wn-0285:4:138,wn-0285:5:140,TEMPORAL,BEFORE,wn-0285,-1,0.85,1
wn-0285:4:138,wn-0285:5:160,TEMPORAL,BEFORE,wn-0285,-1,0.3,1
wn-0285:4:138,wn-0285:5:168,TEMPORAL,BEFORE,wn-0285,-1,0.3,1
wn-0285:4:138,wn-0285:8:241,TEMPORAL,BEFORE,wn-0285,-1,0.3,1
wn-0285:4:138,wn-0285:9:249,TEMPORAL,BEFORE,wn-0285,-1,0.7,1
wn-0285:4:138,wn-0285:12:308,TEMPORAL,BEFORE,wn-0285,-1,0.3,1
wn-0285:4:138,wn-0285:13:354,TEMPORAL,BEFORE,wn-0285,-1,0.3,1
wn-0285:4:138,wn-0285:15:404,TEMPORAL,BEFORE,wn-0285,-1,0.85,1
wn-0285:4:138,wn-0285:15:409,TEMPORAL,BEFORE,wn-0285,-1,0.85,1
wn-0285:4:138,wn-0285:16:426,TEMPORAL,BEFORE,wn-0285,-1,0.3,1
wn-0285:4:138,wn-0285:16:440,TEMPORAL,BEFORE,wn-0285,-1,0.3,1
wn-0285:4:138,wn-0285:18:457,TEMPORAL,BEFORE,wn-0285,-1,0.75,1
wn-0285:5:140,wn-0285:5:160,TEMPORAL,BEFORE,wn-0285,-1,0.5,1
wn-0285:5:140,wn-0285:5:168,TEMPORAL,BEFORE,wn-0285,-1,0.5,1
wn-0285:5:140,wn-0285:8:241,TEMPORAL,BEFORE,wn-0285,-1,0.3,1
wn-0285:5:140,wn-0285:9:249,TEMPORAL,BEFORE,wn-0285,-1,0.7,1
wn-0285:5:140,wn-0285:12:308,TEMPORAL,BEFORE,wn-0285,-1,0.3,1
wn-0285:5:140,wn-0285:13:354,TEMPORAL,BEFORE,wn-0285,-1,0.3,1
wn-0285:5:140,wn-0285:15:404,TEMPORAL,AFTER,wn-0285,-1,0.85,1
wn-0285:5:140,wn-0285:15:409,TEMPORAL,AFTER,wn-0285,-1,0.85,1
wn-0285:5:140,wn-0285:16:426,TEMPORAL,BEFORE,wn-0285,-1,0.3,1
wn-0285:5:140,wn-0285:16:440,TEMPORAL,BEFORE,wn-0285,-1,0.3,1
wn-0285:5:140,wn-0285:18:457,TEMPORAL,BEFORE,wn-0285,-1,0.75,1
wn-0285:5:160,wn-0285:5:168,TEMPORAL,BEFORE,wn-0285,-1,0.5,1
wn-0285:5:160,wn-0285:8:241,TEMPORAL,BEFORE,wn-0285,-1,0.3,1
wn-0285:5:160,wn-0285:9:249,TEMPORAL,BEFORE,wn-0285,-1,0.3,1
wn-0285:5:160,wn-0285:12:308,TEMPORAL,BEFORE,wn-0285,-1,0.3,1
wn-0285:5:160,wn-0285:13:354,TEMPORAL,BEFORE,wn-0285,-1,0.3,1
wn-0285:5:160,wn-0285:15:404,TEMPORAL,BEFORE,wn-0285,-1,0.3,1
wn-0285:5:160,wn-0285:15:409,TEMPORAL,BEFORE,wn-0285,-1,0.3,1
wn-0285:5:160,wn-0285:16:426,TEMPORAL,BEFORE,wn-0285,-1,0.3,1
wn-0285:5:160,wn-0285:16:440,TEMPORAL,BEFORE,wn-0285,-1,0.3,1
wn-0285:5:160,wn-0285:18:457,TEMPORAL,BEFORE,wn-0285,-1,0.3,1
wn-0285:5:168,wn-0285:8:241,TEMPORAL,BEFORE,wn-0285,-1,0.3,1
wn-0285:5:168,wn-0285:9:249,TEMPORAL,BEFORE,wn-0285,-1,0.3,1
wn-0285:5:168,wn-0285:12:308,TEMPORAL,BEFORE,wn-0285,-1,0.3,1
wn-0285:5:168,wn-0285:13:354,TEMPORAL,BEFORE,wn-0285,-1,0.3,1
wn-0285:5:168,wn-0285:15:404,TEMPORAL,BEFORE,wn-0285,-1,0.3,1
wn-0285:5:168,wn-0285:15:409,TEMPORAL,BEFORE,wn-0285,-1,0.3,1
wn-0285:5:168,wn-0285:16:426,TEMPORAL,BEFORE,wn-0285,-1,0.3,1
wn-0285:5:168,wn-0285:16:440,TEMPORAL,BEFORE,wn-0285,-1,0.3,1
wn-0285:5:168,wn-0285:18:457,TEMPORAL,BEFORE,wn-0285,-1,0.3,1
wn-0285:8:241,wn-0285:9:249,TEMPORAL,BEFORE,wn-0285,-1,0.3,1
wn-0285:8:241,wn-0285:12:308,TEMPORAL,BEFORE,wn-0285,-1,0.3,1
wn-0285:8:241,wn-0285:13:354,TEMPORAL,BEFORE,wn-0285,-1,0.3,1
wn-0285:8:241,wn-0285:15:404,TEMPORAL,BEFORE,wn-0285,-1,0.3,1
wn-0285:8:241,wn-0285:15:409,TEMPORAL,BEFORE,wn-0285,-1,0.3,1
wn-0285:8:241,wn-0285:16:426,TEMPORAL,BEFORE,wn-0285,-1,0.3,1
wn-0285:8:241,wn-0285:16:440,TEMPORAL,BEFORE,wn-0285,-1,0.3,1
wn-0285:8:241,wn-0285:18:457,TEMPORAL,BEFORE,wn-0285,-1,0.3,1
wn-0285:9:249,wn-0285:12:308,TEMPORAL,BEFORE,wn-0285,-1,0.3,1
wn-0285:9:249,wn-0285:13:354,TEMPORAL,BEFORE,wn-0285,-1,0.3,1
wn-0285:9:249,wn-0285:15:404,TEMPORAL,AFTER,wn-0285,-1,0.7,1
wn-0285:9:249,wn-0285:15:409,TEMPORAL,AFTER,wn-0285,-1,0.7,1
wn-0285:9:249,wn-0285:16:426,TEMPORAL,BEFORE,wn-0285,-1,0.3,1
wn-0285:9:249,wn-0285:16:440,TEMPORAL,BEFORE,wn-0285,-1,0.3,1
wn-0285:9:249,wn-0285:18:457,TEMPORAL,BEFORE,wn-0285,-1,0.7,1
wn-0285:12:308,wn-0285:13:354,TEMPORAL,BEFORE,wn-0285,-1,0.3,1
wn-0285:12:308,wn-0285:15:404,TEMPORAL,BEFORE,wn-0285,-1,0.3,1
wn-0285:12:308,wn-0285:15:409,TEMPORAL,BEFORE,wn-0285,-1,0.3,1
wn-0285:12:308,wn-0285:16:426,TEMPORAL,BEFORE,wn-0285,-1,0.3,1
wn-0285:12:308,wn-0285:16:440,TEMPORAL,BEFORE,wn-0285,-1,0.3,1
wn-0285:12:308,wn-0285:18:457,TEMPORAL,BEFORE,wn-0285,-1,0.3,1
wn-0285:13:354,wn-0285:15:404,TEMPORAL,BEFORE,wn-0285,-1,0.3,1
wn-0285:13:354,wn-0285:15:409,TEMPORAL,BEFORE,wn-0285,-1,0.3,1
wn-0285:13:354,wn-0285:16:426,TEMPORAL,BEFORE,wn-0285,-1,0.3,1
wn-0285:13:354,wn-0285:16:440,TEMPORAL,BEFORE,wn-0285,-1,0.3,1
wn-0285:13:354,wn-0285:18:457,TEMPORAL,BEFORE,wn-0285,-1,0.3,1
wn-0285:15:404,wn-0285:15:409,TEMPORAL,SIMULTANEOUS,wn-0285,-1,0.85,1
wn-0285:15:404,wn-0285:16:426,TEMPORAL,BEFORE,wn-0285,-1,0.3,1
wn-0285:15:404,wn-0285:16:440,TEMPORAL,BEFORE,wn-0285,-1,0.3,1
wn-0285:15:404,wn-0285:18:457,TEMPORAL,BEFORE,wn-0285,-1,0.75,1
wn-0285:15:409,wn-0285:16:426,TEMPORAL,BEFORE,wn-0285,-1,0.3,1
wn-0285:15:409,wn-0285:16:440,TEMPORAL,BEFORE,wn-0285,-1,0.3,1
wn-0285:15:409,wn-0285:18:457,TEMPORAL,BEFORE,wn-0285,-1,0.75,1
wn-0285:16:426,wn-0285:18:457,TEMPORAL,BEFORE,wn-0285,-1,0.3,1
wn-0285:16:440,wn-0285:18:457,TEMPORAL,BEFORE,wn-0285,-1,0.3,1
wn-0286:0:5,wn-0286:2:75,TEMPORAL,BEFORE,wn-0286,-1,0.3,1
wn-0286:0:5,wn-0286:2:93,TEMPORAL,BEFORE,wn-0286,-1,0.3,1
wn-0286:0:5,wn-0286:3:115,TEMPORAL,BEFORE,wn-0286,-1,0.3,1
wn-0286:0:5,wn-0286:7:211,TEMPORAL,BEFORE,wn-0286,-1,0.3,1
wn-0286:0:5,wn-0286:8:252,TEMPORAL,BEFORE,wn-0286,-1,0.3,1
wn-0286:0:5,wn-0286:9:257,TEMPORAL,BEFORE,wn-0286,-1,0.3,1
wn-0286:2:75,wn-0286:3:115,TEMPORAL,BEFORE,wn-0286,-1,0.3,1
wn-0286:2:75,wn-0286:7:211,TEMPORAL,BEFORE,wn-0286,-1,0.3,1
wn-0286:2:75,wn-0286:8:252,TEMPORAL,BEFORE,wn-0286,-1,0.3,1
wn-0286:2:75,wn-0286:9:257,TEMPORAL,BEFORE,wn-0286,-1,0.3,1
wn-0286:2:93,wn-0286:3:115,TEMPORAL,BEFORE,wn-0286,-1,0.3,1
wn-0286:2:93,wn-0286:7:211,TEMPORAL,BEFORE,wn-0286,-1,0.3,1
wn-0286:2:93,wn-0286:8:252,TEMPORAL,BEFORE,wn-0286,-1,0.3,1
wn-0286:2:93,wn-0286:9:257,TEMPORAL,BEFORE,wn-0286,-1,0.3,1
wn-0286:3:115,wn-0286:7:211,TEMPORAL,BEFORE,wn-0286,-1,0.3,1
wn-0286:3:115,wn-0286:8:252,TEMPORAL,BEFORE,wn-0286,-1,0.3,1
wn-0286:3:115,wn-0286:9:257,TEMPORAL,BEFORE,wn-0286,-1,0.3,1
wn-0286:7:211,wn-0286:8:252,TEMPORAL,BEFORE,wn-0286,-1,0.3,1
wn-0286:7:211,wn-0286:9:257,TEMPORAL,BEFORE,wn-0286,-1,0.3,1
wn-0286:8:252,wn-0286:9:257,TEMPORAL,BEFORE,wn-0286,-1,0.3,1
wn-0287:0:6,wn-0287:2:41,TEMPORAL,BEFORE,wn-0287,-1,0.3,1
wn-0287:0:6,wn-0287:2:59,TEMPORAL,BEFORE,wn-0287,-1,0.3,1
wn-0287:0:6,wn-0287:2:74,TEMPORAL,BEFORE,wn-0287,-1,0.3,1
wn-0287:0:6,wn-0287:4:97,TEMPORAL,BEFORE,wn-0287,-1,0.3,1
wn-0287:0:6,wn-0287:5:114,TEMPORAL,BEFORE,wn-0287,-1,0.3,1
wn-0287:0:6,wn-0287:8:174,TEMPORAL,BEFORE,wn-0287,-1,0.3,1
wn-0287:0:6,wn-0287:9:190,TEMPORAL,BEFORE,wn-0287,-1,0.3,1
wn-0287:0:6,wn-0287:10:203,TEMPORAL,BEFORE,wn-0287,-1,0.3,1
wn-0287:0:6,wn-0287:11:222,TEMPORAL,BEFORE,wn-0287,-1,0.3,1
wn-0287:2:41,wn-0287:2:59,TEMPORAL,BEFORE,wn-0287,-1,0.7,1
wn-0287:2:41,wn-0287:2:74,TEMPORAL,BEFORE,wn-0287,-1,0.7,1
wn-0287:2:41,wn-0287:4:97,TEMPORAL,AFTER,wn-0287,-1,0.9,1
wn-0287:2:41,wn-0287:5:114,TEMPORAL,BEFORE,wn-0287,-1,0.9,1
wn-0287:2:41,wn-0287:8:174,TEMPORAL,AFTER,wn-0287,-1,0.9,1
wn-0287:2:41,wn-0287:9:190,TEMPORAL,BEFORE,wn-0287,-1,0.3,1
wn-0287:2:41,wn-0287:10:203,TEMPORAL,BEFORE,wn-0287,-1,0.3,1
wn-0287:2:41,wn-0287:11:222,TEMPORAL,AFTER,wn-0287,-1,0.9,1
wn-0287:2:59,wn-0287:2:74,TEMPORAL,SIMULTANEOUS,wn-0287,-1,0.7,1
wn-0287:2:59,wn-0287:4:97,TEMPORAL,AFTER,wn-0287,-1,0.7,1
wn-0287:2:59,wn-0287:5:114,TEMPORAL,BEFORE,wn-0287,-1,0.7,1
wn-0287:2:59,wn-0287:8:174,TEMPORAL,AFTER,wn-0287,-1,0.7,1
wn-0287:2:59,wn-0287:9:190,TEMPORAL,BEFORE,wn-0287,-1,0.3,1
wn-0287:2:59,wn-0287:10:203,TEMPORAL,BEFORE,wn-0287,-1,0.3,1
wn-0287:2:59,wn-0287:11:222,TEMPORAL,AFTER,wn-0287,-1,0.7,1
wn-0287:2:74,wn-0287:4:97,TEMPORAL,AFTER,wn-0287,-1,0.7,1
wn-0287:2:74,wn-0287:5:114,TEMPORAL,BEFORE,wn-0287,-1,0.7,1
wn-0287:2:74,wn-0287:8:174,TEMPORAL,AFTER,wn-0287,-1,0.7,1
wn-0287:2:74,wn-0287:9:190,TEMPORAL,BEFORE,wn-0287,-1,0.3,1
wn-0287:2:74,wn-0287:10:203,TEMPORAL,BEFORE,wn-0287,-1,0.3,1
wn-0287:2:74,wn-0287:11:222,TEMPORAL,AFTER,wn-0287,-1,0.7,1
wn-0287:4:97,wn-0287:5:114,TEMPORAL,BEFORE,wn-0287,-1,0.95,1
wn-0287:4:97,wn-0287:8:174,TEMPORAL,AFTER,wn-0287,-1,0.9,1
wn-0287:4:97,wn-0287:9:190,TEMPORAL,BEFORE,wn-0287,-1,0.3,1
wn-0287:4:97,wn-0287:10:203,TEMPORAL,BEFORE,wn-0287,-1,0.3,1
wn-0287:4:97,wn-0287:11:222,TEMPORAL,BEFORE,wn-0287,-1,0.9,1
wn-0287:5:114,wn-0287:8:174,TEMPORAL,AFTER,wn-0287,-1,0.9,1
wn-0287:5:114,wn-0287:9:190,TEMPORAL,BEFORE,wn-0287,-1,0.3,1
wn-0287:5:114,wn-0287:10:203,TEMPORAL,BEFORE,wn-0287,-1,0.3,1
wn-0287:5:114,wn-0287:11:222,TEMPORAL,AFTER,wn-0287,-1,0.9,1
wn-0287:8:174,wn-0287:9:190,TEMPORAL,BEFORE,wn-0287,-1,0.3,1
wn-0287:8:174,wn-0287:10:203,TEMPORAL,BEFORE,wn-0287,-1,0.3,1
wn-0287:8:174,wn-0287:11:222,TEMPORAL,BEFORE,wn-0287,-1,0.9,1
wn-0287:9:190,wn-0287:10:203,TEMPORAL,BEFORE,wn-0287,-1,0.3,1
wn-0287:9:190,wn-0287:11:222,TEMPORAL,BEFORE,wn-0287,-1,0.3,1
wn-0287:10:203,wn-0287:11:222,TEMPORAL,BEFORE,wn-0287,-1,0.3,1
wn-0288:0:4,wn-0288:1:26,TEMPORAL,BEFORE,wn-0288,-1,0.3,1
wn-0288:0:4,wn-0288:7:155,TEMPORAL,BEFORE,wn-0288,-1,0.3,1
wn-0288:0:4,wn-0288:8:188,TEMPORAL,BEFORE,wn-0288,-1,0.3,1
wn-0288:0:4,wn-0288:8:202,TEMPORAL,BEFORE,wn-0288,-1,0.3,1
wn-0288:0:4,wn-0288:9:211,TEMPORAL,BEFORE,wn-0288,-1,0.3,1
wn-0288:0:4,wn-0288:9:213,TEMPORAL,BEFORE,wn-0288,-1,0.3,1
wn-0288:0:4,wn-0288:10:218,TEMPORAL,BEFORE,wn-0288,-1,0.3,1
wn-0288:0:4,wn-0288:10:231,TEMPORAL,BEFORE,wn-0288,-1,0.3,1
wn-0288:0:4,wn-0288:14:285,TEMPORAL,BEFORE,wn-0288,-1,0.3,1
wn-0288:0:4,wn-0288:15:297,TEMPORAL,BEFORE,wn-0288,-1,0.3,1
wn-0288:1:26,wn-0288:7:155,TEMPORAL,BEFORE,wn-0288,-1,0.3,1
wn-0288:1:26,wn-0288:8:188,TEMPORAL,BEFORE,wn-0288,-1,0.3,1
wn-0288:1:26,wn-0288:8:202,TEMPORAL,BEFORE,wn-0288,-1,0.3,1
wn-0288:1:26,wn-0288:9:211,TEMPORAL,BEFORE,wn-0288,-1,0.3,1
wn-0288:1:26,wn-0288:9:213,TEMPORAL,BEFORE,wn-0288,-1,0.3,1
wn-0288:1:26,wn-0288:10:218,TEMPORAL,BEFORE,wn-0288,-1,0.3,1
wn-0288:1:26,wn-0288:10:231,TEMPORAL,BEFORE,wn-0288,-1,0.3,1
wn-0288:1:26,wn-0288:14:285,TEMPORAL,BEFORE,wn-0288,-1,0.3,1
wn-0288:1:26,wn-0288:15:297,TEMPORAL,BEFORE,wn-0288,-1,0.3,1
wn-0288:7:155,wn-0288:8:188,TEMPORAL,BEFORE,wn-0288,-1,0.3,1
wn-0288:7:155,wn-0288:8:202,TEMPORAL,BEFORE,wn-0288,-1,0.3,1
wn-0288:7:155,wn-0288:9:211,TEMPORAL,BEFORE,wn-0288,-1,0.3,1
wn-0288:7:155,wn-0288:9:213,TEMPORAL,BEFORE,wn-0288,-1,0.3,1
wn-0288:7:155,wn-0288:10:218,TEMPORAL,BEFORE,wn-0288,-1,0.3,1
wn-0288:7:155,wn-0288:10:231,TEMPORAL,BEFORE,wn-0288,-1,0.3,1
wn-0288:7:155,wn-0288:14:285,TEMPORAL,BEFORE,wn-0288,-1,0.3,1
wn-0288:7:155,wn-0288:15:297,TEMPORAL,BEFORE,wn-0288,-1,0.3,1
wn-0288:8:188,wn-0288:9:211,TEMPORAL,BEFORE,wn-0288,-1,0.3,1
wn-0288:8:188,wn-0288:9:213,TEMPORAL,BEFORE,wn-0288,-1,0.3,1
wn-0288:8:188,wn-0288:10:218,TEMPORAL,BEFORE,wn-0288,-1,0.3,1
wn-0288:8:188,wn-0288:10:231,TEMPORAL,BEFORE,wn-0288,-1,0.3,1
wn-0288:8:188,wn-0288:14:285,TEMPORAL,BEFORE,wn-0288,-1,0.3,1
wn-0288:8:188,wn-0288:15:297,TEMPORAL,BEFORE,wn-0288,-1,0.3,1
wn-0288:8:202,wn-0288:9:211,TEMPORAL,BEFORE,wn-0288,-1,0.3,1
wn-0288:8:202,wn-0288:9:213,TEMPORAL,BEFORE,wn-0288,-1,0.3,1
wn-0288:8:202,wn-0288:10:218,TEMPORAL,BEFORE,wn-0288,-1,0.3,1
wn-0288:8:202,wn-0288:10:231,TEMPORAL,BEFORE,wn-0288,-1,0.3,1
wn-0288:8:202,wn-0288:14:285,TEMPORAL,BEFORE,wn-0288,-1,0.3,1
wn-0288:8:202,wn-0288:15:297,TEMPORAL,BEFORE,wn-0288,-1,0.3,1
wn-0288:9:211,wn-0288:10:218,TEMPORAL,BEFORE,wn-0288,-1,0.3,1
wn-0288:9:211,wn-0288:10:231,TEMPORAL,BEFORE,wn-0288,-1,0.3,1
wn-0288:9:211,wn-0288:14:285,TEMPORAL,BEFORE,wn-0288,-1,0.3,1
wn-0288:9:211,wn-0288:15:297,TEMPORAL,BEFORE,wn-0288,-1,0.3,1
wn-0288:9:213,wn-0288:10:218,TEMPORAL,BEFORE,wn-0288,-1,0.3,1
wn-0288:9:213,wn-0288:10:231,TEMPORAL,BEFORE,wn-0288,-1,0.3,1
wn-0288:9:213,wn-0288:14:285,TEMPORAL,BEFORE,wn-0288,-1,0.3,1
wn-0288:9:213,wn-0288:15:297,TEMPORAL,BEFORE,wn-0288,-1,0.3,1
wn-0288:10:218,wn-0288:10:231,TEMPORAL,SIMULTANEOUS,wn-0288,-1,0.6,1
wn-0288:10:218,wn-0288:14:285,TEMPORAL,BEFORE,wn-0288,-1,0.6,1
wn-0288:10:218,wn-0288:15:297,TEMPORAL,BEFORE,wn-0288,-1,0.6,1
wn-0288:10:231,wn-0288:14:285,TEMPORAL,BEFORE,wn-0288,-1,0.6,1
wn-0288:10:231,wn-0288:15:297,TEMPORAL,BEFORE,wn-0288,-1,0.6,1
wn-0288:14:285,wn-0288:15:297,TEMPORAL,AFTER,wn-0288,-1,0.75,1
wn-0289:0:6,wn-0289:1:31,TEMPORAL,BEFORE,wn-0289,-1,0.3,1
wn-0289:0:6,wn-0289:1:36,TEMPORAL,BEFORE,wn-0289,-1,0.3,1
wn-0289:0:6,wn-0289:11:334,TEMPORAL,BEFORE,wn-0289,-1,0.3,1
wn-0289:0:6,wn-0289:14:403,TEMPORAL,BEFORE,wn-0289,-1,0.3,1
wn-0289:1:31,wn-0289:1:36,TEMPORAL,SIMULTANEOUS,wn-0289,-1,0.85,1
wn-0289:1:31,wn-0289:11:334,TEMPORAL,BEFORE,wn-0289,-1,0.3,1
wn-0289:1:31,wn-0289:14:403,TEMPORAL,BEFORE,wn-0289,-1,0.75,1
wn-0289:1:36,wn-0289:11:334,TEMPORAL,BEFORE,wn-0289,-1,0.3,1
wn-0289:1:36,wn-0289:14:403,TEMPORAL,BEFORE,wn-0289,-1,0.75,1
wn-0289:11:334,wn-0289:14:403,TEMPORAL,BEFORE,wn-0289,-1,0.3,1
wn-0290:0:16,wn-0290:1:43,TEMPORAL,BEFORE,wn-0290,-1,0.3,1
wn-0290:0:16,wn-0290:3:105,TEMPORAL,BEFORE,wn-0290,-1,0.3,1
wn-0290:0:16,wn-0290:5:163,TEMPORAL,BEFORE,wn-0290,-1,0.3,1
wn-0290:1:43,wn-0290:3:105,TEMPORAL,BEFORE,wn-0290,-1,0.3,1
wn-0290:1:43,wn-0290:5:163,TEMPORAL,BEFORE,wn-0290,-1,0.3,1
wn-0290:3:105,wn-0290:5:163,TEMPORAL,BEFORE,wn-0290,-1,0.3,1
wn-0292:0:18,wn-0292:6:179,TEMPORAL,BEFORE,wn-0292,-1,0.3,1
wn-0292:0:18,wn-0292:7:182,TEMPORAL,BEFORE,wn-0292,-1,0.3,1
wn-0292:0:18,wn-0292:8:202,TEMPORAL,BEFORE,wn-0292,-1,0.3,1
wn-0292:0:18,wn-0292:8:209,TEMPORAL,BEFORE,wn-0292,-1,0.3,1
wn-0292:0:18,wn-0292:11:288,TEMPORAL,BEFORE,wn-0292,-1,0.3,1
wn-0292:0:18,wn-0292:12:314,TEMPORAL,BEFORE,wn-0292,-1,0.3,1
wn-0292:0:18,wn-0292:13:342,TEMPORAL,BEFORE,wn-0292,-1,0.3,1
wn-0292:6:179,wn-0292:7:182,TEMPORAL,BEFORE,wn-0292,-1,0.3,1
wn-0292:6:179,wn-0292:8:202,TEMPORAL,BEFORE,wn-0292,-1,0.3,1
wn-0292:6:179,wn-0292:8:209,TEMPORAL,BEFORE,wn-0292,-1,0.3,1
wn-0292:6:179,wn-0292:11:288,TEMPORAL,BEFORE,wn-0292,-1,0.3,1
wn-0292:6:179,wn-0292:12:314,TEMPORAL,BEFORE,wn-0292,-1,0.3,1
wn-0292:6:179,wn-0292:13:342,TEMPORAL,BEFORE,wn-0292,-1,0.3,1
wn-0292:7:182,wn-0292:8:202,TEMPORAL,AFTER,wn-0292,-1,0.7,1
wn-0292:7:182,wn-0292:8:209,TEMPORAL,AFTER,wn-0292,-1,0.7,1
wn-0292:7:182,wn-0292:11:288,TEMPORAL,BEFORE,wn-0292,-1,0.3,1
wn-0292:7:182,wn-0292:12:314,TEMPORAL,AFTER,wn-0292,-1,0.7,1
wn-0292:7:182,wn-0292:13:342,TEMPORAL,AFTER,wn-0292,-1,0.7,1
wn-0292:8:202,wn-0292:8:209,TEMPORAL,SIMULTANEOUS,wn-0292,-1,0.8,1
wn-0292:8:202,wn-0292:11:288,TEMPORAL,BEFORE,wn-0292,-1,0.3,1
wn-0292:8:202,wn-0292:12:314,TEMPORAL,AFTER,wn-0292,-1,0.8,1
wn-0292:8:202,wn-0292:13:342,TEMPORAL,AFTER,wn-0292,-1,0.8,1
wn-0292:8:209,wn-0292:11:288,TEMPORAL,BEFORE,wn-0292,-1,0.3,1
wn-0292:8:209,wn-0292:12:314,TEMPORAL,AFTER,wn-0292,-1,0.8,1
wn-0292:8:209,wn-0292:13:342,TEMPORAL,AFTER,wn-0292,-1,0.8,1
wn-0292:11:288,wn-0292:12:314,TEMPORAL,BEFORE,wn-0292,-1,0.3,1
wn-0292:11:288,wn-0292:13:342,TEMPORAL,BEFORE,wn-0292,-1,0.3,1
wn-0292:12:314,wn-0292:13:342,TEMPORAL,BEFORE,wn-0292,-1,0.9,1
wn-0293:0:8,wn-0293:2:49,TEMPORAL,BEFORE,wn-0293,-1,0.3,1
wn-0293:0:8,wn-0293:2:58,TEMPORAL,BEFORE,wn-0293,-1,0.3,1
wn-0293:0:8,wn-0293:3:74,TEMPORAL,BEFORE,wn-0293,-1,0.3,1
wn-0293:0:8,wn-0293:3:92,TEMPORAL,BEFORE,wn-0293,-1,0.3,1
wn-0293:0:8,wn-0293:6:147,TEMPORAL,BEFORE,wn-0293,-1,0.3,1
wn-0293:0:8,wn-0293:8:172,TEMPORAL,BEFORE,wn-0293,-1,0.3,1
wn-0293:0:8,wn-0293:8:175,TEMPORAL,BEFORE,wn-0293,-1,0.3,1
wn-0293:0:8,wn-0293:8:183,TEMPORAL,BEFORE,wn-0293,-1,0.3,1
wn-0293:0:8,wn-0293:8:190,TEMPORAL,BEFORE,wn-0293,-1,0.3,1
wn-0293:0:8,wn-0293:8:200,TEMPORAL,BEFORE,wn-0293,-1,0.3,1
wn-0293:0:8,wn-0293:8:205,TEMPORAL,BEFORE,wn-0293,-1,0.3,1
wn-0293:0:8,wn-0293:10:234,TEMPORAL,BEFORE,wn-0293,-1,0.3,1
wn-0293:0:8,wn-0293:10:248,TEMPORAL,BEFORE,wn-0293,-1,0.3,1
wn-0293:0:8,wn-0293:11:259,TEMPORAL,BEFORE,wn-0293,-1,0.3,1
wn-0293:0:8,wn-0293:11:278,TEMPORAL,BEFORE,wn-0293,-1,0.3,1
wn-0293:0:8,wn-0293:12:312,TEMPORAL,BEFORE,wn-0293,-1,0.3,1
wn-0293:0:8,wn-0293:13:348,TEMPORAL,BEFORE,wn-0293,-1,0.3,1
wn-0293:0:8,wn-0293:15:413,TEMPORAL,BEFORE,wn-0293,-1,0.3,1
wn-0293:0:8,wn-0293:16:428,TEMPORAL,BEFORE,wn-0293,-1,0.3,1
wn-0293:0:8,wn-0293:17:470,TEMPORAL,BEFORE,wn-0293,-1,0.3,1
wn-0293:0:8,wn-0293:18:489,TEMPORAL,BEFORE,wn-0293,-1,0.3,1
wn-0293:2:49,wn-0293:2:58,TEMPORAL,AFTER,wn-0293,-1,0.5,1
wn-0293:2:49,wn-0293:3:74,TEMPORAL,BEFORE,wn-0293,-1,0.3,1
wn-0293:2:49,wn-0293:3:92,TEMPORAL,BEFORE,wn-0293,-1,0.3,1
wn-0293:2:49,wn-0293:6:147,TEMPORAL,BEFORE,wn-0293,-1,0.3,1
wn-0293:2:49,wn-0293:8:172,TEMPORAL,BEFORE,wn-0293,-1,0.3,1
wn-0293:2:49,wn-0293:8:175,TEMPORAL,BEFORE,wn-0293,-1,0.3,1
wn-0293:2:49,wn-0293:8:183,TEMPORAL,BEFORE,wn-0293,-1,0.3,1
wn-0293:2:49,wn-0293:8:190,TEMPORAL,BEFORE,wn-0293,-1,0.3,1
wn-0293:2:49,wn-0293:8:200,TEMPORAL,BEFORE,wn-0293,-1,0.3,1
wn-0293:2:49,wn-0293:8:205,TEMPORAL,BEFORE,wn-0293,-1,0.3,1
wn-0293:2:49,wn-0293:10:234,TEMPORAL,BEFORE,wn-0293,-1,0.3,1
wn-0293:2:49,wn-0293:10:248,TEMPORAL,BEFORE,wn-0293,-1,0.3,1
wn-0293:2:49,wn-0293:11:259,TEMPORAL,BEFORE,wn-0293,-1,0.3,1
wn-0293:2:49,wn-0293:11:278,TEMPORAL,BEFORE,wn-0293,-1,0.3,1
wn-0293:2:49,wn-0293:12:312,TEMPORAL,BEFORE,wn-0293,-1,0.3,1
wn-0293:2:49,wn-0293:13:348,TEMPORAL,BEFORE,wn-0293,-1,0.3,1
wn-0293:2:49,wn-0293:15:413,TEMPORAL,BEFORE,wn-0293,-1,0.3,1
wn-0293:2:49,wn-0293:16:428,TEMPORAL,BEFORE,wn-0293,-1,0.3,1
wn-0293:2:49,wn-0293:17:470,TEMPORAL,BEFORE,wn-0293,-1,0.3,1
wn-0293:2:49,wn-0293:18:489,TEMPORAL,BEFORE,wn-0293,-1,0.3,1
wn-0293:2:58,wn-0293:3:74,TEMPORAL,BEFORE,wn-0293,-1,0.3,1
wn-0293:2:58,wn-0293:3:92,TEMPORAL,BEFORE,wn-0293,-1,0.3,1
wn-0293:2:58,wn-0293:6:147,TEMPORAL,BEFORE,wn-0293,-1,0.3,1
wn-0293:2:58,wn-0293:8:172,TEMPORAL,BEFORE,wn-0293,-1,0.3,1
wn-0293:2:58,wn-0293:8:175,TEMPORAL,BEFORE,wn-0293,-1,0.3,1
wn-0293:2:58,wn-0293:8:183,TEMPORAL,BEFORE,wn-0293,-1,0.3,1
wn-0293:2:58,wn-0293:8:190,TEMPORAL,BEFORE,wn-0293,-1,0.3,1
wn-0293:2:58,wn-0293:8:200,TEMPORAL,BEFORE,wn-0293,-1,0.3,1
wn-0293:2:58,wn-0293:8:205,TEMPORAL,BEFORE,wn-0293,-1,0.3,1
wn-0293:2:58,wn-0293:10:234,TEMPORAL,BEFORE,wn-0293,-1,0.3,1
wn-0293:2:58,wn-0293:10:248,TEMPORAL,BEFORE,wn-0293,-1,0.3,1
wn-0293:2:58,wn-0293:11:259,TEMPORAL,BEFORE,wn-0293,-1,0.3,1
wn-0293:2:58,wn-0293:11:278,TEMPORAL,BEFORE,wn-0293,-1,0.3,1
wn-0293:2:58,wn-0293:12:312,TEMPORAL,BEFORE,wn-0293,-1,0.3,1
wn-0293:2:58,wn-0293:13:348,TEMPORAL,BEFORE,wn-0293,-1,0.3,1
wn-0293:2:58,wn-0293:15:413,TEMPORAL,BEFORE,wn-0293,-1,0.3,1
wn-0293:2:58,wn-0293:16:428,TEMPORAL,BEFORE,wn-0293,-1,0.3,1
wn-0293:2:58,wn-0293:17:470,TEMPORAL,BEFORE,wn-0293,-1,0.3,1
wn-0293:2:58,wn-0293:18:489,TEMPORAL,BEFORE,wn-0293,-1,0.3,1
wn-0293:3:74,wn-0293:3:92,TEMPORAL,AFTER,wn-0293,-1,0.5,1
wn-0293:3:74,wn-0293:6:147,TEMPORAL,BEFORE,wn-0293,-1,0.3,1
wn-0293:3:74,wn-0293:8:172,TEMPORAL,BEFORE,wn-0293,-1,0.3,1
wn-0293:3:74,wn-0293:8:175,TEMPORAL,BEFORE,wn-0293,-1,0.3,1
wn-0293:3:74,wn-0293:8:183,TEMPORAL,BEFORE,wn-0293,-1,0.3,1
wn-0293:3:74,wn-0293:8:190,TEMPORAL,BEFORE,wn-0293,-1,0.3,1
wn-0293:3:74,wn-0293:8:200,TEMPORAL,BEFORE,wn-0293,-1,0.3,1
wn-0293:3:74,wn-0293:8:205,TEMPORAL,BEFORE,wn-0293,-1,0.3,1
wn-0293:3:74,wn-0293:10:234,TEMPORAL,BEFORE,wn-0293,-1,0.3,1
wn-0293:3:74,wn-0293:10:248,TEMPORAL,BEFORE,wn-0293,-1,0.3,1
wn-0293:3:74,wn-0293:11:259,TEMPORAL,BEFORE,wn-0293,-1,0.3,1
wn-0293:3:74,wn-0293:11:278,TEMPORAL,BEFORE,wn-0293,-1,0.3,1
wn-0293:3:74,wn-0293:12:312,TEMPORAL,BEFORE,wn-0293,-1,0.3,1
wn-0293:3:74,wn-0293:13:348,TEMPORAL,BEFORE,wn-0293,-1,0.3,1
wn-0293:3:74,wn-0293:15:413,TEMPORAL,BEFORE,wn-0293,-1,0.3,1
wn-0293:3:74,wn-0293:16:428,TEMPORAL,BEFORE,wn-0293,-1,0.3,1
wn-0293:3:74,wn-0293:17:470,TEMPORAL,BEFORE,wn-0293,-1,0.3,1
wn-0293:3:74,wn-0293:18:489,TEMPORAL,BEFORE,wn-0293,-1,0.3,1
wn-0293:3:92,wn-0293:6:147,TEMPORAL,BEFORE,wn-0293,-1,0.3,1
wn-0293:3:92,wn-0293:8:172,TEMPORAL,BEFORE,wn-0293,-1,0.3,1
wn-0293:3:92,wn-0293:8:175,TEMPORAL,BEFORE,wn-0293,-1,0.3,1
wn-0293:3:92,wn-0293:8:183,TEMPORAL,BEFORE,wn-0293,-1,0.3,1
wn-0293:3:92,wn-0293:8:190,TEMPORAL,BEFORE,wn-0293,-1,0.3,1
wn-0293:3:92,wn-0293:8:200,TEMPORAL,BEFORE,wn-0293,-1,0.3,1
wn-0293:3:92,wn-0293:8:205,TEMPORAL,BEFORE,wn-0293,-1,0.3,1
wn-0293:3:92,wn-0293:10:234,TEMPORAL,BEFORE,wn-0293,-1,0.3,1
wn-0293:3:92,wn-0293:10:248,TEMPORAL,BEFORE,wn-0293,-1,0.3,1
wn-0293:3:92,wn-0293:11:259,TEMPORAL,BEFORE,wn-0293,-1,0.3,1
wn-0293:3:92,wn-0293:11:278,TEMPORAL,BEFORE,wn-0293,-1,0.3,1
wn-0293:3:92,wn-0293:12:312,TEMPORAL,BEFORE,wn-0293,-1,0.3,1
wn-0293:3:92,wn-0293:13:348,TEMPORAL,BEFORE,wn-0293,-1,0.3,1
wn-0293:3:92,wn-0293:15:413,TEMPORAL,BEFORE,wn-0293,-1,0.3,1
wn-0293:3:92,wn-0293:16:428,TEMPORAL,BEFORE,wn-0293,-1,0.3,1
wn-0293:3:92,wn-0293:17:470,TEMPORAL,BEFORE,wn-0293,-1,0.3,1
wn-0293:3:92,wn-0293:18:489,TEMPORAL,BEFORE,wn-0293,-1,0.3,1
wn-0293:6:147,wn-0293:8:172,TEMPORAL,BEFORE,wn-0293,-1,0.3,1
wn-0293:6:147,wn-0293:8:175,TEMPORAL,BEFORE,wn-0293,-1,0.3,1
wn-0293:6:147,wn-0293:8:183,TEMPORAL,BEFORE,wn-0293,-1,0.3,1
wn-0293:6:147,wn-0293:8:190,TEMPORAL,BEFORE,wn-0293,-1,0.3,1
wn-0293:6:147,wn-0293:8:200,TEMPORAL,BEFORE,wn-0293,-1,0.3,1
wn-0293:6:147,wn-0293:8:205,TEMPORAL,BEFORE,wn-0293,-1,0.3,1
wn-0293:6:147,wn-0293:10:234,TEMPORAL,BEFORE,wn-0293,-1,0.3,1
wn-0293:6:147,wn-0293:10:248,TEMPORAL,BEFORE,wn-0293,-1,0.3,1
wn-0293:6:147,wn-0293:11:259,TEMPORAL,BEFORE,wn-0293,-1,0.3,1
wn-0293:6:147,wn-0293:11:278,TEMPORAL,BEFORE,wn-0293,-1,0.3,1
wn-0293:6:147,wn-0293:12:312,TEMPORAL,BEFORE,wn-0293,-1,0.3,1
wn-0293:6:147,wn-0293:13:348,TEMPORAL,BEFORE,wn-0293,-1,0.3,1
wn-0293:6:147,wn-0293:15:413,TEMPORAL,BEFORE,wn-0293,-1,0.3,1
wn-0293:6:147,wn-0293:16:428,TEMPORAL,BEFORE,wn-0293,-1,0.3,1
wn-0293:6:147,wn-0293:17:470,TEMPORAL,BEFORE,wn-0293,-1,0.3,1
wn-0293:6:147,wn-0293:18:489,TEMPORAL,BEFORE,wn-0293,-1,0.3,1
wn-0293:8:172,wn-0293:8:175,TEMPORAL,SIMULTANEOUS,wn-0293,-1,0.85,1
wn-0293:8:172,wn-0293:8:183,TEMPORAL,SIMULTANEOUS,wn-0293,-1,0.85,1
wn-0293:8:172,wn-0293:8:190,TEMPORAL,SIMULTANEOUS,wn-0293,-1,0.85,1
wn-0293:8:172,wn-0293:8:200,TEMPORAL,BEFORE,wn-0293,-1,0.75,1
wn-0293:8:172,wn-0293:8:205,TEMPORAL,BEFORE,wn-0293,-1,0.75,1
wn-0293:8:172,wn-0293:10:234,TEMPORAL,BEFORE,wn-0293,-1,0.3,1
wn-0293:8:172,wn-0293:10:248,TEMPORAL,BEFORE,wn-0293,-1,0.3,1
wn-0293:8:172,wn-0293:11:259,TEMPORAL,BEFORE,wn-0293,-1,0.3,1
wn-0293:8:172,wn-0293:11:278,TEMPORAL,BEFORE,wn-0293,-1,0.3,1
wn-0293:8:172,wn-0293:12:312,TEMPORAL,BEFORE,wn-0293,-1,0.3,1
wn-0293:8:172,wn-0293:13:348,TEMPORAL,BEFORE,wn-0293,-1,0.3,1
wn-0293:8:172,wn-0293:15:413,TEMPORAL,BEFORE,wn-0293,-1,0.3,1
wn-0293:8:172,wn-0293:16:428,TEMPORAL,BEFORE,wn-0293,-1,0.3,1
wn-0293:8:172,wn-0293:17:470,TEMPORAL,BEFORE,wn-0293,-1,0.3,1
wn-0293:8:172,wn-0293:18:489,TEMPORAL,BEFORE,wn-0293,-1,0.75,1
wn-0293:8:175,wn-0293:8:183,TEMPORAL,SIMULTANEOUS,wn-0293,-1,0.85,1
wn-0293:8:175,wn-0293:8:190,TEMPORAL,SIMULTANEOUS,wn-0293,-1,0.85,1
wn-0293:8:175,wn-0293:8:200,TEMPORAL,BEFORE,wn-0293,-1,0.75,1
wn-0293:8:175,wn-0293:8:205,TEMPORAL,BEFORE,wn-0293,-1,0.75,1
wn-0293:8:175,wn-0293:10:234,TEMPORAL,BEFORE,wn-0293,-1,0.3,1
wn-0293:8:175,wn-0293:10:248,TEMPORAL,BEFORE,wn-0293,-1,0.3,1
wn-0293:8:175,wn-0293:11:259,TEMPORAL,BEFORE,wn-0293,-1,0.3,1
wn-0293:8:175,wn-0293:11:278,TEMPORAL,BEFORE,wn-0293,-1,0.3,1
wn-0293:8:175,wn-0293:12:312,TEMPORAL,BEFORE,wn-0293,-1,0.3,1
wn-0293:8:175,wn-0293:13:348,TEMPORAL,BEFORE,wn-0293,-1,0.3,1
wn-0293:8:175,wn-0293:15:413,TEMPORAL,BEFORE,wn-0293,-1,0.3,1
wn-0293:8:175,wn-0293:16:428,TEMPORAL,BEFORE,wn-0293,-1,0.3,1
wn-0293:8:175,wn-0293:17:470,TEMPORAL,BEFORE,wn-0293,-1,0.3,1
wn-0293:8:175,wn-0293:18:489,TEMPORAL,BEFORE,wn-0293,-1,0.75,1
wn-0293:8:183,wn-0293:8:190,TEMPORAL,SIMULTANEOUS,wn-0293,-1,0.85,1
wn-0293:8:183,wn-0293:8:200,TEMPORAL,BEFORE,wn-0293,-1,0.75,1
wn-0293:8:183,wn-0293:8:205,TEMPORAL,BEFORE,wn-0293,-1,0.75,1
wn-0293:8:183,wn-0293:10:234,TEMPORAL,BEFORE,wn-0293,-1,0.3,1
wn-0293:8:183,wn-0293:10:248,TEMPORAL,BEFORE,wn-0293,-1,0.3,1
wn-0293:8:183,wn-0293:11:259,TEMPORAL,BEFORE,wn-0293,-1,0.3,1
wn-0293:8:183,wn-0293:11:278,TEMPORAL,BEFORE,wn-0293,-1,0.3,1
wn-0293:8:183,wn-0293:12:312,TEMPORAL,BEFORE,wn-0293,-1,0.3,1
wn-0293:8:183,wn-0293:13:348,TEMPORAL,BEFORE,wn-0293,-1,0.3,1
wn-0293:8:183,wn-0293:15:413,TEMPORAL,BEFORE,wn-0293,-1,0.3,1
wn-0293:8:183,wn-0293:16:428,TEMPORAL,BEFORE,wn-0293,-1,0.3,1
wn-0293:8:183,wn-0293:17:470,TEMPORAL,BEFORE,wn-0293,-1,0.3,1
wn-0293:8:183,wn-0293:18:489,TEMPORAL,BEFORE,wn-0293,-1,0.75,1
wn-0293:8:190,wn-0293:8:200,TEMPORAL,BEFORE,wn-0293,-1,0.75,1
wn-0293:8:190,wn-0293:8:205,TEMPORAL,BEFORE,wn-0293,-1,0.75,1
wn-0293:8:190,wn-0293:10:234,TEMPORAL,BEFORE,wn-0293,-1,0.3,1
wn-0293:8:190,wn-0293:10:248,TEMPORAL,BEFORE,wn-0293,-1,0.3,1
wn-0293:8:190,wn-0293:11:259,TEMPORAL,BEFORE,wn-0293,-1,0.3,1
wn-0293:8:190,wn-0293:11:278,TEMPORAL,BEFORE,wn-0293,-1,0.3,1
wn-0293:8:190,wn-0293:12:312,TEMPORAL,BEFORE,wn-0293,-1,0.3,1
wn-0293:8:190,wn-0293:13:348,TEMPORAL,BEFORE,wn-0293,-1,0.3,1
wn-0293:8:190,wn-0293:15:413,TEMPORAL,BEFORE,wn-0293,-1,0.3,1
wn-0293:8:190,wn-0293:16:428,TEMPORAL,BEFORE,wn-0293,-1,0.3,1
wn-0293:8:190,wn-0293:17:470,TEMPORAL,BEFORE,wn-0293,-1,0.3,1
wn-0293:8:190,wn-0293:18:489,TEMPORAL,BEFORE,wn-0293,-1,0.75,1
wn-0293:8:200,wn-0293:8:205,TEMPORAL,SIMULTANEOUS,wn-0293,-1,0.75,1
wn-0293:8:200,wn-0293:10:234,TEMPORAL,BEFORE,wn-0293,-1,0.3,1
wn-0293:8:200,wn-0293:10:248,TEMPORAL,BEFORE,wn-0293,-1,0.3,1
wn-0293:8:200,wn-0293:11:259,TEMPORAL,BEFORE,wn-0293,-1,0.3,1
wn-0293:8:200,wn-0293:11:278,TEMPORAL,BEFORE,wn-0293,-1,0.3,1
wn-0293:8:200,wn-0293:12:312,TEMPORAL,BEFORE,wn-0293,-1,0.3,1
wn-0293:8:200,wn-0293:13:348,TEMPORAL,BEFORE,wn-0293,-1,0.3,1
wn-0293:8:200,wn-0293:15:413,TEMPORAL,BEFORE,wn-0293,-1,0.3,1
wn-0293:8:200,wn-0293:16:428,TEMPORAL,BEFORE,wn-0293,-1,0.3,1
wn-0293:8:200,wn-0293:17:470,TEMPORAL,BEFORE,wn-0293,-1,0.3,1
wn-0293:8:200,wn-0293:18:489,TEMPORAL,BEFORE,wn-0293,-1,0.75,1
wn-0293:8:205,wn-0293:10:234,TEMPORAL,BEFORE,wn-0293,-1,0.3,1
wn-0293:8:205,wn-0293:10:248,TEMPORAL,BEFORE,wn-0293,-1,0.3,1
wn-0293:8:205,wn-0293:11:259,TEMPORAL,BEFORE,wn-0293,-1,0.3,1
wn-0293:8:205,wn-0293:11:278,TEMPORAL,BEFORE,wn-0293,-1,0.3,1
wn-0293:8:205,wn-0293:12:312,TEMPORAL,BEFORE,wn-0293,-1,0.3,1
wn-0293:8:205,wn-0293:13:348,TEMPORAL,BEFORE,wn-0293,-1,0.3,1
wn-0293:8:205,wn-0293:15:413,TEMPORAL,BEFORE,wn-0293,-1,0.3,1
wn-0293:8:205,wn-0293:16:428,TEMPORAL,BEFORE,wn-0293,-1,0.3,1
wn-0293:8:205,wn-0293:17:470,TEMPORAL,BEFORE,wn-0293,-1,0.3,1
wn-0293:8:205,wn-0293:18:489,TEMPORAL,BEFORE,wn-0293,-1,0.75,1
wn-0293:10:234,wn-0293:10:248,TEMPORAL,BEFORE,wn-0293,-1,0.5,1
wn-0293:10:234,wn-0293:11:259,TEMPORAL,BEFORE,wn-0293,-1,0.3,1
wn-0293:10:234,wn-0293:11:278,TEMPORAL,BEFORE,wn-0293,-1,0.3,1
wn-0293:10:234,wn-0293:12:312,TEMPORAL,BEFORE,wn-0293,-1,0.3,1
wn-0293:10:234,wn-0293:13:348,TEMPORAL,BEFORE,wn-0293,-1,0.3,1
wn-0293:10:234,wn-0293:15:413,TEMPORAL,BEFORE,wn-0293,-1,0.3,1
wn-0293:10:234,wn-0293:16:428,TEMPORAL,BEFORE,wn-0293,-1,0.3,1
wn-0293:10:234,wn-0293:17:470,TEMPORAL,BEFORE,wn-0293,-1,0.3,1
wn-0293:10:234,wn-0293:18:489,TEMPORAL,BEFORE,wn-0293,-1,0.3,1
wn-0293:10:248,wn-0293:11:259,TEMPORAL,BEFORE,wn-0293,-1,0.3,1
wn-0293:10:248,wn-0293:11:278,TEMPORAL,BEFORE,wn-0293,-1,0.3,1
wn-0293:10:248,wn-0293:12:312,TEMPORAL,BEFORE,wn-0293,-1,0.3,1
wn-0293:10:248,wn-0293:13:348,TEMPORAL,BEFORE,wn-0293,-1,0.3,1
wn-0293:10:248,wn-0293:15:413,TEMPORAL,BEFORE,wn-0293,-1,0.3,1
wn-0293:10:248,wn-0293:16:428,TEMPORAL,BEFORE,wn-0293,-1,0.3,1
wn-0293:10:248,wn-0293:17:470,TEMPORAL,BEFORE,wn-0293,-1,0.3,1
wn-0293:10:248,wn-0293:18:489,TEMPORAL,BEFORE,wn-0293,-1,0.3,1
wn-0293:11:259,wn-0293:11:278,TEMPORAL,AFTER,wn-0293,-1,0.5,1
wn-0293:11:259,wn-0293:12:312,TEMPORAL,BEFORE,wn-0293,-1,0.3,1
wn-0293:11:259,wn-0293:13:348,TEMPORAL,BEFORE,wn-0293,-1,0.3,1
wn-0293:11:259,wn-0293:15:413,TEMPORAL,BEFORE,wn-0293,-1,0.3,1
wn-0293:11:259,wn-0293:16:428,TEMPORAL,BEFORE,wn-0293,-1,0.3,1
wn-0293:11:259,wn-0293:17:470,TEMPORAL,BEFORE,wn-0293,-1,0.3,1
wn-0293:11:259,wn-0293:18:489,TEMPORAL,BEFORE,wn-0293,-1,0.3,1
wn-0293:11:278,wn-0293:12:312,TEMPORAL,BEFORE,wn-0293,-1,0.3,1
wn-0293:11:278,wn-0293:13:348,TEMPORAL,BEFORE,wn-0293,-1,0.3,1
wn-0293:11:278,wn-0293:15:413,TEMPORAL,BEFORE,wn-0293,-1,0.3,1
wn-0293:11:278,wn-0293:16:428,TEMPORAL,BEFORE,wn-0293,-1,0.3,1
wn-0293:11:278,wn-0293:17:470,TEMPORAL,BEFORE,wn-0293,-1,0.3,1
wn-0293:11:278,wn-0293:18:489,TEMPORAL,BEFORE,wn-0293,-1,0.3,1
wn-0293:12:312,wn-0293:13:348,TEMPORAL,BEFORE,wn-0293,-1,0.3,1
wn-0293:12:312,wn-0293:15:413,TEMPORAL,BEFORE,wn-0293,-1,0.3,1
wn-0293:12:312,wn-0293:16:428,TEMPORAL,BEFORE,wn-0293,-1,0.3,1
wn-0293:12:312,wn-0293:17:470,TEMPORAL,BEFORE,wn-0293,-1,0.3,1
wn-0293:12:312,wn-0293:18:489,TEMPORAL,BEFORE,wn-0293,-1,0.3,1
wn-0293:13:348,wn-0293:15:413,TEMPORAL,BEFORE,wn-0293,-1,0.3,1
wn-0293:13:348,wn-0293:16:428,TEMPORAL,BEFORE,wn-0293,-1,0.3,1
wn-0293:13:348,wn-0293:17:470,TEMPORAL,BEFORE,wn-0293,-1,0.3,1
wn-0293:13:348,wn-0293:18:489,TEMPORAL,BEFORE,wn-0293,-1,0.3,1
wn-0293:15:413,wn-0293:16:428,TEMPORAL,BEFORE,wn-0293,-1,0.3,1
wn-0293:15:413,wn-0293:17:470,TEMPORAL,BEFORE,wn-0293,-1,0.3,1
wn-0293:15:413,wn-0293:18:489,TEMPORAL,BEFORE,wn-0293,-1,0.3,1
wn-0293:16:428,wn-0293:17:470,TEMPORAL,BEFORE,wn-0293,-1,0.3,1
wn-0293:16:428,wn-0293:18:489,TEMPORAL,BEFORE,wn-0293,-1,0.3,1
wn-0293:17:470,wn-0293:18:489,TEMPORAL,BEFORE,wn-0293,-1,0.3,1
wn-0294:0:29,wn-0294:0:9,TEMPORAL,BEFORE,wn-0294,-1,0.5,1
wn-0294:0:29,wn-0294:2:84,TEMPORAL,BEFORE,wn-0294,-1,0.3,1
wn-0294:0:29,wn-0294:2:94,TEMPORAL,BEFORE,wn-0294,-1,0.3,1
wn-0294:0:29,wn-0294:2:99,TEMPORAL,BEFORE,wn-0294,-1,0.3,1
wn-0294:0:29,wn-0294:4:129,TEMPORAL,BEFORE,wn-0294,-1,0.3,1
wn-0294:0:29,wn-0294:5:141,TEMPORAL,BEFORE,wn-0294,-1,0.3,1
wn-0294:0:29,wn-0294:6:157,TEMPORAL,BEFORE,wn-0294,-1,0.3,1
wn-0294:0:29,wn-0294:7:168,TEMPORAL,BEFORE,wn-0294,-1,0.3,1
wn-0294:0:29,wn-0294:7:176,TEMPORAL,BEFORE,wn-0294,-1,0.3,1
wn-0294:0:29,wn-0294:7:186,TEMPORAL,BEFORE,wn-0294,-1,0.3,1
wn-0294:0:9,wn-0294:2:84,TEMPORAL,BEFORE,wn-0294,-1,0.3,1
wn-0294:0:9,wn-0294:2:94,TEMPORAL,BEFORE,wn-0294,-1,0.3,1
wn-0294:0:9,wn-0294:2:99,TEMPORAL,BEFORE,wn-0294,-1,0.3,1
wn-0294:0:9,wn-0294:4:129,TEMPORAL,BEFORE,wn-0294,-1,0.3,1
wn-0294:0:9,wn-0294:5:141,TEMPORAL,BEFORE,wn-0294,-1,0.3,1
wn-0294:0:9,wn-0294:6:157,TEMPORAL,BEFORE,wn-0294,-1,0.3,1
wn-0294:0:9,wn-0294:7:168,TEMPORAL,BEFORE,wn-0294,-1,0.3,1
wn-0294:0:9,wn-0294:7:176,TEMPORAL,BEFORE,wn-0294,-1,0.3,1
wn-0294:0:9,wn-0294:7:186,TEMPORAL,BEFORE,wn-0294,-1,0.3,1
wn-0294:2:84,wn-0294:2:94,TEMPORAL,SIMULTANEOUS,wn-0294,-1,0.9,1
wn-0294:2:84,wn-0294:2:99,TEMPORAL,BEFORE,wn-0294,-1,0.8,1
wn-0294:2:84,wn-0294:4:129,TEMPORAL,BEFORE,wn-0294,-1,0.3,1
wn-0294:2:84,wn-0294:5:141,TEMPORAL,BEFORE,wn-0294,-1,0.3,1
wn-0294:2:84,wn-0294:6:157,TEMPORAL,BEFORE,wn-0294,-1,0.75,1
wn-0294:2:84,wn-0294:7:168,TEMPORAL,BEFORE,wn-0294,-1,0.85,1
wn-0294:2:84,wn-0294:7:176,TEMPORAL,BEFORE,wn-0294,-1,0.85,1
wn-0294:2:84,wn-0294:7:186,TEMPORAL,BEFORE,wn-0294,-1,0.85,1
wn-0294:2:94,wn-0294:2:99,TEMPORAL,BEFORE,wn-0294,-1,0.8,1
wn-0294:2:94,wn-0294:4:129,TEMPORAL,BEFORE,wn-0294,-1,0.3,1
wn-0294:2:94,wn-0294:5:141,TEMPORAL,BEFORE,wn-0294,-1,0.3,1
wn-0294:2:94,wn-0294:6:157,TEMPORAL,BEFORE,wn-0294,-1,0.75,1
wn-0294:2:94,wn-0294:7:168,TEMPORAL,BEFORE,wn-0294,-1,0.85,1
wn-0294:2:94,wn-0294:7:176,TEMPORAL,BEFORE,wn-0294,-1,0.85,1
wn-0294:2:94,wn-0294:7:186,TEMPORAL,BEFORE,wn-0294,-1,0.85,1
wn-0294:2:99,wn-0294:4:129,TEMPORAL,BEFORE,wn-0294,-1,0.3,1
wn-0294:2:99,wn-0294:5:141,TEMPORAL,BEFORE,wn-0294,-1,0.3,1
wn-0294:2:99,wn-0294:6:157,TEMPORAL,BEFORE,wn-0294,-1,0.75,1
wn-0294:2:99,wn-0294:7:168,TEMPORAL,AFTER,wn-0294,-1,0.8,1
wn-0294:2:99,wn-0294:7:176,TEMPORAL,AFTER,wn-0294,-1,0.8,1
wn-0294:2:99,wn-0294:7:186,TEMPORAL,AFTER,wn-0294,-1,0.8,1
wn-0294:4:129,wn-0294:5:141,TEMPORAL,BEFORE,wn-0294,-1,0.3,1
wn-0294:4:129,wn-0294:6:157,TEMPORAL,BEFORE,wn-0294,-1,0.3,1
wn-0294:4:129,wn-0294:7:168,TEMPORAL,BEFORE,wn-0294,-1,0.3,1
wn-0294:4:129,wn-0294:7:176,TEMPORAL,BEFORE,wn-0294,-1,0.3,1
wn-0294:4:129,wn-0294:7:186,TEMPORAL,BEFORE,wn-0294,-1,0.3,1
wn-0294:5:141,wn-0294:6:157,TEMPORAL,BEFORE,wn-0294,-1,0.3,1
wn-0294:5:141,wn-0294:7:168,TEMPORAL,BEFORE,wn-0294,-1,0.3,1
wn-0294:5:141,wn-0294:7:176,TEMPORAL,BEFORE,wn-0294,-1,0.3,1
wn-0294:5:141,wn-0294:7:186,TEMPORAL,BEFORE,wn-0294,-1,0.3,1
wn-0294:6:157,wn-0294:7:168,TEMPORAL,AFTER,wn-0294,-1,0.75,1
wn-0294:6:157,wn-0294:7:176,TEMPORAL,AFTER,wn-0294,-1,0.75,1
wn-0294:6:157,wn-0294:7:186,TEMPORAL,AFTER,wn-0294,-1,0.75,1
wn-0294:7:168,wn-0294:7:176,TEMPORAL,SIMULTANEOUS,wn-0294,-1,0.85,1
wn-0294:7:168,wn-0294:7:186,TEMPORAL,SIMULTANEOUS,wn-0294,-1,0.85,1
wn-0294:7:176,wn-0294:7:186,TEMPORAL,SIMULTANEOUS,wn-0294,-1,0.85,1
wn-0295:0:13,wn-0295:1:33,TEMPORAL,BEFORE,wn-0295,-1,0.3,1
wn-0295:0:13,wn-0295:1:53,TEMPORAL,BEFORE,wn-0295,-1,0.3,1
wn-0295:0:13,wn-0295:9:199,TEMPORAL,AFTER,wn-0295,-1,0.8,1
wn-0295:0:13,wn-0295:9:208,TEMPORAL,AFTER,wn-0295,-1,0.8,1
wn-0295:0:13,wn-0295:10:228,TEMPORAL,BEFORE,wn-0295,-1,0.3,1
wn-0295:0:13,wn-0295:14:309,TEMPORAL,AFTER,wn-0295,-1,0.8,1
wn-0295:0:13,wn-0295:15:328,TEMPORAL,BEFORE,wn-0295,-1,0.3,1
wn-0295:0:13,wn-0295:15:338,TEMPORAL,BEFORE,wn-0295,-1,0.3,1
wn-0295:0:13,wn-0295:16:347,TEMPORAL,BEFORE,wn-0295,-1,0.75,1
wn-0295:0:13,wn-0295:17:374,TEMPORAL,BEFORE,wn-0295,-1,0.3,1
wn-0295:0:13,wn-0295:20:484,TEMPORAL,BEFORE,wn-0295,-1,0.3,1
wn-0295:0:13,wn-0295:22:534,TEMPORAL,BEFORE,wn-0295,-1,0.3,1
wn-0295:1:33,wn-0295:1:53,TEMPORAL,BEFORE,wn-0295,-1,0.5,1
wn-0295:1:33,wn-0295:9:199,TEMPORAL,BEFORE,wn-0295,-1,0.3,1
wn-0295:1:33,wn-0295:9:208,TEMPORAL,BEFORE,wn-0295,-1,0.3,1
wn-0295:1:33,wn-0295:10:228,TEMPORAL,BEFORE,wn-0295,-1,0.3,1
wn-0295:1:33,wn-0295:14:309,TEMPORAL,BEFORE,wn-0295,-1,0.3,1
wn-0295:1:33,wn-0295:15:328,TEMPORAL,BEFORE,wn-0295,-1,0.3,1
wn-0295:1:33,wn-0295:15:338,TEMPORAL,BEFORE,wn-0295,-1,0.3,1
wn-0295:1:33,wn-0295:16:347,TEMPORAL,BEFORE,wn-0295,-1,0.3,1
wn-0295:1:33,wn-0295:17:374,TEMPORAL,BEFORE,wn-0295,-1,0.3,1
wn-0295:1:33,wn-0295:20:484,TEMPORAL,BEFORE,wn-0295,-1,0.3,1
wn-0295:1:33,wn-0295:22:534,TEMPORAL,BEFORE,wn-0295,-1,0.3,1
wn-0295:1:53,wn-0295:9:199,TEMPORAL,BEFORE,wn-0295,-1,0.3,1
wn-0295:1:53,wn-0295:9:208,TEMPORAL,BEFORE,wn-0295,-1,0.3,1
wn-0295:1:53,wn-0295:10:228,TEMPORAL,BEFORE,wn-0295,-1,0.3,1
wn-0295:1:53,wn-0295:14:309,TEMPORAL,BEFORE,wn-0295,-1,0.3,1
wn-0295:1:53,wn-0295:15:328,TEMPORAL,BEFORE,wn-0295,-1,0.3,1
wn-0295:1:53,wn-0295:15:338,TEMPORAL,BEFORE,wn-0295,-1,0.3,1
wn-0295:1:53,wn-0295:16:347,TEMPORAL,BEFORE,wn-0295,-1,0.3,1
wn-0295:1:53,wn-0295:17:374,TEMPORAL,BEFORE,wn-0295,-1,0.3,1
wn-0295:1:53,wn-0295:20:484,TEMPORAL,BEFORE,wn-0295,-1,0.3,1
wn-0295:1:53,wn-0295:22:534,TEMPORAL,BEFORE,wn-0295,-1,0.3,1
wn-0295:9:199,wn-0295:9:208,TEMPORAL,BEFORE,wn-0295,-1,0.9,1
wn-0295:9:199,wn-0295:10:228,TEMPORAL,BEFORE,wn-0295,-1,0.3,1
wn-0295:9:199,wn-0295:14:309,TEMPORAL,BEFORE,wn-0295,-1,0.9,1
wn-0295:9:199,wn-0295:15:328,TEMPORAL,BEFORE,wn-0295,-1,0.3,1
wn-0295:9:199,wn-0295:15:338,TEMPORAL,BEFORE,wn-0295,-1,0.3,1
wn-0295:9:199,wn-0295:16:347,TEMPORAL,BEFORE,wn-0295,-1,0.75,1
wn-0295:9:199,wn-0295:17:374,TEMPORAL,BEFORE,wn-0295,-1,0.3,1
wn-0295:9:199,wn-0295:20:484,TEMPORAL,BEFORE,wn-0295,-1,0.3,1
wn-0295:9:199,wn-0295:22:534,TEMPORAL,BEFORE,wn-0295,-1,0.3,1
wn-0295:9:208,wn-0295:10:228,TEMPORAL,BEFORE,wn-0295,-1,0.3,1
wn-0295:9:208,wn-0295:14:309,TEMPORAL,BEFORE,wn-0295,-1,0.9,1
wn-0295:9:208,wn-0295:15:328,TEMPORAL,BEFORE,wn-0295,-1,0.3,1
wn-0295:9:208,wn-0295:15:338,TEMPORAL,BEFORE,wn-0295,-1,0.3,1
wn-0295:9:208,wn-0295:16:347,TEMPORAL,BEFORE,wn-0295,-1,0.75,1
wn-0295:9:208,wn-0295:17:374,TEMPORAL,BEFORE,wn-0295,-1,0.3,1
wn-0295:9:208,wn-0295:20:484,TEMPORAL,BEFORE,wn-0295,-1,0.3,1
wn-0295:9:208,wn-0295:22:534,TEMPORAL,BEFORE,wn-0295,-1,0.3,1
wn-0295:10:228,wn-0295:14:309,TEMPORAL,BEFORE,wn-0295,-1,0.3,1
wn-0295:10:228,wn-0295:15:328,TEMPORAL,BEFORE,wn-0295,-1,0.3,1
wn-0295:10:228,wn-0295:15:338,TEMPORAL,BEFORE,wn-0295,-1,0.3,1
wn-0295:10:228,wn-0295:16:347,TEMPORAL,BEFORE,wn-0295,-1,0.3,1
wn-0295:10:228,wn-0295:17:374,TEMPORAL,BEFORE,wn-0295,-1,0.3,1
wn-0295:10:228,wn-0295:20:484,TEMPORAL,BEFORE,wn-0295,-1,0.3,1
wn-0295:10:228,wn-0295:22:534,TEMPORAL,BEFORE,wn-0295,-1,0.3,1
wn-0295:14:309,wn-0295:15:328,TEMPORAL,BEFORE,wn-0295,-1,0.3,1
wn-0295:14:309,wn-0295:15:338,TEMPORAL,BEFORE,wn-0295,-1,0.3,1
wn-0295:14:309,wn-0295:16:347,TEMPORAL,BEFORE,wn-0295,-1,0.75,1
wn-0295:14:309,wn-0295:17:374,TEMPORAL,BEFORE,wn-0295,-1,0.3,1
wn-0295:14:309,wn-0295:20:484,TEMPORAL,BEFORE,wn-0295,-1,0.3,1
wn-0295:14:309,wn-0295:22:534,TEMPORAL,BEFORE,wn-0295,-1,0.3,1
wn-0295:15:328,wn-0295:15:338,TEMPORAL,BEFORE,wn-0295,-1,0.5,1
wn-0295:15:328,wn-0295:16:347,TEMPORAL,BEFORE,wn-0295,-1,0.3,1
wn-0295:15:328,wn-0295:17:374,TEMPORAL,BEFORE,wn-0295,-1,0.3,1
wn-0295:15:328,wn-0295:20:484,TEMPORAL,BEFORE,wn-0295,-1,0.3,1
wn-0295:15:328,wn-0295:22:534,TEMPORAL,BEFORE,wn-0295,-1,0.3,1
wn-0295:15:338,wn-0295:16:347,TEMPORAL,BEFORE,wn-0295,-1,0.3,1
wn-0295:15:338,wn-0295:17:374,TEMPORAL,BEFORE,wn-0295,-1,0.3,1
wn-0295:15:338,wn-0295:20:484,TEMPORAL,BEFORE,wn-0295,-1,0.3,1
wn-0295:15:338,wn-0295:22:534,TEMPORAL,BEFORE,wn-0295,-1,0.3,1
wn-0295:16:347,wn-0295:17:374,TEMPORAL,BEFORE,wn-0295,-1,0.3,1
wn-0295:16:347,wn-0295:20:484,TEMPORAL,BEFORE,wn-0295,-1,0.3,1
wn-0295:16:347,wn-0295:22:534,TEMPORAL,BEFORE,wn-0295,-1,0.3,1
wn-0295:17:374,wn-0295:20:484,TEMPORAL,BEFORE,wn-0295,-1,0.3,1
wn-0295:17:374,wn-0295:22:534,TEMPORAL,BEFORE,wn-0295,-1,0.3,1
wn-0295:20:484,wn-0295:22:534,TEMPORAL,BEFORE,wn-0295,-1,0.3,1
wn-0296:0:7,wn-0296:3:73,TEMPORAL,BEFORE,wn-0296,-1,0.3,1
wn-0296:0:7,wn-0296:3:84,TEMPORAL,BEFORE,wn-0296,-1,0.3,1
wn-0296:0:7,wn-0296:5:124,TEMPORAL,BEFORE,wn-0296,-1,0.3,1
wn-0296:0:7,wn-0296:6:167,TEMPORAL,BEFORE,wn-0296,-1,0.3,1
wn-0296:0:7,wn-0296:6:169,TEMPORAL,BEFORE,wn-0296,-1,0.3,1
wn-0296:0:7,wn-0296:8:202,TEMPORAL,BEFORE,wn-0296,-1,0.3,1
wn-0296:0:7,wn-0296:8:214,TEMPORAL,BEFORE,wn-0296,-1,0.3,1
wn-0296:0:7,wn-0296:9:225,TEMPORAL,BEFORE,wn-0296,-1,0.3,1
wn-0296:0:7,wn-0296:11:260,TEMPORAL,BEFORE,wn-0296,-1,0.3,1
wn-0296:3:73,wn-0296:3:84,TEMPORAL,SIMULTANEOUS,wn-0296,-1,0.8,1
wn-0296:3:73,wn-0296:5:124,TEMPORAL,BEFORE,wn-0296,-1,0.3,1
wn-0296:3:73,wn-0296:6:167,TEMPORAL,BEFORE,wn-0296,-1,0.3,1
wn-0296:3:73,wn-0296:6:169,TEMPORAL,BEFORE,wn-0296,-1,0.3,1
wn-0296:3:73,wn-0296:8:202,TEMPORAL,BEFORE,wn-0296,-1,0.3,1
wn-0296:3:73,wn-0296:8:214,TEMPORAL,BEFORE,wn-0296,-1,0.3,1
wn-0296:3:73,wn-0296:9:225,TEMPORAL,AFTER,wn-0296,-1,0.75,1
wn-0296:3:73,wn-0296:11:260,TEMPORAL,BEFORE,wn-0296,-1,0.3,1
wn-0296:3:84,wn-0296:5:124,TEMPORAL,BEFORE,wn-0296,-1,0.3,1
wn-0296:3:84,wn-0296:6:167,TEMPORAL,BEFORE,wn-0296,-1,0.3,1
wn-0296:3:84,wn-0296:6:169,TEMPORAL,BEFORE,wn-0296,-1,0.3,1
wn-0296:3:84,wn-0296:8:202,TEMPORAL,BEFORE,wn-0296,-1,0.3,1
wn-0296:3:84,wn-0296:8:214,TEMPORAL,BEFORE,wn-0296,-1,0.3,1
wn-0296:3:84,wn-0296:9:225,TEMPORAL,AFTER,wn-0296,-1,0.75,1
wn-0296:3:84,wn-0296:11:260,TEMPORAL,BEFORE,wn-0296,-1,0.3,1
wn-0296:5:124,wn-0296:6:167,TEMPORAL,BEFORE,wn-0296,-1,0.3,1
wn-0296:5:124,wn-0296:6:169,TEMPORAL,BEFORE,wn-0296,-1,0.3,1
wn-0296:5:124,wn-0296:8:202,TEMPORAL,BEFORE,wn-0296,-1,0.3,1
wn-0296:5:124,wn-0296:8:214,TEMPORAL,BEFORE,wn-0296,-1,0.3,1
wn-0296:5:124,wn-0296:9:225,TEMPORAL,BEFORE,wn-0296,-1,0.3,1
wn-0296:5:124,wn-0296:11:260,TEMPORAL,BEFORE,wn-0296,-1,0.3,1
wn-0296:6:167,wn-0296:6:169,TEMPORAL,AFTER,wn-0296,-1,0.5,1
wn-0296:6:167,wn-0296:8:202,TEMPORAL,BEFORE,wn-0296,-1,0.3,1
wn-0296:6:167,wn-0296:8:214,TEMPORAL,BEFORE,wn-0296,-1,0.3,1
wn-0296:6:167,wn-0296:9:225,TEMPORAL,BEFORE,wn-0296,-1,0.3,1
wn-0296:6:167,wn-0296:11:260,TEMPORAL,BEFORE,wn-0296,-1,0.3,1
wn-0296:6:169,wn-0296:8:202,TEMPORAL,BEFORE,wn-0296,-1,0.3,1
wn-0296:6:169,wn-0296:8:214,TEMPORAL,BEFORE,wn-0296,-1,0.3,1
wn-0296:6:169,wn-0296:9:225,TEMPORAL,BEFORE,wn-0296,-1,0.3,1
wn-0296:6:169,wn-0296:11:260,TEMPORAL,BEFORE,wn-0296,-1,0.3,1
wn-0296:8:202,wn-0296:9:225,TEMPORAL,BEFORE,wn-0296,-1,0.3,1
wn-0296:8:202,wn-0296:11:260,TEMPORAL,BEFORE,wn-0296,-1,0.3,1
wn-0296:8:214,wn-0296:9:225,TEMPORAL,BEFORE,wn-0296,-1,0.3,1
wn-0296:8:214,wn-0296:11:260,TEMPORAL,BEFORE,wn-0296,-1,0.3,1
wn-0296:9:225,wn-0296:11:260,TEMPORAL,BEFORE,wn-0296,-1,0.3,1
wn-0297:0:21,wn-0297:4:147,TEMPORAL,BEFORE,wn-0297,-1,0.3,1
wn-0297:0:21,wn-0297:6:166,TEMPORAL,BEFORE,wn-0297,-1,0.3,1
wn-0297:0:21,wn-0297:7:197,TEMPORAL,BEFORE,wn-0297,-1,0.3,1
wn-0297:0:29,wn-0297:4:147,TEMPORAL,BEFORE,wn-0297,-1,0.3,1
wn-0297:0:29,wn-0297:6:166,TEMPORAL,BEFORE,wn-0297,-1,0.3,1
wn-0297:0:29,wn-0297:7:197,TEMPORAL,BEFORE,wn-0297,-1,0.3,1
wn-0297:4:147,wn-0297:6:166,TEMPORAL,AFTER,wn-0297,-1,0.75,1
wn-0297:4:147,wn-0297:7:197,TEMPORAL,AFTER,wn-0297,-1,0.75,1
wn-0297:6:166,wn-0297:7:197,TEMPORAL,BEFORE,wn-0297,-1,0.75,1
wn-0298:1:54,wn-0298:2:84,TEMPORAL,BEFORE,wn-0298,-1,0.3,1
wn-0298:1:54,wn-0298:3:138,TEMPORAL,BEFORE,wn-0298,-1,0.3,1
wn-0298:1:54,wn-0298:4:148,TEMPORAL,BEFORE,wn-0298,-1,0.3,1
wn-0298:2:84,wn-0298:3:138,TEMPORAL,BEFORE,wn-0298,-1,0.3,1
wn-0298:2:84,wn-0298:4:148,TEMPORAL,BEFORE,wn-0298,-1,0.3,1
wn-0298:3:138,wn-0298:4:148,TEMPORAL,BEFORE,wn-0298,-1,0.3,1
wn-0299:0:0,wn-0299:2:60,TEMPORAL,BEFORE,wn-0299,-1,0.3,1
wn-0299:0:0,wn-0299:4:100,TEMPORAL,BEFORE,wn-0299,-1,0.3,1
wn-0299:0:0,wn-0299:4:91,TEMPORAL,BEFORE,wn-0299,-1,0.3,1
wn-0299:0:0,wn-0299:5:125,TEMPORAL,BEFORE,wn-0299,-1,0.3,1
wn-0299:0:0,wn-0299:6:158,TEMPORAL,BEFORE,wn-0299,-1,0.3,1
wn-0299:0:0,wn-0299:6:166,TEMPORAL,BEFORE,wn-0299,-1,0.3,1
wn-0299:0:0,wn-0299:7:201,TEMPORAL,BEFORE,wn-0299,-1,0.3,1
wn-0299:0:0,wn-0299:7:218,TEMPORAL,BEFORE,wn-0299,-1,0.3,1
wn-0299:0:0,wn-0299:8:233,TEMPORAL,BEFORE,wn-0299,-1,0.3,1
wn-0299:0:0,wn-0299:8:252,TEMPORAL,BEFORE,wn-0299,-1,0.3,1
wn-0299:0:0,wn-0299:9:268,TEMPORAL,BEFORE,wn-0299,-1,0.3,1
wn-0299:0:0,wn-0299:10:274,TEMPORAL,BEFORE,wn-0299,-1,0.3,1
wn-0299:0:0,wn-0299:11:315,TEMPORAL,BEFORE,wn-0299,-1,0.3,1
wn-0299:2:60,wn-0299:4:100,TEMPORAL,BEFORE,wn-0299,-1,0.3,1
wn-0299:2:60,wn-0299:4:91,TEMPORAL,BEFORE,wn-0299,-1,0.3,1
wn-0299:2:60,wn-0299:5:125,TEMPORAL,BEFORE,wn-0299,-1,0.3,1
wn-0299:2:60,wn-0299:6:158,TEMPORAL,BEFORE,wn-0299,-1,0.3,1
wn-0299:2:60,wn-0299:6:166,TEMPORAL,BEFORE,wn-0299,-1,0.3,1
wn-0299:2:60,wn-0299:7:201,TEMPORAL,BEFORE,wn-0299,-1,0.3,1
wn-0299:2:60,wn-0299:7:218,TEMPORAL,BEFORE,wn-0299,-1,0.3,1
wn-0299:2:60,wn-0299:8:233,TEMPORAL,BEFORE,wn-0299,-1,0.3,1
wn-0299:2:60,wn-0299:8:252,TEMPORAL,BEFORE,wn-0299,-1,0.3,1
wn-0299:2:60,wn-0299:9:268,TEMPORAL,BEFORE,wn-0299,-1,0.3,1
wn-0299:2:60,wn-0299:10:274,TEMPORAL,BEFORE,wn-0299,-1,0.3,1
wn-0299:2:60,wn-0299:11:315,TEMPORAL,BEFORE,wn-0299,-1,0.3,1
wn-0299:4:100,wn-0299:4:91,TEMPORAL,AFTER,wn-0299,-1,0.5,1
wn-0299:4:100,wn-0299:5:125,TEMPORAL,BEFORE,wn-0299,-1,0.3,1
wn-0299:4:100,wn-0299:6:158,TEMPORAL,BEFORE,wn-0299,-1,0.3,1
wn-0299:4:100,wn-0299:6:166,TEMPORAL,BEFORE,wn-0299,-1,0.3,1
wn-0299:4:100,wn-0299:7:201,TEMPORAL,BEFORE,wn-0299,-1,0.3,1
wn-0299:4:100,wn-0299:7:218,TEMPORAL,BEFORE,wn-0299,-1,0.3,1
wn-0299:4:100,wn-0299:8:233,TEMPORAL,BEFORE,wn-0299,-1,0.3,1
wn-0299:4:100,wn-0299:8:252,TEMPORAL,BEFORE,wn-0299,-1,0.3,1
wn-0299:4:100,wn-0299:9:268,TEMPORAL,BEFORE,wn-0299,-1,0.3,1
wn-0299:4:100,wn-0299:10:274,TEMPORAL,BEFORE,wn-0299,-1,0.3,1
wn-0299:4:100,wn-0299:11:315,TEMPORAL,BEFORE,wn-0299,-1,0.3,1
wn-0299:4:91,wn-0299:5:125,TEMPORAL,BEFORE,wn-0299,-1,0.3,1
wn-0299:4:91,wn-0299:6:158,TEMPORAL,BEFORE,wn-0299,-1,0.3,1
wn-0299:4:91,wn-0299:6:166,TEMPORAL,BEFORE,wn-0299,-1,0.3,1
wn-0299:4:91,wn-0299:7:201,TEMPORAL,BEFORE,wn-0299,-1,0.3,1
wn-0299:4:91,wn-0299:7:218,TEMPORAL,BEFORE,wn-0299,-1,0.3,1
wn-0299:4:91,wn-0299:8:233,TEMPORAL,BEFORE,wn-0299,-1,0.3,1
wn-0299:4:91,wn-0299:8:252,TEMPORAL,BEFORE,wn-0299,-1,0.3,1
wn-0299:4:91,wn-0299:9:268,TEMPORAL,BEFORE,wn-0299,-1,0.3,1
wn-0299:4:91,wn-0299:10:274,TEMPORAL,BEFORE,wn-0299,-1,0.3,1
wn-0299:4:91,wn-0299:11:315,TEMPORAL,BEFORE,wn-0299,-1,0.3,1
wn-0299:5:125,wn-0299:6:158,TEMPORAL,BEFORE,wn-0299,-1,0.3,1
wn-0299:5:125,wn-0299:6:166,TEMPORAL,BEFORE,wn-0299,-1,0.3,1
wn-0299:5:125,wn-0299:7:201,TEMPORAL,BEFORE,wn-0299,-1,0.95,1
wn-0299:5:125,wn-0299:7:218,TEMPORAL,BEFORE,wn-0299,-1,0.95,1
wn-0299:5:125,wn-0299:8:233,TEMPORAL,BEFORE,wn-0299,-1,0.3,1
wn-0299:5:125,wn-0299:8:252,TEMPORAL,BEFORE,wn-0299,-1,0.9,1
wn-0299:5:125,wn-0299:9:268,TEMPORAL,BEFORE,wn-0299,-1,0.3,1
wn-0299:5:125,wn-0299:10:274,TEMPORAL,BEFORE,wn-0299,-1,0.9,1
wn-0299:5:125,wn-0299:11:315,TEMPORAL,BEFORE,wn-0299,-1,0.3,1
wn-0299:6:158,wn-0299:6:166,TEMPORAL,AFTER,wn-0299,-1,0.5,1
wn-0299:6:158,wn-0299:7:201,TEMPORAL,BEFORE,wn-0299,-1,0.3,1
wn-0299:6:158,wn-0299:7:218,TEMPORAL,BEFORE,wn-0299,-1,0.3,1
wn-0299:6:158,wn-0299:8:233,TEMPORAL,BEFORE,wn-0299,-1,0.3,1
wn-0299:6:158,wn-0299:8:252,TEMPORAL,BEFORE,wn-0299,-1,0.3,1
wn-0299:6:158,wn-0299:9:268,TEMPORAL,BEFORE,wn-0299,-1,0.3,1
wn-0299:6:158,wn-0299:10:274,TEMPORAL,BEFORE,wn-0299,-1,0.3,1
wn-0299:6:158,wn-0299:11:315,TEMPORAL,BEFORE,wn-0299,-1,0.3,1
wn-0299:6:166,wn-0299:7:201,TEMPORAL,BEFORE,wn-0299,-1,0.3,1
wn-0299:6:166,wn-0299:7:218,TEMPORAL,BEFORE,wn-0299,-1,0.3,1
wn-0299:6:166,wn-0299:8:233,TEMPORAL,BEFORE,wn-0299,-1,0.3,1
wn-0299:6:166,wn-0299:8:252,TEMPORAL,BEFORE,wn-0299,-1,0.3,1
wn-0299:6:166,wn-0299:9:268,TEMPORAL,BEFORE,wn-0299,-1,0.3,1
wn-0299:6:166,wn-0299:10:274,TEMPORAL,BEFORE,wn-0299,-1,0.3,1
wn-0299:6:166,wn-0299:11:315,TEMPORAL,BEFORE,wn-0299,-1,0.3,1
wn-0299:7:201,wn-0299:7:218,TEMPORAL,SIMULTANEOUS,wn-0299,-1,0.95,1
wn-0299:7:201,wn-0299:8:233,TEMPORAL,BEFORE,wn-0299,-1,0.3,1
wn-0299:7:201,wn-0299:8:252,TEMPORAL,AFTER,wn-0299,-1,0.9,1
wn-0299:7:201,wn-0299:9:268,TEMPORAL,BEFORE,wn-0299,-1,0.3,1
wn-0299:7:201,wn-0299:10:274,TEMPORAL,BEFORE,wn-0299,-1,0.9,1
wn-0299:7:201,wn-0299:11:315,TEMPORAL,BEFORE,wn-0299,-1,0.3,1
wn-0299:7:218,wn-0299:8:233,TEMPORAL,BEFORE,wn-0299,-1,0.3,1
wn-0299:7:218,wn-0299:8:252,TEMPORAL,AFTER,wn-0299,-1,0.9,1
wn-0299:7:218,wn-0299:9:268,TEMPORAL,BEFORE,wn-0299,-1,0.3,1
wn-0299:7:218,wn-0299:10:274,TEMPORAL,BEFORE,wn-0299,-1,0.9,1
wn-0299:7:218,wn-0299:11:315,TEMPORAL,BEFORE,wn-0299,-1,0.3,1
wn-0299:8:233,wn-0299:9:268,TEMPORAL,BEFORE,wn-0299,-1,0.3,1
wn-0299:8:233,wn-0299:10:274,TEMPORAL,BEFORE,wn-0299,-1,0.3,1
wn-0299:8:233,wn-0299:11:315,TEMPORAL,BEFORE,wn-0299,-1,0.3,1
wn-0299:8:252,wn-0299:9:268,TEMPORAL,BEFORE,wn-0299,-1,0.3,1
wn-0299:8:252,wn-0299:10:274,TEMPORAL,BEFORE,wn-0299,-1,0.9,1
wn-0299:8:252,wn-0299:11:315,TEMPORAL,BEFORE,wn-0299,-1,0.3,1
wn-0299:9:268,wn-0299:10:274,TEMPORAL,BEFORE,wn-0299,-1,0.3,1
wn-0299:9:268,wn-0299:11:315,TEMPORAL,BEFORE,wn-0299,-1,0.3,1
wn-0299:10:274,wn-0299:11:315,TEMPORAL,BEFORE,wn-0299,-1,0.3,1
wn-0300:0:22,wn-0300:1:43,TEMPORAL,BEFORE,wn-0300,-1,0.3,1
wn-0300:0:22,wn-0300:1:62,TEMPORAL,BEFORE,wn-0300,-1,0.3,1
wn-0300:0:22,wn-0300:4:121,TEMPORAL,AFTER,wn-0300,-1,0.8,1
wn-0300:0:22,wn-0300:5:133,TEMPORAL,AFTER,wn-0300,-1,0.8,1
wn-0300:0:22,wn-0300:5:140,TEMPORAL,AFTER,wn-0300,-1,0.8,1
wn-0300:0:22,wn-0300:6:150,TEMPORAL,BEFORE,wn-0300,-1,0.8,1
wn-0300:0:22,wn-0300:6:165,TEMPORAL,BEFORE,wn-0300,-1,0.8,1
wn-0300:0:22,wn-0300:7:172,TEMPORAL,BEFORE,wn-0300,-1,0.3,1
wn-0300:0:22,wn-0300:8:201,TEMPORAL,AFTER,wn-0300,-1,0.8,1
wn-0300:0:22,wn-0300:8:210,TEMPORAL,AFTER,wn-0300,-1,0.8,1
wn-0300:1:43,wn-0300:1:62,TEMPORAL,BEFORE,wn-0300,-1,0.5,1
wn-0300:1:43,wn-0300:4:121,TEMPORAL,BEFORE,wn-0300,-1,0.3,1
wn-0300:1:43,wn-0300:5:133,TEMPORAL,BEFORE,wn-0300,-1,0.3,1
wn-0300:1:43,wn-0300:5:140,TEMPORAL,BEFORE,wn-0300,-1,0.3,1
wn-0300:1:43,wn-0300:6:150,TEMPORAL,BEFORE,wn-0300,-1,0.3,1
wn-0300:1:43,wn-0300:6:165,TEMPORAL,BEFORE,wn-0300,-1,0.3,1
wn-0300:1:43,wn-0300:7:172,TEMPORAL,BEFORE,wn-0300,-1,0.3,1
wn-0300:1:43,wn-0300:8:201,TEMPORAL,BEFORE,wn-0300,-1,0.3,1
wn-0300:1:43,wn-0300:8:210,TEMPORAL,BEFORE,wn-0300,-1,0.3,1
wn-0300:1:62,wn-0300:4:121,TEMPORAL,BEFORE,wn-0300,-1,0.3,1
wn-0300:1:62,wn-0300:5:133,TEMPORAL,BEFORE,wn-0300,-1,0.3,1
wn-0300:1:62,wn-0300:5:140,TEMPORAL,BEFORE,wn-0300,-1,0.3,1
wn-0300:1:62,wn-0300:6:150,TEMPORAL,BEFORE,wn-0300,-1,0.3,1
wn-0300:1:62,wn-0300:6:165,TEMPORAL,BEFORE,wn-0300,-1,0.3,1
wn-0300:1:62,wn-0300:7:172,TEMPORAL,BEFORE,wn-0300,-1,0.3,1
wn-0300:1:62,wn-0300:8:201,TEMPORAL,BEFORE,wn-0300,-1,0.3,1
wn-0300:1:62,wn-0300:8:210,TEMPORAL,BEFORE,wn-0300,-1,0.3,1
wn-0300:4:121,wn-0300:5:133,TEMPORAL,BEFORE,wn-0300,-1,0.95,1
wn-0300:4:121,wn-0300:5:140,TEMPORAL,BEFORE,wn-0300,-1,0.95,1
wn-0300:4:121,wn-0300:6:150,TEMPORAL,BEFORE,wn-0300,-1,0.9,1
wn-0300:4:121,wn-0300:6:165,TEMPORAL,BEFORE,wn-0300,-1,0.9,1
wn-0300:4:121,wn-0300:7:172,TEMPORAL,BEFORE,wn-0300,-1,0.3,1
wn-0300:4:121,wn-0300:8:201,TEMPORAL,BEFORE,wn-0300,-1,0.9,1
wn-0300:4:121,wn-0300:8:210,TEMPORAL,BEFORE,wn-0300,-1,0.9,1
wn-0300:5:133,wn-0300:5:140,TEMPORAL,SIMULTANEOUS,wn-0300,-1,0.95,1
wn-0300:5:133,wn-0300:6:150,TEMPORAL,BEFORE,wn-0300,-1,0.9,1
wn-0300:5:133,wn-0300:6:165,TEMPORAL,BEFORE,wn-0300,-1,0.9,1
wn-0300:5:133,wn-0300:7:172,TEMPORAL,BEFORE,wn-0300,-1,0.3,1
wn-0300:5:133,wn-0300:8:201,TEMPORAL,BEFORE,wn-0300,-1,0.9,1
wn-0300:5:133,wn-0300:8:210,TEMPORAL,BEFORE,wn-0300,-1,0.9,1
wn-0300:5:140,wn-0300:6:150,TEMPORAL,BEFORE,wn-0300,-1,0.9,1
wn-0300:5:140,wn-0300:6:165,TEMPORAL,BEFORE,wn-0300,-1,0.9,1
wn-0300:5:140,wn-0300:7:172,TEMPORAL,BEFORE,wn-0300,-1,0.3,1
wn-0300:5:140,wn-0300:8:201,TEMPORAL,BEFORE,wn-0300,-1,0.9,1
wn-0300:5:140,wn-0300:8:210,TEMPORAL,BEFORE,wn-0300,-1,0.9,1
wn-0300:6:150,wn-0300:6:165,TEMPORAL,SIMULTANEOUS,wn-0300,-1,0.9,1
wn-0300:6:150,wn-0300:7:172,TEMPORAL,BEFORE,wn-0300,-1,0.3,1
wn-0300:6:150,wn-0300:8:201,TEMPORAL,AFTER,wn-0300,-1,0.9,1
wn-0300:6:150,wn-0300:8:210,TEMPORAL,AFTER,wn-0300,-1,0.9,1
wn-0300:6:165,wn-0300:7:172,TEMPORAL,BEFORE,wn-0300,-1,0.3,1
wn-0300:6:165,wn-0300:8:201,TEMPORAL,AFTER,wn-0300,-1,0.9,1
wn-0300:6:165,wn-0300:8:210,TEMPORAL,AFTER,wn-0300,-1,0.9,1
wn-0300:7:172,wn-0300:8:201,TEMPORAL,BEFORE,wn-0300,-1,0.3,1
wn-0300:7:172,wn-0300:8:210,TEMPORAL,BEFORE,wn-0300,-1,0.3,1
wn-0300:8:201,wn-0300:8:210,TEMPORAL,SIMULTANEOUS,wn-0300,-1,0.9,1
wn-0301:0:12,wn-0301:1:22,TEMPORAL,BEFORE,wn-0301,-1,0.3,1
wn-0301:0:12,wn-0301:1:27,TEMPORAL,BEFORE,wn-0301,-1,0.3,1
wn-0301:0:12,wn-0301:7:178,TEMPORAL,BEFORE,wn-0301,-1,0.3,1
wn-0301:0:12,wn-0301:9:260,TEMPORAL,BEFORE,wn-0301,-1,0.3,1
wn-0301:0:12,wn-0301:10:280,TEMPORAL,BEFORE,wn-0301,-1,0.3,1
wn-0301:0:12,wn-0301:11:285,TEMPORAL,BEFORE,wn-0301,-1,0.3,1
wn-0301:1:22,wn-0301:1:27,TEMPORAL,SIMULTANEOUS,wn-0301,-1,0.6,1
wn-0301:1:22,wn-0301:7:178,TEMPORAL,BEFORE,wn-0301,-1,0.3,1
wn-0301:1:22,wn-0301:9:260,TEMPORAL,AFTER,wn-0301,-1,0.6,1
wn-0301:1:22,wn-0301:10:280,TEMPORAL,BEFORE,wn-0301,-1,0.3,1
wn-0301:1:22,wn-0301:11:285,TEMPORAL,BEFORE,wn-0301,-1,0.6,1
wn-0301:1:27,wn-0301:7:178,TEMPORAL,BEFORE,wn-0301,-1,0.3,1
wn-0301:1:27,wn-0301:9:260,TEMPORAL,AFTER,wn-0301,-1,0.6,1
wn-0301:1:27,wn-0301:10:280,TEMPORAL,BEFORE,wn-0301,-1,0.3,1
wn-0301:1:27,wn-0301:11:285,TEMPORAL,BEFORE,wn-0301,-1,0.6,1
wn-0301:7:178,wn-0301:9:260,TEMPORAL,BEFORE,wn-0301,-1,0.3,1
wn-0301:7:178,wn-0301:10:280,TEMPORAL,BEFORE,wn-0301,-1,0.3,1
wn-0301:7:178,wn-0301:11:285,TEMPORAL,BEFORE,wn-0301,-1,0.3,1
wn-0301:9:260,wn-0301:10:280,TEMPORAL,BEFORE,wn-0301,-1,0.3,1
wn-0301:9:260,wn-0301:11:285,TEMPORAL,BEFORE,wn-0301,-1,0.75,1
wn-0301:10:280,wn-0301:11:285,TEMPORAL,BEFORE,wn-0301,-1,0.3,1
wn-0302:0:16,wn-0302:2:56,TEMPORAL,BEFORE,wn-0302,-1,0.3,1
wn-0302:0:16,wn-0302:5:118,TEMPORAL,AFTER,wn-0302,-1,0.8,1
wn-0302:0:16,wn-0302:6:132,TEMPORAL,AFTER,wn-0302,-1,0.8,1
wn-0302:0:16,wn-0302:6:142,TEMPORAL,AFTER,wn-0302,-1,0.8,1
wn-0302:0:16,wn-0302:6:146,TEMPORAL,AFTER,wn-0302,-1,0.8,1
wn-0302:0:16,wn-0302:6:149,TEMPORAL,AFTER,wn-0302,-1,0.8,1
wn-0302:0:16,wn-0302:7:158,TEMPORAL,BEFORE,wn-0302,-1,0.3,1
wn-0302:0:16,wn-0302:7:171,TEMPORAL,BEFORE,wn-0302,-1,0.3,1
wn-0302:0:16,wn-0302:7:173,TEMPORAL,BEFORE,wn-0302,-1,0.3,1
wn-0302:0:16,wn-0302:8:187,TEMPORAL,AFTER,wn-0302,-1,0.8,1
wn-0302:0:16,wn-0302:9:194,TEMPORAL,BEFORE,wn-0302,-1,0.75,1
wn-0302:0:16,wn-0302:10:215,TEMPORAL,AFTER,wn-0302,-1,0.8,1
wn-0302:0:16,wn-0302:10:242,TEMPORAL,AFTER,wn-0302,-1,0.8,1
wn-0302:2:56,wn-0302:5:118,TEMPORAL,BEFORE,wn-0302,-1,0.3,1
wn-0302:2:56,wn-0302:6:132,TEMPORAL,BEFORE,wn-0302,-1,0.3,1
wn-0302:2:56,wn-0302:6:142,TEMPORAL,BEFORE,wn-0302,-1,0.3,1
wn-0302:2:56,wn-0302:6:146,TEMPORAL,BEFORE,wn-0302,-1,0.3,1
wn-0302:2:56,wn-0302:6:149,TEMPORAL,BEFORE,wn-0302,-1,0.3,1
wn-0302:2:56,wn-0302:7:158,TEMPORAL,BEFORE,wn-0302,-1,0.3,1
wn-0302:2:56,wn-0302:7:171,TEMPORAL,BEFORE,wn-0302,-1,0.3,1
wn-0302:2:56,wn-0302:7:173,TEMPORAL,BEFORE,wn-0302,-1,0.3,1
wn-0302:2:56,wn-0302:8:187,TEMPORAL,BEFORE,wn-0302,-1,0.3,1
wn-0302:2:56,wn-0302:9:194,TEMPORAL,BEFORE,wn-0302,-1,0.3,1
wn-0302:2:56,wn-0302:10:215,TEMPORAL,BEFORE,wn-0302,-1,0.3,1
wn-0302:2:56,wn-0302:10:242,TEMPORAL,BEFORE,wn-0302,-1,0.3,1
wn-0302:5:118,wn-0302:6:132,TEMPORAL,AFTER,wn-0302,-1,0.9,1
wn-0302:5:118,wn-0302:6:142,TEMPORAL,AFTER,wn-0302,-1,0.9,1
wn-0302:5:118,wn-0302:6:146,TEMPORAL,AFTER,wn-0302,-1,0.9,1
wn-0302:5:118,wn-0302:6:149,TEMPORAL,AFTER,wn-0302,-1,0.9,1
wn-0302:5:118,wn-0302:7:158,TEMPORAL,BEFORE,wn-0302,-1,0.3,1
wn-0302:5:118,wn-0302:7:171,TEMPORAL,BEFORE,wn-0302,-1,0.3,1
wn-0302:5:118,wn-0302:7:173,TEMPORAL,BEFORE,wn-0302,-1,0.3,1
wn-0302:5:118,wn-0302:8:187,TEMPORAL,AFTER,wn-0302,-1,0.9,1
wn-0302:5:118,wn-0302:9:194,TEMPORAL,BEFORE,wn-0302,-1,0.75,1
wn-0302:5:118,wn-0302:10:215,TEMPORAL,AFTER,wn-0302,-1,0.9,1
wn-0302:5:118,wn-0302:10:242,TEMPORAL,AFTER,wn-0302,-1,0.9,1
wn-0302:6:132,wn-0302:6:142,TEMPORAL,SIMULTANEOUS,wn-0302,-1,0.9,1
wn-0302:6:132,wn-0302:6:146,TEMPORAL,SIMULTANEOUS,wn-0302,-1,0.9,1
wn-0302:6:132,wn-0302:6:149,TEMPORAL,SIMULTANEOUS,wn-0302,-1,0.9,1
wn-0302:6:132,wn-0302:7:158,TEMPORAL,BEFORE,wn-0302,-1,0.3,1
wn-0302:6:132,wn-0302:7:171,TEMPORAL,BEFORE,wn-0302,-1,0.3,1
wn-0302:6:132,wn-0302:7:173,TEMPORAL,BEFORE,wn-0302,-1,0.3,1
wn-0302:6:132,wn-0302:8:187,TEMPORAL,BEFORE,wn-0302,-1,0.9,1
wn-0302:6:132,wn-0302:9:194,TEMPORAL,BEFORE,wn-0302,-1,0.75,1
wn-0302:6:132,wn-0302:10:215,TEMPORAL,BEFORE,wn-0302,-1,0.9,1
wn-0302:6:132,wn-0302:10:242,TEMPORAL,BEFORE,wn-0302,-1,0.9,1
wn-0302:6:142,wn-0302:6:146,TEMPORAL,SIMULTANEOUS,wn-0302,-1,0.9,1
wn-0302:6:142,wn-0302:6:149,TEMPORAL,SIMULTANEOUS,wn-0302,-1,0.9,1
wn-0302:6:142,wn-0302:7:158,TEMPORAL,BEFORE,wn-0302,-1,0.3,1
wn-0302:6:142,wn-0302:7:171,TEMPORAL,BEFORE,wn-0302,-1,0.3,1
wn-0302:6:142,wn-0302:7:173,TEMPORAL,BEFORE,wn-0302,-1,0.3,1
wn-0302:6:142,wn-0302:8:187,TEMPORAL,BEFORE,wn-0302,-1,0.9,1
wn-0302:6:142,wn-0302:9:194,TEMPORAL,BEFORE,wn-0302,-1,0.75,1
wn-0302:6:142,wn-0302:10:215,TEMPORAL,BEFORE,wn-0302,-1,0.9,1
wn-0302:6:142,wn-0302:10:242,TEMPORAL,BEFORE,wn-0302,-1,0.9,1
wn-0302:6:146,wn-0302:6:149,TEMPORAL,SIMULTANEOUS,wn-0302,-1,0.95,1
wn-0302:6:146,wn-0302:7:158,TEMPORAL,BEFORE,wn-0302,-1,0.3,1
wn-0302:6:146,wn-0302:7:171,TEMPORAL,BEFORE,wn-0302,-1,0.3,1
wn-0302:6:146,wn-0302:7:173,TEMPORAL,BEFORE,wn-0302,-1,0.3,1
wn-0302:6:146,wn-0302:8:187,TEMPORAL,BEFORE,wn-0302,-1,0.9,1
wn-0302:6:146,wn-0302:9:194,TEMPORAL,BEFORE,wn-0302,-1,0.75,1
wn-0302:6:146,wn-0302:10:215,TEMPORAL,BEFORE,wn-0302,-1,0.9,1
wn-0302:6:146,wn-0302:10:242,TEMPORAL,BEFORE,wn-0302,-1,0.9,1
wn-0302:6:149,wn-0302:7:158,TEMPORAL,BEFORE,wn-0302,-1,0.3,1
wn-0302:6:149,wn-0302:7:171,TEMPORAL,BEFORE,wn-0302,-1,0.3,1
wn-0302:6:149,wn-0302:7:173,TEMPORAL,BEFORE,wn-0302,-1,0.3,1
wn-0302:6:149,wn-0302:8:187,TEMPORAL,BEFORE,wn-0302,-1,0.9,1
wn-0302:6:149,wn-0302:9:194,TEMPORAL,BEFORE,wn-0302,-1,0.75,1
wn-0302:6:149,wn-0302:10:215,TEMPORAL,BEFORE,wn-0302,-1,0.9,1
wn-0302:6:149,wn-0302:10:242,TEMPORAL,BEFORE,wn-0302,-1,0.9,1
wn-0302:7:158,wn-0302:7:171,TEMPORAL,SIMULTANEOUS,wn-0302,-1,0.5,1
wn-0302:7:158,wn-0302:7:173,TEMPORAL,SIMULTANEOUS,wn-0302,-1,0.5,1
wn-0302:7:158,wn-0302:8:187,TEMPORAL,BEFORE,wn-0302,-1,0.3,1
wn-0302:7:158,wn-0302:9:194,TEMPORAL,BEFORE,wn-0302,-1,0.3,1
wn-0302:7:158,wn-0302:10:215,TEMPORAL,BEFORE,wn-0302,-1,0.3,1
wn-0302:7:158,wn-0302:10:242,TEMPORAL,BEFORE,wn-0302,-1,0.3,1
wn-0302:7:171,wn-0302:7:173,TEMPORAL,SIMULTANEOUS,wn-0302,-1,0.5,1
wn-0302:7:171,wn-0302:8:187,TEMPORAL,BEFORE,wn-0302,-1,0.3,1
wn-0302:7:171,wn-0302:9:194,TEMPORAL,BEFORE,wn-0302,-1,0.3,1
wn-0302:7:171,wn-0302:10:215,TEMPORAL,BEFORE,wn-0302,-1,0.3,1
wn-0302:7:171,wn-0302:10:242,TEMPORAL,BEFORE,wn-0302,-1,0.3,1
wn-0302:7:173,wn-0302:8:187,TEMPORAL,BEFORE,wn-0302,-1,0.3,1
wn-0302:7:173,wn-0302:9:194,TEMPORAL,BEFORE,wn-0302,-1,0.3,1
wn-0302:7:173,wn-0302:10:215,TEMPORAL,BEFORE,wn-0302,-1,0.3,1
wn-0302:7:173,wn-0302:10:242,TEMPORAL,BEFORE,wn-0302,-1,0.3,1
wn-0302:8:187,wn-0302:9:194,TEMPORAL,BEFORE,wn-0302,-1,0.75,1
wn-0302:8:187,wn-0302:10:215,TEMPORAL,SIMULTANEOUS,wn-0302,-1,0.9,1
wn-0302:8:187,wn-0302:10:242,TEMPORAL,SIMULTANEOUS,wn-0302,-1,0.9,1
wn-0302:9:194,wn-0302:10:215,TEMPORAL,AFTER,wn-0302,-1,0.75,1
wn-0302:9:194,wn-0302:10:242,TEMPORAL,AFTER,wn-0302,-1,0.75,1
wn-0302:10:215,wn-0302:10:242,TEMPORAL,SIMULTANEOUS,wn-0302,-1,0.9,1
wn-0303:0:13,wn-0303:2:68,TEMPORAL,BEFORE,wn-0303,-1,0.3,1
wn-0303:0:13,wn-0303:3:86,TEMPORAL,BEFORE,wn-0303,-1,0.3,1
wn-0303:0:13,wn-0303:5:131,TEMPORAL,BEFORE,wn-0303,-1,0.3,1
wn-0303:0:13,wn-0303:5:151,TEMPORAL,BEFORE,wn-0303,-1,0.3,1
wn-0303:0:13,wn-0303:8:220,TEMPORAL,BEFORE,wn-0303,-1,0.3,1
wn-0303:0:13,wn-0303:8:228,TEMPORAL,BEFORE,wn-0303,-1,0.3,1
wn-0303:0:13,wn-0303:9:246,TEMPORAL,BEFORE,wn-0303,-1,0.3,1
wn-0303:0:13,wn-0303:9:254,TEMPORAL,BEFORE,wn-0303,-1,0.3,1
wn-0303:0:13,wn-0303:10:262,TEMPORAL,BEFORE,wn-0303,-1,0.3,1
wn-0303:2:68,wn-0303:3:86,TEMPORAL,BEFORE,wn-0303,-1,0.3,1
wn-0303:2:68,wn-0303:5:131,TEMPORAL,BEFORE,wn-0303,-1,0.3,1
wn-0303:2:68,wn-0303:5:151,TEMPORAL,BEFORE,wn-0303,-1,0.3,1
wn-0303:2:68,wn-0303:8:220,TEMPORAL,BEFORE,wn-0303,-1,0.3,1
wn-0303:2:68,wn-0303:8:228,TEMPORAL,BEFORE,wn-0303,-1,0.3,1
wn-0303:2:68,wn-0303:9:246,TEMPORAL,AFTER,wn-0303,-1,0.8,1
wn-0303:2:68,wn-0303:9:254,TEMPORAL,BEFORE,wn-0303,-1,0.3,1
wn-0303:2:68,wn-0303:10:262,TEMPORAL,BEFORE,wn-0303,-1,0.75,1
wn-0303:3:86,wn-0303:5:131,TEMPORAL,BEFORE,wn-0303,-1,0.3,1
wn-0303:3:86,wn-0303:5:151,TEMPORAL,BEFORE,wn-0303,-1,0.3,1
wn-0303:3:86,wn-0303:8:220,TEMPORAL,BEFORE,wn-0303,-1,0.3,1
wn-0303:3:86,wn-0303:8:228,TEMPORAL,BEFORE,wn-0303,-1,0.3,1
wn-0303:3:86,wn-0303:9:246,TEMPORAL,BEFORE,wn-0303,-1,0.3,1
wn-0303:3:86,wn-0303:9:254,TEMPORAL,BEFORE,wn-0303,-1,0.3,1
wn-0303:3:86,wn-0303:10:262,TEMPORAL,BEFORE,wn-0303,-1,0.3,1
wn-0303:5:131,wn-0303:5:151,TEMPORAL,SIMULTANEOUS,wn-0303,-1,0.5,1
wn-0303:5:131,wn-0303:8:220,TEMPORAL,BEFORE,wn-0303,-1,0.3,1
wn-0303:5:131,wn-0303:8:228,TEMPORAL,BEFORE,wn-0303,-1,0.3,1
wn-0303:5:131,wn-0303:9:246,TEMPORAL,BEFORE,wn-0303,-1,0.3,1
wn-0303:5:131,wn-0303:9:254,TEMPORAL,BEFORE,wn-0303,-1,0.3,1
wn-0303:5:131,wn-0303:10:262,TEMPORAL,BEFORE,wn-0303,-1,0.3,1
wn-0303:5:151,wn-0303:8:220,TEMPORAL,BEFORE,wn-0303,-1,0.3,1
wn-0303:5:151,wn-0303:8:228,TEMPORAL,BEFORE,wn-0303,-1,0.3,1
wn-0303:5:151,wn-0303:9:246,TEMPORAL,BEFORE,wn-0303,-1,0.3,1
wn-0303:5:151,wn-0303:9:254,TEMPORAL,BEFORE,wn-0303,-1,0.3,1
wn-0303:5:151,wn-0303:10:262,TEMPORAL,BEFORE,wn-0303,-1,0.3,1
wn-0303:8:220,wn-0303:8:228,TEMPORAL,SIMULTANEOUS,wn-0303,-1,0.5,1
wn-0303:8:220,wn-0303:9:246,TEMPORAL,BEFORE,wn-0303,-1,0.3,1
wn-0303:8:220,wn-0303:9:254,TEMPORAL,BEFORE,wn-0303,-1,0.3,1
wn-0303:8:220,wn-0303:10:262,TEMPORAL,BEFORE,wn-0303,-1,0.3,1
wn-0303:8:228,wn-0303:9:246,TEMPORAL,BEFORE,wn-0303,-1,0.3,1
wn-0303:8:228,wn-0303:9:254,TEMPORAL,BEFORE,wn-0303,-1,0.3,1
wn-0303:8:228,wn-0303:10:262,TEMPORAL,BEFORE,wn-0303,-1,0.3,1
wn-0303:9:246,wn-0303:10:262,TEMPORAL,BEFORE,wn-0303,-1,0.75,1
wn-0303:9:254,wn-0303:10:262,TEMPORAL,BEFORE,wn-0303,-1,0.3,1
wn-0304:0:2,wn-0304:4:100,TEMPORAL,BEFORE,wn-0304,-1,0.3,1
wn-0304:0:2,wn-0304:4:109,TEMPORAL,BEFORE,wn-0304,-1,0.3,1
wn-0304:0:2,wn-0304:4:116,TEMPORAL,BEFORE,wn-0304,-1,0.3,1
wn-0304:0:2,wn-0304:4:95,TEMPORAL,BEFORE,wn-0304,-1,0.3,1
wn-0304:0:2,wn-0304:6:137,TEMPORAL,BEFORE,wn-0304,-1,0.3,1
wn-0304:0:2,wn-0304:8:177,TEMPORAL,BEFORE,wn-0304,-1,0.3,1
wn-0304:0:2,wn-0304:8:184,TEMPORAL,BEFORE,wn-0304,-1,0.3,1
wn-0304:0:2,wn-0304:9:197,TEMPORAL,BEFORE,wn-0304,-1,0.3,1
wn-0304:0:2,wn-0304:10:213,TEMPORAL,BEFORE,wn-0304,-1,0.3,1
wn-0304:0:7,wn-0304:4:100,TEMPORAL,BEFORE,wn-0304,-1,0.3,1
wn-0304:0:7,wn-0304:4:109,TEMPORAL,BEFORE,wn-0304,-1,0.3,1
wn-0304:0:7,wn-0304:4:116,TEMPORAL,BEFORE,wn-0304,-1,0.3,1
wn-0304:0:7,wn-0304:4:95,TEMPORAL,BEFORE,wn-0304,-1,0.3,1
wn-0304:0:7,wn-0304:6:137,TEMPORAL,BEFORE,wn-0304,-1,0.3,1
wn-0304:0:7,wn-0304:8:177,TEMPORAL,BEFORE,wn-0304,-1,0.3,1
wn-0304:0:7,wn-0304:8:184,TEMPORAL,BEFORE,wn-0304,-1,0.3,1
wn-0304:0:7,wn-0304:9:197,TEMPORAL,BEFORE,wn-0304,-1,0.3,1
wn-0304:0:7,wn-0304:10:213,TEMPORAL,BEFORE,wn-0304,-1,0.3,1
wn-0304:4:100,wn-0304:4:109,TEMPORAL,SIMULTANEOUS,wn-0304,-1,0.85,1
wn-0304:4:100,wn-0304:4:116,TEMPORAL,SIMULTANEOUS,wn-0304,-1,0.85,1
wn-0304:4:100,wn-0304:4:95,TEMPORAL,SIMULTANEOUS,wn-0304,-1,0.85,1
wn-0304:4:100,wn-0304:6:137,TEMPORAL,BEFORE,wn-0304,-1,0.3,1
wn-0304:4:100,wn-0304:8:177,TEMPORAL,BEFORE,wn-0304,-1,0.85,1
wn-0304:4:100,wn-0304:8:184,TEMPORAL,BEFORE,wn-0304,-1,0.85,1
wn-0304:4:100,wn-0304:9:197,TEMPORAL,BEFORE,wn-0304,-1,0.75,1
wn-0304:4:100,wn-0304:10:213,TEMPORAL,BEFORE,wn-0304,-1,0.75,1
wn-0304:4:109,wn-0304:4:116,TEMPORAL,SIMULTANEOUS,wn-0304,-1,0.95,1
wn-0304:4:109,wn-0304:4:95,TEMPORAL,SIMULTANEOUS,wn-0304,-1,0.85,1
wn-0304:4:109,wn-0304:6:137,TEMPORAL,BEFORE,wn-0304,-1,0.3,1
wn-0304:4:109,wn-0304:8:177,TEMPORAL,BEFORE,wn-0304,-1,0.9,1
wn-0304:4:109,wn-0304:8:184,TEMPORAL,BEFORE,wn-0304,-1,0.9,1
wn-0304:4:109,wn-0304:9:197,TEMPORAL,BEFORE,wn-0304,-1,0.75,1
wn-0304:4:109,wn-0304:10:213,TEMPORAL,BEFORE,wn-0304,-1,0.75,1
wn-0304:4:116,wn-0304:4:95,TEMPORAL,SIMULTANEOUS,wn-0304,-1,0.85,1
wn-0304:4:116,wn-0304:6:137,TEMPORAL,BEFORE,wn-0304,-1,0.3,1
wn-0304:4:116,wn-0304:8:177,TEMPORAL,BEFORE,wn-0304,-1,0.9,1
wn-0304:4:116,wn-0304:8:184,TEMPORAL,BEFORE,wn-0304,-1,0.9,1
wn-0304:4:116,wn-0304:9:197,TEMPORAL,BEFORE,wn-0304,-1,0.75,1
wn-0304:4:116,wn-0304:10:213,TEMPORAL,BEFORE,wn-0304,-1,0.75,1
wn-0304:4:95,wn-0304:6:137,TEMPORAL,BEFORE,wn-0304,-1,0.3,1
wn-0304:4:95,wn-0304:8:177,TEMPORAL,BEFORE,wn-0304,-1,0.85,1
wn-0304:4:95,wn-0304:8:184,TEMPORAL,BEFORE,wn-0304,-1,0.85,1
wn-0304:4:95,wn-0304:9:197,TEMPORAL,BEFORE,wn-0304,-1,0.75,1
wn-0304:4:95,wn-0304:10:213,TEMPORAL,BEFORE,wn-0304,-1,0.75,1
wn-0304:6:137,wn-0304:8:177,TEMPORAL,BEFORE,wn-0304,-1,0.3,1
wn-0304:6:137,wn-0304:8:184,TEMPORAL,BEFORE,wn-0304,-1,0.3,1
wn-0304:6:137,wn-0304:9:197,TEMPORAL,BEFORE,wn-0304,-1,0.3,1
wn-0304:6:137,wn-0304:10:213,TEMPORAL,BEFORE,wn-0304,-1,0.3,1
wn-0304:8:177,wn-0304:8:184,TEMPORAL,SIMULTANEOUS,wn-0304,-1,0.9,1
wn-0304:8:177,wn-0304:9:197,TEMPORAL,BEFORE,wn-0304,-1,0.75,1
wn-0304:8:177,wn-0304:10:213,TEMPORAL,BEFORE,wn-0304,-1,0.75,1
wn-0304:8:184,wn-0304:9:197,TEMPORAL,BEFORE,wn-0304,-1,0.75,1
wn-0304:8:184,wn-0304:10:213,TEMPORAL,BEFORE,wn-0304,-1,0.75,1
wn-0304:9:197,wn-0304:10:213,TEMPORAL,BEFORE,wn-0304,-1,0.75,1
wn-0305:0:9,wn-0305:1:26,TEMPORAL,BEFORE,wn-0305,-1,0.3,1
wn-0305:0:9,wn-0305:1:29,TEMPORAL,BEFORE,wn-0305,-1,0.3,1
wn-0305:0:9,wn-0305:3:81,TEMPORAL,BEFORE,wn-0305,-1,0.3,1
wn-0305:0:9,wn-0305:3:85,TEMPORAL,BEFORE,wn-0305,-1,0.3,1
wn-0305:0:9,wn-0305:6:116,TEMPORAL,BEFORE,wn-0305,-1,0.3,1
wn-0305:0:9,wn-0305:7:151,TEMPORAL,BEFORE,wn-0305,-1,0.3,1
wn-0305:0:9,wn-0305:7:160,TEMPORAL,BEFORE,wn-0305,-1,0.3,1
wn-0305:0:9,wn-0305:8:183,TEMPORAL,BEFORE,wn-0305,-1,0.3,1
wn-0305:0:9,wn-0305:10:279,TEMPORAL,BEFORE,wn-0305,-1,0.3,1
wn-0305:0:9,wn-0305:11:298,TEMPORAL,BEFORE,wn-0305,-1,0.3,1
wn-0305:1:26,wn-0305:1:29,TEMPORAL,AFTER,wn-0305,-1,0.5,1
wn-0305:1:26,wn-0305:3:81,TEMPORAL,BEFORE,wn-0305,-1,0.3,1
wn-0305:1:26,wn-0305:3:85,TEMPORAL,BEFORE,wn-0305,-1,0.3,1
wn-0305:1:26,wn-0305:6:116,TEMPORAL,BEFORE,wn-0305,-1,0.3,1
wn-0305:1:26,wn-0305:7:151,TEMPORAL,BEFORE,wn-0305,-1,0.3,1
wn-0305:1:26,wn-0305:7:160,TEMPORAL,BEFORE,wn-0305,-1,0.3,1
wn-0305:1:26,wn-0305:8:183,TEMPORAL,BEFORE,wn-0305,-1,0.3,1
wn-0305:1:26,wn-0305:10:279,TEMPORAL,BEFORE,wn-0305,-1,0.3,1
wn-0305:1:26,wn-0305:11:298,TEMPORAL,BEFORE,wn-0305,-1,0.3,1
wn-0305:1:29,wn-0305:3:81,TEMPORAL,BEFORE,wn-0305,-1,0.3,1
wn-0305:1:29,wn-0305:3:85,TEMPORAL,BEFORE,wn-0305,-1,0.3,1
wn-0305:1:29,wn-0305:6:116,TEMPORAL,BEFORE,wn-0305,-1,0.3,1
wn-0305:1:29,wn-0305:7:151,TEMPORAL,BEFORE,wn-0305,-1,0.3,1
wn-0305:1:29,wn-0305:7:160,TEMPORAL,BEFORE,wn-0305,-1,0.3,1
wn-0305:1:29,wn-0305:8:183,TEMPORAL,BEFORE,wn-0305,-1,0.3,1
wn-0305:1:29,wn-0305:10:279,TEMPORAL,BEFORE,wn-0305,-1,0.3,1
wn-0305:1:29,wn-0305:11:298,TEMPORAL,BEFORE,wn-0305,-1,0.3,1
wn-0305:3:81,wn-0305:3:85,TEMPORAL,AFTER,wn-0305,-1,0.5,1
wn-0305:3:81,wn-0305:6:116,TEMPORAL,BEFORE,wn-0305,-1,0.3,1
wn-0305:3:81,wn-0305:7:151,TEMPORAL,BEFORE,wn-0305,-1,0.3,1
wn-0305:3:81,wn-0305:7:160,TEMPORAL,BEFORE,wn-0305,-1,0.3,1
wn-0305:3:81,wn-0305:8:183,TEMPORAL,BEFORE,wn-0305,-1,0.3,1
wn-0305:3:81,wn-0305:10:279,TEMPORAL,BEFORE,wn-0305,-1,0.3,1
wn-0305:3:81,wn-0305:11:298,TEMPORAL,BEFORE,wn-0305,-1,0.3,1
wn-0305:3:85,wn-0305:6:116,TEMPORAL,BEFORE,wn-0305,-1,0.3,1
wn-0305:3:85,wn-0305:7:151,TEMPORAL,BEFORE,wn-0305,-1,0.3,1
wn-0305:3:85,wn-0305:7:160,TEMPORAL,BEFORE,wn-0305,-1,0.3,1
wn-0305:3:85,wn-0305:8:183,TEMPORAL,BEFORE,wn-0305,-1,0.3,1
wn-0305:3:85,wn-0305:10:279,TEMPORAL,BEFORE,wn-0305,-1,0.3,1
wn-0305:3:85,wn-0305:11:298,TEMPORAL,BEFORE,wn-0305,-1,0.3,1
wn-0305:6:116,wn-0305:7:151,TEMPORAL,BEFORE,wn-0305,-1,0.3,1
wn-0305:6:116,wn-0305:7:160,TEMPORAL,BEFORE,wn-0305,-1,0.3,1
wn-0305:6:116,wn-0305:8:183,TEMPORAL,BEFORE,wn-0305,-1,0.3,1
wn-0305:6:116,wn-0305:10:279,TEMPORAL,BEFORE,wn-0305,-1,0.3,1
wn-0305:6:116,wn-0305:11:298,TEMPORAL,BEFORE,wn-0305,-1,0.3,1
wn-0305:7:151,wn-0305:7:160,TEMPORAL,SIMULTANEOUS,wn-0305,-1,0.5,1
wn-0305:7:151,wn-0305:8:183,TEMPORAL,BEFORE,wn-0305,-1,0.3,1
wn-0305:7:151,wn-0305:10:279,TEMPORAL,BEFORE,wn-0305,-1,0.3,1
wn-0305:7:151,wn-0305:11:298,TEMPORAL,BEFORE,wn-0305,-1,0.3,1
wn-0305:7:160,wn-0305:8:183,TEMPORAL,BEFORE,wn-0305,-1,0.3,1
wn-0305:7:160,wn-0305:10:279,TEMPORAL,BEFORE,wn-0305,-1,0.3,1
wn-0305:7:160,wn-0305:11:298,TEMPORAL,BEFORE,wn-0305,-1,0.3,1
wn-0305:8:183,wn-0305:10:279,TEMPORAL,BEFORE,wn-0305,-1,0.3,1
wn-0305:8:183,wn-0305:11:298,TEMPORAL,BEFORE,wn-0305,-1,0.3,1
wn-0305:10:279,wn-0305:11:298,TEMPORAL,BEFORE,wn-0305,-1,0.3,1
wn-0306:0:24,wn-0306:2:110,TEMPORAL,BEFORE,wn-0306,-1,0.3,1
wn-0306:0:24,wn-0306:6:207,TEMPORAL,BEFORE,wn-0306,-1,0.3,1
wn-0306:0:24,wn-0306:7:233,TEMPORAL,BEFORE,wn-0306,-1,0.3,1
wn-0306:0:24,wn-0306:10:285,TEMPORAL,BEFORE,wn-0306,-1,0.3,1
wn-0306:0:24,wn-0306:10:325,TEMPORAL,BEFORE,wn-0306,-1,0.3,1
wn-0306:0:24,wn-0306:11:332,TEMPORAL,BEFORE,wn-0306,-1,0.3,1
wn-0306:0:24,wn-0306:19:494,TEMPORAL,BEFORE,wn-0306,-1,0.3,1
wn-0306:2:110,wn-0306:6:207,TEMPORAL,BEFORE,wn-0306,-1,0.3,1
wn-0306:2:110,wn-0306:7:233,TEMPORAL,BEFORE,wn-0306,-1,0.3,1
wn-0306:2:110,wn-0306:10:285,TEMPORAL,BEFORE,wn-0306,-1,0.3,1
wn-0306:2:110,wn-0306:10:325,TEMPORAL,BEFORE,wn-0306,-1,0.3,1
wn-0306:2:110,wn-0306:11:332,TEMPORAL,BEFORE,wn-0306,-1,0.3,1
wn-0306:2:110,wn-0306:19:494,TEMPORAL,BEFORE,wn-0306,-1,0.3,1
wn-0306:6:207,wn-0306:7:233,TEMPORAL,BEFORE,wn-0306,-1,0.3,1
wn-0306:6:207,wn-0306:10:285,TEMPORAL,BEFORE,wn-0306,-1,0.3,1
wn-0306:6:207,wn-0306:10:325,TEMPORAL,BEFORE,wn-0306,-1,0.3,1
wn-0306:6:207,wn-0306:11:332,TEMPORAL,BEFORE,wn-0306,-1,0.3,1
wn-0306:6:207,wn-0306:19:494,TEMPORAL,BEFORE,wn-0306,-1,0.3,1
wn-0306:7:233,wn-0306:10:285,TEMPORAL,BEFORE,wn-0306,-1,0.3,1
wn-0306:7:233,wn-0306:10:325,TEMPORAL,BEFORE,wn-0306,-1,0.3,1
wn-0306:7:233,wn-0306:11:332,TEMPORAL,BEFORE,wn-0306,-1,0.3,1
wn-0306:7:233,wn-0306:19:494,TEMPORAL,AFTER,wn-0306,-1,0.75,1
wn-0306:10:285,wn-0306:11:332,TEMPORAL,BEFORE,wn-0306,-1,0.3,1
wn-0306:10:285,wn-0306:19:494,TEMPORAL,BEFORE,wn-0306,-1,0.3,1
wn-0306:10:325,wn-0306:11:332,TEMPORAL,BEFORE,wn-0306,-1,0.3,1
wn-0306:10:325,wn-0306:19:494,TEMPORAL,BEFORE,wn-0306,-1,0.3,1
wn-0306:11:332,wn-0306:19:494,TEMPORAL,BEFORE,wn-0306,-1,0.3,1
wn-0307:0:5,wn-0307:3:62,TEMPORAL,BEFORE,wn-0307,-1,0.3,1
wn-0307:0:5,wn-0307:8:172,TEMPORAL,BEFORE,wn-0307,-1,0.3,1
wn-0307:0:5,wn-0307:9:184,TEMPORAL,BEFORE,wn-0307,-1,0.3,1
wn-0307:0:5,wn-0307:13:278,TEMPORAL,BEFORE,wn-0307,-1,0.3,1
wn-0307:0:5,wn-0307:13:289,TEMPORAL,BEFORE,wn-0307,-1,0.3,1
wn-0307:0:5,wn-0307:13:299,TEMPORAL,BEFORE,wn-0307,-1,0.3,1
wn-0307:0:5,wn-0307:14:318,TEMPORAL,BEFORE,wn-0307,-1,0.3,1
wn-0307:0:5,wn-0307:14:327,TEMPORAL,BEFORE,wn-0307,-1,0.3,1
wn-0307:0:5,wn-0307:15:335,TEMPORAL,BEFORE,wn-0307,-1,0.3,1
wn-0307:3:62,wn-0307:8:172,TEMPORAL,BEFORE,wn-0307,-1,0.3,1
wn-0307:3:62,wn-0307:9:184,TEMPORAL,BEFORE,wn-0307,-1,0.3,1
wn-0307:3:62,wn-0307:13:278,TEMPORAL,BEFORE,wn-0307,-1,0.3,1
wn-0307:3:62,wn-0307:13:289,TEMPORAL,BEFORE,wn-0307,-1,0.3,1
wn-0307:3:62,wn-0307:13:299,TEMPORAL,BEFORE,wn-0307,-1,0.3,1
wn-0307:3:62,wn-0307:14:318,TEMPORAL,BEFORE,wn-0307,-1,0.3,1
wn-0307:3:62,wn-0307:14:327,TEMPORAL,BEFORE,wn-0307,-1,0.3,1
wn-0307:3:62,wn-0307:15:335,TEMPORAL,BEFORE,wn-0307,-1,0.3,1
wn-0307:8:172,wn-0307:9:184,TEMPORAL,BEFORE,wn-0307,-1,0.3,1
wn-0307:8:172,wn-0307:13:278,TEMPORAL,BEFORE,wn-0307,-1,0.3,1
wn-0307:8:172,wn-0307:13:289,TEMPORAL,BEFORE,wn-0307,-1,0.3,1
wn-0307:8:172,wn-0307:13:299,TEMPORAL,BEFORE,wn-0307,-1,0.3,1
wn-0307:8:172,wn-0307:14:318,TEMPORAL,BEFORE,wn-0307,-1,0.3,1
wn-0307:8:172,wn-0307:14:327,TEMPORAL,BEFORE,wn-0307,-1,0.3,1
wn-0307:8:172,wn-0307:15:335,TEMPORAL,BEFORE,wn-0307,-1,0.3,1
wn-0307:9:184,wn-0307:13:278,TEMPORAL,BEFORE,wn-0307,-1,0.3,1
wn-0307:9:184,wn-0307:13:289,TEMPORAL,BEFORE,wn-0307,-1,0.3,1
wn-0307:9:184,wn-0307:13:299,TEMPORAL,BEFORE,wn-0307,-1,0.3,1
wn-0307:9:184,wn-0307:14:318,TEMPORAL,BEFORE,wn-0307,-1,0.3,1
wn-0307:9:184,wn-0307:14:327,TEMPORAL,BEFORE,wn-0307,-1,0.3,1
wn-0307:9:184,wn-0307:15:335,TEMPORAL,BEFORE,wn-0307,-1,0.3,1
wn-0307:13:278,wn-0307:13:289,TEMPORAL,SIMULTANEOUS,wn-0307,-1,0.75,1
wn-0307:13:278,wn-0307:13:299,TEMPORAL,SIMULTANEOUS,wn-0307,-1,0.75,1
wn-0307:13:278,wn-0307:14:318,TEMPORAL,AFTER,wn-0307,-1,0.75,1
wn-0307:13:278,wn-0307:14:327,TEMPORAL,AFTER,wn-0307,-1,0.75,1
wn-0307:13:278,wn-0307:15:335,TEMPORAL,BEFORE,wn-0307,-1,0.75,1
wn-0307:13:289,wn-0307:13:299,TEMPORAL,SIMULTANEOUS,wn-0307,-1,0.75,1
wn-0307:13:289,wn-0307:14:318,TEMPORAL,AFTER,wn-0307,-1,0.75,1
wn-0307:13:289,wn-0307:14:327,TEMPORAL,AFTER,wn-0307,-1,0.75,1
wn-0307:13:289,wn-0307:15:335,TEMPORAL,BEFORE,wn-0307,-1,0.75,1
wn-0307:13:299,wn-0307:14:318,TEMPORAL,AFTER,wn-0307,-1,0.75,1
wn-0307:13:299,wn-0307:14:327,TEMPORAL,AFTER,wn-0307,-1,0.75,1
wn-0307:13:299,wn-0307:15:335,TEMPORAL,BEFORE,wn-0307,-1,0.75,1
wn-0307:14:318,wn-0307:14:327,TEMPORAL,SIMULTANEOUS,wn-0307,-1,0.9,1
wn-0307:14:318,wn-0307:15:335,TEMPORAL,BEFORE,wn-0307,-1,0.75,1
wn-0307:14:327,wn-0307:15:335,TEMPORAL,BEFORE,wn-0307,-1,0.75,1
wn-0308:0:5,wn-0308:1:17,TEMPORAL,BEFORE,wn-0308,-1,0.3,1
wn-0308:0:5,wn-0308:1:46,TEMPORAL,BEFORE,wn-0308,-1,0.3,1
wn-0308:0:5,wn-0308:2:68,TEMPORAL,BEFORE,wn-0308,-1,0.3,1
wn-0308:0:5,wn-0308:7:159,TEMPORAL,BEFORE,wn-0308,-1,0.3,1
wn-0308:0:5,wn-0308:7:182,TEMPORAL,BEFORE,wn-0308,-1,0.3,1
wn-0308:0:5,wn-0308:8:203,TEMPORAL,BEFORE,wn-0308,-1,0.3,1
wn-0308:0:5,wn-0308:15:333,TEMPORAL,BEFORE,wn-0308,-1,0.3,1
wn-0308:0:5,wn-0308:18:423,TEMPORAL,BEFORE,wn-0308,-1,0.3,1
wn-0308:0:5,wn-0308:19:432,TEMPORAL,BEFORE,wn-0308,-1,0.3,1
wn-0308:0:5,wn-0308:20:465,TEMPORAL,BEFORE,wn-0308,-1,0.3,1
wn-0308:0:5,wn-0308:20:473,TEMPORAL,BEFORE,wn-0308,-1,0.3,1
wn-0308:0:5,wn-0308:20:488,TEMPORAL,BEFORE,wn-0308,-1,0.3,1
wn-0308:0:5,wn-0308:21:506,TEMPORAL,BEFORE,wn-0308,-1,0.3,1
wn-0308:0:5,wn-0308:25:567,TEMPORAL,BEFORE,wn-0308,-1,0.3,1
wn-0308:0:5,wn-0308:28:619,TEMPORAL,BEFORE,wn-0308,-1,0.3,1
wn-0308:0:5,wn-0308:29:645,TEMPORAL,BEFORE,wn-0308,-1,0.3,1
wn-0308:0:5,wn-0308:29:651,TEMPORAL,BEFORE,wn-0308,-1,0.3,1
wn-0308:0:5,wn-0308:29:654,TEMPORAL,BEFORE,wn-0308,-1,0.3,1
wn-0308:0:5,wn-0308:30:660,TEMPORAL,BEFORE,wn-0308,-1,0.3,1
wn-0308:0:5,wn-0308:30:684,TEMPORAL,BEFORE,wn-0308,-1,0.3,1
wn-0308:0:5,wn-0308:31:710,TEMPORAL,BEFORE,wn-0308,-1,0.3,1
wn-0308:0:5,wn-0308:32:731,TEMPORAL,BEFORE,wn-0308,-1,0.3,1
wn-0308:0:5,wn-0308:33:760,TEMPORAL,BEFORE,wn-0308,-1,0.3,1
wn-0308:0:5,wn-0308:34:776,TEMPORAL,BEFORE,wn-0308,-1,0.3,1
wn-0308:0:5,wn-0308:34:789,TEMPORAL,BEFORE,wn-0308,-1,0.3,1
wn-0308:0:5,wn-0308:34:809,TEMPORAL,BEFORE,wn-0308,-1,0.3,1
wn-0308:1:17,wn-0308:1:46,TEMPORAL,BEFORE,wn-0308,-1,0.6,1
wn-0308:1:17,wn-0308:2:68,TEMPORAL,AFTER,wn-0308,-1,0.75,1
wn-0308:1:17,wn-0308:7:159,TEMPORAL,BEFORE,wn-0308,-1,0.3,1
wn-0308:1:17,wn-0308:7:182,TEMPORAL,BEFORE,wn-0308,-1,0.3,1
wn-0308:1:17,wn-0308:8:203,TEMPORAL,BEFORE,wn-0308,-1,0.8,1
wn-0308:1:17,wn-0308:15:333,TEMPORAL,BEFORE,wn-0308,-1,0.3,1
wn-0308:1:17,wn-0308:18:423,TEMPORAL,BEFORE,wn-0308,-1,0.8,1
wn-0308:1:17,wn-0308:19:432,TEMPORAL,AFTER,wn-0308,-1,0.9,1
wn-0308:1:17,wn-0308:20:465,TEMPORAL,BEFORE,wn-0308,-1,0.3,1
wn-0308:1:17,wn-0308:20:473,TEMPORAL,BEFORE,wn-0308,-1,0.3,1
wn-0308:1:17,wn-0308:20:488,TEMPORAL,BEFORE,wn-0308,-1,0.3,1
wn-0308:1:17,wn-0308:21:506,TEMPORAL,BEFORE,wn-0308,-1,0.3,1
wn-0308:1:17,wn-0308:25:567,TEMPORAL,BEFORE,wn-0308,-1,0.3,1
wn-0308:1:17,wn-0308:28:619,TEMPORAL,AFTER,wn-0308,-1,0.9,1
wn-0308:1:17,wn-0308:29:645,TEMPORAL,AFTER,wn-0308,-1,0.9,1
wn-0308:1:17,wn-0308:29:651,TEMPORAL,AFTER,wn-0308,-1,0.9,1
wn-0308:1:17,wn-0308:29:654,TEMPORAL,AFTER,wn-0308,-1,0.9,1
wn-0308:1:17,wn-0308:30:660,TEMPORAL,BEFORE,wn-0308,-1,0.9,1
wn-0308:1:17,wn-0308:30:684,TEMPORAL,BEFORE,wn-0308,-1,0.9,1
wn-0308:1:17,wn-0308:31:710,TEMPORAL,BEFORE,wn-0308,-1,0.3,1
wn-0308:1:17,wn-0308:32:731,TEMPORAL,BEFORE,wn-0308,-1,0.3,1
wn-0308:1:17,wn-0308:33:760,TEMPORAL,BEFORE,wn-0308,-1,0.3,1
wn-0308:1:17,wn-0308:34:776,TEMPORAL,BEFORE,wn-0308,-1,0.3,1
wn-0308:1:17,wn-0308:34:789,TEMPORAL,BEFORE,wn-0308,-1,0.3,1
wn-0308:1:17,wn-0308:34:809,TEMPORAL,BEFORE,wn-0308,-1,0.3,1
wn-0308:1:46,wn-0308:2:68,TEMPORAL,AFTER,wn-0308,-1,0.6,1
wn-0308:1:46,wn-0308:7:159,TEMPORAL,BEFORE,wn-0308,-1,0.3,1
wn-0308:1:46,wn-0308:7:182,TEMPORAL,BEFORE,wn-0308,-1,0.3,1
wn-0308:1:46,wn-0308:8:203,TEMPORAL,BEFORE,wn-0308,-1,0.6,1
wn-0308:1:46,wn-0308:15:333,TEMPORAL,BEFORE,wn-0308,-1,0.3,1
wn-0308:1:46,wn-0308:18:423,TEMPORAL,BEFORE,wn-0308,-1,0.6,1
wn-0308:1:46,wn-0308:19:432,TEMPORAL,AFTER,wn-0308,-1,0.6,1
wn-0308:1:46,wn-0308:20:465,TEMPORAL,BEFORE,wn-0308,-1,0.3,1
wn-0308:1:46,wn-0308:20:473,TEMPORAL,BEFORE,wn-0308,-1,0.3,1
wn-0308:1:46,wn-0308:20:488,TEMPORAL,BEFORE,wn-0308,-1,0.3,1
wn-0308:1:46,wn-0308:21:506,TEMPORAL,BEFORE,wn-0308,-1,0.3,1
wn-0308:1:46,wn-0308:25:567,TEMPORAL,BEFORE,wn-0308,-1,0.3,1
wn-0308:1:46,wn-0308:28:619,TEMPORAL,AFTER,wn-0308,-1,0.6,1
wn-0308:1:46,wn-0308:29:645,TEMPORAL,AFTER,wn-0308,-1,0.6,1
wn-0308:1:46,wn-0308:29:651,TEMPORAL,AFTER,wn-0308,-1,0.6,1
wn-0308:1:46,wn-0308:29:654,TEMPORAL,AFTER,wn-0308,-1,0.6,1
wn-0308:1:46,wn-0308:30:660,TEMPORAL,SIMULTANEOUS,wn-0308,-1,0.6,1
wn-0308:1:46,wn-0308:30:684,TEMPORAL,SIMULTANEOUS,wn-0308,-1,0.6,1
wn-0308:1:46,wn-0308:31:710,TEMPORAL,BEFORE,wn-0308,-1,0.3,1
wn-0308:1:46,wn-0308:32:731,TEMPORAL,BEFORE,wn-0308,-1,0.3,1
wn-0308:1:46,wn-0308:33:760,TEMPORAL,BEFORE,wn-0308,-1,0.3,1
wn-0308:1:46,wn-0308:34:776,TEMPORAL,BEFORE,wn-0308,-1,0.3,1
wn-0308:1:46,wn-0308:34:789,TEMPORAL,BEFORE,wn-0308,-1,0.3,1
wn-0308:1:46,wn-0308:34:809,TEMPORAL,BEFORE,wn-0308,-1,0.3,1
wn-0308:2:68,wn-0308:7:159,TEMPORAL,BEFORE,wn-0308,-1,0.3,1
wn-0308:2:68,wn-0308:7:182,TEMPORAL,BEFORE,wn-0308,-1,0.3,1
wn-0308:2:68,wn-0308:8:203,TEMPORAL,BEFORE,wn-0308,-1,0.75,1
wn-0308:2:68,wn-0308:15:333,TEMPORAL,BEFORE,wn-0308,-1,0.3,1
wn-0308:2:68,wn-0308:18:423,TEMPORAL,BEFORE,wn-0308,-1,0.75,1
wn-0308:2:68,wn-0308:19:432,TEMPORAL,AFTER,wn-0308,-1,0.75,1
wn-0308:2:68,wn-0308:20:465,TEMPORAL,BEFORE,wn-0308,-1,0.3,1
wn-0308:2:68,wn-0308:20:473,TEMPORAL,BEFORE,wn-0308,-1,0.3,1
wn-0308:2:68,wn-0308:20:488,TEMPORAL,BEFORE,wn-0308,-1,0.3,1
wn-0308:2:68,wn-0308:21:506,TEMPORAL,BEFORE,wn-0308,-1,0.3,1
wn-0308:2:68,wn-0308:25:567,TEMPORAL,BEFORE,wn-0308,-1,0.3,1
wn-0308:2:68,wn-0308:28:619,TEMPORAL,AFTER,wn-0308,-1,0.75,1
wn-0308:2:68,wn-0308:29:645,TEMPORAL,AFTER,wn-0308,-1,0.75,1
wn-0308:2:68,wn-0308:29:651,TEMPORAL,AFTER,wn-0308,-1,0.75,1
wn-0308:2:68,wn-0308:29:654,TEMPORAL,AFTER,wn-0308,-1,0.75,1
wn-0308:2:68,wn-0308:30:660,TEMPORAL,BEFORE,wn-0308,-1,0.75,1
wn-0308:2:68,wn-0308:30:684,TEMPORAL,BEFORE,wn-0308,-1,0.75,1
wn-0308:2:68,wn-0308:31:710,TEMPORAL,BEFORE,wn-0308,-1,0.3,1
wn-0308:2:68,wn-0308:32:731,TEMPORAL,BEFORE,wn-0308,-1,0.3,1
wn-0308:2:68,wn-0308:33:760,TEMPORAL,BEFORE,wn-0308,-1,0.3,1
wn-0308:2:68,wn-0308:34:776,TEMPORAL,BEFORE,wn-0308,-1,0.3,1
wn-0308:2:68,wn-0308:34:789,TEMPORAL,BEFORE,wn-0308,-1,0.3,1
wn-0308:2:68,wn-0308:34:809,TEMPORAL,BEFORE,wn-0308,-1,0.3,1
wn-0308:7:159,wn-0308:7:182,TEMPORAL,BEFORE,wn-0308,-1,0.5,1
wn-0308:7:159,wn-0308:8:203,TEMPORAL,BEFORE,wn-0308,-1,0.3,1
wn-0308:7:159,wn-0308:15:333,TEMPORAL,BEFORE,wn-0308,-1,0.3,1
wn-0308:7:159,wn-0308:18:423,TEMPORAL,BEFORE,wn-0308,-1,0.3,1
wn-0308:7:159,wn-0308:19:432,TEMPORAL,BEFORE,wn-0308,-1,0.3,1
wn-0308:7:159,wn-0308:20:465,TEMPORAL,BEFORE,wn-0308,-1,0.3,1
wn-0308:7:159,wn-0308:20:473,TEMPORAL,BEFORE,wn-0308,-1,0.3,1
wn-0308:7:159,wn-0308:20:488,TEMPORAL,BEFORE,wn-0308,-1,0.3,1
wn-0308:7:159,wn-0308:21:506,TEMPORAL,BEFORE,wn-0308,-1,0.3,1
wn-0308:7:159,wn-0308:25:567,TEMPORAL,BEFORE,wn-0308,-1,0.3,1
wn-0308:7:159,wn-0308:28:619,TEMPORAL,BEFORE,wn-0308,-1,0.3,1
wn-0308:7:159,wn-0308:29:645,TEMPORAL,BEFORE,wn-0308,-1,0.3,1
wn-0308:7:159,wn-0308:29:651,TEMPORAL,BEFORE,wn-0308,-1,0.3,1
wn-0308:7:159,wn-0308:29:654,TEMPORAL,BEFORE,wn-0308,-1,0.3,1
wn-0308:7:159,wn-0308:30:660,TEMPORAL,BEFORE,wn-0308,-1,0.3,1
wn-0308:7:159,wn-0308:30:684,TEMPORAL,BEFORE,wn-0308,-1,0.3,1
wn-0308:7:159,wn-0308:31:710,TEMPORAL,BEFORE,wn-0308,-1,0.3,1
wn-0308:7:159,wn-0308:32:731,TEMPORAL,BEFORE,wn-0308,-1,0.3,1
wn-0308:7:159,wn-0308:33:760,TEMPORAL,BEFORE,wn-0308,-1,0.3,1
wn-0308:7:159,wn-0308:34:776,TEMPORAL,BEFORE,wn-0308,-1,0.3,1
wn-0308:7:159,wn-0308:34:789,TEMPORAL,BEFORE,wn-0308,-1,0.3,1
wn-0308:7:159,wn-0308:34:809,TEMPORAL,BEFORE,wn-0308,-1,0.3,1
wn-0308:7:182,wn-0308:8:203,TEMPORAL,BEFORE,wn-0308,-1,0.3,1
wn-0308:7:182,wn-0308:15:333,TEMPORAL,BEFORE,wn-0308,-1,0.3,1
wn-0308:7:182,wn-0308:18:423,TEMPORAL,BEFORE,wn-0308,-1,0.3,1
wn-0308:7:182,wn-0308:19:432,TEMPORAL,BEFORE,wn-0308,-1,0.3,1
wn-0308:7:182,wn-0308:20:465,TEMPORAL,BEFORE,wn-0308,-1,0.3,1
wn-0308:7:182,wn-0308:20:473,TEMPORAL,BEFORE,wn-0308,-1,0.3,1
wn-0308:7:182,wn-0308:20:488,TEMPORAL,BEFORE,wn-0308,-1,0.3,1
wn-0308:7:182,wn-0308:21:506,TEMPORAL,BEFORE,wn-0308,-1,0.3,1
wn-0308:7:182,wn-0308:25:567,TEMPORAL,BEFORE,wn-0308,-1,0.3,1
wn-0308:7:182,wn-0308:28:619,TEMPORAL,BEFORE,wn-0308,-1,0.3,1
wn-0308:7:182,wn-0308:29:645,TEMPORAL,BEFORE,wn-0308,-1,0.3,1
wn-0308:7:182,wn-0308:29:651,TEMPORAL,BEFORE,wn-0308,-1,0.3,1
wn-0308:7:182,wn-0308:29:654,TEMPORAL,BEFORE,wn-0308,-1,0.3,1
wn-0308:7:182,wn-0308:30:660,TEMPORAL,BEFORE,wn-0308,-1,0.3,1
wn-0308:7:182,wn-0308:30:684,TEMPORAL,BEFORE,wn-0308,-1,0.3,1
wn-0308:7:182,wn-0308:31:710,TEMPORAL,BEFORE,wn-0308,-1,0.3,1
wn-0308:7:182,wn-0308:32:731,TEMPORAL,BEFORE,wn-0308,-1,0.3,1
wn-0308:7:182,wn-0308:33:760,TEMPORAL,BEFORE,wn-0308,-1,0.3,1
wn-0308:7:182,wn-0308:34:776,TEMPORAL,BEFORE,wn-0308,-1,0.3,1
wn-0308:7:182,wn-0308:34:789,TEMPORAL,BEFORE,wn-0308,-1,0.3,1
wn-0308:7:182,wn-0308:34:809,TEMPORAL,BEFORE,wn-0308,-1,0.3,1
wn-0308:8:203,wn-0308:15:333,TEMPORAL,BEFORE,wn-0308,-1,0.3,1
wn-0308:8:203,wn-0308:18:423,TEMPORAL,BEFORE,wn-0308,-1,0.8,1
wn-0308:8:203,wn-0308:19:432,TEMPORAL,AFTER,wn-0308,-1,0.8,1
wn-0308:8:203,wn-0308:20:465,TEMPORAL,BEFORE,wn-0308,-1,0.3,1
wn-0308:8:203,wn-0308:20:473,TEMPORAL,BEFORE,wn-0308,-1,0.3,1
wn-0308:8:203,wn-0308:20:488,TEMPORAL,BEFORE,wn-0308,-1,0.3,1
wn-0308:8:203,wn-0308:21:506,TEMPORAL,BEFORE,wn-0308,-1,0.3,1
wn-0308:8:203,wn-0308:25:567,TEMPORAL,BEFORE,wn-0308,-1,0.3,1
wn-0308:8:203,wn-0308:28:619,TEMPORAL,AFTER,wn-0308,-1,0.8,1
wn-0308:8:203,wn-0308:29:645,TEMPORAL,AFTER,wn-0308,-1,0.8,1
wn-0308:8:203,wn-0308:29:651,TEMPORAL,AFTER,wn-0308,-1,0.8,1
wn-0308:8:203,wn-0308:29:654,TEMPORAL,AFTER,wn-0308,-1,0.8,1
wn-0308:8:203,wn-0308:30:660,TEMPORAL,AFTER,wn-0308,-1,0.8,1
wn-0308:8:203,wn-0308:30:684,TEMPORAL,AFTER,wn-0308,-1,0.8,1
wn-0308:8:203,wn-0308:31:710,TEMPORAL,BEFORE,wn-0308,-1,0.3,1
wn-0308:8:203,wn-0308:32:731,TEMPORAL,BEFORE,wn-0308,-1,0.3,1
wn-0308:8:203,wn-0308:33:760,TEMPORAL,BEFORE,wn-0308,-1,0.3,1
wn-0308:8:203,wn-0308:34:776,TEMPORAL,BEFORE,wn-0308,-1,0.3,1
wn-0308:8:203,wn-0308:34:789,TEMPORAL,BEFORE,wn-0308,-1,0.3,1
wn-0308:8:203,wn-0308:34:809,TEMPORAL,BEFORE,wn-0308,-1,0.3,1
wn-0308:15:333,wn-0308:18:423,TEMPORAL,BEFORE,wn-0308,-1,0.3,1
wn-0308:15:333,wn-0308:19:432,TEMPORAL,BEFORE,wn-0308,-1,0.3,1
wn-0308:15:333,wn-0308:20:465,TEMPORAL,BEFORE,wn-0308,-1,0.3,1
wn-0308:15:333,wn-0308:20:473,TEMPORAL,BEFORE,wn-0308,-1,0.3,1
wn-0308:15:333,wn-0308:20:488,TEMPORAL,BEFORE,wn-0308,-1,0.3,1
wn-0308:15:333,wn-0308:21:506,TEMPORAL,BEFORE,wn-0308,-1,0.3,1
wn-0308:15:333,wn-0308:25:567,TEMPORAL,BEFORE,wn-0308,-1,0.3,1
wn-0308:15:333,wn-0308:28:619,TEMPORAL,BEFORE,wn-0308,-1,0.3,1
wn-0308:15:333,wn-0308:29:645,TEMPORAL,BEFORE,wn-0308,-1,0.3,1
wn-0308:15:333,wn-0308:29:651,TEMPORAL,BEFORE,wn-0308,-1,0.3,1
wn-0308:15:333,wn-0308:29:654,TEMPORAL,BEFORE,wn-0308,-1,0.3,1
wn-0308:15:333,wn-0308:30:660,TEMPORAL,BEFORE,wn-0308,-1,0.3,1
wn-0308:15:333,wn-0308:30:684,TEMPORAL,BEFORE,wn-0308,-1,0.3,1
wn-0308:15:333,wn-0308:31:710,TEMPORAL,BEFORE,wn-0308,-1,0.3,1
wn-0308:15:333,wn-0308:32:731,TEMPORAL,BEFORE,wn-0308,-1,0.3,1
wn-0308:15:333,wn-0308:33:760,TEMPORAL,BEFORE,wn-0308,-1,0.3,1
wn-0308:15:333,wn-0308:34:776,TEMPORAL,BEFORE,wn-0308,-1,0.3,1
wn-0308:15:333,wn-0308:34:789,TEMPORAL,BEFORE,wn-0308,-1,0.3,1
wn-0308:15:333,wn-0308:34:809,TEMPORAL,BEFORE,wn-0308,-1,0.3,1
wn-0308:18:423,wn-0308:19:432,TEMPORAL,AFTER,wn-0308,-1,0.8,1
wn-0308:18:423,wn-0308:20:465,TEMPORAL,BEFORE,wn-0308,-1,0.3,1
wn-0308:18:423,wn-0308:20:473,TEMPORAL,BEFORE,wn-0308,-1,0.3,1
wn-0308:18:423,wn-0308:20:488,TEMPORAL,BEFORE,wn-0308,-1,0.3,1
wn-0308:18:423,wn-0308:21:506,TEMPORAL,BEFORE,wn-0308,-1,0.3,1
wn-0308:18:423,wn-0308:25:567,TEMPORAL,BEFORE,wn-0308,-1,0.3,1
wn-0308:18:423,wn-0308:28:619,TEMPORAL,AFTER,wn-0308,-1,0.8,1
wn-0308:18:423,wn-0308:29:645,TEMPORAL,AFTER,wn-0308,-1,0.8,1
wn-0308:18:423,wn-0308:29:651,TEMPORAL,AFTER,wn-0308,-1,0.8,1
wn-0308:18:423,wn-0308:29:654,TEMPORAL,AFTER,wn-0308,-1,0.8,1
wn-0308:18:423,wn-0308:30:660,TEMPORAL,AFTER,wn-0308,-1,0.8,1
wn-0308:18:423,wn-0308:30:684,TEMPORAL,AFTER,wn-0308,-1,0.8,1
wn-0308:18:423,wn-0308:31:710,TEMPORAL,BEFORE,wn-0308,-1,0.3,1
wn-0308:18:423,wn-0308:32:731,TEMPORAL,BEFORE,wn-0308,-1,0.3,1
wn-0308:18:423,wn-0308:33:760,TEMPORAL,BEFORE,wn-0308,-1,0.3,1
wn-0308:18:423,wn-0308:34:776,TEMPORAL,BEFORE,wn-0308,-1,0.3,1
wn-0308:18:423,wn-0308:34:789,TEMPORAL,BEFORE,wn-0308,-1,0.3,1
wn-0308:18:423,wn-0308:34:809,TEMPORAL,BEFORE,wn-0308,-1,0.3,1
wn-0308:19:432,wn-0308:20:465,TEMPORAL,BEFORE,wn-0308,-1,0.3,1
wn-0308:19:432,wn-0308:20:473,TEMPORAL,BEFORE,wn-0308,-1,0.3,1
wn-0308:19:432,wn-0308:20:488,TEMPORAL,BEFORE,wn-0308,-1,0.3,1
wn-0308:19:432,wn-0308:21:506,TEMPORAL,BEFORE,wn-0308,-1,0.3,1
wn-0308:19:432,wn-0308:25:567,TEMPORAL,BEFORE,wn-0308,-1,0.3,1
wn-0308:19:432,wn-0308:28:619,TEMPORAL,SIMULTANEOUS,wn-0308,-1,0.9,1
wn-0308:19:432,wn-0308:29:645,TEMPORAL,AFTER,wn-0308,-1,0.9,1
wn-0308:19:432,wn-0308:29:651,TEMPORAL,AFTER,wn-0308,-1,0.9,1
wn-0308:19:432,wn-0308:29:654,TEMPORAL,AFTER,wn-0308,-1,0.9,1
wn-0308:19:432,wn-0308:30:660,TEMPORAL,BEFORE,wn-0308,-1,0.9,1
wn-0308:19:432,wn-0308:30:684,TEMPORAL,BEFORE,wn-0308,-1,0.9,1
wn-0308:19:432,wn-0308:31:710,TEMPORAL,BEFORE,wn-0308,-1,0.3,1
wn-0308:19:432,wn-0308:32:731,TEMPORAL,BEFORE,wn-0308,-1,0.3,1
wn-0308:19:432,wn-0308:33:760,TEMPORAL,BEFORE,wn-0308,-1,0.3,1
wn-0308:19:432,wn-0308:34:776,TEMPORAL,BEFORE,wn-0308,-1,0.3,1
wn-0308:19:432,wn-0308:34:789,TEMPORAL,BEFORE,wn-0308,-1,0.3,1
wn-0308:19:432,wn-0308:34:809,TEMPORAL,BEFORE,wn-0308,-1,0.3,1
wn-0308:20:465,wn-0308:20:473,TEMPORAL,SIMULTANEOUS,wn-0308,-1,0.5,1
wn-0308:20:465,wn-0308:20:488,TEMPORAL,SIMULTANEOUS,wn-0308,-1,0.5,1
wn-0308:20:465,wn-0308:21:506,TEMPORAL,BEFORE,wn-0308,-1,0.3,1
wn-0308:20:465,wn-0308:25:567,TEMPORAL,BEFORE,wn-0308,-1,0.3,1
wn-0308:20:465,wn-0308:28:619,TEMPORAL,BEFORE,wn-0308,-1,0.3,1
wn-0308:20:465,wn-0308:29:645,TEMPORAL,BEFORE,wn-0308,-1,0.3,1
wn-0308:20:465,wn-0308:29:651,TEMPORAL,BEFORE,wn-0308,-1,0.3,1
wn-0308:20:465,wn-0308:29:654,TEMPORAL,BEFORE,wn-0308,-1,0.3,1
wn-0308:20:465,wn-0308:30:660,TEMPORAL,BEFORE,wn-0308,-1,0.3,1
wn-0308:20:465,wn-0308:30:684,TEMPORAL,BEFORE,wn-0308,-1,0.3,1
wn-0308:20:465,wn-0308:31:710,TEMPORAL,BEFORE,wn-0308,-1,0.3,1
wn-0308:20:465,wn-0308:32:731,TEMPORAL,BEFORE,wn-0308,-1,0.3,1
wn-0308:20:465,wn-0308:33:760,TEMPORAL,BEFORE,wn-0308,-1,0.3,1
wn-0308:20:465,wn-0308:34:776,TEMPORAL,BEFORE,wn-0308,-1,0.3,1
wn-0308:20:465,wn-0308:34:789,TEMPORAL,BEFORE,wn-0308,-1,0.3,1
wn-0308:20:465,wn-0308:34:809,TEMPORAL,BEFORE,wn-0308,-1,0.3,1
wn-0308:20:473,wn-0308:20:488,TEMPORAL,SIMULTANEOUS,wn-0308,-1,0.5,1
wn-0308:20:473,wn-0308:21:506,TEMPORAL,BEFORE,wn-0308,-1,0.3,1
wn-0308:20:473,wn-0308:25:567,TEMPORAL,BEFORE,wn-0308,-1,0.3,1
wn-0308:20:473,wn-0308:28:619,TEMPORAL,BEFORE,wn-0308,-1,0.3,1
wn-0308:20:473,wn-0308:29:645,TEMPORAL,BEFORE,wn-0308,-1,0.3,1
wn-0308:20:473,wn-0308:29:651,TEMPORAL,BEFORE,wn-0308,-1,0.3,1
wn-0308:20:473,wn-0308:29:654,TEMPORAL,BEFORE,wn-0308,-1,0.3,1
wn-0308:20:473,wn-0308:30:660,TEMPORAL,BEFORE,wn-0308,-1,0.3,1
wn-0308:20:473,wn-0308:30:684,TEMPORAL,BEFORE,wn-0308,-1,0.3,1
wn-0308:20:473,wn-0308:31:710,TEMPORAL,BEFORE,wn-0308,-1,0.3,1
wn-0308:20:473,wn-0308:32:731,TEMPORAL,BEFORE,wn-0308,-1,0.3,1
wn-0308:20:473,wn-0308:33:760,TEMPORAL,BEFORE,wn-0308,-1,0.3,1
wn-0308:20:473,wn-0308:34:776,TEMPORAL,BEFORE,wn-0308,-1,0.3,1
wn-0308:20:473,wn-0308:34:789,TEMPORAL,BEFORE,wn-0308,-1,0.3,1
wn-0308:20:473,wn-0308:34:809,TEMPORAL,BEFORE,wn-0308,-1,0.3,1
wn-0308:20:488,wn-0308:21:506,TEMPORAL,BEFORE,wn-0308,-1,0.3,1
wn-0308:20:488,wn-0308:25:567,TEMPORAL,BEFORE,wn-0308,-1,0.3,1
wn-0308:20:488,wn-0308:28:619,TEMPORAL,BEFORE,wn-0308,-1,0.3,1
wn-0308:20:488,wn-0308:29:645,TEMPORAL,BEFORE,wn-0308,-1,0.3,1
wn-0308:20:488,wn-0308:29:651,TEMPORAL,BEFORE,wn-0308,-1,0.3,1
wn-0308:20:488,wn-0308:29:654,TEMPORAL,BEFORE,wn-0308,-1,0.3,1
wn-0308:20:488,wn-0308:30:660,TEMPORAL,BEFORE,wn-0308,-1,0.3,1
wn-0308:20:488,wn-0308:30:684,TEMPORAL,BEFORE,wn-0308,-1,0.3,1
wn-0308:20:488,wn-0308:31:710,TEMPORAL,BEFORE,wn-0308,-1,0.3,1
wn-0308:20:488,wn-0308:32:731,TEMPORAL,BEFORE,wn-0308,-1,0.3,1
wn-0308:20:488,wn-0308:33:760,TEMPORAL,BEFORE,wn-0308,-1,0.3,1
wn-0308:20:488,wn-0308:34:776,TEMPORAL,BEFORE,wn-0308,-1,0.3,1
wn-0308:20:488,wn-0308:34:789,TEMPORAL,BEFORE,wn-0308,-1,0.3,1
wn-0308:20:488,wn-0308:34:809,TEMPORAL,BEFORE,wn-0308,-1,0.3,1
wn-0308:21:506,wn-0308:25:567,TEMPORAL,BEFORE,wn-0308,-1,0.3,1
wn-0308:21:506,wn-0308:28:619,TEMPORAL,BEFORE,wn-0308,-1,0.3,1
wn-0308:21:506,wn-0308:29:645,TEMPORAL,BEFORE,wn-0308,-1,0.3,1
wn-0308:21:506,wn-0308:29:651,TEMPORAL,BEFORE,wn-0308,-1,0.3,1
wn-0308:21:506,wn-0308:29:654,TEMPORAL,BEFORE,wn-0308,-1,0.3,1
wn-0308:21:506,wn-0308:30:660,TEMPORAL,BEFORE,wn-0308,-1,0.3,1
wn-0308:21:506,wn-0308:30:684,TEMPORAL,BEFORE,wn-0308,-1,0.3,1
wn-0308:21:506,wn-0308:31:710,TEMPORAL,BEFORE,wn-0308,-1,0.3,1
wn-0308:21:506,wn-0308:32:731,TEMPORAL,BEFORE,wn-0308,-1,0.3,1
wn-0308:21:506,wn-0308:33:760,TEMPORAL,BEFORE,wn-0308,-1,0.3,1
wn-0308:21:506,wn-0308:34:776,TEMPORAL,BEFORE,wn-0308,-1,0.3,1
wn-0308:21:506,wn-0308:34:789,TEMPORAL,BEFORE,wn-0308,-1,0.3,1
wn-0308:21:506,wn-0308:34:809,TEMPORAL,BEFORE,wn-0308,-1,0.3,1
wn-0308:25:567,wn-0308:28:619,TEMPORAL,BEFORE,wn-0308,-1,0.3,1
wn-0308:25:567,wn-0308:29:645,TEMPORAL,BEFORE,wn-0308,-1,0.3,1
wn-0308:25:567,wn-0308:29:651,TEMPORAL,BEFORE,wn-0308,-1,0.3,1
wn-0308:25:567,wn-0308:29:654,TEMPORAL,BEFORE,wn-0308,-1,0.3,1
wn-0308:25:567,wn-0308:30:660,TEMPORAL,BEFORE,wn-0308,-1,0.3,1
wn-0308:25:567,wn-0308:30:684,TEMPORAL,BEFORE,wn-0308,-1,0.3,1
wn-0308:25:567,wn-0308:31:710,TEMPORAL,BEFORE,wn-0308,-1,0.3,1
wn-0308:25:567,wn-0308:32:731,TEMPORAL,BEFORE,wn-0308,-1,0.3,1
wn-0308:25:567,wn-0308:33:760,TEMPORAL,BEFORE,wn-0308,-1,0.3,1
wn-0308:25:567,wn-0308:34:776,TEMPORAL,BEFORE,wn-0308,-1,0.3,1
wn-0308:25:567,wn-0308:34:789,TEMPORAL,BEFORE,wn-0308,-1,0.3,1
wn-0308:25:567,wn-0308:34:809,TEMPORAL,BEFORE,wn-0308,-1,0.3,1
wn-0308:28:619,wn-0308:29:645,TEMPORAL,AFTER,wn-0308,-1,0.9,1
wn-0308:28:619,wn-0308:29:651,TEMPORAL,AFTER,wn-0308,-1,0.9,1
wn-0308:28:619,wn-0308:29:654,TEMPORAL,AFTER,wn-0308,-1,0.9,1
wn-0308:28:619,wn-0308:30:660,TEMPORAL,BEFORE,wn-0308,-1,0.9,1
wn-0308:28:619,wn-0308:30:684,TEMPORAL,BEFORE,wn-0308,-1,0.9,1
wn-0308:28:619,wn-0308:31:710,TEMPORAL,BEFORE,wn-0308,-1,0.3,1
wn-0308:28:619,wn-0308:32:731,TEMPORAL,BEFORE,wn-0308,-1,0.3,1
wn-0308:28:619,wn-0308:33:760,TEMPORAL,BEFORE,wn-0308,-1,0.3,1
wn-0308:28:619,wn-0308:34:776,TEMPORAL,BEFORE,wn-0308,-1,0.3,1
wn-0308:28:619,wn-0308:34:789,TEMPORAL,BEFORE,wn-0308,-1,0.3,1
wn-0308:28:619,wn-0308:34:809,TEMPORAL,BEFORE,wn-0308,-1,0.3,1
wn-0308:29:645,wn-0308:29:651,TEMPORAL,SIMULTANEOUS,wn-0308,-1,0.95,1
wn-0308:29:645,wn-0308:29:654,TEMPORAL,SIMULTANEOUS,wn-0308,-1,0.95,1
wn-0308:29:645,wn-0308:30:660,TEMPORAL,BEFORE,wn-0308,-1,0.9,1
wn-0308:29:645,wn-0308:30:684,TEMPORAL,BEFORE,wn-0308,-1,0.9,1
wn-0308:29:645,wn-0308:31:710,TEMPORAL,BEFORE,wn-0308,-1,0.3,1
wn-0308:29:645,wn-0308:32:731,TEMPORAL,BEFORE,wn-0308,-1,0.3,1
wn-0308:29:645,wn-0308:33:760,TEMPORAL,BEFORE,wn-0308,-1,0.3,1
wn-0308:29:645,wn-0308:34:776,TEMPORAL,BEFORE,wn-0308,-1,0.3,1
wn-0308:29:645,wn-0308:34:789,TEMPORAL,BEFORE,wn-0308,-1,0.3,1
wn-0308:29:645,wn-0308:34:809,TEMPORAL,BEFORE,wn-0308,-1,0.3,1
wn-0308:29:651,wn-0308:29:654,TEMPORAL,SIMULTANEOUS,wn-0308,-1,0.95,1
wn-0308:29:651,wn-0308:30:660,TEMPORAL,BEFORE,wn-0308,-1,0.9,1
wn-0308:29:651,wn-0308:30:684,TEMPORAL,BEFORE,wn-0308,-1,0.9,1
wn-0308:29:651,wn-0308:31:710,TEMPORAL,BEFORE,wn-0308,-1,0.3,1
wn-0308:29:651,wn-0308:32:731,TEMPORAL,BEFORE,wn-0308,-1,0.3,1
wn-0308:29:651,wn-0308:33:760,TEMPORAL,BEFORE,wn-0308,-1,0.3,1
wn-0308:29:651,wn-0308:34:776,TEMPORAL,BEFORE,wn-0308,-1,0.3,1
wn-0308:29:651,wn-0308:34:789,TEMPORAL,BEFORE,wn-0308,-1,0.3,1
wn-0308:29:651,wn-0308:34:809,TEMPORAL,BEFORE,wn-0308,-1,0.3,1
wn-0308:29:654,wn-0308:30:660,TEMPORAL,BEFORE,wn-0308,-1,0.9,1
wn-0308:29:654,wn-0308:30:684,TEMPORAL,BEFORE,wn-0308,-1,0.9,1
wn-0308:29:654,wn-0308:31:710,TEMPORAL,BEFORE,wn-0308,-1,0.3,1
wn-0308:29:654,wn-0308:32:731,TEMPORAL,BEFORE,wn-0308,-1,0.3,1
wn-0308:29:654,wn-0308:33:760,TEMPORAL,BEFORE,wn-0308,-1,0.3,1
wn-0308:29:654,wn-0308:34:776,TEMPORAL,BEFORE,wn-0308,-1,0.3,1
wn-0308:29:654,wn-0308:34:789,TEMPORAL,BEFORE,wn-0308,-1,0.3,1
wn-0308:29:654,wn-0308:34:809,TEMPORAL,BEFORE,wn-0308,-1,0.3,1
wn-0308:30:660,wn-0308:30:684,TEMPORAL,SIMULTANEOUS,wn-0308,-1,0.9,1
wn-0308:30:660,wn-0308:31:710,TEMPORAL,BEFORE,wn-0308,-1,0.3,1
wn-0308:30:660,wn-0308:32:731,TEMPORAL,BEFORE,wn-0308,-1,0.3,1
wn-0308:30:660,wn-0308:33:760,TEMPORAL,BEFORE,wn-0308,-1,0.3,1
wn-0308:30:660,wn-0308:34:776,TEMPORAL,BEFORE,wn-0308,-1,0.3,1
wn-0308:30:660,wn-0308:34:789,TEMPORAL,BEFORE,wn-0308,-1,0.3,1
wn-0308:30:660,wn-0308:34:809,TEMPORAL,BEFORE,wn-0308,-1,0.3,1
wn-0308:30:684,wn-0308:31:710,TEMPORAL,BEFORE,wn-0308,-1,0.3,1
wn-0308:30:684,wn-0308:32:731,TEMPORAL,BEFORE,wn-0308,-1,0.3,1
wn-0308:30:684,wn-0308:33:760,TEMPORAL,BEFORE,wn-0308,-1,0.3,1
wn-0308:30:684,wn-0308:34:776,TEMPORAL,BEFORE,wn-0308,-1,0.3,1
wn-0308:30:684,wn-0308:34:789,TEMPORAL,BEFORE,wn-0308,-1,0.3,1
wn-0308:30:684,wn-0308:34:809,TEMPORAL,BEFORE,wn-0308,-1,0.3,1
wn-0308:31:710,wn-0308:32:731,TEMPORAL,BEFORE,wn-0308,-1,0.3,1
wn-0308:31:710,wn-0308:33:760,TEMPORAL,BEFORE,wn-0308,-1,0.3,1
wn-0308:31:710,wn-0308:34:776,TEMPORAL,BEFORE,wn-0308,-1,0.3,1
wn-0308:31:710,wn-0308:34:789,TEMPORAL,BEFORE,wn-0308,-1,0.3,1
wn-0308:31:710,wn-0308:34:809,TEMPORAL,BEFORE,wn-0308,-1,0.3,1
wn-0308:32:731,wn-0308:33:760,TEMPORAL,BEFORE,wn-0308,-1,0.3,1
wn-0308:32:731,wn-0308:34:776,TEMPORAL,BEFORE,wn-0308,-1,0.3,1
wn-0308:32:731,wn-0308:34:789,TEMPORAL,BEFORE,wn-0308,-1,0.3,1
wn-0308:32:731,wn-0308:34:809,TEMPORAL,BEFORE,wn-0308,-1,0.3,1
wn-0308:33:760,wn-0308:34:776,TEMPORAL,BEFORE,wn-0308,-1,0.3,1
wn-0308:33:760,wn-0308:34:789,TEMPORAL,BEFORE,wn-0308,-1,0.3,1
wn-0308:33:760,wn-0308:34:809,TEMPORAL,BEFORE,wn-0308,-1,0.3,1
wn-0309:0:6,wn-0309:1:35,TEMPORAL,BEFORE,wn-0309,-1,0.3,1
wn-0309:0:6,wn-0309:2:44,TEMPORAL,BEFORE,wn-0309,-1,0.3,1
wn-0309:0:6,wn-0309:7:150,TEMPORAL,BEFORE,wn-0309,-1,0.3,1
wn-0309:0:6,wn-0309:8:158,TEMPORAL,BEFORE,wn-0309,-1,0.3,1
wn-0309:0:6,wn-0309:8:164,TEMPORAL,BEFORE,wn-0309,-1,0.3,1
wn-0309:0:6,wn-0309:8:174,TEMPORAL,BEFORE,wn-0309,-1,0.3,1
wn-0309:0:6,wn-0309:9:191,TEMPORAL,BEFORE,wn-0309,-1,0.3,1
wn-0309:1:35,wn-0309:2:44,TEMPORAL,BEFORE,wn-0309,-1,0.3,1
wn-0309:1:35,wn-0309:7:150,TEMPORAL,BEFORE,wn-0309,-1,0.3,1
wn-0309:1:35,wn-0309:8:158,TEMPORAL,BEFORE,wn-0309,-1,0.3,1
wn-0309:1:35,wn-0309:8:164,TEMPORAL,BEFORE,wn-0309,-1,0.3,1
wn-0309:1:35,wn-0309:8:174,TEMPORAL,BEFORE,wn-0309,-1,0.3,1
wn-0309:1:35,wn-0309:9:191,TEMPORAL,BEFORE,wn-0309,-1,0.3,1
wn-0309:2:44,wn-0309:7:150,TEMPORAL,BEFORE,wn-0309,-1,0.3,1
wn-0309:2:44,wn-0309:8:158,TEMPORAL,BEFORE,wn-0309,-1,0.3,1
wn-0309:2:44,wn-0309:8:164,TEMPORAL,BEFORE,wn-0309,-1,0.3,1
wn-0309:2:44,wn-0309:8:174,TEMPORAL,BEFORE,wn-0309,-1,0.3,1
wn-0309:2:44,wn-0309:9:191,TEMPORAL,BEFORE,wn-0309,-1,0.3,1
wn-0309:7:150,wn-0309:8:158,TEMPORAL,BEFORE,wn-0309,-1,0.3,1
wn-0309:7:150,wn-0309:8:164,TEMPORAL,BEFORE,wn-0309,-1,0.3,1
wn-0309:7:150,wn-0309:8:174,TEMPORAL,BEFORE,wn-0309,-1,0.3,1
wn-0309:7:150,wn-0309:9:191,TEMPORAL,BEFORE,wn-0309,-1,0.3,1
wn-0309:8:158,wn-0309:8:164,TEMPORAL,SIMULTANEOUS,wn-0309,-1,0.9,1
wn-0309:8:158,wn-0309:8:174,TEMPORAL,AFTER,wn-0309,-1,0.9,1
wn-0309:8:158,wn-0309:9:191,TEMPORAL,BEFORE,wn-0309,-1,0.3,1
wn-0309:8:164,wn-0309:8:174,TEMPORAL,AFTER,wn-0309,-1,0.9,1
wn-0309:8:164,wn-0309:9:191,TEMPORAL,BEFORE,wn-0309,-1,0.3,1
wn-0309:8:174,wn-0309:9:191,TEMPORAL,BEFORE,wn-0309,-1,0.3,1
wn-0311:0:5,wn-0311:6:142,TEMPORAL,BEFORE,wn-0311,-1,0.3,1
wn-0311:0:5,wn-0311:7:160,TEMPORAL,BEFORE,wn-0311,-1,0.3,1
wn-0311:0:5,wn-0311:12:262,TEMPORAL,BEFORE,wn-0311,-1,0.3,1
wn-0311:0:5,wn-0311:12:270,TEMPORAL,BEFORE,wn-0311,-1,0.3,1
wn-0311:0:5,wn-0311:14:300,TEMPORAL,BEFORE,wn-0311,-1,0.3,1
wn-0311:0:5,wn-0311:15:312,TEMPORAL,BEFORE,wn-0311,-1,0.3,1
wn-0311:0:5,wn-0311:17:355,TEMPORAL,BEFORE,wn-0311,-1,0.3,1
wn-0311:0:5,wn-0311:19:394,TEMPORAL,BEFORE,wn-0311,-1,0.3,1
wn-0311:0:5,wn-0311:23:462,TEMPORAL,BEFORE,wn-0311,-1,0.3,1
wn-0311:0:5,wn-0311:24:470,TEMPORAL,BEFORE,wn-0311,-1,0.3,1
wn-0311:0:5,wn-0311:25:485,TEMPORAL,BEFORE,wn-0311,-1,0.3,1
wn-0311:0:5,wn-0311:29:576,TEMPORAL,BEFORE,wn-0311,-1,0.3,1
wn-0311:0:5,wn-0311:29:583,TEMPORAL,BEFORE,wn-0311,-1,0.3,1
wn-0311:0:5,wn-0311:31:617,TEMPORAL,BEFORE,wn-0311,-1,0.3,1
wn-0311:0:5,wn-0311:31:623,TEMPORAL,BEFORE,wn-0311,-1,0.3,1
wn-0311:0:5,wn-0311:31:627,TEMPORAL,BEFORE,wn-0311,-1,0.3,1
wn-0311:0:5,wn-0311:32:671,TEMPORAL,BEFORE,wn-0311,-1,0.3,1
wn-0311:0:5,wn-0311:34:711,TEMPORAL,BEFORE,wn-0311,-1,0.3,1
wn-0311:0:5,wn-0311:37:790,TEMPORAL,BEFORE,wn-0311,-1,0.3,1
wn-0311:0:5,wn-0311:38:798,TEMPORAL,BEFORE,wn-0311,-1,0.3,1
wn-0311:0:5,wn-0311:50:1028,TEMPORAL,BEFORE,wn-0311,-1,0.3,1
wn-0311:0:5,wn-0311:50:1039,TEMPORAL,BEFORE,wn-0311,-1,0.3,1
wn-0311:0:5,wn-0311:52:1065,TEMPORAL,BEFORE,wn-0311,-1,0.3,1
wn-0311:0:5,wn-0311:52:1075,TEMPORAL,BEFORE,wn-0311,-1,0.3,1
wn-0311:0:5,wn-0311:55:1155,TEMPORAL,BEFORE,wn-0311,-1,0.3,1
wn-0311:0:5,wn-0311:56:1180,TEMPORAL,BEFORE,wn-0311,-1,0.3,1
wn-0311:0:5,wn-0311:60:1271,TEMPORAL,BEFORE,wn-0311,-1,0.3,1
wn-0311:0:5,wn-0311:61:1299,TEMPORAL,BEFORE,wn-0311,-1,0.3,1
wn-0311:0:5,wn-0311:65:1379,TEMPORAL,BEFORE,wn-0311,-1,0.3,1
wn-0311:0:5,wn-0311:66:1399,TEMPORAL,BEFORE,wn-0311,-1,0.3,1
wn-0311:0:5,wn-0311:66:1404,TEMPORAL,BEFORE,wn-0311,-1,0.3,1
wn-0311:0:5,wn-0311:68:1452,TEMPORAL,BEFORE,wn-0311,-1,0.3,1
wn-0311:0:5,wn-0311:68:1473,TEMPORAL,BEFORE,wn-0311,-1,0.3,1
wn-0311:0:5,wn-0311:68:1478,TEMPORAL,BEFORE,wn-0311,-1,0.3,1
wn-0311:0:5,wn-0311:69:1485,TEMPORAL,BEFORE,wn-0311,-1,0.3,1
wn-0311:0:5,wn-0311:69:1503,TEMPORAL,BEFORE,wn-0311,-1,0.3,1
wn-0311:0:5,wn-0311:72:1558,TEMPORAL,BEFORE,wn-0311,-1,0.3,1
wn-0311:0:5,wn-0311:74:1597,TEMPORAL,BEFORE,wn-0311,-1,0.3,1
wn-0311:0:5,wn-0311:74:1606,TEMPORAL,BEFORE,wn-0311,-1,0.3,1
wn-0311:6:142,wn-0311:7:160,TEMPORAL,BEFORE,wn-0311,-1,0.3,1
wn-0311:6:142,wn-0311:12:262,TEMPORAL,BEFORE,wn-0311,-1,0.3,1
wn-0311:6:142,wn-0311:12:270,TEMPORAL,BEFORE,wn-0311,-1,0.3,1
wn-0311:6:142,wn-0311:14:300,TEMPORAL,BEFORE,wn-0311,-1,0.3,1
wn-0311:6:142,wn-0311:15:312,TEMPORAL,BEFORE,wn-0311,-1,0.3,1
wn-0311:6:142,wn-0311:17:355,TEMPORAL,BEFORE,wn-0311,-1,0.3,1
wn-0311:6:142,wn-0311:19:394,TEMPORAL,BEFORE,wn-0311,-1,0.3,1
wn-0311:6:142,wn-0311:23:462,TEMPORAL,BEFORE,wn-0311,-1,0.3,1
wn-0311:6:142,wn-0311:24:470,TEMPORAL,BEFORE,wn-0311,-1,0.3,1
wn-0311:6:142,wn-0311:25:485,TEMPORAL,BEFORE,wn-0311,-1,0.3,1
wn-0311:6:142,wn-0311:29:576,TEMPORAL,BEFORE,wn-0311,-1,0.3,1
wn-0311:6:142,wn-0311:29:583,TEMPORAL,BEFORE,wn-0311,-1,0.3,1
wn-0311:6:142,wn-0311:31:617,TEMPORAL,BEFORE,wn-0311,-1,0.3,1
wn-0311:6:142,wn-0311:31:623,TEMPORAL,BEFORE,wn-0311,-1,0.3,1
wn-0311:6:142,wn-0311:31:627,TEMPORAL,BEFORE,wn-0311,-1,0.3,1
wn-0311:6:142,wn-0311:32:671,TEMPORAL,BEFORE,wn-0311,-1,0.3,1
wn-0311:6:142,wn-0311:34:711,TEMPORAL,BEFORE,wn-0311,-1,0.3,1
wn-0311:6:142,wn-0311:37:790,TEMPORAL,BEFORE,wn-0311,-1,0.3,1
wn-0311:6:142,wn-0311:38:798,TEMPORAL,BEFORE,wn-0311,-1,0.3,1
wn-0311:6:142,wn-0311:50:1028,TEMPORAL,BEFORE,wn-0311,-1,0.3,1
wn-0311:6:142,wn-0311:50:1039,TEMPORAL,BEFORE,wn-0311,-1,0.3,1
wn-0311:6:142,wn-0311:52:1065,TEMPORAL,BEFORE,wn-0311,-1,0.3,1
wn-0311:6:142,wn-0311:52:1075,TEMPORAL,BEFORE,wn-0311,-1,0.3,1
wn-0311:6:142,wn-0311:55:1155,TEMPORAL,BEFORE,wn-0311,-1,0.3,1
wn-0311:6:142,wn-0311:56:1180,TEMPORAL,BEFORE,wn-0311,-1,0.3,1
wn-0311:6:142,wn-0311:60:1271,TEMPORAL,BEFORE,wn-0311,-1,0.3,1
wn-0311:6:142,wn-0311:61:1299,TEMPORAL,BEFORE,wn-0311,-1,0.3,1
wn-0311:6:142,wn-0311:65:1379,TEMPORAL,BEFORE,wn-0311,-1,0.3,1
wn-0311:6:142,wn-0311:66:1399,TEMPORAL,BEFORE,wn-0311,-1,0.3,1
wn-0311:6:142,wn-0311:66:1404,TEMPORAL,BEFORE,wn-0311,-1,0.3,1
wn-0311:6:142,wn-0311:68:1452,TEMPORAL,BEFORE,wn-0311,-1,0.3,1
wn-0311:6:142,wn-0311:68:1473,TEMPORAL,BEFORE,wn-0311,-1,0.3,1
wn-0311:6:142,wn-0311:68:1478,TEMPORAL,BEFORE,wn-0311,-1,0.3,1
wn-0311:6:142,wn-0311:69:1485,TEMPORAL,BEFORE,wn-0311,-1,0.3,1
wn-0311:6:142,wn-0311:69:1503,TEMPORAL,BEFORE,wn-0311,-1,0.3,1
wn-0311:6:142,wn-0311:72:1558,TEMPORAL,BEFORE,wn-0311,-1,0.3,1
wn-0311:6:142,wn-0311:74:1597,TEMPORAL,BEFORE,wn-0311,-1,0.3,1
wn-0311:6:142,wn-0311:74:1606,TEMPORAL,BEFORE,wn-0311,-1,0.3,1
wn-0311:7:160,wn-0311:12:262,TEMPORAL,BEFORE,wn-0311,-1,0.3,1
wn-0311:7:160,wn-0311:12:270,TEMPORAL,BEFORE,wn-0311,-1,0.3,1
wn-0311:7:160,wn-0311:14:300,TEMPORAL,BEFORE,wn-0311,-1,0.3,1
wn-0311:7:160,wn-0311:15:312,TEMPORAL,BEFORE,wn-0311,-1,0.3,1
wn-0311:7:160,wn-0311:17:355,TEMPORAL,BEFORE,wn-0311,-1,0.3,1
wn-0311:7:160,wn-0311:19:394,TEMPORAL,BEFORE,wn-0311,-1,0.3,1
wn-0311:7:160,wn-0311:23:462,TEMPORAL,BEFORE,wn-0311,-1,0.3,1
wn-0311:7:160,wn-0311:24:470,TEMPORAL,BEFORE,wn-0311,-1,0.3,1
wn-0311:7:160,wn-0311:25:485,TEMPORAL,BEFORE,wn-0311,-1,0.3,1
wn-0311:7:160,wn-0311:29:576,TEMPORAL,BEFORE,wn-0311,-1,0.3,1
wn-0311:7:160,wn-0311:29:583,TEMPORAL,BEFORE,wn-0311,-1,0.3,1
wn-0311:7:160,wn-0311:31:617,TEMPORAL,BEFORE,wn-0311,-1,0.3,1
wn-0311:7:160,wn-0311:31:623,TEMPORAL,BEFORE,wn-0311,-1,0.3,1
wn-0311:7:160,wn-0311:31:627,TEMPORAL,BEFORE,wn-0311,-1,0.3,1
wn-0311:7:160,wn-0311:32:671,TEMPORAL,BEFORE,wn-0311,-1,0.3,1
wn-0311:7:160,wn-0311:34:711,TEMPORAL,BEFORE,wn-0311,-1,0.3,1
wn-0311:7:160,wn-0311:37:790,TEMPORAL,BEFORE,wn-0311,-1,0.3,1
wn-0311:7:160,wn-0311:38:798,TEMPORAL,BEFORE,wn-0311,-1,0.3,1
wn-0311:7:160,wn-0311:50:1028,TEMPORAL,BEFORE,wn-0311,-1,0.3,1
wn-0311:7:160,wn-0311:50:1039,TEMPORAL,BEFORE,wn-0311,-1,0.3,1
wn-0311:7:160,wn-0311:52:1065,TEMPORAL,BEFORE,wn-0311,-1,0.3,1
wn-0311:7:160,wn-0311:52:1075,TEMPORAL,BEFORE,wn-0311,-1,0.3,1
wn-0311:7:160,wn-0311:55:1155,TEMPORAL,BEFORE,wn-0311,-1,0.3,1
wn-0311:7:160,wn-0311:56:1180,TEMPORAL,BEFORE,wn-0311,-1,0.3,1
wn-0311:7:160,wn-0311:60:1271,TEMPORAL,BEFORE,wn-0311,-1,0.3,1
wn-0311:7:160,wn-0311:61:1299,TEMPORAL,BEFORE,wn-0311,-1,0.3,1
wn-0311:7:160,wn-0311:65:1379,TEMPORAL,BEFORE,wn-0311,-1,0.3,1
wn-0311:7:160,wn-0311:66:1399,TEMPORAL,BEFORE,wn-0311,-1,0.3,1
wn-0311:7:160,wn-0311:66:1404,TEMPORAL,BEFORE,wn-0311,-1,0.3,1
wn-0311:7:160,wn-0311:68:1452,TEMPORAL,BEFORE,wn-0311,-1,0.3,1
wn-0311:7:160,wn-0311:68:1473,TEMPORAL,BEFORE,wn-0311,-1,0.3,1
wn-0311:7:160,wn-0311:68:1478,TEMPORAL,BEFORE,wn-0311,-1,0.3,1
wn-0311:7:160,wn-0311:69:1485,TEMPORAL,BEFORE,wn-0311,-1,0.3,1
wn-0311:7:160,wn-0311:69:1503,TEMPORAL,BEFORE,wn-0311,-1,0.3,1
wn-0311:7:160,wn-0311:72:1558,TEMPORAL,BEFORE,wn-0311,-1,0.3,1
wn-0311:7:160,wn-0311:74:1597,TEMPORAL,BEFORE,wn-0311,-1,0.3,1
wn-0311:7:160,wn-0311:74:1606,TEMPORAL,BEFORE,wn-0311,-1,0.3,1
wn-0311:12:262,wn-0311:12:270,TEMPORAL,SIMULTANEOUS,wn-0311,-1,0.8,1
wn-0311:12:262,wn-0311:14:300,TEMPORAL,BEFORE,wn-0311,-1,0.3,1
wn-0311:12:262,wn-0311:15:312,TEMPORAL,BEFORE,wn-0311,-1,0.3,1
wn-0311:12:262,wn-0311:17:355,TEMPORAL,BEFORE,wn-0311,-1,0.3,1
wn-0311:12:262,wn-0311:19:394,TEMPORAL,BEFORE,wn-0311,-1,0.8,1
wn-0311:12:262,wn-0311:23:462,TEMPORAL,AFTER,wn-0311,-1,0.8,1
wn-0311:12:262,wn-0311:24:470,TEMPORAL,BEFORE,wn-0311,-1,0.3,1
wn-0311:12:262,wn-0311:25:485,TEMPORAL,BEFORE,wn-0311,-1,0.3,1
wn-0311:12:262,wn-0311:29:576,TEMPORAL,BEFORE,wn-0311,-1,0.8,1
wn-0311:12:262,wn-0311:29:583,TEMPORAL,BEFORE,wn-0311,-1,0.8,1
wn-0311:12:262,wn-0311:31:617,TEMPORAL,BEFORE,wn-0311,-1,0.3,1
wn-0311:12:262,wn-0311:31:623,TEMPORAL,BEFORE,wn-0311,-1,0.3,1
wn-0311:12:262,wn-0311:31:627,TEMPORAL,BEFORE,wn-0311,-1,0.3,1
wn-0311:12:262,wn-0311:32:671,TEMPORAL,BEFORE,wn-0311,-1,0.3,1
wn-0311:12:262,wn-0311:34:711,TEMPORAL,AFTER,wn-0311,-1,0.8,1
wn-0311:12:262,wn-0311:37:790,TEMPORAL,BEFORE,wn-0311,-1,0.3,1
wn-0311:12:262,wn-0311:38:798,TEMPORAL,BEFORE,wn-0311,-1,0.8,1
wn-0311:12:262,wn-0311:50:1028,TEMPORAL,BEFORE,wn-0311,-1,0.8,1
wn-0311:12:262,wn-0311:50:1039,TEMPORAL,BEFORE,wn-0311,-1,0.8,1
wn-0311:12:262,wn-0311:52:1065,TEMPORAL,BEFORE,wn-0311,-1,0.3,1
wn-0311:12:262,wn-0311:52:1075,TEMPORAL,BEFORE,wn-0311,-1,0.3,1
wn-0311:12:262,wn-0311:55:1155,TEMPORAL,BEFORE,wn-0311,-1,0.3,1
wn-0311:12:262,wn-0311:56:1180,TEMPORAL,BEFORE,wn-0311,-1,0.3,1
wn-0311:12:262,wn-0311:60:1271,TEMPORAL,BEFORE,wn-0311,-1,0.3,1
wn-0311:12:262,wn-0311:61:1299,TEMPORAL,BEFORE,wn-0311,-1,0.3,1
wn-0311:12:262,wn-0311:65:1379,TEMPORAL,BEFORE,wn-0311,-1,0.3,1
wn-0311:12:262,wn-0311:66:1399,TEMPORAL,BEFORE,wn-0311,-1,0.3,1
wn-0311:12:262,wn-0311:66:1404,TEMPORAL,BEFORE,wn-0311,-1,0.3,1
wn-0311:12:262,wn-0311:68:1452,TEMPORAL,BEFORE,wn-0311,-1,0.3,1
wn-0311:12:262,wn-0311:68:1473,TEMPORAL,BEFORE,wn-0311,-1,0.3,1
wn-0311:12:262,wn-0311:68:1478,TEMPORAL,BEFORE,wn-0311,-1,0.3,1
wn-0311:12:262,wn-0311:69:1485,TEMPORAL,BEFORE,wn-0311,-1,0.3,1
wn-0311:12:262,wn-0311:69:1503,TEMPORAL,BEFORE,wn-0311,-1,0.3,1
wn-0311:12:262,wn-0311:72:1558,TEMPORAL,BEFORE,wn-0311,-1,0.3,1
wn-0311:12:262,wn-0311:74:1597,TEMPORAL,BEFORE,wn-0311,-1,0.3,1
wn-0311:12:262,wn-0311:74:1606,TEMPORAL,BEFORE,wn-0311,-1,0.3,1
wn-0311:12:270,wn-0311:14:300,TEMPORAL,BEFORE,wn-0311,-1,0.3,1
wn-0311:12:270,wn-0311:15:312,TEMPORAL,BEFORE,wn-0311,-1,0.3,1
wn-0311:12:270,wn-0311:17:355,TEMPORAL,BEFORE,wn-0311,-1,0.3,1
wn-0311:12:270,wn-0311:19:394,TEMPORAL,BEFORE,wn-0311,-1,0.8,1
wn-0311:12:270,wn-0311:23:462,TEMPORAL,AFTER,wn-0311,-1,0.8,1
wn-0311:12:270,wn-0311:24:470,TEMPORAL,BEFORE,wn-0311,-1,0.3,1
wn-0311:12:270,wn-0311:25:485,TEMPORAL,BEFORE,wn-0311,-1,0.3,1
wn-0311:12:270,wn-0311:29:576,TEMPORAL,BEFORE,wn-0311,-1,0.8,1
wn-0311:12:270,wn-0311:29:583,TEMPORAL,BEFORE,wn-0311,-1,0.8,1
wn-0311:12:270,wn-0311:31:617,TEMPORAL,BEFORE,wn-0311,-1,0.3,1
wn-0311:12:270,wn-0311:31:623,TEMPORAL,BEFORE,wn-0311,-1,0.3,1
wn-0311:12:270,wn-0311:31:627,TEMPORAL,BEFORE,wn-0311,-1,0.3,1
wn-0311:12:270,wn-0311:32:671,TEMPORAL,BEFORE,wn-0311,-1,0.3,1
wn-0311:12:270,wn-0311:34:711,TEMPORAL,AFTER,wn-0311,-1,0.8,1
wn-0311:12:270,wn-0311:37:790,TEMPORAL,BEFORE,wn-0311,-1,0.3,1
wn-0311:12:270,wn-0311:38:798,TEMPORAL,BEFORE,wn-0311,-1,0.8,1
wn-0311:12:270,wn-0311:50:1028,TEMPORAL,BEFORE,wn-0311,-1,0.8,1
wn-0311:12:270,wn-0311:50:1039,TEMPORAL,BEFORE,wn-0311,-1,0.8,1
wn-0311:12:270,wn-0311:52:1065,TEMPORAL,BEFORE,wn-0311,-1,0.3,1
wn-0311:12:270,wn-0311:52:1075,TEMPORAL,BEFORE,wn-0311,-1,0.3,1
wn-0311:12:270,wn-0311:55:1155,TEMPORAL,BEFORE,wn-0311,-1,0.3,1
wn-0311:12:270,wn-0311:56:1180,TEMPORAL,BEFORE,wn-0311,-1,0.3,1
wn-0311:12:270,wn-0311:60:1271,TEMPORAL,BEFORE,wn-0311,-1,0.3,1
wn-0311:12:270,wn-0311:61:1299,TEMPORAL,BEFORE,wn-0311,-1,0.3,1
wn-0311:12:270,wn-0311:65:1379,TEMPORAL,BEFORE,wn-0311,-1,0.3,1
wn-0311:12:270,wn-0311:66:1399,TEMPORAL,BEFORE,wn-0311,-1,0.3,1
wn-0311:12:270,wn-0311:66:1404,TEMPORAL,BEFORE,wn-0311,-1,0.3,1
wn-0311:12:270,wn-0311:68:1452,TEMPORAL,BEFORE,wn-0311,-1,0.3,1
wn-0311:12:270,wn-0311:68:1473,TEMPORAL,BEFORE,wn-0311,-1,0.3,1
wn-0311:12:270,wn-0311:68:1478,TEMPORAL,BEFORE,wn-0311,-1,0.3,1
wn-0311:12:270,wn-0311:69:1485,TEMPORAL,BEFORE,wn-0311,-1,0.3,1
wn-0311:12:270,wn-0311:69:1503,TEMPORAL,BEFORE,wn-0311,-1,0.3,1
wn-0311:12:270,wn-0311:72:1558,TEMPORAL,BEFORE,wn-0311,-1,0.3,1
wn-0311:12:270,wn-0311:74:1597,TEMPORAL,BEFORE,wn-0311,-1,0.3,1
wn-0311:12:270,wn-0311:74:1606,TEMPORAL,BEFORE,wn-0311,-1,0.3,1
wn-0311:14:300,wn-0311:15:312,TEMPORAL,BEFORE,wn-0311,-1,0.3,1
wn-0311:14:300,wn-0311:17:355,TEMPORAL,BEFORE,wn-0311,-1,0.3,1
wn-0311:14:300,wn-0311:19:394,TEMPORAL,BEFORE,wn-0311,-1,0.3,1
wn-0311:14:300,wn-0311:23:462,TEMPORAL,BEFORE,wn-0311,-1,0.3,1
wn-0311:14:300,wn-0311:24:470,TEMPORAL,BEFORE,wn-0311,-1,0.3,1
wn-0311:14:300,wn-0311:25:485,TEMPORAL,BEFORE,wn-0311,-1,0.3,1
wn-0311:14:300,wn-0311:29:576,TEMPORAL,BEFORE,wn-0311,-1,0.3,1
wn-0311:14:300,wn-0311:29:583,TEMPORAL,BEFORE,wn-0311,-1,0.3,1
wn-0311:14:300,wn-0311:31:617,TEMPORAL,BEFORE,wn-0311,-1,0.3,1
wn-0311:14:300,wn-0311:31:623,TEMPORAL,BEFORE,wn-0311,-1,0.3,1
wn-0311:14:300,wn-0311:31:627,TEMPORAL,BEFORE,wn-0311,-1,0.3,1
wn-0311:14:300,wn-0311:32:671,TEMPORAL,BEFORE,wn-0311,-1,0.3,1
wn-0311:14:300,wn-0311:34:711,TEMPORAL,BEFORE,wn-0311,-1,0.3,1
wn-0311:14:300,wn-0311:37:790,TEMPORAL,BEFORE,wn-0311,-1,0.3,1
wn-0311:14:300,wn-0311:38:798,TEMPORAL,BEFORE,wn-0311,-1,0.3,1
wn-0311:14:300,wn-0311:50:1028,TEMPORAL,BEFORE,wn-0311,-1,0.3,1
wn-0311:14:300,wn-0311:50:1039,TEMPORAL,BEFORE,wn-0311,-1,0.3,1
wn-0311:14:300,wn-0311:52:1065,TEMPORAL,BEFORE,wn-0311,-1,0.3,1
wn-0311:14:300,wn-0311:52:1075,TEMPORAL,BEFORE,wn-0311,-1,0.3,1
wn-0311:14:300,wn-0311:55:1155,TEMPORAL,BEFORE,wn-0311,-1,0.3,1
wn-0311:14:300,wn-0311:56:1180,TEMPORAL,BEFORE,wn-0311,-1,0.3,1
wn-0311:14:300,wn-0311:60:1271,TEMPORAL,BEFORE,wn-0311,-1,0.3,1
wn-0311:14:300,wn-0311:61:1299,TEMPORAL,BEFORE,wn-0311,-1,0.3,1
wn-0311:14:300,wn-0311:65:1379,TEMPORAL,BEFORE,wn-0311,-1,0.3,1
wn-0311:14:300,wn-0311:66:1399,TEMPORAL,BEFORE,wn-0311,-1,0.3,1
wn-0311:14:300,wn-0311:66:1404,TEMPORAL,BEFORE,wn-0311,-1,0.3,1
wn-0311:14:300,wn-0311:68:1452,TEMPORAL,BEFORE,wn-0311,-1,0.3,1
wn-0311:14:300,wn-0311:68:1473,TEMPORAL,BEFORE,wn-0311,-1,0.3,1
wn-0311:14:300,wn-0311:68:1478,TEMPORAL,BEFORE,wn-0311,-1,0.3,1
wn-0311:14:300,wn-0311:69:1485,TEMPORAL,BEFORE,wn-0311,-1,0.3,1
wn-0311:14:300,wn-0311:69:1503,TEMPORAL,BEFORE,wn-0311,-1,0.3,1
wn-0311:14:300,wn-0311:72:1558,TEMPORAL,BEFORE,wn-0311,-1,0.3,1
wn-0311:14:300,wn-0311:74:1597,TEMPORAL,BEFORE,wn-0311,-1,0.3,1
wn-0311:14:300,wn-0311:74:1606,TEMPORAL,BEFORE,wn-0311,-1,0.3,1
wn-0311:15:312,wn-0311:17:355,TEMPORAL,BEFORE,wn-0311,-1,0.3,1
wn-0311:15:312,wn-0311:19:394,TEMPORAL,BEFORE,wn-0311,-1,0.3,1
wn-0311:15:312,wn-0311:23:462,TEMPORAL,BEFORE,wn-0311,-1,0.3,1
wn-0311:15:312,wn-0311:24:470,TEMPORAL,BEFORE,wn-0311,-1,0.3,1
wn-0311:15:312,wn-0311:25:485,TEMPORAL,BEFORE,wn-0311,-1,0.3,1
wn-0311:15:312,wn-0311:29:576,TEMPORAL,BEFORE,wn-0311,-1,0.3,1
wn-0311:15:312,wn-0311:29:583,TEMPORAL,BEFORE,wn-0311,-1,0.3,1
wn-0311:15:312,wn-0311:31:617,TEMPORAL,BEFORE,wn-0311,-1,0.3,1
wn-0311:15:312,wn-0311:31:623,TEMPORAL,BEFORE,wn-0311,-1,0.3,1
wn-0311:15:312,wn-0311:31:627,TEMPORAL,BEFORE,wn-0311,-1,0.3,1
wn-0311:15:312,wn-0311:32:671,TEMPORAL,BEFORE,wn-0311,-1,0.3,1
wn-0311:15:312,wn-0311:34:711,TEMPORAL,BEFORE,wn-0311,-1,0.3,1
wn-0311:15:312,wn-0311:37:790,TEMPORAL,BEFORE,wn-0311,-1,0.3,1
wn-0311:15:312,wn-0311:38:798,TEMPORAL,BEFORE,wn-0311,-1,0.3,1
wn-0311:15:312,wn-0311:50:1028,TEMPORAL,BEFORE,wn-0311,-1,0.3,1
wn-0311:15:312,wn-0311:50:1039,TEMPORAL,BEFORE,wn-0311,-1,0.3,1
wn-0311:15:312,wn-0311:52:1065,TEMPORAL,BEFORE,wn-0311,-1,0.3,1
wn-0311:15:312,wn-0311:52:1075,TEMPORAL,BEFORE,wn-0311,-1,0.3,1
wn-0311:15:312,wn-0311:55:1155,TEMPORAL,BEFORE,wn-0311,-1,0.3,1
wn-0311:15:312,wn-0311:56:1180,TEMPORAL,BEFORE,wn-0311,-1,0.3,1
wn-0311:15:312,wn-0311:60:1271,TEMPORAL,BEFORE,wn-0311,-1,0.3,1
wn-0311:15:312,wn-0311:61:1299,TEMPORAL,BEFORE,wn-0311,-1,0.3,1
wn-0311:15:312,wn-0311:65:1379,TEMPORAL,BEFORE,wn-0311,-1,0.3,1
wn-0311:15:312,wn-0311:66:1399,TEMPORAL,BEFORE,wn-0311,-1,0.3,1
wn-0311:15:312,wn-0311:66:1404,TEMPORAL,BEFORE,wn-0311,-1,0.3,1
wn-0311:15:312,wn-0311:68:1452,TEMPORAL,BEFORE,wn-0311,-1,0.3,1
wn-0311:15:312,wn-0311:68:1473,TEMPORAL,BEFORE,wn-0311,-1,0.3,1
wn-0311:15:312,wn-0311:68:1478,TEMPORAL,BEFORE,wn-0311,-1,0.3,1
wn-0311:15:312,wn-0311:69:1485,TEMPORAL,BEFORE,wn-0311,-1,0.3,1
wn-0311:15:312,wn-0311:69:1503,TEMPORAL,BEFORE,wn-0311,-1,0.3,1
wn-0311:15:312,wn-0311:72:1558,TEMPORAL,BEFORE,wn-0311,-1,0.3,1
wn-0311:15:312,wn-0311:74:1597,TEMPORAL,BEFORE,wn-0311,-1,0.3,1
wn-0311:15:312,wn-0311:74:1606,TEMPORAL,BEFORE,wn-0311,-1,0.3,1
wn-0311:17:355,wn-0311:19:394,TEMPORAL,BEFORE,wn-0311,-1,0.3,1
wn-0311:17:355,wn-0311:23:462,TEMPORAL,BEFORE,wn-0311,-1,0.3,1
wn-0311:17:355,wn-0311:24:470,TEMPORAL,BEFORE,wn-0311,-1,0.3,1
wn-0311:17:355,wn-0311:25:485,TEMPORAL,BEFORE,wn-0311,-1,0.3,1
wn-0311:17:355,wn-0311:29:576,TEMPORAL,BEFORE,wn-0311,-1,0.3,1
wn-0311:17:355,wn-0311:29:583,TEMPORAL,BEFORE,wn-0311,-1,0.3,1
wn-0311:17:355,wn-0311:31:617,TEMPORAL,BEFORE,wn-0311,-1,0.3,1
wn-0311:17:355,wn-0311:31:623,TEMPORAL,BEFORE,wn-0311,-1,0.3,1
wn-0311:17:355,wn-0311:31:627,TEMPORAL,BEFORE,wn-0311,-1,0.3,1
wn-0311:17:355,wn-0311:32:671,TEMPORAL,BEFORE,wn-0311,-1,0.3,1
wn-0311:17:355,wn-0311:34:711,TEMPORAL,BEFORE,wn-0311,-1,0.3,1
wn-0311:17:355,wn-0311:37:790,TEMPORAL,BEFORE,wn-0311,-1,0.3,1
wn-0311:17:355,wn-0311:38:798,TEMPORAL,BEFORE,wn-0311,-1,0.3,1
wn-0311:17:355,wn-0311:50:1028,TEMPORAL,BEFORE,wn-0311,-1,0.3,1
wn-0311:17:355,wn-0311:50:1039,TEMPORAL,BEFORE,wn-0311,-1,0.3,1
wn-0311:17:355,wn-0311:52:1065,TEMPORAL,BEFORE,wn-0311,-1,0.3,1
wn-0311:17:355,wn-0311:52:1075,TEMPORAL,BEFORE,wn-0311,-1,0.3,1
wn-0311:17:355,wn-0311:55:1155,TEMPORAL,BEFORE,wn-0311,-1,0.3,1
wn-0311:17:355,wn-0311:56:1180,TEMPORAL,BEFORE,wn-0311,-1,0.3,1
wn-0311:17:355,wn-0311:60:1271,TEMPORAL,BEFORE,wn-0311,-1,0.3,1
wn-0311:17:355,wn-0311:61:1299,TEMPORAL,BEFORE,wn-0311,-1,0.3,1
wn-0311:17:355,wn-0311:65:1379,TEMPORAL,BEFORE,wn-0311,-1,0.3,1
wn-0311:17:355,wn-0311:66:1399,TEMPORAL,BEFORE,wn-0311,-1,0.3,1
wn-0311:17:355,wn-0311:66:1404,TEMPORAL,BEFORE,wn-0311,-1,0.3,1
wn-0311:17:355,wn-0311:68:1452,TEMPORAL,BEFORE,wn-0311,-1,0.3,1
wn-0311:17:355,wn-0311:68:1473,TEMPORAL,BEFORE,wn-0311,-1,0.3,1
wn-0311:17:355,wn-0311:68:1478,TEMPORAL,BEFORE,wn-0311,-1,0.3,1
wn-0311:17:355,wn-0311:69:1485,TEMPORAL,BEFORE,wn-0311,-1,0.3,1
wn-0311:17:355,wn-0311:69:1503,TEMPORAL,BEFORE,wn-0311,-1,0.3,1
wn-0311:17:355,wn-0311:72:1558,TEMPORAL,BEFORE,wn-0311,-1,0.3,1
wn-0311:17:355,wn-0311:74:1597,TEMPORAL,BEFORE,wn-0311,-1,0.3,1
wn-0311:17:355,wn-0311:74:1606,TEMPORAL,BEFORE,wn-0311,-1,0.3,1
wn-0311:19:394,wn-0311:23:462,TEMPORAL,AFTER,wn-0311,-1,0.85,1
wn-0311:19:394,wn-0311:24:470,TEMPORAL,BEFORE,wn-0311,-1,0.3,1
wn-0311:19:394,wn-0311:25:485,TEMPORAL,BEFORE,wn-0311,-1,0.3,1
wn-0311:19:394,wn-0311:29:576,TEMPORAL,AFTER,wn-0311,-1,0.8,1
wn-0311:19:394,wn-0311:29:583,TEMPORAL,AFTER,wn-0311,-1,0.8,1
wn-0311:19:394,wn-0311:31:617,TEMPORAL,BEFORE,wn-0311,-1,0.3,1
wn-0311:19:394,wn-0311:31:623,TEMPORAL,BEFORE,wn-0311,-1,0.3,1
wn-0311:19:394,wn-0311:31:627,TEMPORAL,BEFORE,wn-0311,-1,0.3,1
wn-0311:19:394,wn-0311:32:671,TEMPORAL,BEFORE,wn-0311,-1,0.3,1
wn-0311:19:394,wn-0311:34:711,TEMPORAL,AFTER,wn-0311,-1,0.85,1
wn-0311:19:394,wn-0311:37:790,TEMPORAL,BEFORE,wn-0311,-1,0.3,1
wn-0311:19:394,wn-0311:38:798,TEMPORAL,AFTER,wn-0311,-1,0.8,1
wn-0311:19:394,wn-0311:50:1028,TEMPORAL,AFTER,wn-0311,-1,0.8,1
wn-0311:19:394,wn-0311:50:1039,TEMPORAL,AFTER,wn-0311,-1,0.8,1
wn-0311:19:394,wn-0311:52:1065,TEMPORAL,BEFORE,wn-0311,-1,0.3,1
wn-0311:19:394,wn-0311:52:1075,TEMPORAL,BEFORE,wn-0311,-1,0.3,1
wn-0311:19:394,wn-0311:55:1155,TEMPORAL,BEFORE,wn-0311,-1,0.3,1
wn-0311:19:394,wn-0311:56:1180,TEMPORAL,BEFORE,wn-0311,-1,0.3,1
wn-0311:19:394,wn-0311:60:1271,TEMPORAL,BEFORE,wn-0311,-1,0.3,1
wn-0311:19:394,wn-0311:61:1299,TEMPORAL,BEFORE,wn-0311,-1,0.3,1
wn-0311:19:394,wn-0311:65:1379,TEMPORAL,BEFORE,wn-0311,-1,0.3,1
wn-0311:19:394,wn-0311:66:1399,TEMPORAL,BEFORE,wn-0311,-1,0.3,1
wn-0311:19:394,wn-0311:66:1404,TEMPORAL,BEFORE,wn-0311,-1,0.3,1
wn-0311:19:394,wn-0311:68:1452,TEMPORAL,BEFORE,wn-0311,-1,0.3,1
wn-0311:19:394,wn-0311:68:1473,TEMPORAL,BEFORE,wn-0311,-1,0.3,1
wn-0311:19:394,wn-0311:68:1478,TEMPORAL,BEFORE,wn-0311,-1,0.3,1
wn-0311:19:394,wn-0311:69:1485,TEMPORAL,BEFORE,wn-0311,-1,0.3,1
wn-0311:19:394,wn-0311:69:1503,TEMPORAL,BEFORE,wn-0311,-1,0.3,1
wn-0311:19:394,wn-0311:72:1558,TEMPORAL,BEFORE,wn-0311,-1,0.3,1
wn-0311:19:394,wn-0311:74:1597,TEMPORAL,BEFORE,wn-0311,-1,0.3,1
wn-0311:19:394,wn-0311:74:1606,TEMPORAL,BEFORE,wn-0311,-1,0.3,1
wn-0311:23:462,wn-0311:24:470,TEMPORAL,BEFORE,wn-0311,-1,0.3,1
wn-0311:23:462,wn-0311:25:485,TEMPORAL,BEFORE,wn-0311,-1,0.3,1
wn-0311:23:462,wn-0311:29:576,TEMPORAL,BEFORE,wn-0311,-1,0.8,1
wn-0311:23:462,wn-0311:29:583,TEMPORAL,BEFORE,wn-0311,-1,0.8,1
wn-0311:23:462,wn-0311:31:617,TEMPORAL,BEFORE,wn-0311,-1,0.3,1
wn-0311:23:462,wn-0311:31:623,TEMPORAL,BEFORE,wn-0311,-1,0.3,1
wn-0311:23:462,wn-0311:31:627,TEMPORAL,BEFORE,wn-0311,-1,0.3,1
wn-0311:23:462,wn-0311:32:671,TEMPORAL,BEFORE,wn-0311,-1,0.3,1
wn-0311:23:462,wn-0311:34:711,TEMPORAL,AFTER,wn-0311,-1,0.9,1
wn-0311:23:462,wn-0311:37:790,TEMPORAL,BEFORE,wn-0311,-1,0.3,1
wn-0311:23:462,wn-0311:38:798,TEMPORAL,BEFORE,wn-0311,-1,0.8,1
wn-0311:23:462,wn-0311:50:1028,TEMPORAL,BEFORE,wn-0311,-1,0.8,1
wn-0311:23:462,wn-0311:50:1039,TEMPORAL,BEFORE,wn-0311,-1,0.8,1
wn-0311:23:462,wn-0311:52:1065,TEMPORAL,BEFORE,wn-0311,-1,0.3,1
wn-0311:23:462,wn-0311:52:1075,TEMPORAL,BEFORE,wn-0311,-1,0.3,1
wn-0311:23:462,wn-0311:55:1155,TEMPORAL,BEFORE,wn-0311,-1,0.3,1
wn-0311:23:462,wn-0311:56:1180,TEMPORAL,BEFORE,wn-0311,-1,0.3,1
wn-0311:23:462,wn-0311:60:1271,TEMPORAL,BEFORE,wn-0311,-1,0.3,1
wn-0311:23:462,wn-0311:61:1299,TEMPORAL,BEFORE,wn-0311,-1,0.3,1
wn-0311:23:462,wn-0311:65:1379,TEMPORAL,BEFORE,wn-0311,-1,0.3,1
wn-0311:23:462,wn-0311:66:1399,TEMPORAL,BEFORE,wn-0311,-1,0.3,1
wn-0311:23:462,wn-0311:66:1404,TEMPORAL,BEFORE,wn-0311,-1,0.3,1
wn-0311:23:462,wn-0311:68:1452,TEMPORAL,BEFORE,wn-0311,-1,0.3,1
wn-0311:23:462,wn-0311:68:1473,TEMPORAL,BEFORE,wn-0311,-1,0.3,1
wn-0311:23:462,wn-0311:68:1478,TEMPORAL,BEFORE,wn-0311,-1,0.3,1
wn-0311:23:462,wn-0311:69:1485,TEMPORAL,BEFORE,wn-0311,-1,0.3,1
wn-0311:23:462,wn-0311:69:1503,TEMPORAL,BEFORE,wn-0311,-1,0.3,1
wn-0311:23:462,wn-0311:72:1558,TEMPORAL,BEFORE,wn-0311,-1,0.3,1
wn-0311:23:462,wn-0311:74:1597,TEMPORAL,BEFORE,wn-0311,-1,0.3,1
wn-0311:23:462,wn-0311:74:1606,TEMPORAL,BEFORE,wn-0311,-1,0.3,1
wn-0311:24:470,wn-0311:25:485,TEMPORAL,BEFORE,wn-0311,-1,0.3,1
wn-0311:24:470,wn-0311:29:576,TEMPORAL,BEFORE,wn-0311,-1,0.3,1
wn-0311:24:470,wn-0311:29:583,TEMPORAL,BEFORE,wn-0311,-1,0.3,1
wn-0311:24:470,wn-0311:31:617,TEMPORAL,BEFORE,wn-0311,-1,0.3,1
wn-0311:24:470,wn-0311:31:623,TEMPORAL,BEFORE,wn-0311,-1,0.3,1
wn-0311:24:470,wn-0311:31:627,TEMPORAL,BEFORE,wn-0311,-1,0.3,1
wn-0311:24:470,wn-0311:32:671,TEMPORAL,BEFORE,wn-0311,-1,0.3,1
wn-0311:24:470,wn-0311:34:711,TEMPORAL,BEFORE,wn-0311,-1,0.3,1
wn-0311:24:470,wn-0311:37:790,TEMPORAL,BEFORE,wn-0311,-1,0.3,1
wn-0311:24:470,wn-0311:38:798,TEMPORAL,BEFORE,wn-0311,-1,0.3,1
wn-0311:24:470,wn-0311:50:1028,TEMPORAL,BEFORE,wn-0311,-1,0.3,1
wn-0311:24:470,wn-0311:50:1039,TEMPORAL,BEFORE,wn-0311,-1,0.3,1
wn-0311:24:470,wn-0311:52:1065,TEMPORAL,BEFORE,wn-0311,-1,0.3,1
wn-0311:24:470,wn-0311:52:1075,TEMPORAL,BEFORE,wn-0311,-1,0.3,1
wn-0311:24:470,wn-0311:55:1155,TEMPORAL,BEFORE,wn-0311,-1,0.3,1
wn-0311:24:470,wn-0311:56:1180,TEMPORAL,BEFORE,wn-0311,-1,0.3,1
wn-0311:24:470,wn-0311:60:1271,TEMPORAL,BEFORE,wn-0311,-1,0.3,1
wn-0311:24:470,wn-0311:61:1299,TEMPORAL,BEFORE,wn-0311,-1,0.3,1
wn-0311:24:470,wn-0311:65:1379,TEMPORAL,BEFORE,wn-0311,-1,0.3,1
wn-0311:24:470,wn-0311:66:1399,TEMPORAL,BEFORE,wn-0311,-1,0.3,1
wn-0311:24:470,wn-0311:66:1404,TEMPORAL,BEFORE,wn-0311,-1,0.3,1
wn-0311:24:470,wn-0311:68:1452,TEMPORAL,BEFORE,wn-0311,-1,0.3,1
wn-0311:24:470,wn-0311:68:1473,TEMPORAL,BEFORE,wn-0311,-1,0.3,1
wn-0311:24:470,wn-0311:68:1478,TEMPORAL,BEFORE,wn-0311,-1,0.3,1
wn-0311:24:470,wn-0311:69:1485,TEMPORAL,BEFORE,wn-0311,-1,0.3,1
wn-0311:24:470,wn-0311:69:1503,TEMPORAL,BEFORE,wn-0311,-1,0.3,1
wn-0311:24:470,wn-0311:72:1558,TEMPORAL,BEFORE,wn-0311,-1,0.3,1
wn-0311:24:470,wn-0311:74:1597,TEMPORAL,BEFORE,wn-0311,-1,0.3,1
wn-0311:24:470,wn-0311:74:1606,TEMPORAL,BEFORE,wn-0311,-1,0.3,1
wn-0311:25:485,wn-0311:29:576,TEMPORAL,BEFORE,wn-0311,-1,0.3,1
wn-0311:25:485,wn-0311:29:583,TEMPORAL,BEFORE,wn-0311,-1,0.3,1
wn-0311:25:485,wn-0311:31:617,TEMPORAL,BEFORE,wn-0311,-1,0.3,1
wn-0311:25:485,wn-0311:31:623,TEMPORAL,BEFORE,wn-0311,-1,0.3,1
wn-0311:25:485,wn-0311:31:627,TEMPORAL,BEFORE,wn-0311,-1,0.3,1
wn-0311:25:485,wn-0311:32:671,TEMPORAL,BEFORE,wn-0311,-1,0.3,1
wn-0311:25:485,wn-0311:34:711,TEMPORAL,BEFORE,wn-0311,-1,0.3,1
wn-0311:25:485,wn-0311:37:790,TEMPORAL,BEFORE,wn-0311,-1,0.3,1
wn-0311:25:485,wn-0311:38:798,TEMPORAL,BEFORE,wn-0311,-1,0.3,1
wn-0311:25:485,wn-0311:50:1028,TEMPORAL,BEFORE,wn-0311,-1,0.3,1
wn-0311:25:485,wn-0311:50:1039,TEMPORAL,BEFORE,wn-0311,-1,0.3,1
wn-0311:25:485,wn-0311:52:1065,TEMPORAL,BEFORE,wn-0311,-1,0.3,1
wn-0311:25:485,wn-0311:52:1075,TEMPORAL,BEFORE,wn-0311,-1,0.3,1
wn-0311:25:485,wn-0311:55:1155,TEMPORAL,BEFORE,wn-0311,-1,0.3,1
wn-0311:25:485,wn-0311:56:1180,TEMPORAL,BEFORE,wn-0311,-1,0.3,1
wn-0311:25:485,wn-0311:60:1271,TEMPORAL,BEFORE,wn-0311,-1,0.3,1
wn-0311:25:485,wn-0311:61:1299,TEMPORAL,BEFORE,wn-0311,-1,0.3,1
wn-0311:25:485,wn-0311:65:1379,TEMPORAL,BEFORE,wn-0311,-1,0.3,1
wn-0311:25:485,wn-0311:66:1399,TEMPORAL,BEFORE,wn-0311,-1,0.3,1
wn-0311:25:485,wn-0311:66:1404,TEMPORAL,BEFORE,wn-0311,-1,0.3,1
wn-0311:25:485,wn-0311:68:1452,TEMPORAL,BEFORE,wn-0311,-1,0.3,1
wn-0311:25:485,wn-0311:68:1473,TEMPORAL,BEFORE,wn-0311,-1,0.3,1
wn-0311:25:485,wn-0311:68:1478,TEMPORAL,BEFORE,wn-0311,-1,0.3,1
wn-0311:25:485,wn-0311:69:1485,TEMPORAL,BEFORE,wn-0311,-1,0.3,1
wn-0311:25:485,wn-0311:69:1503,TEMPORAL,BEFORE,wn-0311,-1,0.3,1
wn-0311:25:485,wn-0311:72:1558,TEMPORAL,BEFORE,wn-0311,-1,0.3,1
wn-0311:25:485,wn-0311:74:1597,TEMPORAL,BEFORE,wn-0311,-1,0.3,1
wn-0311:25:485,wn-0311:74:1606,TEMPORAL,BEFORE,wn-0311,-1,0.3,1
wn-0311:29:576,wn-0311:29:583,TEMPORAL,SIMULTANEOUS,wn-0311,-1,0.8,1
wn-0311:29:576,wn-0311:31:617,TEMPORAL,BEFORE,wn-0311,-1,0.3,1
wn-0311:29:576,wn-0311:31:623,TEMPORAL,BEFORE,wn-0311,-1,0.3,1
wn-0311:29:576,wn-0311:31:627,TEMPORAL,BEFORE,wn-0311,-1,0.3,1
wn-0311:29:576,wn-0311:32:671,TEMPORAL,BEFORE,wn-0311,-1,0.3,1
wn-0311:29:576,wn-0311:34:711,TEMPORAL,AFTER,wn-0311,-1,0.8,1
wn-0311:29:576,wn-0311:37:790,TEMPORAL,BEFORE,wn-0311,-1,0.3,1
wn-0311:29:576,wn-0311:38:798,TEMPORAL,BEFORE,wn-0311,-1,0.8,1
wn-0311:29:576,wn-0311:50:1028,TEMPORAL,BEFORE,wn-0311,-1,0.8,1
wn-0311:29:576,wn-0311:50:1039,TEMPORAL,BEFORE,wn-0311,-1,0.8,1
wn-0311:29:576,wn-0311:52:1065,TEMPORAL,BEFORE,wn-0311,-1,0.3,1
wn-0311:29:576,wn-0311:52:1075,TEMPORAL,BEFORE,wn-0311,-1,0.3,1
wn-0311:29:576,wn-0311:55:1155,TEMPORAL,BEFORE,wn-0311,-1,0.3,1
wn-0311:29:576,wn-0311:56:1180,TEMPORAL,BEFORE,wn-0311,-1,0.3,1
wn-0311:29:576,wn-0311:60:1271,TEMPORAL,BEFORE,wn-0311,-1,0.3,1
wn-0311:29:576,wn-0311:61:1299,TEMPORAL,BEFORE,wn-0311,-1,0.3,1
wn-0311:29:576,wn-0311:65:1379,TEMPORAL,BEFORE,wn-0311,-1,0.3,1
wn-0311:29:576,wn-0311:66:1399,TEMPORAL,BEFORE,wn-0311,-1,0.3,1
wn-0311:29:576,wn-0311:66:1404,TEMPORAL,BEFORE,wn-0311,-1,0.3,1
wn-0311:29:576,wn-0311:68:1452,TEMPORAL,BEFORE,wn-0311,-1,0.3,1
wn-0311:29:576,wn-0311:68:1473,TEMPORAL,BEFORE,wn-0311,-1,0.3,1
wn-0311:29:576,wn-0311:68:1478,TEMPORAL,BEFORE,wn-0311,-1,0.3,1
wn-0311:29:576,wn-0311:69:1485,TEMPORAL,BEFORE,wn-0311,-1,0.3,1
wn-0311:29:576,wn-0311:69:1503,TEMPORAL,BEFORE,wn-0311,-1,0.3,1
wn-0311:29:576,wn-0311:72:1558,TEMPORAL,BEFORE,wn-0311,-1,0.3,1
wn-0311:29:576,wn-0311:74:1597,TEMPORAL,BEFORE,wn-0311,-1,0.3,1
wn-0311:29:576,wn-0311:74:1606,TEMPORAL,BEFORE,wn-0311,-1,0.3,1
wn-0311:29:583,wn-0311:31:617,TEMPORAL,BEFORE,wn-0311,-1,0.3,1
wn-0311:29:583,wn-0311:31:623,TEMPORAL,BEFORE,wn-0311,-1,0.3,1
wn-0311:29:583,wn-0311:31:627,TEMPORAL,BEFORE,wn-0311,-1,0.3,1
wn-0311:29:583,wn-0311:32:671,TEMPORAL,BEFORE,wn-0311,-1,0.3,1
wn-0311:29:583,wn-0311:34:711,TEMPORAL,AFTER,wn-0311,-1,0.8,1
wn-0311:29:583,wn-0311:37:790,TEMPORAL,BEFORE,wn-0311,-1,0.3,1
wn-0311:29:583,wn-0311:38:798,TEMPORAL,BEFORE,wn-0311,-1,0.8,1
wn-0311:29:583,wn-0311:50:1028,TEMPORAL,BEFORE,wn-0311,-1,0.8,1
wn-0311:29:583,wn-0311:50:1039,TEMPORAL,BEFORE,wn-0311,-1,0.8,1
wn-0311:29:583,wn-0311:52:1065,TEMPORAL,BEFORE,wn-0311,-1,0.3,1
wn-0311:29:583,wn-0311:52:1075,TEMPORAL,BEFORE,wn-0311,-1,0.3,1
wn-0311:29:583,wn-0311:55:1155,TEMPORAL,BEFORE,wn-0311,-1,0.3,1
wn-0311:29:583,wn-0311:56:1180,TEMPORAL,BEFORE,wn-0311,-1,0.3,1
wn-0311:29:583,wn-0311:60:1271,TEMPORAL,BEFORE,wn-0311,-1,0.3,1
wn-0311:29:583,wn-0311:61:1299,TEMPORAL,BEFORE,wn-0311,-1,0.3,1
wn-0311:29:583,wn-0311:65:1379,TEMPORAL,BEFORE,wn-0311,-1,0.3,1
wn-0311:29:583,wn-0311:66:1399,TEMPORAL,BEFORE,wn-0311,-1,0.3,1
wn-0311:29:583,wn-0311:66:1404,TEMPORAL,BEFORE,wn-0311,-1,0.3,1
wn-0311:29:583,wn-0311:68:1452,TEMPORAL,BEFORE,wn-0311,-1,0.3,1
wn-0311:29:583,wn-0311:68:1473,TEMPORAL,BEFORE,wn-0311,-1,0.3,1
wn-0311:29:583,wn-0311:68:1478,TEMPORAL,BEFORE,wn-0311,-1,0.3,1
wn-0311:29:583,wn-0311:69:1485,TEMPORAL,BEFORE,wn-0311,-1,0.3,1
wn-0311:29:583,wn-0311:69:1503,TEMPORAL,BEFORE,wn-0311,-1,0.3,1
wn-0311:29:583,wn-0311:72:1558,TEMPORAL,BEFORE,wn-0311,-1,0.3,1
wn-0311:29:583,wn-0311:74:1597,TEMPORAL,BEFORE,wn-0311,-1,0.3,1
wn-0311:29:583,wn-0311:74:1606,TEMPORAL,BEFORE,wn-0311,-1,0.3,1
wn-0311:31:617,wn-0311:32:671,TEMPORAL,BEFORE,wn-0311,-1,0.3,1
wn-0311:31:617,wn-0311:34:711,TEMPORAL,BEFORE,wn-0311,-1,0.3,1
wn-0311:31:617,wn-0311:37:790,TEMPORAL,BEFORE,wn-0311,-1,0.3,1
wn-0311:31:617,wn-0311:38:798,TEMPORAL,BEFORE,wn-0311,-1,0.3,1
wn-0311:31:617,wn-0311:50:1028,TEMPORAL,BEFORE,wn-0311,-1,0.3,1
wn-0311:31:617,wn-0311:50:1039,TEMPORAL,BEFORE,wn-0311,-1,0.3,1
wn-0311:31:617,wn-0311:52:1065,TEMPORAL,BEFORE,wn-0311,-1,0.3,1
wn-0311:31:617,wn-0311:52:1075,TEMPORAL,BEFORE,wn-0311,-1,0.3,1
wn-0311:31:617,wn-0311:55:1155,TEMPORAL,BEFORE,wn-0311,-1,0.3,1
wn-0311:31:617,wn-0311:56:1180,TEMPORAL,BEFORE,wn-0311,-1,0.3,1
wn-0311:31:617,wn-0311:60:1271,TEMPORAL,BEFORE,wn-0311,-1,0.3,1
wn-0311:31:617,wn-0311:61:1299,TEMPORAL,BEFORE,wn-0311,-1,0.3,1
wn-0311:31:617,wn-0311:65:1379,TEMPORAL,BEFORE,wn-0311,-1,0.3,1
wn-0311:31:617,wn-0311:66:1399,TEMPORAL,BEFORE,wn-0311,-1,0.3,1
wn-0311:31:617,wn-0311:66:1404,TEMPORAL,BEFORE,wn-0311,-1,0.3,1
wn-0311:31:617,wn-0311:68:1452,TEMPORAL,BEFORE,wn-0311,-1,0.3,1
wn-0311:31:617,wn-0311:68:1473,TEMPORAL,BEFORE,wn-0311,-1,0.3,1
wn-0311:31:617,wn-0311:68:1478,TEMPORAL,BEFORE,wn-0311,-1,0.3,1
wn-0311:31:617,wn-0311:69:1485,TEMPORAL,BEFORE,wn-0311,-1,0.3,1
wn-0311:31:617,wn-0311:69:1503,TEMPORAL,BEFORE,wn-0311,-1,0.3,1
wn-0311:31:617,wn-0311:72:1558,TEMPORAL,BEFORE,wn-0311,-1,0.3,1
wn-0311:31:617,wn-0311:74:1597,TEMPORAL,BEFORE,wn-0311,-1,0.3,1
wn-0311:31:617,wn-0311:74:1606,TEMPORAL,BEFORE,wn-0311,-1,0.3,1
wn-0311:31:623,wn-0311:32:671,TEMPORAL,BEFORE,wn-0311,-1,0.3,1
wn-0311:31:623,wn-0311:34:711,TEMPORAL,BEFORE,wn-0311,-1,0.3,1
wn-0311:31:623,wn-0311:37:790,TEMPORAL,BEFORE,wn-0311,-1,0.3,1
wn-0311:31:623,wn-0311:38:798,TEMPORAL,BEFORE,wn-0311,-1,0.3,1
wn-0311:31:623,wn-0311:50:1028,TEMPORAL,BEFORE,wn-0311,-1,0.3,1
wn-0311:31:623,wn-0311:50:1039,TEMPORAL,BEFORE,wn-0311,-1,0.3,1
wn-0311:31:623,wn-0311:52:1065,TEMPORAL,BEFORE,wn-0311,-1,0.3,1
wn-0311:31:623,wn-0311:52:1075,TEMPORAL,BEFORE,wn-0311,-1,0.3,1
wn-0311:31:623,wn-0311:55:1155,TEMPORAL,BEFORE,wn-0311,-1,0.3,1
wn-0311:31:623,wn-0311:56:1180,TEMPORAL,BEFORE,wn-0311,-1,0.3,1
wn-0311:31:623,wn-0311:60:1271,TEMPORAL,BEFORE,wn-0311,-1,0.3,1
wn-0311:31:623,wn-0311:61:1299,TEMPORAL,BEFORE,wn-0311,-1,0.3,1
wn-0311:31:623,wn-0311:65:1379,TEMPORAL,BEFORE,wn-0311,-1,0.3,1
wn-0311:31:623,wn-0311:66:1399,TEMPORAL,BEFORE,wn-0311,-1,0.3,1
wn-0311:31:623,wn-0311:66:1404,TEMPORAL,BEFORE,wn-0311,-1,0.3,1
wn-0311:31:623,wn-0311:68:1452,TEMPORAL,BEFORE,wn-0311,-1,0.3,1
wn-0311:31:623,wn-0311:68:1473,TEMPORAL,BEFORE,wn-0311,-1,0.3,1
wn-0311:31:623,wn-0311:68:1478,TEMPORAL,BEFORE,wn-0311,-1,0.3,1
wn-0311:31:623,wn-0311:69:1485,TEMPORAL,BEFORE,wn-0311,-1,0.3,1
wn-0311:31:623,wn-0311:69:1503,TEMPORAL,BEFORE,wn-0311,-1,0.3,1
wn-0311:31:623,wn-0311:72:1558,TEMPORAL,BEFORE,wn-0311,-1,0.3,1
wn-0311:31:623,wn-0311:74:1597,TEMPORAL,BEFORE,wn-0311,-1,0.3,1
wn-0311:31:623,wn-0311:74:1606,TEMPORAL,BEFORE,wn-0311,-1,0.3,1
wn-0311:31:627,wn-0311:32:671,TEMPORAL,BEFORE,wn-0311,-1,0.3,1
wn-0311:31:627,wn-0311:34:711,TEMPORAL,BEFORE,wn-0311,-1,0.3,1
wn-0311:31:627,wn-0311:37:790,TEMPORAL,BEFORE,wn-0311,-1,0.3,1
wn-0311:31:627,wn-0311:38:798,TEMPORAL,BEFORE,wn-0311,-1,0.3,1
wn-0311:31:627,wn-0311:50:1028,TEMPORAL,BEFORE,wn-0311,-1,0.3,1
wn-0311:31:627,wn-0311:50:1039,TEMPORAL,BEFORE,wn-0311,-1,0.3,1
wn-0311:31:627,wn-0311:52:1065,TEMPORAL,BEFORE,wn-0311,-1,0.3,1
wn-0311:31:627,wn-0311:52:1075,TEMPORAL,BEFORE,wn-0311,-1,0.3,1
wn-0311:31:627,wn-0311:55:1155,TEMPORAL,BEFORE,wn-0311,-1,0.3,1
wn-0311:31:627,wn-0311:56:1180,TEMPORAL,BEFORE,wn-0311,-1,0.3,1
wn-0311:31:627,wn-0311:60:1271,TEMPORAL,BEFORE,wn-0311,-1,0.3,1
wn-0311:31:627,wn-0311:61:1299,TEMPORAL,BEFORE,wn-0311,-1,0.3,1
wn-0311:31:627,wn-0311:65:1379,TEMPORAL,BEFORE,wn-0311,-1,0.3,1
wn-0311:31:627,wn-0311:66:1399,TEMPORAL,BEFORE,wn-0311,-1,0.3,1
wn-0311:31:627,wn-0311:66:1404,TEMPORAL,BEFORE,wn-0311,-1,0.3,1
wn-0311:31:627,wn-0311:68:1452,TEMPORAL,BEFORE,wn-0311,-1,0.3,1
wn-0311:31:627,wn-0311:68:1473,TEMPORAL,BEFORE,wn-0311,-1,0.3,1
wn-0311:31:627,wn-0311:68:1478,TEMPORAL,BEFORE,wn-0311,-1,0.3,1
wn-0311:31:627,wn-0311:69:1485,TEMPORAL,BEFORE,wn-0311,-1,0.3,1
wn-0311:31:627,wn-0311:69:1503,TEMPORAL,BEFORE,wn-0311,-1,0.3,1
wn-0311:31:627,wn-0311:72:1558,TEMPORAL,BEFORE,wn-0311,-1,0.3,1
wn-0311:31:627,wn-0311:74:1597,TEMPORAL,BEFORE,wn-0311,-1,0.3,1
wn-0311:31:627,wn-0311:74:1606,TEMPORAL,BEFORE,wn-0311,-1,0.3,1
wn-0311:32:671,wn-0311:34:711,TEMPORAL,BEFORE,wn-0311,-1,0.3,1
wn-0311:32:671,wn-0311:37:790,TEMPORAL,BEFORE,wn-0311,-1,0.3,1
wn-0311:32:671,wn-0311:38:798,TEMPORAL,BEFORE,wn-0311,-1,0.3,1
wn-0311:32:671,wn-0311:50:1028,TEMPORAL,BEFORE,wn-0311,-1,0.3,1
wn-0311:32:671,wn-0311:50:1039,TEMPORAL,BEFORE,wn-0311,-1,0.3,1
wn-0311:32:671,wn-0311:52:1065,TEMPORAL,BEFORE,wn-0311,-1,0.3,1
wn-0311:32:671,wn-0311:52:1075,TEMPORAL,BEFORE,wn-0311,-1,0.3,1
wn-0311:32:671,wn-0311:55:1155,TEMPORAL,BEFORE,wn-0311,-1,0.3,1
wn-0311:32:671,wn-0311:56:1180,TEMPORAL,BEFORE,wn-0311,-1,0.3,1
wn-0311:32:671,wn-0311:60:1271,TEMPORAL,BEFORE,wn-0311,-1,0.3,1
wn-0311:32:671,wn-0311:61:1299,TEMPORAL,BEFORE,wn-0311,-1,0.3,1
wn-0311:32:671,wn-0311:65:1379,TEMPORAL,BEFORE,wn-0311,-1,0.3,1
wn-0311:32:671,wn-0311:66:1399,TEMPORAL,BEFORE,wn-0311,-1,0.3,1
wn-0311:32:671,wn-0311:66:1404,TEMPORAL,BEFORE,wn-0311,-1,0.3,1
wn-0311:32:671,wn-0311:68:1452,TEMPORAL,BEFORE,wn-0311,-1,0.3,1
wn-0311:32:671,wn-0311:68:1473,TEMPORAL,BEFORE,wn-0311,-1,0.3,1
wn-0311:32:671,wn-0311:68:1478,TEMPORAL,BEFORE,wn-0311,-1,0.3,1
wn-0311:32:671,wn-0311:69:1485,TEMPORAL,BEFORE,wn-0311,-1,0.3,1
wn-0311:32:671,wn-0311:69:1503,TEMPORAL,BEFORE,wn-0311,-1,0.3,1
wn-0311:32:671,wn-0311:72:1558,TEMPORAL,BEFORE,wn-0311,-1,0.3,1
wn-0311:32:671,wn-0311:74:1597,TEMPORAL,BEFORE,wn-0311,-1,0.3,1
wn-0311:32:671,wn-0311:74:1606,TEMPORAL,BEFORE,wn-0311,-1,0.3,1
wn-0311:34:711,wn-0311:37:790,TEMPORAL,BEFORE,wn-0311,-1,0.3,1
wn-0311:34:711,wn-0311:38:798,TEMPORAL,BEFORE,wn-0311,-1,0.8,1
wn-0311:34:711,wn-0311:50:1028,TEMPORAL,BEFORE,wn-0311,-1,0.8,1
wn-0311:34:711,wn-0311:50:1039,TEMPORAL,BEFORE,wn-0311,-1,0.8,1
wn-0311:34:711,wn-0311:52:1065,TEMPORAL,BEFORE,wn-0311,-1,0.3,1
wn-0311:34:711,wn-0311:52:1075,TEMPORAL,BEFORE,wn-0311,-1,0.3,1
wn-0311:34:711,wn-0311:55:1155,TEMPORAL,BEFORE,wn-0311,-1,0.3,1
wn-0311:34:711,wn-0311:56:1180,TEMPORAL,BEFORE,wn-0311,-1,0.3,1
wn-0311:34:711,wn-0311:60:1271,TEMPORAL,BEFORE,wn-0311,-1,0.3,1
wn-0311:34:711,wn-0311:61:1299,TEMPORAL,BEFORE,wn-0311,-1,0.3,1
wn-0311:34:711,wn-0311:65:1379,TEMPORAL,BEFORE,wn-0311,-1,0.3,1
wn-0311:34:711,wn-0311:66:1399,TEMPORAL,BEFORE,wn-0311,-1,0.3,1
wn-0311:34:711,wn-0311:66:1404,TEMPORAL,BEFORE,wn-0311,-1,0.3,1
wn-0311:34:711,wn-0311:68:1452,TEMPORAL,BEFORE,wn-0311,-1,0.3,1
wn-0311:34:711,wn-0311:68:1473,TEMPORAL,BEFORE,wn-0311,-1,0.3,1
wn-0311:34:711,wn-0311:68:1478,TEMPORAL,BEFORE,wn-0311,-1,0.3,1
wn-0311:34:711,wn-0311:69:1485,TEMPORAL,BEFORE,wn-0311,-1,0.3,1
wn-0311:34:711,wn-0311:69:1503,TEMPORAL,BEFORE,wn-0311,-1,0.3,1
wn-0311:34:711,wn-0311:72:1558,TEMPORAL,BEFORE,wn-0311,-1,0.3,1
wn-0311:34:711,wn-0311:74:1597,TEMPORAL,BEFORE,wn-0311,-1,0.3,1
wn-0311:34:711,wn-0311:74:1606,TEMPORAL,BEFORE,wn-0311,-1,0.3,1
wn-0311:37:790,wn-0311:38:798,TEMPORAL,BEFORE,wn-0311,-1,0.3,1
wn-0311:37:790,wn-0311:50:1028,TEMPORAL,BEFORE,wn-0311,-1,0.3,1
wn-0311:37:790,wn-0311:50:1039,TEMPORAL,BEFORE,wn-0311,-1,0.3,1
wn-0311:37:790,wn-0311:52:1065,TEMPORAL,BEFORE,wn-0311,-1,0.3,1
wn-0311:37:790,wn-0311:52:1075,TEMPORAL,BEFORE,wn-0311,-1,0.3,1
wn-0311:37:790,wn-0311:55:1155,TEMPORAL,BEFORE,wn-0311,-1,0.3,1
wn-0311:37:790,wn-0311:56:1180,TEMPORAL,BEFORE,wn-0311,-1,0.3,1
wn-0311:37:790,wn-0311:60:1271,TEMPORAL,BEFORE,wn-0311,-1,0.3,1
wn-0311:37:790,wn-0311:61:1299,TEMPORAL,BEFORE,wn-0311,-1,0.3,1
wn-0311:37:790,wn-0311:65:1379,TEMPORAL,BEFORE,wn-0311,-1,0.3,1
wn-0311:37:790,wn-0311:66:1399,TEMPORAL,BEFORE,wn-0311,-1,0.3,1
wn-0311:37:790,wn-0311:66:1404,TEMPORAL,BEFORE,wn-0311,-1,0.3,1
wn-0311:37:790,wn-0311:68:1452,TEMPORAL,BEFORE,wn-0311,-1,0.3,1
wn-0311:37:790,wn-0311:68:1473,TEMPORAL,BEFORE,wn-0311,-1,0.3,1
wn-0311:37:790,wn-0311:68:1478,TEMPORAL,BEFORE,wn-0311,-1,0.3,1
wn-0311:37:790,wn-0311:69:1485,TEMPORAL,BEFORE,wn-0311,-1,0.3,1
wn-0311:37:790,wn-0311:69:1503,TEMPORAL,BEFORE,wn-0311,-1,0.3,1
wn-0311:37:790,wn-0311:72:1558,TEMPORAL,BEFORE,wn-0311,-1,0.3,1
wn-0311:37:790,wn-0311:74:1597,TEMPORAL,BEFORE,wn-0311,-1,0.3,1
wn-0311:37:790,wn-0311:74:1606,TEMPORAL,BEFORE,wn-0311,-1,0.3,1
wn-0311:38:798,wn-0311:50:1028,TEMPORAL,BEFORE,wn-0311,-1,0.8,1
wn-0311:38:798,wn-0311:50:1039,TEMPORAL,BEFORE,wn-0311,-1,0.8,1
wn-0311:38:798,wn-0311:52:1065,TEMPORAL,BEFORE,wn-0311,-1,0.3,1
wn-0311:38:798,wn-0311:52:1075,TEMPORAL,BEFORE,wn-0311,-1,0.3,1
wn-0311:38:798,wn-0311:55:1155,TEMPORAL,BEFORE,wn-0311,-1,0.3,1
wn-0311:38:798,wn-0311:56:1180,TEMPORAL,BEFORE,wn-0311,-1,0.3,1
wn-0311:38:798,wn-0311:60:1271,TEMPORAL,BEFORE,wn-0311,-1,0.3,1
wn-0311:38:798,wn-0311:61:1299,TEMPORAL,BEFORE,wn-0311,-1,0.3,1
wn-0311:38:798,wn-0311:65:1379,TEMPORAL,BEFORE,wn-0311,-1,0.3,1
wn-0311:38:798,wn-0311:66:1399,TEMPORAL,BEFORE,wn-0311,-1,0.3,1
wn-0311:38:798,wn-0311:66:1404,TEMPORAL,BEFORE,wn-0311,-1,0.3,1
wn-0311:38:798,wn-0311:68:1452,TEMPORAL,BEFORE,wn-0311,-1,0.3,1
wn-0311:38:798,wn-0311:68:1473,TEMPORAL,BEFORE,wn-0311,-1,0.3,1
wn-0311:38:798,wn-0311:68:1478,TEMPORAL,BEFORE,wn-0311,-1,0.3,1
wn-0311:38:798,wn-0311:69:1485,TEMPORAL,BEFORE,wn-0311,-1,0.3,1
wn-0311:38:798,wn-0311:69:1503,TEMPORAL,BEFORE,wn-0311,-1,0.3,1
wn-0311:38:798,wn-0311:72:1558,TEMPORAL,BEFORE,wn-0311,-1,0.3,1
wn-0311:38:798,wn-0311:74:1597,TEMPORAL,BEFORE,wn-0311,-1,0.3,1
wn-0311:38:798,wn-0311:74:1606,TEMPORAL,BEFORE,wn-0311,-1,0.3,1
wn-0311:50:1028,wn-0311:50:1039,TEMPORAL,SIMULTANEOUS,wn-0311,-1,0.8,1
wn-0311:50:1028,wn-0311:52:1065,TEMPORAL,BEFORE,wn-0311,-1,0.3,1
wn-0311:50:1028,wn-0311:52:1075,TEMPORAL,BEFORE,wn-0311,-1,0.3,1
wn-0311:50:1028,wn-0311:55:1155,TEMPORAL,BEFORE,wn-0311,-1,0.3,1
wn-0311:50:1028,wn-0311:56:1180,TEMPORAL,BEFORE,wn-0311,-1,0.3,1
wn-0311:50:1028,wn-0311:60:1271,TEMPORAL,BEFORE,wn-0311,-1,0.3,1
wn-0311:50:1028,wn-0311:61:1299,TEMPORAL,BEFORE,wn-0311,-1,0.3,1
wn-0311:50:1028,wn-0311:65:1379,TEMPORAL,BEFORE,wn-0311,-1,0.3,1
wn-0311:50:1028,wn-0311:66:1399,TEMPORAL,BEFORE,wn-0311,-1,0.3,1
wn-0311:50:1028,wn-0311:66:1404,TEMPORAL,BEFORE,wn-0311,-1,0.3,1
wn-0311:50:1028,wn-0311:68:1452,TEMPORAL,BEFORE,wn-0311,-1,0.3,1
wn-0311:50:1028,wn-0311:68:1473,TEMPORAL,BEFORE,wn-0311,-1,0.3,1
wn-0311:50:1028,wn-0311:68:1478,TEMPORAL,BEFORE,wn-0311,-1,0.3,1
wn-0311:50:1028,wn-0311:69:1485,TEMPORAL,BEFORE,wn-0311,-1,0.3,1
wn-0311:50:1028,wn-0311:69:1503,TEMPORAL,BEFORE,wn-0311,-1,0.3,1
wn-0311:50:1028,wn-0311:72:1558,TEMPORAL,BEFORE,wn-0311,-1,0.3,1
wn-0311:50:1028,wn-0311:74:1597,TEMPORAL,BEFORE,wn-0311,-1,0.3,1
wn-0311:50:1028,wn-0311:74:1606,TEMPORAL,BEFORE,wn-0311,-1,0.3,1
wn-0311:50:1039,wn-0311:52:1065,TEMPORAL,BEFORE,wn-0311,-1,0.3,1
wn-0311:50:1039,wn-0311:52:1075,TEMPORAL,BEFORE,wn-0311,-1,0.3,1
wn-0311:50:1039,wn-0311:55:1155,TEMPORAL,BEFORE,wn-0311,-1,0.3,1
wn-0311:50:1039,wn-0311:56:1180,TEMPORAL,BEFORE,wn-0311,-1,0.3,1
wn-0311:50:1039,wn-0311:60:1271,TEMPORAL,BEFORE,wn-0311,-1,0.3,1
wn-0311:50:1039,wn-0311:61:1299,TEMPORAL,BEFORE,wn-0311,-1,0.3,1
wn-0311:50:1039,wn-0311:65:1379,TEMPORAL,BEFORE,wn-0311,-1,0.3,1
wn-0311:50:1039,wn-0311:66:1399,TEMPORAL,BEFORE,wn-0311,-1,0.3,1
wn-0311:50:1039,wn-0311:66:1404,TEMPORAL,BEFORE,wn-0311,-1,0.3,1
wn-0311:50:1039,wn-0311:68:1452,TEMPORAL,BEFORE,wn-0311,-1,0.3,1
wn-0311:50:1039,wn-0311:68:1473,TEMPORAL,BEFORE,wn-0311,-1,0.3,1
wn-0311:50:1039,wn-0311:68:1478,TEMPORAL,BEFORE,wn-0311,-1,0.3,1
wn-0311:50:1039,wn-0311:69:1485,TEMPORAL,BEFORE,wn-0311,-1,0.3,1
wn-0311:50:1039,wn-0311:69:1503,TEMPORAL,BEFORE,wn-0311,-1,0.3,1
wn-0311:50:1039,wn-0311:72:1558,TEMPORAL,BEFORE,wn-0311,-1,0.3,1
wn-0311:50:1039,wn-0311:74:1597,TEMPORAL,BEFORE,wn-0311,-1,0.3,1
wn-0311:50:1039,wn-0311:74:1606,TEMPORAL,BEFORE,wn-0311,-1,0.3,1
wn-0311:52:1065,wn-0311:52:1075,TEMPORAL,BEFORE,wn-0311,-1,0.5,1
wn-0311:52:1065,wn-0311:55:1155,TEMPORAL,BEFORE,wn-0311,-1,0.3,1
wn-0311:52:1065,wn-0311:56:1180,TEMPORAL,BEFORE,wn-0311,-1,0.3,1
wn-0311:52:1065,wn-0311:60:1271,TEMPORAL,BEFORE,wn-0311,-1,0.3,1
wn-0311:52:1065,wn-0311:61:1299,TEMPORAL,BEFORE,wn-0311,-1,0.3,1
wn-0311:52:1065,wn-0311:65:1379,TEMPORAL,BEFORE,wn-0311,-1,0.3,1
wn-0311:52:1065,wn-0311:66:1399,TEMPORAL,BEFORE,wn-0311,-1,0.3,1
wn-0311:52:1065,wn-0311:66:1404,TEMPORAL,BEFORE,wn-0311,-1,0.3,1
wn-0311:52:1065,wn-0311:68:1452,TEMPORAL,BEFORE,wn-0311,-1,0.3,1
wn-0311:52:1065,wn-0311:68:1473,TEMPORAL,BEFORE,wn-0311,-1,0.3,1
wn-0311:52:1065,wn-0311:68:1478,TEMPORAL,BEFORE,wn-0311,-1,0.3,1
wn-0311:52:1065,wn-0311:69:1485,TEMPORAL,BEFORE,wn-0311,-1,0.3,1
wn-0311:52:1065,wn-0311:69:1503,TEMPORAL,BEFORE,wn-0311,-1,0.3,1
wn-0311:52:1065,wn-0311:72:1558,TEMPORAL,BEFORE,wn-0311,-1,0.3,1
wn-0311:52:1065,wn-0311:74:1597,TEMPORAL,BEFORE,wn-0311,-1,0.3,1
wn-0311:52:1065,wn-0311:74:1606,TEMPORAL,BEFORE,wn-0311,-1,0.3,1
wn-0311:52:1075,wn-0311:55:1155,TEMPORAL,BEFORE,wn-0311,-1,0.3,1
wn-0311:52:1075,wn-0311:56:1180,TEMPORAL,BEFORE,wn-0311,-1,0.3,1
wn-0311:52:1075,wn-0311:60:1271,TEMPORAL,BEFORE,wn-0311,-1,0.3,1
wn-0311:52:1075,wn-0311:61:1299,TEMPORAL,BEFORE,wn-0311,-1,0.3,1
wn-0311:52:1075,wn-0311:65:1379,TEMPORAL,BEFORE,wn-0311,-1,0.3,1
wn-0311:52:1075,wn-0311:66:1399,TEMPORAL,BEFORE,wn-0311,-1,0.3,1
wn-0311:52:1075,wn-0311:66:1404,TEMPORAL,BEFORE,wn-0311,-1,0.3,1
wn-0311:52:1075,wn-0311:68:1452,TEMPORAL,BEFORE,wn-0311,-1,0.3,1
wn-0311:52:1075,wn-0311:68:1473,TEMPORAL,BEFORE,wn-0311,-1,0.3,1
wn-0311:52:1075,wn-0311:68:1478,TEMPORAL,BEFORE,wn-0311,-1,0.3,1
wn-0311:52:1075,wn-0311:69:1485,TEMPORAL,BEFORE,wn-0311,-1,0.3,1
wn-0311:52:1075,wn-0311:69:1503,TEMPORAL,BEFORE,wn-0311,-1,0.3,1
wn-0311:52:1075,wn-0311:72:1558,TEMPORAL,BEFORE,wn-0311,-1,0.3,1
wn-0311:52:1075,wn-0311:74:1597,TEMPORAL,BEFORE,wn-0311,-1,0.3,1
wn-0311:52:1075,wn-0311:74:1606,TEMPORAL,BEFORE,wn-0311,-1,0.3,1
wn-0311:55:1155,wn-0311:56:1180,TEMPORAL,BEFORE,wn-0311,-1,0.3,1
wn-0311:55:1155,wn-0311:60:1271,TEMPORAL,BEFORE,wn-0311,-1,0.3,1
wn-0311:55:1155,wn-0311:61:1299,TEMPORAL,BEFORE,wn-0311,-1,0.3,1
wn-0311:55:1155,wn-0311:65:1379,TEMPORAL,BEFORE,wn-0311,-1,0.3,1
wn-0311:55:1155,wn-0311:66:1399,TEMPORAL,BEFORE,wn-0311,-1,0.3,1
wn-0311:55:1155,wn-0311:66:1404,TEMPORAL,BEFORE,wn-0311,-1,0.3,1
wn-0311:55:1155,wn-0311:68:1452,TEMPORAL,BEFORE,wn-0311,-1,0.3,1
wn-0311:55:1155,wn-0311:68:1473,TEMPORAL,BEFORE,wn-0311,-1,0.3,1
wn-0311:55:1155,wn-0311:68:1478,TEMPORAL,BEFORE,wn-0311,-1,0.3,1
wn-0311:55:1155,wn-0311:69:1485,TEMPORAL,BEFORE,wn-0311,-1,0.3,1
wn-0311:55:1155,wn-0311:69:1503,TEMPORAL,BEFORE,wn-0311,-1,0.3,1
wn-0311:55:1155,wn-0311:72:1558,TEMPORAL,BEFORE,wn-0311,-1,0.3,1
wn-0311:55:1155,wn-0311:74:1597,TEMPORAL,BEFORE,wn-0311,-1,0.3,1
wn-0311:55:1155,wn-0311:74:1606,TEMPORAL,BEFORE,wn-0311,-1,0.3,1
wn-0311:56:1180,wn-0311:60:1271,TEMPORAL,BEFORE,wn-0311,-1,0.3,1
wn-0311:56:1180,wn-0311:61:1299,TEMPORAL,BEFORE,wn-0311,-1,0.3,1
wn-0311:56:1180,wn-0311:65:1379,TEMPORAL,BEFORE,wn-0311,-1,0.3,1
wn-0311:56:1180,wn-0311:66:1399,TEMPORAL,BEFORE,wn-0311,-1,0.3,1
wn-0311:56:1180,wn-0311:66:1404,TEMPORAL,BEFORE,wn-0311,-1,0.3,1
wn-0311:56:1180,wn-0311:68:1452,TEMPORAL,BEFORE,wn-0311,-1,0.3,1
wn-0311:56:1180,wn-0311:68:1473,TEMPORAL,BEFORE,wn-0311,-1,0.3,1
wn-0311:56:1180,wn-0311:68:1478,TEMPORAL,BEFORE,wn-0311,-1,0.3,1
wn-0311:56:1180,wn-0311:69:1485,TEMPORAL,BEFORE,wn-0311,-1,0.3,1
wn-0311:56:1180,wn-0311:69:1503,TEMPORAL,BEFORE,wn-0311,-1,0.3,1
wn-0311:56:1180,wn-0311:72:1558,TEMPORAL,BEFORE,wn-0311,-1,0.3,1
wn-0311:56:1180,wn-0311:74:1597,TEMPORAL,BEFORE,wn-0311,-1,0.3,1
wn-0311:56:1180,wn-0311:74:1606,TEMPORAL,BEFORE,wn-0311,-1,0.3,1
wn-0311:60:1271,wn-0311:61:1299,TEMPORAL,BEFORE,wn-0311,-1,0.3,1
wn-0311:60:1271,wn-0311:65:1379,TEMPORAL,BEFORE,wn-0311,-1,0.3,1
wn-0311:60:1271,wn-0311:66:1399,TEMPORAL,BEFORE,wn-0311,-1,0.3,1
wn-0311:60:1271,wn-0311:66:1404,TEMPORAL,BEFORE,wn-0311,-1,0.3,1
wn-0311:60:1271,wn-0311:68:1452,TEMPORAL,BEFORE,wn-0311,-1,0.3,1
wn-0311:60:1271,wn-0311:68:1473,TEMPORAL,BEFORE,wn-0311,-1,0.3,1
wn-0311:60:1271,wn-0311:68:1478,TEMPORAL,BEFORE,wn-0311,-1,0.3,1
wn-0311:60:1271,wn-0311:69:1485,TEMPORAL,BEFORE,wn-0311,-1,0.3,1
wn-0311:60:1271,wn-0311:69:1503,TEMPORAL,BEFORE,wn-0311,-1,0.3,1
wn-0311:60:1271,wn-0311:72:1558,TEMPORAL,BEFORE,wn-0311,-1,0.3,1
wn-0311:60:1271,wn-0311:74:1597,TEMPORAL,BEFORE,wn-0311,-1,0.3,1
wn-0311:60:1271,wn-0311:74:1606,TEMPORAL,BEFORE,wn-0311,-1,0.3,1
wn-0311:61:1299,wn-0311:65:1379,TEMPORAL,BEFORE,wn-0311,-1,0.3,1
wn-0311:61:1299,wn-0311:66:1399,TEMPORAL,BEFORE,wn-0311,-1,0.3,1
wn-0311:61:1299,wn-0311:66:1404,TEMPORAL,BEFORE,wn-0311,-1,0.3,1
wn-0311:61:1299,wn-0311:68:1452,TEMPORAL,BEFORE,wn-0311,-1,0.3,1
wn-0311:61:1299,wn-0311:68:1473,TEMPORAL,BEFORE,wn-0311,-1,0.3,1
wn-0311:61:1299,wn-0311:68:1478,TEMPORAL,BEFORE,wn-0311,-1,0.3,1
wn-0311:61:1299,wn-0311:69:1485,TEMPORAL,BEFORE,wn-0311,-1,0.3,1
wn-0311:61:1299,wn-0311:69:1503,TEMPORAL,BEFORE,wn-0311,-1,0.3,1
wn-0311:61:1299,wn-0311:72:1558,TEMPORAL,BEFORE,wn-0311,-1,0.3,1
wn-0311:61:1299,wn-0311:74:1597,TEMPORAL,BEFORE,wn-0311,-1,0.3,1
wn-0311:61:1299,wn-0311:74:1606,TEMPORAL,BEFORE,wn-0311,-1,0.3,1
wn-0311:65:1379,wn-0311:66:1399,TEMPORAL,BEFORE,wn-0311,-1,0.3,1
wn-0311:65:1379,wn-0311:66:1404,TEMPORAL,BEFORE,wn-0311,-1,0.3,1
wn-0311:65:1379,wn-0311:68:1452,TEMPORAL,BEFORE,wn-0311,-1,0.3,1
wn-0311:65:1379,wn-0311:68:1473,TEMPORAL,BEFORE,wn-0311,-1,0.3,1
wn-0311:65:1379,wn-0311:68:1478,TEMPORAL,BEFORE,wn-0311,-1,0.3,1
wn-0311:65:1379,wn-0311:69:1485,TEMPORAL,BEFORE,wn-0311,-1,0.3,1
wn-0311:65:1379,wn-0311:69:1503,TEMPORAL,BEFORE,wn-0311,-1,0.3,1
wn-0311:65:1379,wn-0311:72:1558,TEMPORAL,BEFORE,wn-0311,-1,0.3,1
wn-0311:65:1379,wn-0311:74:1597,TEMPORAL,BEFORE,wn-0311,-1,0.3,1
wn-0311:65:1379,wn-0311:74:1606,TEMPORAL,BEFORE,wn-0311,-1,0.3,1
wn-0311:66:1399,wn-0311:66:1404,TEMPORAL,AFTER,wn-0311,-1,0.5,1
wn-0311:66:1399,wn-0311:68:1452,TEMPORAL,BEFORE,wn-0311,-1,0.3,1
wn-0311:66:1399,wn-0311:68:1473,TEMPORAL,BEFORE,wn-0311,-1,0.3,1
wn-0311:66:1399,wn-0311:68:1478,TEMPORAL,BEFORE,wn-0311,-1,0.3,1
wn-0311:66:1399,wn-0311:69:1485,TEMPORAL,BEFORE,wn-0311,-1,0.3,1
wn-0311:66:1399,wn-0311:69:1503,TEMPORAL,BEFORE,wn-0311,-1,0.3,1
wn-0311:66:1399,wn-0311:72:1558,TEMPORAL,BEFORE,wn-0311,-1,0.3,1
wn-0311:66:1399,wn-0311:74:1597,TEMPORAL,BEFORE,wn-0311,-1,0.3,1
wn-0311:66:1399,wn-0311:74:1606,TEMPORAL,BEFORE,wn-0311,-1,0.3,1
wn-0311:66:1404,wn-0311:68:1452,TEMPORAL,BEFORE,wn-0311,-1,0.3,1
wn-0311:66:1404,wn-0311:68:1473,TEMPORAL,BEFORE,wn-0311,-1,0.3,1
wn-0311:66:1404,wn-0311:68:1478,TEMPORAL,BEFORE,wn-0311,-1,0.3,1
wn-0311:66:1404,wn-0311:69:1485,TEMPORAL,BEFORE,wn-0311,-1,0.3,1
wn-0311:66:1404,wn-0311:69:1503,TEMPORAL,BEFORE,wn-0311,-1,0.3,1
wn-0311:66:1404,wn-0311:72:1558,TEMPORAL,BEFORE,wn-0311,-1,0.3,1
wn-0311:66:1404,wn-0311:74:1597,TEMPORAL,BEFORE,wn-0311,-1,0.3,1
wn-0311:66:1404,wn-0311:74:1606,TEMPORAL,BEFORE,wn-0311,-1,0.3,1
wn-0311:68:1452,wn-0311:68:1473,TEMPORAL,SIMULTANEOUS,wn-0311,-1,0.5,1
wn-0311:68:1452,wn-0311:68:1478,TEMPORAL,SIMULTANEOUS,wn-0311,-1,0.5,1
wn-0311:68:1452,wn-0311:69:1485,TEMPORAL,BEFORE,wn-0311,-1,0.3,1
wn-0311:68:1452,wn-0311:69:1503,TEMPORAL,BEFORE,wn-0311,-1,0.3,1
wn-0311:68:1452,wn-0311:72:1558,TEMPORAL,BEFORE,wn-0311,-1,0.3,1
wn-0311:68:1452,wn-0311:74:1597,TEMPORAL,BEFORE,wn-0311,-1,0.3,1
wn-0311:68:1452,wn-0311:74:1606,TEMPORAL,BEFORE,wn-0311,-1,0.3,1
wn-0311:68:1473,wn-0311:68:1478,TEMPORAL,SIMULTANEOUS,wn-0311,-1,0.5,1
wn-0311:68:1473,wn-0311:69:1485,TEMPORAL,BEFORE,wn-0311,-1,0.3,1
wn-0311:68:1473,wn-0311:69:1503,TEMPORAL,BEFORE,wn-0311,-1,0.3,1
wn-0311:68:1473,wn-0311:72:1558,TEMPORAL,BEFORE,wn-0311,-1,0.3,1
wn-0311:68:1473,wn-0311:74:1597,TEMPORAL,BEFORE,wn-0311,-1,0.3,1
wn-0311:68:1473,wn-0311:74:1606,TEMPORAL,BEFORE,wn-0311,-1,0.3,1
wn-0311:68:1478,wn-0311:69:1485,TEMPORAL,BEFORE,wn-0311,-1,0.3,1
wn-0311:68:1478,wn-0311:69:1503,TEMPORAL,BEFORE,wn-0311,-1,0.3,1
wn-0311:68:1478,wn-0311:72:1558,TEMPORAL,BEFORE,wn-0311,-1,0.3,1
wn-0311:68:1478,wn-0311:74:1597,TEMPORAL,BEFORE,wn-0311,-1,0.3,1
wn-0311:68:1478,wn-0311:74:1606,TEMPORAL,BEFORE,wn-0311,-1,0.3,1
wn-0311:69:1485,wn-0311:69:1503,TEMPORAL,SIMULTANEOUS,wn-0311,-1,0.5,1
wn-0311:69:1485,wn-0311:72:1558,TEMPORAL,BEFORE,wn-0311,-1,0.3,1
wn-0311:69:1485,wn-0311:74:1597,TEMPORAL,BEFORE,wn-0311,-1,0.3,1
wn-0311:69:1485,wn-0311:74:1606,TEMPORAL,BEFORE,wn-0311,-1,0.3,1
wn-0311:69:1503,wn-0311:72:1558,TEMPORAL,BEFORE,wn-0311,-1,0.3,1
wn-0311:69:1503,wn-0311:74:1597,TEMPORAL,BEFORE,wn-0311,-1,0.3,1
wn-0311:69:1503,wn-0311:74:1606,TEMPORAL,BEFORE,wn-0311,-1,0.3,1
wn-0311:72:1558,wn-0311:74:1597,TEMPORAL,BEFORE,wn-0311,-1,0.3,1
wn-0311:72:1558,wn-0311:74:1606,TEMPORAL,BEFORE,wn-0311,-1,0.3,1
wn-0311:74:1597,wn-0311:74:1606,TEMPORAL,BEFORE,wn-0311,-1,0.5,1
wn-0312:0:21,wn-0312:3:60,TEMPORAL,BEFORE,wn-0312,-1,0.3,1
wn-0312:0:21,wn-0312:5:120,TEMPORAL,BEFORE,wn-0312,-1,0.3,1
wn-0312:0:21,wn-0312:6:127,TEMPORAL,BEFORE,wn-0312,-1,0.3,1
wn-0312:3:60,wn-0312:5:120,TEMPORAL,BEFORE,wn-0312,-1,0.3,1
wn-0312:3:60,wn-0312:6:127,TEMPORAL,BEFORE,wn-0312,-1,0.3,1
wn-0312:5:120,wn-0312:6:127,TEMPORAL,BEFORE,wn-0312,-1,0.3,1
wn-0313:7:178,wn-0313:9:227,TEMPORAL,BEFORE,wn-0313,-1,0.3,1
wn-0314:2:78,wn-0314:7:218,TEMPORAL,BEFORE,wn-0314,-1,0.3,1
wn-0314:2:78,wn-0314:9:289,TEMPORAL,BEFORE,wn-0314,-1,0.3,1
wn-0314:7:218,wn-0314:9:289,TEMPORAL,BEFORE,wn-0314,-1,0.3,1
wn-0315:0:8,wn-0315:1:15,TEMPORAL,BEFORE,wn-0315,-1,0.3,1
wn-0315:0:8,wn-0315:3:61,TEMPORAL,BEFORE,wn-0315,-1,0.3,1
wn-0315:0:8,wn-0315:4:79,TEMPORAL,BEFORE,wn-0315,-1,0.3,1
wn-0315:0:8,wn-0315:8:190,TEMPORAL,BEFORE,wn-0315,-1,0.3,1
wn-0315:0:8,wn-0315:8:213,TEMPORAL,BEFORE,wn-0315,-1,0.3,1
wn-0315:0:8,wn-0315:8:216,TEMPORAL,BEFORE,wn-0315,-1,0.3,1
wn-0315:0:8,wn-0315:8:225,TEMPORAL,BEFORE,wn-0315,-1,0.3,1
wn-0315:0:8,wn-0315:9:241,TEMPORAL,BEFORE,wn-0315,-1,0.3,1
wn-0315:0:8,wn-0315:9:246,TEMPORAL,BEFORE,wn-0315,-1,0.3,1
wn-0315:0:8,wn-0315:11:267,TEMPORAL,BEFORE,wn-0315,-1,0.3,1
wn-0315:0:8,wn-0315:11:281,TEMPORAL,BEFORE,wn-0315,-1,0.3,1
wn-0315:0:8,wn-0315:12:291,TEMPORAL,BEFORE,wn-0315,-1,0.3,1
wn-0315:0:8,wn-0315:12:306,TEMPORAL,BEFORE,wn-0315,-1,0.3,1
wn-0315:1:15,wn-0315:3:61,TEMPORAL,BEFORE,wn-0315,-1,0.3,1
wn-0315:1:15,wn-0315:4:79,TEMPORAL,BEFORE,wn-0315,-1,0.3,1
wn-0315:1:15,wn-0315:8:190,TEMPORAL,BEFORE,wn-0315,-1,0.3,1
wn-0315:1:15,wn-0315:8:213,TEMPORAL,AFTER,wn-0315,-1,0.8,1
wn-0315:1:15,wn-0315:8:216,TEMPORAL,AFTER,wn-0315,-1,0.8,1
wn-0315:1:15,wn-0315:8:225,TEMPORAL,AFTER,wn-0315,-1,0.8,1
wn-0315:1:15,wn-0315:9:241,TEMPORAL,BEFORE,wn-0315,-1,0.3,1
wn-0315:1:15,wn-0315:9:246,TEMPORAL,BEFORE,wn-0315,-1,0.3,1
wn-0315:1:15,wn-0315:11:267,TEMPORAL,AFTER,wn-0315,-1,0.8,1
wn-0315:1:15,wn-0315:11:281,TEMPORAL,BEFORE,wn-0315,-1,0.3,1
wn-0315:1:15,wn-0315:12:291,TEMPORAL,BEFORE,wn-0315,-1,0.75,1
wn-0315:1:15,wn-0315:12:306,TEMPORAL,BEFORE,wn-0315,-1,0.75,1
wn-0315:3:61,wn-0315:4:79,TEMPORAL,BEFORE,wn-0315,-1,0.3,1
wn-0315:3:61,wn-0315:8:190,TEMPORAL,BEFORE,wn-0315,-1,0.3,1
wn-0315:3:61,wn-0315:8:213,TEMPORAL,BEFORE,wn-0315,-1,0.3,1
wn-0315:3:61,wn-0315:8:216,TEMPORAL,BEFORE,wn-0315,-1,0.3,1
wn-0315:3:61,wn-0315:8:225,TEMPORAL,BEFORE,wn-0315,-1,0.3,1
wn-0315:3:61,wn-0315:9:241,TEMPORAL,BEFORE,wn-0315,-1,0.3,1
wn-0315:3:61,wn-0315:9:246,TEMPORAL,BEFORE,wn-0315,-1,0.3,1
wn-0315:3:61,wn-0315:11:267,TEMPORAL,BEFORE,wn-0315,-1,0.3,1
wn-0315:3:61,wn-0315:11:281,TEMPORAL,BEFORE,wn-0315,-1,0.3,1
wn-0315:3:61,wn-0315:12:291,TEMPORAL,BEFORE,wn-0315,-1,0.3,1
wn-0315:3:61,wn-0315:12:306,TEMPORAL,BEFORE,wn-0315,-1,0.3,1
wn-0315:4:79,wn-0315:8:190,TEMPORAL,BEFORE,wn-0315,-1,0.3,1
wn-0315:4:79,wn-0315:8:213,TEMPORAL,BEFORE,wn-0315,-1,0.3,1
wn-0315:4:79,wn-0315:8:216,TEMPORAL,BEFORE,wn-0315,-1,0.3,1
wn-0315:4:79,wn-0315:8:225,TEMPORAL,BEFORE,wn-0315,-1,0.3,1
wn-0315:4:79,wn-0315:9:241,TEMPORAL,BEFORE,wn-0315,-1,0.3,1
wn-0315:4:79,wn-0315:9:246,TEMPORAL,BEFORE,wn-0315,-1,0.3,1
wn-0315:4:79,wn-0315:11:267,TEMPORAL,BEFORE,wn-0315,-1,0.3,1
wn-0315:4:79,wn-0315:11:281,TEMPORAL,BEFORE,wn-0315,-1,0.3,1
wn-0315:4:79,wn-0315:12:291,TEMPORAL,BEFORE,wn-0315,-1,0.3,1
wn-0315:4:79,wn-0315:12:306,TEMPORAL,BEFORE,wn-0315,-1,0.3,1
wn-0315:8:190,wn-0315:8:213,TEMPORAL,AFTER,wn-0315,-1,0.5,1
wn-0315:8:190,wn-0315:8:216,TEMPORAL,AFTER,wn-0315,-1,0.5,1
wn-0315:8:190,wn-0315:8:225,TEMPORAL,AFTER,wn-0315,-1,0.5,1
wn-0315:8:190,wn-0315:9:241,TEMPORAL,BEFORE,wn-0315,-1,0.3,1
wn-0315:8:190,wn-0315:9:246,TEMPORAL,BEFORE,wn-0315,-1,0.3,1
wn-0315:8:190,wn-0315:11:267,TEMPORAL,BEFORE,wn-0315,-1,0.3,1
wn-0315:8:190,wn-0315:11:281,TEMPORAL,BEFORE,wn-0315,-1,0.3,1
wn-0315:8:190,wn-0315:12:291,TEMPORAL,BEFORE,wn-0315,-1,0.3,1
wn-0315:8:190,wn-0315:12:306,TEMPORAL,BEFORE,wn-0315,-1,0.3,1
wn-0315:8:213,wn-0315:8:216,TEMPORAL,SIMULTANEOUS,wn-0315,-1,0.9,1
wn-0315:8:213,wn-0315:8:225,TEMPORAL,SIMULTANEOUS,wn-0315,-1,0.9,1
wn-0315:8:213,wn-0315:9:241,TEMPORAL,BEFORE,wn-0315,-1,0.3,1
wn-0315:8:213,wn-0315:9:246,TEMPORAL,BEFORE,wn-0315,-1,0.3,1
wn-0315:8:213,wn-0315:11:267,TEMPORAL,BEFORE,wn-0315,-1,0.85,1
wn-0315:8:213,wn-0315:11:281,TEMPORAL,BEFORE,wn-0315,-1,0.3,1
wn-0315:8:213,wn-0315:12:291,TEMPORAL,BEFORE,wn-0315,-1,0.75,1
wn-0315:8:213,wn-0315:12:306,TEMPORAL,BEFORE,wn-0315,-1,0.75,1
wn-0315:8:216,wn-0315:8:225,TEMPORAL,SIMULTANEOUS,wn-0315,-1,0.9,1
wn-0315:8:216,wn-0315:9:241,TEMPORAL,BEFORE,wn-0315,-1,0.3,1
wn-0315:8:216,wn-0315:9:246,TEMPORAL,BEFORE,wn-0315,-1,0.3,1
wn-0315:8:216,wn-0315:11:267,TEMPORAL,BEFORE,wn-0315,-1,0.85,1
wn-0315:8:216,wn-0315:11:281,TEMPORAL,BEFORE,wn-0315,-1,0.3,1
wn-0315:8:216,wn-0315:12:291,TEMPORAL,BEFORE,wn-0315,-1,0.75,1
wn-0315:8:216,wn-0315:12:306,TEMPORAL,BEFORE,wn-0315,-1,0.75,1
wn-0315:8:225,wn-0315:9:241,TEMPORAL,BEFORE,wn-0315,-1,0.3,1
wn-0315:8:225,wn-0315:9:246,TEMPORAL,BEFORE,wn-0315,-1,0.3,1
wn-0315:8:225,wn-0315:11:267,TEMPORAL,BEFORE,wn-0315,-1,0.85,1
wn-0315:8:225,wn-0315:11:281,TEMPORAL,BEFORE,wn-0315,-1,0.3,1
wn-0315:8:225,wn-0315:12:291,TEMPORAL,BEFORE,wn-0315,-1,0.75,1
wn-0315:8:225,wn-0315:12:306,TEMPORAL,BEFORE,wn-0315,-1,0.75,1
wn-0315:9:241,wn-0315:11:267,TEMPORAL,BEFORE,wn-0315,-1,0.3,1
wn-0315:9:241,wn-0315:11:281,TEMPORAL,BEFORE,wn-0315,-1,0.3,1
wn-0315:9:241,wn-0315:12:291,TEMPORAL,BEFORE,wn-0315,-1,0.3,1
wn-0315:9:241,wn-0315:12:306,TEMPORAL,BEFORE,wn-0315,-1,0.3,1
wn-0315:9:246,wn-0315:11:267,TEMPORAL,BEFORE,wn-0315,-1,0.3,1
wn-0315:9:246,wn-0315:11:281,TEMPORAL,BEFORE,wn-0315,-1,0.3,1
wn-0315:9:246,wn-0315:12:291,TEMPORAL,BEFORE,wn-0315,-1,0.3,1
wn-0315:9:246,wn-0315:12:306,TEMPORAL,BEFORE,wn-0315,-1,0.3,1
wn-0315:11:267,wn-0315:12:291,TEMPORAL,BEFORE,wn-0315,-1,0.75,1
wn-0315:11:267,wn-0315:12:306,TEMPORAL,BEFORE,wn-0315,-1,0.75,1
wn-0315:11:281,wn-0315:12:291,TEMPORAL,BEFORE,wn-0315,-1,0.3,1
wn-0315:11:281,wn-0315:12:306,TEMPORAL,BEFORE,wn-0315,-1,0.3,1
wn-0315:12:291,wn-0315:12:306,TEMPORAL,SIMULTANEOUS,wn-0315,-1,0.75,1
wn-0316:0:14,wn-0316:2:58,TEMPORAL,BEFORE,wn-0316,-1,0.3,1
wn-0316:0:14,wn-0316:3:66,TEMPORAL,BEFORE,wn-0316,-1,0.3,1
wn-0316:0:14,wn-0316:6:146,TEMPORAL,BEFORE,wn-0316,-1,0.3,1
wn-0316:0:14,wn-0316:13:268,TEMPORAL,BEFORE,wn-0316,-1,0.3,1
wn-0316:0:14,wn-0316:14:287,TEMPORAL,BEFORE,wn-0316,-1,0.3,1
wn-0316:0:14,wn-0316:15:320,TEMPORAL,BEFORE,wn-0316,-1,0.3,1
wn-0316:0:14,wn-0316:15:331,TEMPORAL,BEFORE,wn-0316,-1,0.3,1
wn-0316:2:58,wn-0316:3:66,TEMPORAL,BEFORE,wn-0316,-1,0.3,1
wn-0316:2:58,wn-0316:6:146,TEMPORAL,BEFORE,wn-0316,-1,0.3,1
wn-0316:2:58,wn-0316:13:268,TEMPORAL,BEFORE,wn-0316,-1,0.3,1
wn-0316:2:58,wn-0316:14:287,TEMPORAL,BEFORE,wn-0316,-1,0.3,1
wn-0316:2:58,wn-0316:15:320,TEMPORAL,BEFORE,wn-0316,-1,0.3,1
wn-0316:2:58,wn-0316:15:331,TEMPORAL,BEFORE,wn-0316,-1,0.3,1
wn-0316:3:66,wn-0316:6:146,TEMPORAL,BEFORE,wn-0316,-1,0.3,1
wn-0316:3:66,wn-0316:13:268,TEMPORAL,BEFORE,wn-0316,-1,0.3,1
wn-0316:3:66,wn-0316:14:287,TEMPORAL,BEFORE,wn-0316,-1,0.3,1
wn-0316:3:66,wn-0316:15:320,TEMPORAL,BEFORE,wn-0316,-1,0.3,1
wn-0316:3:66,wn-0316:15:331,TEMPORAL,BEFORE,wn-0316,-1,0.3,1
wn-0316:6:146,wn-0316:13:268,TEMPORAL,BEFORE,wn-0316,-1,0.3,1
wn-0316:6:146,wn-0316:14:287,TEMPORAL,BEFORE,wn-0316,-1,0.3,1
wn-0316:6:146,wn-0316:15:320,TEMPORAL,BEFORE,wn-0316,-1,0.3,1
wn-0316:6:146,wn-0316:15:331,TEMPORAL,BEFORE,wn-0316,-1,0.3,1
wn-0316:13:268,wn-0316:14:287,TEMPORAL,BEFORE,wn-0316,-1,0.3,1
wn-0316:13:268,wn-0316:15:320,TEMPORAL,BEFORE,wn-0316,-1,0.3,1
wn-0316:13:268,wn-0316:15:331,TEMPORAL,BEFORE,wn-0316,-1,0.3,1
wn-0316:14:287,wn-0316:15:320,TEMPORAL,BEFORE,wn-0316,-1,0.3,1
wn-0316:14:287,wn-0316:15:331,TEMPORAL,BEFORE,wn-0316,-1,0.3,1
wn-0317:1:28,wn-0317:1:37,TEMPORAL,AFTER,wn-0317,-1,0.5,1
wn-0317:1:28,wn-0317:6:138,TEMPORAL,BEFORE,wn-0317,-1,0.3,1
wn-0317:1:28,wn-0317:10:249,TEMPORAL,BEFORE,wn-0317,-1,0.3,1
wn-0317:1:28,wn-0317:13:312,TEMPORAL,BEFORE,wn-0317,-1,0.3,1
wn-0317:1:28,wn-0317:17:436,TEMPORAL,BEFORE,wn-0317,-1,0.3,1
wn-0317:1:28,wn-0317:18:456,TEMPORAL,BEFORE,wn-0317,-1,0.3,1
wn-0317:1:37,wn-0317:6:138,TEMPORAL,BEFORE,wn-0317,-1,0.3,1
wn-0317:1:37,wn-0317:10:249,TEMPORAL,BEFORE,wn-0317,-1,0.3,1
wn-0317:1:37,wn-0317:13:312,TEMPORAL,BEFORE,wn-0317,-1,0.3,1
wn-0317:1:37,wn-0317:17:436,TEMPORAL,BEFORE,wn-0317,-1,0.3,1
wn-0317:1:37,wn-0317:18:456,TEMPORAL,BEFORE,wn-0317,-1,0.3,1
wn-0317:6:138,wn-0317:10:249,TEMPORAL,BEFORE,wn-0317,-1,0.3,1
wn-0317:6:138,wn-0317:13:312,TEMPORAL,BEFORE,wn-0317,-1,0.3,1
wn-0317:6:138,wn-0317:17:436,TEMPORAL,BEFORE,wn-0317,-1,0.3,1
wn-0317:6:138,wn-0317:18:456,TEMPORAL,BEFORE,wn-0317,-1,0.3,1
wn-0317:10:249,wn-0317:13:312,TEMPORAL,BEFORE,wn-0317,-1,0.3,1
wn-0317:10:249,wn-0317:17:436,TEMPORAL,BEFORE,wn-0317,-1,0.3,1
wn-0317:10:249,wn-0317:18:456,TEMPORAL,BEFORE,wn-0317,-1,0.3,1
wn-0317:13:312,wn-0317:17:436,TEMPORAL,BEFORE,wn-0317,-1,0.3,1
wn-0317:13:312,wn-0317:18:456,TEMPORAL,BEFORE,wn-0317,-1,0.3,1
wn-0317:17:436,wn-0317:18:456,TEMPORAL,BEFORE,wn-0317,-1,0.3,1
wn-0318:1:15,wn-0318:2:33,TEMPORAL,BEFORE,wn-0318,-1,0.3,1
wn-0318:1:15,wn-0318:4:97,TEMPORAL,BEFORE,wn-0318,-1,0.3,1
wn-0318:1:15,wn-0318:5:116,TEMPORAL,BEFORE,wn-0318,-1,0.3,1
wn-0318:1:15,wn-0318:5:123,TEMPORAL,BEFORE,wn-0318,-1,0.3,1
wn-0318:1:15,wn-0318:6:154,TEMPORAL,BEFORE,wn-0318,-1,0.3,1
wn-0318:1:15,wn-0318:7:185,TEMPORAL,BEFORE,wn-0318,-1,0.3,1
wn-0318:1:15,wn-0318:11:286,TEMPORAL,BEFORE,wn-0318,-1,0.3,1
wn-0318:1:15,wn-0318:13:329,TEMPORAL,BEFORE,wn-0318,-1,0.3,1
wn-0318:1:15,wn-0318:14:340,TEMPORAL,BEFORE,wn-0318,-1,0.3,1
wn-0318:1:15,wn-0318:15:359,TEMPORAL,BEFORE,wn-0318,-1,0.3,1
wn-0318:1:15,wn-0318:16:377,TEMPORAL,BEFORE,wn-0318,-1,0.3,1
wn-0318:1:15,wn-0318:16:394,TEMPORAL,BEFORE,wn-0318,-1,0.3,1
wn-0318:1:15,wn-0318:17:400,TEMPORAL,BEFORE,wn-0318,-1,0.3,1
wn-0318:1:15,wn-0318:18:451,TEMPORAL,BEFORE,wn-0318,-1,0.3,1
wn-0318:1:15,wn-0318:19:478,TEMPORAL,BEFORE,wn-0318,-1,0.3,1
wn-0318:1:15,wn-0318:21:551,TEMPORAL,BEFORE,wn-0318,-1,0.3,1
wn-0318:2:33,wn-0318:4:97,TEMPORAL,BEFORE,wn-0318,-1,0.3,1
wn-0318:2:33,wn-0318:5:116,TEMPORAL,BEFORE,wn-0318,-1,0.3,1
wn-0318:2:33,wn-0318:5:123,TEMPORAL,BEFORE,wn-0318,-1,0.3,1
wn-0318:2:33,wn-0318:6:154,TEMPORAL,BEFORE,wn-0318,-1,0.3,1
wn-0318:2:33,wn-0318:7:185,TEMPORAL,BEFORE,wn-0318,-1,0.3,1
wn-0318:2:33,wn-0318:11:286,TEMPORAL,BEFORE,wn-0318,-1,0.3,1
wn-0318:2:33,wn-0318:13:329,TEMPORAL,BEFORE,wn-0318,-1,0.3,1
wn-0318:2:33,wn-0318:14:340,TEMPORAL,BEFORE,wn-0318,-1,0.3,1
wn-0318:2:33,wn-0318:15:359,TEMPORAL,BEFORE,wn-0318,-1,0.3,1
wn-0318:2:33,wn-0318:16:377,TEMPORAL,BEFORE,wn-0318,-1,0.3,1
wn-0318:2:33,wn-0318:16:394,TEMPORAL,BEFORE,wn-0318,-1,0.3,1
wn-0318:2:33,wn-0318:17:400,TEMPORAL,BEFORE,wn-0318,-1,0.3,1
wn-0318:2:33,wn-0318:18:451,TEMPORAL,BEFORE,wn-0318,-1,0.3,1
wn-0318:2:33,wn-0318:19:478,TEMPORAL,BEFORE,wn-0318,-1,0.3,1
wn-0318:2:33,wn-0318:21:551,TEMPORAL,BEFORE,wn-0318,-1,0.3,1
wn-0318:4:97,wn-0318:5:116,TEMPORAL,BEFORE,wn-0318,-1,0.3,1
wn-0318:4:97,wn-0318:5:123,TEMPORAL,BEFORE,wn-0318,-1,0.3,1
wn-0318:4:97,wn-0318:6:154,TEMPORAL,BEFORE,wn-0318,-1,0.3,1
wn-0318:4:97,wn-0318:7:185,TEMPORAL,BEFORE,wn-0318,-1,0.3,1
wn-0318:4:97,wn-0318:11:286,TEMPORAL,BEFORE,wn-0318,-1,0.3,1
wn-0318:4:97,wn-0318:13:329,TEMPORAL,BEFORE,wn-0318,-1,0.3,1
wn-0318:4:97,wn-0318:14:340,TEMPORAL,BEFORE,wn-0318,-1,0.3,1
wn-0318:4:97,wn-0318:15:359,TEMPORAL,BEFORE,wn-0318,-1,0.3,1
wn-0318:4:97,wn-0318:16:377,TEMPORAL,BEFORE,wn-0318,-1,0.3,1
wn-0318:4:97,wn-0318:16:394,TEMPORAL,BEFORE,wn-0318,-1,0.3,1
wn-0318:4:97,wn-0318:17:400,TEMPORAL,BEFORE,wn-0318,-1,0.3,1
wn-0318:4:97,wn-0318:18:451,TEMPORAL,BEFORE,wn-0318,-1,0.3,1
wn-0318:4:97,wn-0318:19:478,TEMPORAL,BEFORE,wn-0318,-1,0.3,1
wn-0318:4:97,wn-0318:21:551,TEMPORAL,BEFORE,wn-0318,-1,0.3,1
wn-0318:5:116,wn-0318:5:123,TEMPORAL,SIMULTANEOUS,wn-0318,-1,0.75,1
wn-0318:5:116,wn-0318:6:154,TEMPORAL,BEFORE,wn-0318,-1,0.3,1
wn-0318:5:116,wn-0318:7:185,TEMPORAL,BEFORE,wn-0318,-1,0.3,1
wn-0318:5:116,wn-0318:11:286,TEMPORAL,AFTER,wn-0318,-1,0.75,1
wn-0318:5:116,wn-0318:13:329,TEMPORAL,BEFORE,wn-0318,-1,0.3,1
wn-0318:5:116,wn-0318:14:340,TEMPORAL,BEFORE,wn-0318,-1,0.3,1
wn-0318:5:116,wn-0318:15:359,TEMPORAL,AFTER,wn-0318,-1,0.75,1
wn-0318:5:116,wn-0318:16:377,TEMPORAL,BEFORE,wn-0318,-1,0.3,1
wn-0318:5:116,wn-0318:16:394,TEMPORAL,BEFORE,wn-0318,-1,0.3,1
wn-0318:5:116,wn-0318:17:400,TEMPORAL,BEFORE,wn-0318,-1,0.3,1
wn-0318:5:116,wn-0318:18:451,TEMPORAL,BEFORE,wn-0318,-1,0.3,1
wn-0318:5:116,wn-0318:19:478,TEMPORAL,BEFORE,wn-0318,-1,0.3,1
wn-0318:5:116,wn-0318:21:551,TEMPORAL,BEFORE,wn-0318,-1,0.3,1
wn-0318:5:123,wn-0318:6:154,TEMPORAL,BEFORE,wn-0318,-1,0.3,1
wn-0318:5:123,wn-0318:7:185,TEMPORAL,BEFORE,wn-0318,-1,0.3,1
wn-0318:5:123,wn-0318:11:286,TEMPORAL,AFTER,wn-0318,-1,0.75,1
wn-0318:5:123,wn-0318:13:329,TEMPORAL,BEFORE,wn-0318,-1,0.3,1
wn-0318:5:123,wn-0318:14:340,TEMPORAL,BEFORE,wn-0318,-1,0.3,1
wn-0318:5:123,wn-0318:15:359,TEMPORAL,AFTER,wn-0318,-1,0.75,1
wn-0318:5:123,wn-0318:16:377,TEMPORAL,BEFORE,wn-0318,-1,0.3,1
wn-0318:5:123,wn-0318:16:394,TEMPORAL,BEFORE,wn-0318,-1,0.3,1
wn-0318:5:123,wn-0318:17:400,TEMPORAL,BEFORE,wn-0318,-1,0.3,1
wn-0318:5:123,wn-0318:18:451,TEMPORAL,BEFORE,wn-0318,-1,0.3,1
wn-0318:5:123,wn-0318:19:478,TEMPORAL,BEFORE,wn-0318,-1,0.3,1
wn-0318:5:123,wn-0318:21:551,TEMPORAL,BEFORE,wn-0318,-1,0.3,1
wn-0318:6:154,wn-0318:7:185,TEMPORAL,BEFORE,wn-0318,-1,0.3,1
wn-0318:6:154,wn-0318:11:286,TEMPORAL,BEFORE,wn-0318,-1,0.3,1
wn-0318:6:154,wn-0318:13:329,TEMPORAL,BEFORE,wn-0318,-1,0.3,1
wn-0318:6:154,wn-0318:14:340,TEMPORAL,BEFORE,wn-0318,-1,0.3,1
wn-0318:6:154,wn-0318:15:359,TEMPORAL,BEFORE,wn-0318,-1,0.3,1
wn-0318:6:154,wn-0318:16:377,TEMPORAL,BEFORE,wn-0318,-1,0.3,1
wn-0318:6:154,wn-0318:16:394,TEMPORAL,BEFORE,wn-0318,-1,0.3,1
wn-0318:6:154,wn-0318:17:400,TEMPORAL,BEFORE,wn-0318,-1,0.3,1
wn-0318:6:154,wn-0318:18:451,TEMPORAL,BEFORE,wn-0318,-1,0.3,1
wn-0318:6:154,wn-0318:19:478,TEMPORAL,BEFORE,wn-0318,-1,0.3,1
wn-0318:6:154,wn-0318:21:551,TEMPORAL,BEFORE,wn-0318,-1,0.3,1
wn-0318:7:185,wn-0318:11:286,TEMPORAL,BEFORE,wn-0318,-1,0.3,1
wn-0318:7:185,wn-0318:13:329,TEMPORAL,BEFORE,wn-0318,-1,0.3,1
wn-0318:7:185,wn-0318:14:340,TEMPORAL,BEFORE,wn-0318,-1,0.3,1
wn-0318:7:185,wn-0318:15:359,TEMPORAL,BEFORE,wn-0318,-1,0.3,1
wn-0318:7:185,wn-0318:16:377,TEMPORAL,BEFORE,wn-0318,-1,0.3,1
wn-0318:7:185,wn-0318:16:394,TEMPORAL,BEFORE,wn-0318,-1,0.3,1
wn-0318:7:185,wn-0318:17:400,TEMPORAL,BEFORE,wn-0318,-1,0.3,1
wn-0318:7:185,wn-0318:18:451,TEMPORAL,BEFORE,wn-0318,-1,0.3,1
wn-0318:7:185,wn-0318:19:478,TEMPORAL,BEFORE,wn-0318,-1,0.3,1
wn-0318:7:185,wn-0318:21:551,TEMPORAL,BEFORE,wn-0318,-1,0.3,1
wn-0318:11:286,wn-0318:13:329,TEMPORAL,BEFORE,wn-0318,-1,0.3,1
wn-0318:11:286,wn-0318:14:340,TEMPORAL,BEFORE,wn-0318,-1,0.3,1
wn-0318:11:286,wn-0318:15:359,TEMPORAL,BEFORE,wn-0318,-1,0.75,1
wn-0318:11:286,wn-0318:16:377,TEMPORAL,BEFORE,wn-0318,-1,0.3,1
wn-0318:11:286,wn-0318:16:394,TEMPORAL,BEFORE,wn-0318,-1,0.3,1
wn-0318:11:286,wn-0318:17:400,TEMPORAL,BEFORE,wn-0318,-1,0.3,1
wn-0318:11:286,wn-0318:18:451,TEMPORAL,BEFORE,wn-0318,-1,0.3,1
wn-0318:11:286,wn-0318:19:478,TEMPORAL,BEFORE,wn-0318,-1,0.3,1
wn-0318:11:286,wn-0318:21:551,TEMPORAL,BEFORE,wn-0318,-1,0.3,1
wn-0318:13:329,wn-0318:14:340,TEMPORAL,BEFORE,wn-0318,-1,0.3,1
wn-0318:13:329,wn-0318:15:359,TEMPORAL,BEFORE,wn-0318,-1,0.3,1
wn-0318:13:329,wn-0318:16:377,TEMPORAL,BEFORE,wn-0318,-1,0.3,1
wn-0318:13:329,wn-0318:16:394,TEMPORAL,BEFORE,wn-0318,-1,0.3,1
wn-0318:13:329,wn-0318:17:400,TEMPORAL,BEFORE,wn-0318,-1,0.3,1
wn-0318:13:329,wn-0318:18:451,TEMPORAL,BEFORE,wn-0318,-1,0.3,1
wn-0318:13:329,wn-0318:19:478,TEMPORAL,BEFORE,wn-0318,-1,0.3,1
wn-0318:13:329,wn-0318:21:551,TEMPORAL,BEFORE,wn-0318,-1,0.3,1
wn-0318:14:340,wn-0318:15:359,TEMPORAL,BEFORE,wn-0318,-1,0.3,1
wn-0318:14:340,wn-0318:16:377,TEMPORAL,BEFORE,wn-0318,-1,0.3,1
wn-0318:14:340,wn-0318:16:394,TEMPORAL,BEFORE,wn-0318,-1,0.3,1
wn-0318:14:340,wn-0318:17:400,TEMPORAL,BEFORE,wn-0318,-1,0.3,1
wn-0318:14:340,wn-0318:18:451,TEMPORAL,BEFORE,wn-0318,-1,0.3,1
wn-0318:14:340,wn-0318:19:478,TEMPORAL,BEFORE,wn-0318,-1,0.3,1
wn-0318:14:340,wn-0318:21:551,TEMPORAL,BEFORE,wn-0318,-1,0.3,1
wn-0318:15:359,wn-0318:16:377,TEMPORAL,BEFORE,wn-0318,-1,0.3,1
wn-0318:15:359,wn-0318:16:394,TEMPORAL,BEFORE,wn-0318,-1,0.3,1
wn-0318:15:359,wn-0318:17:400,TEMPORAL,BEFORE,wn-0318,-1,0.3,1
wn-0318:15:359,wn-0318:18:451,TEMPORAL,BEFORE,wn-0318,-1,0.3,1
wn-0318:15:359,wn-0318:19:478,TEMPORAL,BEFORE,wn-0318,-1,0.3,1
wn-0318:15:359,wn-0318:21:551,TEMPORAL,BEFORE,wn-0318,-1,0.3,1
wn-0318:16:377,wn-0318:16:394,TEMPORAL,BEFORE,wn-0318,-1,0.5,1
wn-0318:16:377,wn-0318:17:400,TEMPORAL,BEFORE,wn-0318,-1,0.3,1
wn-0318:16:377,wn-0318:18:451,TEMPORAL,BEFORE,wn-0318,-1,0.3,1
wn-0318:16:377,wn-0318:19:478,TEMPORAL,BEFORE,wn-0318,-1,0.3,1
wn-0318:16:377,wn-0318:21:551,TEMPORAL,BEFORE,wn-0318,-1,0.3,1
wn-0318:16:394,wn-0318:17:400,TEMPORAL,BEFORE,wn-0318,-1,0.3,1
wn-0318:16:394,wn-0318:18:451,TEMPORAL,BEFORE,wn-0318,-1,0.3,1
wn-0318:16:394,wn-0318:19:478,TEMPORAL,BEFORE,wn-0318,-1,0.3,1
wn-0318:16:394,wn-0318:21:551,TEMPORAL,BEFORE,wn-0318,-1,0.3,1
wn-0318:17:400,wn-0318:18:451,TEMPORAL,BEFORE,wn-0318,-1,0.3,1
wn-0318:17:400,wn-0318:19:478,TEMPORAL,BEFORE,wn-0318,-1,0.3,1
wn-0318:17:400,wn-0318:21:551,TEMPORAL,BEFORE,wn-0318,-1,0.3,1
wn-0318:18:451,wn-0318:19:478,TEMPORAL,BEFORE,wn-0318,-1,0.3,1
wn-0318:18:451,wn-0318:21:551,TEMPORAL,BEFORE,wn-0318,-1,0.3,1
wn-0318:19:478,wn-0318:21:551,TEMPORAL,BEFORE,wn-0318,-1,0.3,1
wn-0319:0:5,wn-0319:1:25,TEMPORAL,BEFORE,wn-0319,-1,0.3,1
wn-0319:0:5,wn-0319:2:43,TEMPORAL,BEFORE,wn-0319,-1,0.3,1
wn-0319:0:5,wn-0319:4:73,TEMPORAL,BEFORE,wn-0319,-1,0.3,1
wn-0319:0:5,wn-0319:5:114,TEMPORAL,BEFORE,wn-0319,-1,0.3,1
wn-0319:0:5,wn-0319:5:122,TEMPORAL,BEFORE,wn-0319,-1,0.3,1
wn-0319:0:5,wn-0319:6:132,TEMPORAL,BEFORE,wn-0319,-1,0.3,1
wn-0319:0:5,wn-0319:7:158,TEMPORAL,BEFORE,wn-0319,-1,0.3,1
wn-0319:0:5,wn-0319:8:181,TEMPORAL,BEFORE,wn-0319,-1,0.3,1
wn-0319:1:25,wn-0319:2:43,TEMPORAL,BEFORE,wn-0319,-1,0.3,1
wn-0319:1:25,wn-0319:4:73,TEMPORAL,BEFORE,wn-0319,-1,0.3,1
wn-0319:1:25,wn-0319:5:114,TEMPORAL,BEFORE,wn-0319,-1,0.3,1
wn-0319:1:25,wn-0319:5:122,TEMPORAL,BEFORE,wn-0319,-1,0.3,1
wn-0319:1:25,wn-0319:6:132,TEMPORAL,BEFORE,wn-0319,-1,0.3,1
wn-0319:1:25,wn-0319:7:158,TEMPORAL,BEFORE,wn-0319,-1,0.3,1
wn-0319:1:25,wn-0319:8:181,TEMPORAL,BEFORE,wn-0319,-1,0.3,1
wn-0319:2:43,wn-0319:4:73,TEMPORAL,BEFORE,wn-0319,-1,0.9,1
wn-0319:2:43,wn-0319:5:114,TEMPORAL,BEFORE,wn-0319,-1,0.3,1
wn-0319:2:43,wn-0319:5:122,TEMPORAL,BEFORE,wn-0319,-1,0.3,1
wn-0319:2:43,wn-0319:6:132,TEMPORAL,BEFORE,wn-0319,-1,0.3,1
wn-0319:2:43,wn-0319:7:158,TEMPORAL,BEFORE,wn-0319,-1,0.9,1
wn-0319:2:43,wn-0319:8:181,TEMPORAL,BEFORE,wn-0319,-1,0.75,1
wn-0319:4:73,wn-0319:5:114,TEMPORAL,BEFORE,wn-0319,-1,0.3,1
wn-0319:4:73,wn-0319:5:122,TEMPORAL,BEFORE,wn-0319,-1,0.3,1
wn-0319:4:73,wn-0319:6:132,TEMPORAL,BEFORE,wn-0319,-1,0.3,1
wn-0319:4:73,wn-0319:7:158,TEMPORAL,AFTER,wn-0319,-1,0.9,1
wn-0319:4:73,wn-0319:8:181,TEMPORAL,BEFORE,wn-0319,-1,0.75,1
wn-0319:5:114,wn-0319:6:132,TEMPORAL,BEFORE,wn-0319,-1,0.3,1
wn-0319:5:114,wn-0319:7:158,TEMPORAL,BEFORE,wn-0319,-1,0.3,1
wn-0319:5:114,wn-0319:8:181,TEMPORAL,BEFORE,wn-0319,-1,0.3,1
wn-0319:5:122,wn-0319:6:132,TEMPORAL,BEFORE,wn-0319,-1,0.3,1
wn-0319:5:122,wn-0319:7:158,TEMPORAL,BEFORE,wn-0319,-1,0.3,1
wn-0319:5:122,wn-0319:8:181,TEMPORAL,BEFORE,wn-0319,-1,0.3,1
wn-0319:6:132,wn-0319:7:158,TEMPORAL,BEFORE,wn-0319,-1,0.3,1
wn-0319:6:132,wn-0319:8:181,TEMPORAL,BEFORE,wn-0319,-1,0.3,1
wn-0319:7:158,wn-0319:8:181,TEMPORAL,BEFORE,wn-0319,-1,0.75,1
wn-0320:0:16,wn-0320:1:29,TEMPORAL,BEFORE,wn-0320,-1,0.3,1
wn-0320:0:16,wn-0320:6:134,TEMPORAL,BEFORE,wn-0320,-1,0.3,1
wn-0320:0:16,wn-0320:7:145,TEMPORAL,BEFORE,wn-0320,-1,0.3,1
wn-0320:0:16,wn-0320:8:172,TEMPORAL,BEFORE,wn-0320,-1,0.3,1
wn-0320:0:16,wn-0320:8:190,TEMPORAL,BEFORE,wn-0320,-1,0.3,1
wn-0320:0:16,wn-0320:8:193,TEMPORAL,BEFORE,wn-0320,-1,0.3,1
wn-0320:0:16,wn-0320:9:212,TEMPORAL,BEFORE,wn-0320,-1,0.3,1
wn-0320:1:29,wn-0320:6:134,TEMPORAL,BEFORE,wn-0320,-1,0.3,1
wn-0320:1:29,wn-0320:7:145,TEMPORAL,AFTER,wn-0320,-1,0.8,1
wn-0320:1:29,wn-0320:8:172,TEMPORAL,BEFORE,wn-0320,-1,0.75,1
wn-0320:1:29,wn-0320:8:190,TEMPORAL,BEFORE,wn-0320,-1,0.75,1
wn-0320:1:29,wn-0320:8:193,TEMPORAL,BEFORE,wn-0320,-1,0.75,1
wn-0320:1:29,wn-0320:9:212,TEMPORAL,AFTER,wn-0320,-1,0.8,1
wn-0320:6:134,wn-0320:7:145,TEMPORAL,BEFORE,wn-0320,-1,0.3,1
wn-0320:6:134,wn-0320:8:172,TEMPORAL,BEFORE,wn-0320,-1,0.3,1
wn-0320:6:134,wn-0320:8:190,TEMPORAL,BEFORE,wn-0320,-1,0.3,1
wn-0320:6:134,wn-0320:8:193,TEMPORAL,BEFORE,wn-0320,-1,0.3,1
wn-0320:6:134,wn-0320:9:212,TEMPORAL,BEFORE,wn-0320,-1,0.3,1
wn-0320:7:145,wn-0320:8:172,TEMPORAL,BEFORE,wn-0320,-1,0.75,1
wn-0320:7:145,wn-0320:8:190,TEMPORAL,BEFORE,wn-0320,-1,0.75,1
wn-0320:7:145,wn-0320:8:193,TEMPORAL,BEFORE,wn-0320,-1,0.75,1
wn-0320:7:145,wn-0320:9:212,TEMPORAL,SIMULTANEOUS,wn-0320,-1,0.85,1
wn-0320:8:172,wn-0320:8:190,TEMPORAL,AFTER,wn-0320,-1,0.75,1
wn-0320:8:172,wn-0320:8:193,TEMPORAL,AFTER,wn-0320,-1,0.75,1
wn-0320:8:172,wn-0320:9:212,TEMPORAL,AFTER,wn-0320,-1,0.75,1
wn-0320:8:190,wn-0320:8:193,TEMPORAL,SIMULTANEOUS,wn-0320,-1,0.75,1
wn-0320:8:190,wn-0320:9:212,TEMPORAL,AFTER,wn-0320,-1,0.75,1
wn-0320:8:193,wn-0320:9:212,TEMPORAL,AFTER,wn-0320,-1,0.75,1
wn-0321:0:31,wn-0321:5:143,TEMPORAL,BEFORE,wn-0321,-1,0.3,1
wn-0321:0:31,wn-0321:7:185,TEMPORAL,BEFORE,wn-0321,-1,0.3,1
wn-0321:0:31,wn-0321:8:198,TEMPORAL,BEFORE,wn-0321,-1,0.3,1
wn-0321:5:143,wn-0321:7:185,TEMPORAL,BEFORE,wn-0321,-1,0.3,1
wn-0321:5:143,wn-0321:8:198,TEMPORAL,BEFORE,wn-0321,-1,0.3,1
wn-0321:7:185,wn-0321:8:198,TEMPORAL,BEFORE,wn-0321,-1,0.3,1
wn-0322:1:23,wn-0322:1:40,TEMPORAL,BEFORE,wn-0322,-1,0.85,1
wn-0322:1:23,wn-0322:2:71,TEMPORAL,BEFORE,wn-0322,-1,0.85,1
wn-0322:1:23,wn-0322:3:149,TEMPORAL,BEFORE,wn-0322,-1,0.3,1
wn-0322:1:23,wn-0322:8:275,TEMPORAL,BEFORE,wn-0322,-1,0.3,1
wn-0322:1:23,wn-0322:12:385,TEMPORAL,AFTER,wn-0322,-1,0.85,1
wn-0322:1:40,wn-0322:2:71,TEMPORAL,BEFORE,wn-0322,-1,0.85,1
wn-0322:1:40,wn-0322:3:149,TEMPORAL,BEFORE,wn-0322,-1,0.3,1
wn-0322:1:40,wn-0322:8:275,TEMPORAL,BEFORE,wn-0322,-1,0.3,1
wn-0322:1:40,wn-0322:12:385,TEMPORAL,AFTER,wn-0322,-1,0.85,1
wn-0322:2:71,wn-0322:3:149,TEMPORAL,BEFORE,wn-0322,-1,0.3,1
wn-0322:2:71,wn-0322:8:275,TEMPORAL,BEFORE,wn-0322,-1,0.3,1
wn-0322:2:71,wn-0322:12:385,TEMPORAL,AFTER,wn-0322,-1,0.9,1
wn-0322:3:149,wn-0322:8:275,TEMPORAL,BEFORE,wn-0322,-1,0.3,1
wn-0322:3:149,wn-0322:12:385,TEMPORAL,BEFORE,wn-0322,-1,0.3,1
wn-0322:8:275,wn-0322:12:385,TEMPORAL,BEFORE,wn-0322,-1,0.3,1
wn-0323:1:45,wn-0323:5:137,TEMPORAL,BEFORE,wn-0323,-1,0.3,1
wn-0323:1:45,wn-0323:8:186,TEMPORAL,BEFORE,wn-0323,-1,0.3,1
wn-0323:1:45,wn-0323:9:203,TEMPORAL,BEFORE,wn-0323,-1,0.3,1
wn-0323:5:137,wn-0323:8:186,TEMPORAL,BEFORE,wn-0323,-1,0.3,1
wn-0323:5:137,wn-0323:9:203,TEMPORAL,BEFORE,wn-0323,-1,0.3,1
wn-0323:8:186,wn-0323:9:203,TEMPORAL,BEFORE,wn-0323,-1,0.3,1
wn-0325:0:17,wn-0325:1:49,TEMPORAL,BEFORE,wn-0325,-1,0.3,1
wn-0325:0:17,wn-0325:2:68,TEMPORAL,BEFORE,wn-0325,-1,0.3,1
wn-0325:0:17,wn-0325:5:125,TEMPORAL,BEFORE,wn-0325,-1,0.3,1
wn-0325:0:17,wn-0325:5:135,TEMPORAL,BEFORE,wn-0325,-1,0.75,1
wn-0325:0:17,wn-0325:6:144,TEMPORAL,AFTER,wn-0325,-1,0.75,1
wn-0325:0:17,wn-0325:6:150,TEMPORAL,AFTER,wn-0325,-1,0.75,1
wn-0325:0:17,wn-0325:7:173,TEMPORAL,BEFORE,wn-0325,-1,0.9,1
wn-0325:0:17,wn-0325:7:177,TEMPORAL,BEFORE,wn-0325,-1,0.9,1
wn-0325:0:17,wn-0325:7:178,TEMPORAL,BEFORE,wn-0325,-1,0.9,1
wn-0325:0:17,wn-0325:7:186,TEMPORAL,BEFORE,wn-0325,-1,0.9,1
wn-0325:0:17,wn-0325:10:269,TEMPORAL,AFTER,wn-0325,-1,0.9,1
wn-0325:0:17,wn-0325:11:288,TEMPORAL,BEFORE,wn-0325,-1,0.75,1
wn-0325:0:17,wn-0325:11:307,TEMPORAL,BEFORE,wn-0325,-1,0.75,1
wn-0325:1:49,wn-0325:2:68,TEMPORAL,BEFORE,wn-0325,-1,0.3,1
wn-0325:1:49,wn-0325:5:125,TEMPORAL,BEFORE,wn-0325,-1,0.3,1
wn-0325:1:49,wn-0325:5:135,TEMPORAL,BEFORE,wn-0325,-1,0.3,1
wn-0325:1:49,wn-0325:6:144,TEMPORAL,BEFORE,wn-0325,-1,0.3,1
wn-0325:1:49,wn-0325:6:150,TEMPORAL,BEFORE,wn-0325,-1,0.3,1
wn-0325:1:49,wn-0325:7:173,TEMPORAL,BEFORE,wn-0325,-1,0.3,1
wn-0325:1:49,wn-0325:7:177,TEMPORAL,BEFORE,wn-0325,-1,0.3,1
wn-0325:1:49,wn-0325:7:178,TEMPORAL,BEFORE,wn-0325,-1,0.3,1
wn-0325:1:49,wn-0325:7:186,TEMPORAL,BEFORE,wn-0325,-1,0.3,1
wn-0325:1:49,wn-0325:10:269,TEMPORAL,BEFORE,wn-0325,-1,0.3,1
wn-0325:1:49,wn-0325:11:288,TEMPORAL,BEFORE,wn-0325,-1,0.3,1
wn-0325:1:49,wn-0325:11:307,TEMPORAL,BEFORE,wn-0325,-1,0.3,1
wn-0325:2:68,wn-0325:5:125,TEMPORAL,BEFORE,wn-0325,-1,0.3,1
wn-0325:2:68,wn-0325:5:135,TEMPORAL,BEFORE,wn-0325,-1,0.3,1
wn-0325:2:68,wn-0325:6:144,TEMPORAL,BEFORE,wn-0325,-1,0.3,1
wn-0325:2:68,wn-0325:6:150,TEMPORAL,BEFORE,wn-0325,-1,0.3,1
wn-0325:2:68,wn-0325:7:173,TEMPORAL,BEFORE,wn-0325,-1,0.3,1
wn-0325:2:68,wn-0325:7:177,TEMPORAL,BEFORE,wn-0325,-1,0.3,1
wn-0325:2:68,wn-0325:7:178,TEMPORAL,BEFORE,wn-0325,-1,0.3,1
wn-0325:2:68,wn-0325:7:186,TEMPORAL,BEFORE,wn-0325,-1,0.3,1
wn-0325:2:68,wn-0325:10:269,TEMPORAL,BEFORE,wn-0325,-1,0.3,1
wn-0325:2:68,wn-0325:11:288,TEMPORAL,BEFORE,wn-0325,-1,0.3,1
wn-0325:2:68,wn-0325:11:307,TEMPORAL,BEFORE,wn-0325,-1,0.3,1
wn-0325:5:125,wn-0325:6:144,TEMPORAL,BEFORE,wn-0325,-1,0.3,1
wn-0325:5:125,wn-0325:6:150,TEMPORAL,BEFORE,wn-0325,-1,0.3,1
wn-0325:5:125,wn-0325:7:173,TEMPORAL,BEFORE,wn-0325,-1,0.3,1
wn-0325:5:125,wn-0325:7:177,TEMPORAL,BEFORE,wn-0325,-1,0.3,1
wn-0325:5:125,wn-0325:7:178,TEMPORAL,BEFORE,wn-0325,-1,0.3,1
wn-0325:5:125,wn-0325:7:186,TEMPORAL,BEFORE,wn-0325,-1,0.3,1
wn-0325:5:125,wn-0325:10:269,TEMPORAL,BEFORE,wn-0325,-1,0.3,1
wn-0325:5:125,wn-0325:11:288,TEMPORAL,BEFORE,wn-0325,-1,0.3,1
wn-0325:5:125,wn-0325:11:307,TEMPORAL,BEFORE,wn-0325,-1,0.3,1
wn-0325:5:135,wn-0325:6:144,TEMPORAL,AFTER,wn-0325,-1,0.75,1
wn-0325:5:135,wn-0325:6:150,TEMPORAL,AFTER,wn-0325,-1,0.75,1
wn-0325:5:135,wn-0325:7:173,TEMPORAL,AFTER,wn-0325,-1,0.75,1
wn-0325:5:135,wn-0325:7:177,TEMPORAL,AFTER,wn-0325,-1,0.75,1
wn-0325:5:135,wn-0325:7:178,TEMPORAL,AFTER,wn-0325,-1,0.75,1
wn-0325:5:135,wn-0325:7:186,TEMPORAL,AFTER,wn-0325,-1,0.75,1
wn-0325:5:135,wn-0325:10:269,TEMPORAL,AFTER,wn-0325,-1,0.75,1
wn-0325:5:135,wn-0325:11:288,TEMPORAL,AFTER,wn-0325,-1,0.75,1
wn-0325:5:135,wn-0325:11:307,TEMPORAL,AFTER,wn-0325,-1,0.75,1
wn-0325:6:144,wn-0325:6:150,TEMPORAL,SIMULTANEOUS,wn-0325,-1,0.75,1
wn-0325:6:144,wn-0325:7:173,TEMPORAL,BEFORE,wn-0325,-1,0.75,1
wn-0325:6:144,wn-0325:7:177,TEMPORAL,BEFORE,wn-0325,-1,0.75,1
wn-0325:6:144,wn-0325:7:178,TEMPORAL,BEFORE,wn-0325,-1,0.75,1
wn-0325:6:144,wn-0325:7:186,TEMPORAL,BEFORE,wn-0325,-1,0.75,1
wn-0325:6:144,wn-0325:10:269,TEMPORAL,AFTER,wn-0325,-1,0.75,1
wn-0325:6:144,wn-0325:11:288,TEMPORAL,BEFORE,wn-0325,-1,0.75,1
wn-0325:6:144,wn-0325:11:307,TEMPORAL,BEFORE,wn-0325,-1,0.75,1
wn-0325:6:150,wn-0325:7:173,TEMPORAL,BEFORE,wn-0325,-1,0.75,1
wn-0325:6:150,wn-0325:7:177,TEMPORAL,BEFORE,wn-0325,-1,0.75,1
wn-0325:6:150,wn-0325:7:178,TEMPORAL,BEFORE,wn-0325,-1,0.75,1
wn-0325:6:150,wn-0325:7:186,TEMPORAL,BEFORE,wn-0325,-1,0.75,1
wn-0325:6:150,wn-0325:10:269,TEMPORAL,AFTER,wn-0325,-1,0.75,1
wn-0325:6:150,wn-0325:11:288,TEMPORAL,BEFORE,wn-0325,-1,0.75,1
wn-0325:6:150,wn-0325:11:307,TEMPORAL,BEFORE,wn-0325,-1,0.75,1
wn-0325:7:173,wn-0325:7:177,TEMPORAL,SIMULTANEOUS,wn-0325,-1,0.9,1
wn-0325:7:173,wn-0325:7:178,TEMPORAL,SIMULTANEOUS,wn-0325,-1,0.9,1
wn-0325:7:173,wn-0325:7:186,TEMPORAL,SIMULTANEOUS,wn-0325,-1,0.9,1
wn-0325:7:173,wn-0325:10:269,TEMPORAL,AFTER,wn-0325,-1,0.9,1
wn-0325:7:173,wn-0325:11:288,TEMPORAL,BEFORE,wn-0325,-1,0.75,1
wn-0325:7:173,wn-0325:11:307,TEMPORAL,BEFORE,wn-0325,-1,0.75,1
wn-0325:7:177,wn-0325:7:178,TEMPORAL,SIMULTANEOUS,wn-0325,-1,0.9,1
wn-0325:7:177,wn-0325:7:186,TEMPORAL,SIMULTANEOUS,wn-0325,-1,0.9,1
wn-0325:7:177,wn-0325:10:269,TEMPORAL,AFTER,wn-0325,-1,0.9,1
wn-0325:7:177,wn-0325:11:288,TEMPORAL,BEFORE,wn-0325,-1,0.75,1
wn-0325:7:177,wn-0325:11:307,TEMPORAL,BEFORE,wn-0325,-1,0.75,1
wn-0325:7:178,wn-0325:7:186,TEMPORAL,SIMULTANEOUS,wn-0325,-1,0.9,1
wn-0325:7:178,wn-0325:10:269,TEMPORAL,AFTER,wn-0325,-1,0.9,1
wn-0325:7:178,wn-0325:11:288,TEMPORAL,BEFORE,wn-0325,-1,0.75,1
wn-0325:7:178,wn-0325:11:307,TEMPORAL,BEFORE,wn-0325,-1,0.75,1
wn-0325:7:186,wn-0325:10:269,TEMPORAL,AFTER,wn-0325,-1,0.9,1
wn-0325:7:186,wn-0325:11:288,TEMPORAL,BEFORE,wn-0325,-1,0.75,1
wn-0325:7:186,wn-0325:11:307,TEMPORAL,BEFORE,wn-0325,-1,0.75,1
wn-0325:10:269,wn-0325:11:288,TEMPORAL,BEFORE,wn-0325,-1,0.75,1
wn-0325:10:269,wn-0325:11:307,TEMPORAL,BEFORE,wn-0325,-1,0.75,1
wn-0325:11:288,wn-0325:11:307,TEMPORAL,SIMULTANEOUS,wn-0325,-1,0.75,1
wn-0326:1:21,wn-0326:5:96,TEMPORAL,BEFORE,wn-0326,-1,0.3,1
wn-0326:1:21,wn-0326:6:155,TEMPORAL,BEFORE,wn-0326,-1,0.3,1
wn-0326:1:21,wn-0326:8:211,TEMPORAL,BEFORE,wn-0326,-1,0.3,1
wn-0326:1:21,wn-0326:11:291,TEMPORAL,BEFORE,wn-0326,-1,0.85,1
wn-0326:5:96,wn-0326:6:155,TEMPORAL,BEFORE,wn-0326,-1,0.3,1
wn-0326:5:96,wn-0326:8:211,TEMPORAL,BEFORE,wn-0326,-1,0.3,1
wn-0326:5:96,wn-0326:11:291,TEMPORAL,BEFORE,wn-0326,-1,0.3,1
wn-0326:6:155,wn-0326:8:211,TEMPORAL,BEFORE,wn-0326,-1,0.3,1
wn-0326:6:155,wn-0326:11:291,TEMPORAL,BEFORE,wn-0326,-1,0.3,1
wn-0326:8:211,wn-0326:11:291,TEMPORAL,BEFORE,wn-0326,-1,0.3,1
wn-0327:0:6,wn-0327:1:14,TEMPORAL,BEFORE,wn-0327,-1,0.3,1
wn-0327:0:6,wn-0327:1:19,TEMPORAL,BEFORE,wn-0327,-1,0.3,1
wn-0327:0:6,wn-0327:6:137,TEMPORAL,BEFORE,wn-0327,-1,0.3,1
wn-0327:0:6,wn-0327:6:154,TEMPORAL,BEFORE,wn-0327,-1,0.3,1
wn-0327:0:6,wn-0327:11:259,TEMPORAL,BEFORE,wn-0327,-1,0.3,1
wn-0327:0:6,wn-0327:11:263,TEMPORAL,BEFORE,wn-0327,-1,0.3,1
wn-0327:0:6,wn-0327:11:264,TEMPORAL,BEFORE,wn-0327,-1,0.3,1
wn-0327:0:6,wn-0327:13:318,TEMPORAL,BEFORE,wn-0327,-1,0.3,1
wn-0327:0:6,wn-0327:14:322,TEMPORAL,BEFORE,wn-0327,-1,0.3,1
wn-0327:0:6,wn-0327:15:363,TEMPORAL,BEFORE,wn-0327,-1,0.3,1
wn-0327:0:6,wn-0327:16:410,TEMPORAL,BEFORE,wn-0327,-1,0.3,1
wn-0327:0:6,wn-0327:16:415,TEMPORAL,BEFORE,wn-0327,-1,0.3,1
wn-0327:0:6,wn-0327:18:452,TEMPORAL,BEFORE,wn-0327,-1,0.3,1
wn-0327:0:6,wn-0327:21:527,TEMPORAL,BEFORE,wn-0327,-1,0.3,1
wn-0327:0:6,wn-0327:22:547,TEMPORAL,BEFORE,wn-0327,-1,0.3,1
wn-0327:0:6,wn-0327:22:557,TEMPORAL,BEFORE,wn-0327,-1,0.3,1
wn-0327:0:6,wn-0327:22:562,TEMPORAL,BEFORE,wn-0327,-1,0.3,1
wn-0327:0:6,wn-0327:22:567,TEMPORAL,BEFORE,wn-0327,-1,0.3,1
wn-0327:0:6,wn-0327:22:577,TEMPORAL,BEFORE,wn-0327,-1,0.3,1
wn-0327:0:6,wn-0327:22:592,TEMPORAL,BEFORE,wn-0327,-1,0.3,1
wn-0327:0:6,wn-0327:23:599,TEMPORAL,BEFORE,wn-0327,-1,0.3,1
wn-0327:0:6,wn-0327:24:618,TEMPORAL,BEFORE,wn-0327,-1,0.3,1
wn-0327:0:6,wn-0327:25:635,TEMPORAL,BEFORE,wn-0327,-1,0.3,1
wn-0327:1:14,wn-0327:1:19,TEMPORAL,SIMULTANEOUS,wn-0327,-1,0.8,1
wn-0327:1:14,wn-0327:6:137,TEMPORAL,BEFORE,wn-0327,-1,0.3,1
wn-0327:1:14,wn-0327:6:154,TEMPORAL,BEFORE,wn-0327,-1,0.3,1
wn-0327:1:14,wn-0327:11:259,TEMPORAL,AFTER,wn-0327,-1,0.8,1
wn-0327:1:14,wn-0327:11:263,TEMPORAL,AFTER,wn-0327,-1,0.8,1
wn-0327:1:14,wn-0327:11:264,TEMPORAL,AFTER,wn-0327,-1,0.8,1
wn-0327:1:14,wn-0327:13:318,TEMPORAL,BEFORE,wn-0327,-1,0.3,1
wn-0327:1:14,wn-0327:14:322,TEMPORAL,BEFORE,wn-0327,-1,0.3,1
wn-0327:1:14,wn-0327:15:363,TEMPORAL,BEFORE,wn-0327,-1,0.3,1
wn-0327:1:14,wn-0327:16:410,TEMPORAL,BEFORE,wn-0327,-1,0.3,1
wn-0327:1:14,wn-0327:16:415,TEMPORAL,BEFORE,wn-0327,-1,0.3,1
wn-0327:1:14,wn-0327:18:452,TEMPORAL,BEFORE,wn-0327,-1,0.3,1
wn-0327:1:14,wn-0327:21:527,TEMPORAL,BEFORE,wn-0327,-1,0.3,1
wn-0327:1:14,wn-0327:22:547,TEMPORAL,BEFORE,wn-0327,-1,0.75,1
wn-0327:1:14,wn-0327:22:557,TEMPORAL,BEFORE,wn-0327,-1,0.75,1
wn-0327:1:14,wn-0327:22:562,TEMPORAL,AFTER,wn-0327,-1,0.8,1
wn-0327:1:14,wn-0327:22:567,TEMPORAL,BEFORE,wn-0327,-1,0.3,1
wn-0327:1:14,wn-0327:22:577,TEMPORAL,BEFORE,wn-0327,-1,0.3,1
wn-0327:1:14,wn-0327:22:592,TEMPORAL,BEFORE,wn-0327,-1,0.3,1
wn-0327:1:14,wn-0327:23:599,TEMPORAL,AFTER,wn-0327,-1,0.8,1
wn-0327:1:14,wn-0327:24:618,TEMPORAL,BEFORE,wn-0327,-1,0.3,1
wn-0327:1:14,wn-0327:25:635,TEMPORAL,BEFORE,wn-0327,-1,0.75,1
wn-0327:1:19,wn-0327:6:137,TEMPORAL,BEFORE,wn-0327,-1,0.3,1
wn-0327:1:19,wn-0327:6:154,TEMPORAL,BEFORE,wn-0327,-1,0.3,1
wn-0327:1:19,wn-0327:11:259,TEMPORAL,AFTER,wn-0327,-1,0.8,1
wn-0327:1:19,wn-0327:11:263,TEMPORAL,AFTER,wn-0327,-1,0.8,1
wn-0327:1:19,wn-0327:11:264,TEMPORAL,AFTER,wn-0327,-1,0.8,1
wn-0327:1:19,wn-0327:13:318,TEMPORAL,BEFORE,wn-0327,-1,0.3,1
wn-0327:1:19,wn-0327:14:322,TEMPORAL,BEFORE,wn-0327,-1,0.3,1
wn-0327:1:19,wn-0327:15:363,TEMPORAL,BEFORE,wn-0327,-1,0.3,1
wn-0327:1:19,wn-0327:16:410,TEMPORAL,BEFORE,wn-0327,-1,0.3,1
wn-0327:1:19,wn-0327:16:415,TEMPORAL,BEFORE,wn-0327,-1,0.3,1
wn-0327:1:19,wn-0327:18:452,TEMPORAL,BEFORE,wn-0327,-1,0.3,1
wn-0327:1:19,wn-0327:21:527,TEMPORAL,BEFORE,wn-0327,-1,0.3,1
wn-0327:1:19,wn-0327:22:547,TEMPORAL,BEFORE,wn-0327,-1,0.75,1
wn-0327:1:19,wn-0327:22:557,TEMPORAL,BEFORE,wn-0327,-1,0.75,1
wn-0327:1:19,wn-0327:22:562,TEMPORAL,AFTER,wn-0327,-1,0.8,1
wn-0327:1:19,wn-0327:22:567,TEMPORAL,BEFORE,wn-0327,-1,0.3,1
wn-0327:1:19,wn-0327:22:577,TEMPORAL,BEFORE,wn-0327,-1,0.3,1
wn-0327:1:19,wn-0327:22:592,TEMPORAL,BEFORE,wn-0327,-1,0.3,1
wn-0327:1:19,wn-0327:23:599,TEMPORAL,AFTER,wn-0327,-1,0.8,1
wn-0327:1:19,wn-0327:24:618,TEMPORAL,BEFORE,wn-0327,-1,0.3,1
wn-0327:1:19,wn-0327:25:635,TEMPORAL,BEFORE,wn-0327,-1,0.75,1
wn-0327:6:137,wn-0327:6:154,TEMPORAL,BEFORE,wn-0327,-1,0.5,1
wn-0327:6:137,wn-0327:11:259,TEMPORAL,BEFORE,wn-0327,-1,0.3,1
wn-0327:6:137,wn-0327:11:263,TEMPORAL,BEFORE,wn-0327,-1,0.3,1
wn-0327:6:137,wn-0327:11:264,TEMPORAL,BEFORE,wn-0327,-1,0.3,1
wn-0327:6:137,wn-0327:13:318,TEMPORAL,BEFORE,wn-0327,-1,0.3,1
wn-0327:6:137,wn-0327:14:322,TEMPORAL,BEFORE,wn-0327,-1,0.3,1
wn-0327:6:137,wn-0327:15:363,TEMPORAL,BEFORE,wn-0327,-1,0.3,1
wn-0327:6:137,wn-0327:16:410,TEMPORAL,BEFORE,wn-0327,-1,0.3,1
wn-0327:6:137,wn-0327:16:415,TEMPORAL,BEFORE,wn-0327,-1,0.3,1
wn-0327:6:137,wn-0327:18:452,TEMPORAL,BEFORE,wn-0327,-1,0.3,1
wn-0327:6:137,wn-0327:21:527,TEMPORAL,BEFORE,wn-0327,-1,0.3,1
wn-0327:6:137,wn-0327:22:547,TEMPORAL,BEFORE,wn-0327,-1,0.3,1
wn-0327:6:137,wn-0327:22:557,TEMPORAL,BEFORE,wn-0327,-1,0.3,1
wn-0327:6:137,wn-0327:22:562,TEMPORAL,BEFORE,wn-0327,-1,0.3,1
wn-0327:6:137,wn-0327:22:567,TEMPORAL,BEFORE,wn-0327,-1,0.3,1
wn-0327:6:137,wn-0327:22:577,TEMPORAL,BEFORE,wn-0327,-1,0.3,1
wn-0327:6:137,wn-0327:22:592,TEMPORAL,BEFORE,wn-0327,-1,0.3,1
wn-0327:6:137,wn-0327:23:599,TEMPORAL,BEFORE,wn-0327,-1,0.3,1
wn-0327:6:137,wn-0327:24:618,TEMPORAL,BEFORE,wn-0327,-1,0.3,1
wn-0327:6:137,wn-0327:25:635,TEMPORAL,BEFORE,wn-0327,-1,0.3,1
wn-0327:6:154,wn-0327:11:259,TEMPORAL,BEFORE,wn-0327,-1,0.3,1
wn-0327:6:154,wn-0327:11:263,TEMPORAL,BEFORE,wn-0327,-1,0.3,1
wn-0327:6:154,wn-0327:11:264,TEMPORAL,BEFORE,wn-0327,-1,0.3,1
wn-0327:6:154,wn-0327:13:318,TEMPORAL,BEFORE,wn-0327,-1,0.3,1
wn-0327:6:154,wn-0327:14:322,TEMPORAL,BEFORE,wn-0327,-1,0.3,1
wn-0327:6:154,wn-0327:15:363,TEMPORAL,BEFORE,wn-0327,-1,0.3,1
wn-0327:6:154,wn-0327:16:410,TEMPORAL,BEFORE,wn-0327,-1,0.3,1
wn-0327:6:154,wn-0327:16:415,TEMPORAL,BEFORE,wn-0327,-1,0.3,1
wn-0327:6:154,wn-0327:18:452,TEMPORAL,BEFORE,wn-0327,-1,0.3,1
wn-0327:6:154,wn-0327:21:527,TEMPORAL,BEFORE,wn-0327,-1,0.3,1
wn-0327:6:154,wn-0327:22:547,TEMPORAL,BEFORE,wn-0327,-1,0.3,1
wn-0327:6:154,wn-0327:22:557,TEMPORAL,BEFORE,wn-0327,-1,0.3,1
wn-0327:6:154,wn-0327:22:562,TEMPORAL,BEFORE,wn-0327,-1,0.3,1
wn-0327:6:154,wn-0327:22:567,TEMPORAL,BEFORE,wn-0327,-1,0.3,1
wn-0327:6:154,wn-0327:22:577,TEMPORAL,BEFORE,wn-0327,-1,0.3,1
wn-0327:6:154,wn-0327:22:592,TEMPORAL,BEFORE,wn-0327,-1,0.3,1
wn-0327:6:154,wn-0327:23:599,TEMPORAL,BEFORE,wn-0327,-1,0.3,1
wn-0327:6:154,wn-0327:24:618,TEMPORAL,BEFORE,wn-0327,-1,0.3,1
wn-0327:6:154,wn-0327:25:635,TEMPORAL,BEFORE,wn-0327,-1,0.3,1
wn-0327:11:259,wn-0327:11:263,TEMPORAL,SIMULTANEOUS,wn-0327,-1,0.9,1
wn-0327:11:259,wn-0327:11:264,TEMPORAL,SIMULTANEOUS,wn-0327,-1,0.9,1
wn-0327:11:259,wn-0327:13:318,TEMPORAL,BEFORE,wn-0327,-1,0.3,1
wn-0327:11:259,wn-0327:14:322,TEMPORAL,BEFORE,wn-0327,-1,0.3,1
wn-0327:11:259,wn-0327:15:363,TEMPORAL,BEFORE,wn-0327,-1,0.3,1
wn-0327:11:259,wn-0327:16:410,TEMPORAL,BEFORE,wn-0327,-1,0.3,1
wn-0327:11:259,wn-0327:16:415,TEMPORAL,BEFORE,wn-0327,-1,0.3,1
wn-0327:11:259,wn-0327:18:452,TEMPORAL,BEFORE,wn-0327,-1,0.3,1
wn-0327:11:259,wn-0327:21:527,TEMPORAL,BEFORE,wn-0327,-1,0.3,1
wn-0327:11:259,wn-0327:22:547,TEMPORAL,BEFORE,wn-0327,-1,0.75,1
wn-0327:11:259,wn-0327:22:557,TEMPORAL,BEFORE,wn-0327,-1,0.75,1
wn-0327:11:259,wn-0327:22:562,TEMPORAL,BEFORE,wn-0327,-1,0.85,1
wn-0327:11:259,wn-0327:22:567,TEMPORAL,BEFORE,wn-0327,-1,0.3,1
wn-0327:11:259,wn-0327:22:577,TEMPORAL,BEFORE,wn-0327,-1,0.3,1
wn-0327:11:259,wn-0327:22:592,TEMPORAL,BEFORE,wn-0327,-1,0.3,1
wn-0327:11:259,wn-0327:23:599,TEMPORAL,BEFORE,wn-0327,-1,0.9,1
wn-0327:11:259,wn-0327:24:618,TEMPORAL,BEFORE,wn-0327,-1,0.3,1
wn-0327:11:259,wn-0327:25:635,TEMPORAL,BEFORE,wn-0327,-1,0.75,1
wn-0327:11:263,wn-0327:11:264,TEMPORAL,SIMULTANEOUS,wn-0327,-1,0.9,1
wn-0327:11:263,wn-0327:13:318,TEMPORAL,BEFORE,wn-0327,-1,0.3,1
wn-0327:11:263,wn-0327:14:322,TEMPORAL,BEFORE,wn-0327,-1,0.3,1
wn-0327:11:263,wn-0327:15:363,TEMPORAL,BEFORE,wn-0327,-1,0.3,1
wn-0327:11:263,wn-0327:16:410,TEMPORAL,BEFORE,wn-0327,-1,0.3,1
wn-0327:11:263,wn-0327:16:415,TEMPORAL,BEFORE,wn-0327,-1,0.3,1
wn-0327:11:263,wn-0327:18:452,TEMPORAL,BEFORE,wn-0327,-1,0.3,1
wn-0327:11:263,wn-0327:21:527,TEMPORAL,BEFORE,wn-0327,-1,0.3,1
wn-0327:11:263,wn-0327:22:547,TEMPORAL,BEFORE,wn-0327,-1,0.75,1
wn-0327:11:263,wn-0327:22:557,TEMPORAL,BEFORE,wn-0327,-1,0.75,1
wn-0327:11:263,wn-0327:22:562,TEMPORAL,BEFORE,wn-0327,-1,0.85,1
wn-0327:11:263,wn-0327:22:567,TEMPORAL,BEFORE,wn-0327,-1,0.3,1
wn-0327:11:263,wn-0327:22:577,TEMPORAL,BEFORE,wn-0327,-1,0.3,1
wn-0327:11:263,wn-0327:22:592,TEMPORAL,BEFORE,wn-0327,-1,0.3,1
wn-0327:11:263,wn-0327:23:599,TEMPORAL,BEFORE,wn-0327,-1,0.9,1
wn-0327:11:263,wn-0327:24:618,TEMPORAL,BEFORE,wn-0327,-1,0.3,1
wn-0327:11:263,wn-0327:25:635,TEMPORAL,BEFORE,wn-0327,-1,0.75,1
wn-0327:11:264,wn-0327:13:318,TEMPORAL,BEFORE,wn-0327,-1,0.3,1
wn-0327:11:264,wn-0327:14:322,TEMPORAL,BEFORE,wn-0327,-1,0.3,1
wn-0327:11:264,wn-0327:15:363,TEMPORAL,BEFORE,wn-0327,-1,0.3,1
wn-0327:11:264,wn-0327:16:410,TEMPORAL,BEFORE,wn-0327,-1,0.3,1
wn-0327:11:264,wn-0327:16:415,TEMPORAL,BEFORE,wn-0327,-1,0.3,1
wn-0327:11:264,wn-0327:18:452,TEMPORAL,BEFORE,wn-0327,-1,0.3,1
wn-0327:11:264,wn-0327:21:527,TEMPORAL,BEFORE,wn-0327,-1,0.3,1
wn-0327:11:264,wn-0327:22:547,TEMPORAL,BEFORE,wn-0327,-1,0.75,1
wn-0327:11:264,wn-0327:22:557,TEMPORAL,BEFORE,wn-0327,-1,0.75,1
wn-0327:11:264,wn-0327:22:562,TEMPORAL,BEFORE,wn-0327,-1,0.85,1
wn-0327:11:264,wn-0327:22:567,TEMPORAL,BEFORE,wn-0327,-1,0.3,1
wn-0327:11:264,wn-0327:22:577,TEMPORAL,BEFORE,wn-0327,-1,0.3,1
wn-0327:11:264,wn-0327:22:592,TEMPORAL,BEFORE,wn-0327,-1,0.3,1
wn-0327:11:264,wn-0327:23:599,TEMPORAL,BEFORE,wn-0327,-1,0.9,1
wn-0327:11:264,wn-0327:24:618,TEMPORAL,BEFORE,wn-0327,-1,0.3,1
wn-0327:11:264,wn-0327:25:635,TEMPORAL,BEFORE,wn-0327,-1,0.75,1
wn-0327:13:318,wn-0327:14:322,TEMPORAL,BEFORE,wn-0327,-1,0.3,1
wn-0327:13:318,wn-0327:15:363,TEMPORAL,BEFORE,wn-0327,-1,0.3,1
wn-0327:13:318,wn-0327:16:410,TEMPORAL,BEFORE,wn-0327,-1,0.3,1
wn-0327:13:318,wn-0327:16:415,TEMPORAL,BEFORE,wn-0327,-1,0.3,1
wn-0327:13:318,wn-0327:18:452,TEMPORAL,BEFORE,wn-0327,-1,0.3,1
wn-0327:13:318,wn-0327:21:527,TEMPORAL,BEFORE,wn-0327,-1,0.3,1
wn-0327:13:318,wn-0327:22:547,TEMPORAL,BEFORE,wn-0327,-1,0.3,1
wn-0327:13:318,wn-0327:22:557,TEMPORAL,BEFORE,wn-0327,-1,0.3,1
wn-0327:13:318,wn-0327:22:562,TEMPORAL,BEFORE,wn-0327,-1,0.3,1
wn-0327:13:318,wn-0327:22:567,TEMPORAL,BEFORE,wn-0327,-1,0.3,1
wn-0327:13:318,wn-0327:22:577,TEMPORAL,BEFORE,wn-0327,-1,0.3,1
wn-0327:13:318,wn-0327:22:592,TEMPORAL,BEFORE,wn-0327,-1,0.3,1
wn-0327:13:318,wn-0327:23:599,TEMPORAL,BEFORE,wn-0327,-1,0.3,1
wn-0327:13:318,wn-0327:24:618,TEMPORAL,BEFORE,wn-0327,-1,0.3,1
wn-0327:13:318,wn-0327:25:635,TEMPORAL,BEFORE,wn-0327,-1,0.3,1
wn-0327:14:322,wn-0327:15:363,TEMPORAL,BEFORE,wn-0327,-1,0.3,1
wn-0327:14:322,wn-0327:16:410,TEMPORAL,BEFORE,wn-0327,-1,0.3,1
wn-0327:14:322,wn-0327:16:415,TEMPORAL,BEFORE,wn-0327,-1,0.3,1
wn-0327:14:322,wn-0327:18:452,TEMPORAL,BEFORE,wn-0327,-1,0.3,1
wn-0327:14:322,wn-0327:21:527,TEMPORAL,BEFORE,wn-0327,-1,0.3,1
wn-0327:14:322,wn-0327:22:547,TEMPORAL,BEFORE,wn-0327,-1,0.3,1
wn-0327:14:322,wn-0327:22:557,TEMPORAL,BEFORE,wn-0327,-1,0.3,1
wn-0327:14:322,wn-0327:22:562,TEMPORAL,BEFORE,wn-0327,-1,0.3,1
wn-0327:14:322,wn-0327:22:567,TEMPORAL,BEFORE,wn-0327,-1,0.3,1
wn-0327:14:322,wn-0327:22:577,TEMPORAL,BEFORE,wn-0327,-1,0.3,1
wn-0327:14:322,wn-0327:22:592,TEMPORAL,BEFORE,wn-0327,-1,0.3,1
wn-0327:14:322,wn-0327:23:599,TEMPORAL,BEFORE,wn-0327,-1,0.3,1
wn-0327:14:322,wn-0327:24:618,TEMPORAL,BEFORE,wn-0327,-1,0.3,1
wn-0327:14:322,wn-0327:25:635,TEMPORAL,BEFORE,wn-0327,-1,0.3,1
wn-0327:15:363,wn-0327:16:410,TEMPORAL,BEFORE,wn-0327,-1,0.3,1
wn-0327:15:363,wn-0327:16:415,TEMPORAL,BEFORE,wn-0327,-1,0.3,1
wn-0327:15:363,wn-0327:18:452,TEMPORAL,BEFORE,wn-0327,-1,0.3,1
wn-0327:15:363,wn-0327:21:527,TEMPORAL,BEFORE,wn-0327,-1,0.3,1
wn-0327:15:363,wn-0327:22:547,TEMPORAL,BEFORE,wn-0327,-1,0.3,1
wn-0327:15:363,wn-0327:22:557,TEMPORAL,BEFORE,wn-0327,-1,0.3,1
wn-0327:15:363,wn-0327:22:562,TEMPORAL,BEFORE,wn-0327,-1,0.3,1
wn-0327:15:363,wn-0327:22:567,TEMPORAL,BEFORE,wn-0327,-1,0.3,1
wn-0327:15:363,wn-0327:22:577,TEMPORAL,BEFORE,wn-0327,-1,0.3,1
wn-0327:15:363,wn-0327:22:592,TEMPORAL,BEFORE,wn-0327,-1,0.3,1
wn-0327:15:363,wn-0327:23:599,TEMPORAL,BEFORE,wn-0327,-1,0.3,1
wn-0327:15:363,wn-0327:24:618,TEMPORAL,BEFORE,wn-0327,-1,0.3,1
wn-0327:15:363,wn-0327:25:635,TEMPORAL,BEFORE,wn-0327,-1,0.3,1
wn-0327:16:410,wn-0327:16:415,TEMPORAL,AFTER,wn-0327,-1,0.5,1
wn-0327:16:410,wn-0327:18:452,TEMPORAL,BEFORE,wn-0327,-1,0.3,1
wn-0327:16:410,wn-0327:21:527,TEMPORAL,BEFORE,wn-0327,-1,0.3,1
wn-0327:16:410,wn-0327:22:547,TEMPORAL,BEFORE,wn-0327,-1,0.3,1
wn-0327:16:410,wn-0327:22:557,TEMPORAL,BEFORE,wn-0327,-1,0.3,1
wn-0327:16:410,wn-0327:22:562,TEMPORAL,BEFORE,wn-0327,-1,0.3,1
wn-0327:16:410,wn-0327:22:567,TEMPORAL,BEFORE,wn-0327,-1,0.3,1
wn-0327:16:410,wn-0327:22:577,TEMPORAL,BEFORE,wn-0327,-1,0.3,1
wn-0327:16:410,wn-0327:22:592,TEMPORAL,BEFORE,wn-0327,-1,0.3,1
wn-0327:16:410,wn-0327:23:599,TEMPORAL,BEFORE,wn-0327,-1,0.3,1
wn-0327:16:410,wn-0327:24:618,TEMPORAL,BEFORE,wn-0327,-1,0.3,1
wn-0327:16:410,wn-0327:25:635,TEMPORAL,BEFORE,wn-0327,-1,0.3,1
wn-0327:16:415,wn-0327:18:452,TEMPORAL,BEFORE,wn-0327,-1,0.3,1
wn-0327:16:415,wn-0327:21:527,TEMPORAL,BEFORE,wn-0327,-1,0.3,1
wn-0327:16:415,wn-0327:22:547,TEMPORAL,BEFORE,wn-0327,-1,0.3,1
wn-0327:16:415,wn-0327:22:557,TEMPORAL,BEFORE,wn-0327,-1,0.3,1
wn-0327:16:415,wn-0327:22:562,TEMPORAL,BEFORE,wn-0327,-1,0.3,1
wn-0327:16:415,wn-0327:22:567,TEMPORAL,BEFORE,wn-0327,-1,0.3,1
wn-0327:16:415,wn-0327:22:577,TEMPORAL,BEFORE,wn-0327,-1,0.3,1
wn-0327:16:415,wn-0327:22:592,TEMPORAL,BEFORE,wn-0327,-1,0.3,1
wn-0327:16:415,wn-0327:23:599,TEMPORAL,BEFORE,wn-0327,-1,0.3,1
wn-0327:16:415,wn-0327:24:618,TEMPORAL,BEFORE,wn-0327,-1,0.3,1
wn-0327:16:415,wn-0327:25:635,TEMPORAL,BEFORE,wn-0327,-1,0.3,1
wn-0327:18:452,wn-0327:21:527,TEMPORAL,BEFORE,wn-0327,-1,0.3,1
wn-0327:18:452,wn-0327:22:547,TEMPORAL,BEFORE,wn-0327,-1,0.3,1
wn-0327:18:452,wn-0327:22:557,TEMPORAL,BEFORE,wn-0327,-1,0.3,1
wn-0327:18:452,wn-0327:22:562,TEMPORAL,BEFORE,wn-0327,-1,0.3,1
wn-0327:18:452,wn-0327:22:567,TEMPORAL,BEFORE,wn-0327,-1,0.3,1
wn-0327:18:452,wn-0327:22:577,TEMPORAL,BEFORE,wn-0327,-1,0.3,1
wn-0327:18:452,wn-0327:22:592,TEMPORAL,BEFORE,wn-0327,-1,0.3,1
wn-0327:18:452,wn-0327:23:599,TEMPORAL,BEFORE,wn-0327,-1,0.3,1
wn-0327:18:452,wn-0327:24:618,TEMPORAL,BEFORE,wn-0327,-1,0.3,1
wn-0327:18:452,wn-0327:25:635,TEMPORAL,BEFORE,wn-0327,-1,0.3,1
wn-0327:21:527,wn-0327:22:547,TEMPORAL,BEFORE,wn-0327,-1,0.3,1
wn-0327:21:527,wn-0327:22:557,TEMPORAL,BEFORE,wn-0327,-1,0.3,1
wn-0327:21:527,wn-0327:22:562,TEMPORAL,BEFORE,wn-0327,-1,0.3,1
wn-0327:21:527,wn-0327:22:567,TEMPORAL,BEFORE,wn-0327,-1,0.3,1
wn-0327:21:527,wn-0327:22:577,TEMPORAL,BEFORE,wn-0327,-1,0.3,1
wn-0327:21:527,wn-0327:22:592,TEMPORAL,BEFORE,wn-0327,-1,0.3,1
wn-0327:21:527,wn-0327:23:599,TEMPORAL,BEFORE,wn-0327,-1,0.3,1
wn-0327:21:527,wn-0327:24:618,TEMPORAL,BEFORE,wn-0327,-1,0.3,1
wn-0327:21:527,wn-0327:25:635,TEMPORAL,BEFORE,wn-0327,-1,0.3,1
wn-0327:22:547,wn-0327:22:557,TEMPORAL,SIMULTANEOUS,wn-0327,-1,0.75,1
wn-0327:22:547,wn-0327:22:562,TEMPORAL,AFTER,wn-0327,-1,0.75,1
wn-0327:22:547,wn-0327:23:599,TEMPORAL,AFTER,wn-0327,-1,0.75,1
wn-0327:22:547,wn-0327:24:618,TEMPORAL,BEFORE,wn-0327,-1,0.3,1
wn-0327:22:547,wn-0327:25:635,TEMPORAL,AFTER,wn-0327,-1,0.75,1
wn-0327:22:557,wn-0327:22:562,TEMPORAL,AFTER,wn-0327,-1,0.75,1
wn-0327:22:557,wn-0327:23:599,TEMPORAL,AFTER,wn-0327,-1,0.75,1
wn-0327:22:557,wn-0327:24:618,TEMPORAL,BEFORE,wn-0327,-1,0.3,1
wn-0327:22:557,wn-0327:25:635,TEMPORAL,AFTER,wn-0327,-1,0.75,1
wn-0327:22:562,wn-0327:23:599,TEMPORAL,AFTER,wn-0327,-1,0.85,1
wn-0327:22:562,wn-0327:24:618,TEMPORAL,BEFORE,wn-0327,-1,0.3,1
wn-0327:22:562,wn-0327:25:635,TEMPORAL,BEFORE,wn-0327,-1,0.75,1
wn-0327:22:567,wn-0327:23:599,TEMPORAL,BEFORE,wn-0327,-1,0.3,1
wn-0327:22:567,wn-0327:24:618,TEMPORAL,BEFORE,wn-0327,-1,0.3,1
wn-0327:22:567,wn-0327:25:635,TEMPORAL,BEFORE,wn-0327,-1,0.3,1
wn-0327:22:577,wn-0327:23:599,TEMPORAL,BEFORE,wn-0327,-1,0.3,1
wn-0327:22:577,wn-0327:24:618,TEMPORAL,BEFORE,wn-0327,-1,0.3,1
wn-0327:22:577,wn-0327:25:635,TEMPORAL,BEFORE,wn-0327,-1,0.3,1
wn-0327:22:592,wn-0327:23:599,TEMPORAL,BEFORE,wn-0327,-1,0.3,1
wn-0327:22:592,wn-0327:24:618,TEMPORAL,BEFORE,wn-0327,-1,0.3,1
wn-0327:22:592,wn-0327:25:635,TEMPORAL,BEFORE,wn-0327,-1,0.3,1
wn-0327:23:599,wn-0327:24:618,TEMPORAL,BEFORE,wn-0327,-1,0.3,1
wn-0327:23:599,wn-0327:25:635,TEMPORAL,BEFORE,wn-0327,-1,0.75,1
wn-0327:24:618,wn-0327:25:635,TEMPORAL,BEFORE,wn-0327,-1,0.3,1
wn-0328:0:12,wn-0328:1:24,TEMPORAL,BEFORE,wn-0328,-1,0.3,1
wn-0328:0:12,wn-0328:1:30,TEMPORAL,BEFORE,wn-0328,-1,0.3,1
wn-0328:0:12,wn-0328:2:38,TEMPORAL,BEFORE,wn-0328,-1,0.3,1
wn-0328:0:12,wn-0328:6:120,TEMPORAL,BEFORE,wn-0328,-1,0.3,1
wn-0328:0:12,wn-0328:6:124,TEMPORAL,BEFORE,wn-0328,-1,0.3,1
wn-0328:0:12,wn-0328:6:127,TEMPORAL,BEFORE,wn-0328,-1,0.3,1
wn-0328:0:12,wn-0328:6:128,TEMPORAL,BEFORE,wn-0328,-1,0.3,1
wn-0328:0:12,wn-0328:12:240,TEMPORAL,BEFORE,wn-0328,-1,0.3,1
wn-0328:0:12,wn-0328:12:251,TEMPORAL,BEFORE,wn-0328,-1,0.3,1
wn-0328:0:12,wn-0328:15:320,TEMPORAL,BEFORE,wn-0328,-1,0.3,1
wn-0328:0:12,wn-0328:17:383,TEMPORAL,BEFORE,wn-0328,-1,0.3,1
wn-0328:0:12,wn-0328:18:393,TEMPORAL,BEFORE,wn-0328,-1,0.3,1
wn-0328:0:12,wn-0328:18:403,TEMPORAL,BEFORE,wn-0328,-1,0.3,1
wn-0328:0:12,wn-0328:19:411,TEMPORAL,BEFORE,wn-0328,-1,0.3,1
wn-0328:1:24,wn-0328:2:38,TEMPORAL,BEFORE,wn-0328,-1,0.3,1
wn-0328:1:24,wn-0328:6:120,TEMPORAL,BEFORE,wn-0328,-1,0.3,1
wn-0328:1:24,wn-0328:6:124,TEMPORAL,BEFORE,wn-0328,-1,0.3,1
wn-0328:1:24,wn-0328:6:127,TEMPORAL,BEFORE,wn-0328,-1,0.3,1
wn-0328:1:24,wn-0328:6:128,TEMPORAL,BEFORE,wn-0328,-1,0.3,1
wn-0328:1:24,wn-0328:12:240,TEMPORAL,BEFORE,wn-0328,-1,0.3,1
wn-0328:1:24,wn-0328:12:251,TEMPORAL,BEFORE,wn-0328,-1,0.3,1
wn-0328:1:24,wn-0328:15:320,TEMPORAL,BEFORE,wn-0328,-1,0.3,1
wn-0328:1:24,wn-0328:17:383,TEMPORAL,BEFORE,wn-0328,-1,0.3,1
wn-0328:1:24,wn-0328:18:393,TEMPORAL,BEFORE,wn-0328,-1,0.3,1
wn-0328:1:24,wn-0328:18:403,TEMPORAL,BEFORE,wn-0328,-1,0.3,1
wn-0328:1:24,wn-0328:19:411,TEMPORAL,BEFORE,wn-0328,-1,0.3,1
wn-0328:1:30,wn-0328:2:38,TEMPORAL,BEFORE,wn-0328,-1,0.3,1
wn-0328:1:30,wn-0328:6:120,TEMPORAL,BEFORE,wn-0328,-1,0.3,1
wn-0328:1:30,wn-0328:6:124,TEMPORAL,BEFORE,wn-0328,-1,0.3,1
wn-0328:1:30,wn-0328:6:127,TEMPORAL,BEFORE,wn-0328,-1,0.3,1
wn-0328:1:30,wn-0328:6:128,TEMPORAL,BEFORE,wn-0328,-1,0.3,1
wn-0328:1:30,wn-0328:12:240,TEMPORAL,BEFORE,wn-0328,-1,0.3,1
wn-0328:1:30,wn-0328:12:251,TEMPORAL,BEFORE,wn-0328,-1,0.3,1
wn-0328:1:30,wn-0328:15:320,TEMPORAL,BEFORE,wn-0328,-1,0.3,1
wn-0328:1:30,wn-0328:17:383,TEMPORAL,BEFORE,wn-0328,-1,0.3,1
wn-0328:1:30,wn-0328:18:393,TEMPORAL,BEFORE,wn-0328,-1,0.3,1
wn-0328:1:30,wn-0328:18:403,TEMPORAL,BEFORE,wn-0328,-1,0.3,1
wn-0328:1:30,wn-0328:19:411,TEMPORAL,BEFORE,wn-0328,-1,0.3,1
wn-0328:2:38,wn-0328:6:120,TEMPORAL,BEFORE,wn-0328,-1,0.3,1
wn-0328:2:38,wn-0328:6:124,TEMPORAL,BEFORE,wn-0328,-1,0.3,1
wn-0328:2:38,wn-0328:6:127,TEMPORAL,BEFORE,wn-0328,-1,0.3,1
wn-0328:2:38,wn-0328:6:128,TEMPORAL,BEFORE,wn-0328,-1,0.3,1
wn-0328:2:38,wn-0328:12:240,TEMPORAL,BEFORE,wn-0328,-1,0.3,1
wn-0328:2:38,wn-0328:12:251,TEMPORAL,BEFORE,wn-0328,-1,0.3,1
wn-0328:2:38,wn-0328:15:320,TEMPORAL,BEFORE,wn-0328,-1,0.3,1
wn-0328:2:38,wn-0328:17:383,TEMPORAL,BEFORE,wn-0328,-1,0.3,1
wn-0328:2:38,wn-0328:18:393,TEMPORAL,BEFORE,wn-0328,-1,0.3,1
wn-0328:2:38,wn-0328:18:403,TEMPORAL,BEFORE,wn-0328,-1,0.3,1
wn-0328:2:38,wn-0328:19:411,TEMPORAL,BEFORE,wn-0328,-1,0.3,1
wn-0328:6:120,wn-0328:6:124,TEMPORAL,SIMULTANEOUS,wn-0328,-1,0.85,1
wn-0328:6:120,wn-0328:6:127,TEMPORAL,SIMULTANEOUS,wn-0328,-1,0.85,1
wn-0328:6:120,wn-0328:6:128,TEMPORAL,SIMULTANEOUS,wn-0328,-1,0.85,1
wn-0328:6:120,wn-0328:12:240,TEMPORAL,BEFORE,wn-0328,-1,0.3,1
wn-0328:6:120,wn-0328:12:251,TEMPORAL,BEFORE,wn-0328,-1,0.3,1
wn-0328:6:120,wn-0328:15:320,TEMPORAL,BEFORE,wn-0328,-1,0.85,1
wn-0328:6:120,wn-0328:17:383,TEMPORAL,SIMULTANEOUS,wn-0328,-1,0.85,1
wn-0328:6:120,wn-0328:18:393,TEMPORAL,BEFORE,wn-0328,-1,0.3,1
wn-0328:6:120,wn-0328:18:403,TEMPORAL,BEFORE,wn-0328,-1,0.3,1
wn-0328:6:120,wn-0328:19:411,TEMPORAL,BEFORE,wn-0328,-1,0.3,1
wn-0328:6:124,wn-0328:6:127,TEMPORAL,SIMULTANEOUS,wn-0328,-1,0.85,1
wn-0328:6:124,wn-0328:6:128,TEMPORAL,SIMULTANEOUS,wn-0328,-1,0.85,1
wn-0328:6:124,wn-0328:12:240,TEMPORAL,BEFORE,wn-0328,-1,0.3,1
wn-0328:6:124,wn-0328:12:251,TEMPORAL,BEFORE,wn-0328,-1,0.3,1
wn-0328:6:124,wn-0328:15:320,TEMPORAL,BEFORE,wn-0328,-1,0.85,1
wn-0328:6:124,wn-0328:17:383,TEMPORAL,SIMULTANEOUS,wn-0328,-1,0.85,1
wn-0328:6:124,wn-0328:18:393,TEMPORAL,BEFORE,wn-0328,-1,0.3,1
wn-0328:6:124,wn-0328:18:403,TEMPORAL,BEFORE,wn-0328,-1,0.3,1
wn-0328:6:124,wn-0328:19:411,TEMPORAL,BEFORE,wn-0328,-1,0.3,1
wn-0328:6:127,wn-0328:6:128,TEMPORAL,SIMULTANEOUS,wn-0328,-1,0.85,1
wn-0328:6:127,wn-0328:12:240,TEMPORAL,BEFORE,wn-0328,-1,0.3,1
wn-0328:6:127,wn-0328:12:251,TEMPORAL,BEFORE,wn-0328,-1,0.3,1
wn-0328:6:127,wn-0328:15:320,TEMPORAL,BEFORE,wn-0328,-1,0.85,1
wn-0328:6:127,wn-0328:17:383,TEMPORAL,SIMULTANEOUS,wn-0328,-1,0.85,1
wn-0328:6:127,wn-0328:18:393,TEMPORAL,BEFORE,wn-0328,-1,0.3,1
wn-0328:6:127,wn-0328:18:403,TEMPORAL,BEFORE,wn-0328,-1,0.3,1
wn-0328:6:127,wn-0328:19:411,TEMPORAL,BEFORE,wn-0328,-1,0.3,1
wn-0328:6:128,wn-0328:12:240,TEMPORAL,BEFORE,wn-0328,-1,0.3,1
wn-0328:6:128,wn-0328:12:251,TEMPORAL,BEFORE,wn-0328,-1,0.3,1
wn-0328:6:128,wn-0328:15:320,TEMPORAL,BEFORE,wn-0328,-1,0.85,1
wn-0328:6:128,wn-0328:17:383,TEMPORAL,SIMULTANEOUS,wn-0328,-1,0.85,1
wn-0328:6:128,wn-0328:18:393,TEMPORAL,BEFORE,wn-0328,-1,0.3,1
wn-0328:6:128,wn-0328:18:403,TEMPORAL,BEFORE,wn-0328,-1,0.3,1
wn-0328:6:128,wn-0328:19:411,TEMPORAL,BEFORE,wn-0328,-1,0.3,1
wn-0328:12:240,wn-0328:12:251,TEMPORAL,AFTER,wn-0328,-1,0.5,1
wn-0328:12:240,wn-0328:15:320,TEMPORAL,BEFORE,wn-0328,-1,0.3,1
wn-0328:12:240,wn-0328:17:383,TEMPORAL,BEFORE,wn-0328,-1,0.3,1
wn-0328:12:240,wn-0328:18:393,TEMPORAL,BEFORE,wn-0328,-1,0.3,1
wn-0328:12:240,wn-0328:18:403,TEMPORAL,BEFORE,wn-0328,-1,0.3,1
wn-0328:12:240,wn-0328:19:411,TEMPORAL,BEFORE,wn-0328,-1,0.3,1
wn-0328:12:251,wn-0328:15:320,TEMPORAL,BEFORE,wn-0328,-1,0.3,1
wn-0328:12:251,wn-0328:17:383,TEMPORAL,BEFORE,wn-0328,-1,0.3,1
wn-0328:12:251,wn-0328:18:393,TEMPORAL,BEFORE,wn-0328,-1,0.3,1
wn-0328:12:251,wn-0328:18:403,TEMPORAL,BEFORE,wn-0328,-1,0.3,1
wn-0328:12:251,wn-0328:19:411,TEMPORAL,BEFORE,wn-0328,-1,0.3,1
wn-0328:15:320,wn-0328:17:383,TEMPORAL,AFTER,wn-0328,-1,0.9,1
wn-0328:15:320,wn-0328:18:393,TEMPORAL,BEFORE,wn-0328,-1,0.3,1
wn-0328:15:320,wn-0328:18:403,TEMPORAL,BEFORE,wn-0328,-1,0.3,1
wn-0328:15:320,wn-0328:19:411,TEMPORAL,BEFORE,wn-0328,-1,0.3,1
wn-0328:17:383,wn-0328:18:393,TEMPORAL,BEFORE,wn-0328,-1,0.3,1
wn-0328:17:383,wn-0328:18:403,TEMPORAL,BEFORE,wn-0328,-1,0.3,1
wn-0328:17:383,wn-0328:19:411,TEMPORAL,BEFORE,wn-0328,-1,0.3,1
wn-0328:18:393,wn-0328:19:411,TEMPORAL,BEFORE,wn-0328,-1,0.3,1
wn-0328:18:403,wn-0328:19:411,TEMPORAL,BEFORE,wn-0328,-1,0.3,1
wn-0329:0:22,wn-0329:1:68,TEMPORAL,BEFORE,wn-0329,-1,0.3,1
wn-0329:0:22,wn-0329:8:241,TEMPORAL,BEFORE,wn-0329,-1,0.3,1
wn-0329:0:22,wn-0329:9:287,TEMPORAL,BEFORE,wn-0329,-1,0.3,1
wn-0329:0:22,wn-0329:11:345,TEMPORAL,BEFORE,wn-0329,-1,0.3,1
wn-0329:0:22,wn-0329:11:351,TEMPORAL,BEFORE,wn-0329,-1,0.3,1
wn-0329:0:22,wn-0329:13:385,TEMPORAL,BEFORE,wn-0329,-1,0.3,1
wn-0329:0:22,wn-0329:16:444,TEMPORAL,BEFORE,wn-0329,-1,0.3,1
wn-0329:0:22,wn-0329:16:455,TEMPORAL,BEFORE,wn-0329,-1,0.3,1
wn-0329:0:22,wn-0329:19:543,TEMPORAL,BEFORE,wn-0329,-1,0.3,1
wn-0329:0:22,wn-0329:22:608,TEMPORAL,BEFORE,wn-0329,-1,0.3,1
wn-0329:0:22,wn-0329:23:622,TEMPORAL,BEFORE,wn-0329,-1,0.3,1
wn-0329:0:22,wn-0329:24:673,TEMPORAL,BEFORE,wn-0329,-1,0.3,1
wn-0329:0:22,wn-0329:30:867,TEMPORAL,BEFORE,wn-0329,-1,0.3,1
wn-0329:0:22,wn-0329:32:918,TEMPORAL,BEFORE,wn-0329,-1,0.3,1
wn-0329:0:22,wn-0329:43:1306,TEMPORAL,BEFORE,wn-0329,-1,0.3,1
wn-0329:0:22,wn-0329:50:1560,TEMPORAL,BEFORE,wn-0329,-1,0.3,1
wn-0329:0:22,wn-0329:57:1727,TEMPORAL,BEFORE,wn-0329,-1,0.3,1
wn-0329:0:22,wn-0329:59:1803,TEMPORAL,BEFORE,wn-0329,-1,0.3,1
wn-0329:0:22,wn-0329:67:2088,TEMPORAL,BEFORE,wn-0329,-1,0.3,1
wn-0329:1:68,wn-0329:8:241,TEMPORAL,BEFORE,wn-0329,-1,0.9,1
wn-0329:1:68,wn-0329:9:287,TEMPORAL,BEFORE,wn-0329,-1,0.3,1
wn-0329:1:68,wn-0329:11:345,TEMPORAL,BEFORE,wn-0329,-1,0.3,1
wn-0329:1:68,wn-0329:11:351,TEMPORAL,BEFORE,wn-0329,-1,0.3,1
wn-0329:1:68,wn-0329:13:385,TEMPORAL,BEFORE,wn-0329,-1,0.3,1
wn-0329:1:68,wn-0329:16:444,TEMPORAL,BEFORE,wn-0329,-1,0.3,1
wn-0329:1:68,wn-0329:16:455,TEMPORAL,BEFORE,wn-0329,-1,0.3,1
wn-0329:1:68,wn-0329:19:543,TEMPORAL,BEFORE,wn-0329,-1,0.3,1
wn-0329:1:68,wn-0329:22:608,TEMPORAL,BEFORE,wn-0329,-1,0.3,1
wn-0329:1:68,wn-0329:23:622,TEMPORAL,BEFORE,wn-0329,-1,0.9,1
wn-0329:1:68,wn-0329:24:673,TEMPORAL,BEFORE,wn-0329,-1,0.3,1
wn-0329:1:68,wn-0329:30:867,TEMPORAL,BEFORE,wn-0329,-1,0.9,1
wn-0329:1:68,wn-0329:32:918,TEMPORAL,BEFORE,wn-0329,-1,0.3,1
wn-0329:1:68,wn-0329:43:1306,TEMPORAL,BEFORE,wn-0329,-1,0.3,1
wn-0329:1:68,wn-0329:50:1560,TEMPORAL,BEFORE,wn-0329,-1,0.3,1
wn-0329:1:68,wn-0329:57:1727,TEMPORAL,BEFORE,wn-0329,-1,0.3,1
wn-0329:1:68,wn-0329:59:1803,TEMPORAL,BEFORE,wn-0329,-1,0.3,1
wn-0329:1:68,wn-0329:67:2088,TEMPORAL,BEFORE,wn-0329,-1,0.9,1
wn-0329:8:241,wn-0329:9:287,TEMPORAL,BEFORE,wn-0329,-1,0.3,1
wn-0329:8:241,wn-0329:11:345,TEMPORAL,BEFORE,wn-0329,-1,0.3,1
wn-0329:8:241,wn-0329:11:351,TEMPORAL,BEFORE,wn-0329,-1,0.3,1
wn-0329:8:241,wn-0329:13:385,TEMPORAL,BEFORE,wn-0329,-1,0.3,1
wn-0329:8:241,wn-0329:16:444,TEMPORAL,BEFORE,wn-0329,-1,0.3,1
wn-0329:8:241,wn-0329:16:455,TEMPORAL,BEFORE,wn-0329,-1,0.3,1
wn-0329:8:241,wn-0329:19:543,TEMPORAL,BEFORE,wn-0329,-1,0.3,1
wn-0329:8:241,wn-0329:22:608,TEMPORAL,BEFORE,wn-0329,-1,0.3,1
wn-0329:8:241,wn-0329:23:622,TEMPORAL,AFTER,wn-0329,-1,0.9,1
wn-0329:8:241,wn-0329:24:673,TEMPORAL,BEFORE,wn-0329,-1,0.3,1
wn-0329:8:241,wn-0329:30:867,TEMPORAL,BEFORE,wn-0329,-1,0.9,1
wn-0329:8:241,wn-0329:32:918,TEMPORAL,BEFORE,wn-0329,-1,0.3,1
wn-0329:8:241,wn-0329:43:1306,TEMPORAL,BEFORE,wn-0329,-1,0.3,1
wn-0329:8:241,wn-0329:50:1560,TEMPORAL,BEFORE,wn-0329,-1,0.3,1
wn-0329:8:241,wn-0329:57:1727,TEMPORAL,BEFORE,wn-0329,-1,0.3,1
wn-0329:8:241,wn-0329:59:1803,TEMPORAL,BEFORE,wn-0329,-1,0.3,1
wn-0329:8:241,wn-0329:67:2088,TEMPORAL,BEFORE,wn-0329,-1,0.9,1
wn-0329:9:287,wn-0329:11:345,TEMPORAL,BEFORE,wn-0329,-1,0.3,1
wn-0329:9:287,wn-0329:11:351,TEMPORAL,BEFORE,wn-0329,-1,0.3,1
wn-0329:9:287,wn-0329:13:385,TEMPORAL,BEFORE,wn-0329,-1,0.3,1
wn-0329:9:287,wn-0329:16:444,TEMPORAL,BEFORE,wn-0329,-1,0.3,1
wn-0329:9:287,wn-0329:16:455,TEMPORAL,BEFORE,wn-0329,-1,0.3,1
wn-0329:9:287,wn-0329:19:543,TEMPORAL,BEFORE,wn-0329,-1,0.3,1
wn-0329:9:287,wn-0329:22:608,TEMPORAL,BEFORE,wn-0329,-1,0.3,1
wn-0329:9:287,wn-0329:23:622,TEMPORAL,BEFORE,wn-0329,-1,0.3,1
wn-0329:9:287,wn-0329:24:673,TEMPORAL,BEFORE,wn-0329,-1,0.3,1
wn-0329:9:287,wn-0329:30:867,TEMPORAL,BEFORE,wn-0329,-1,0.3,1
wn-0329:9:287,wn-0329:32:918,TEMPORAL,BEFORE,wn-0329,-1,0.3,1
wn-0329:9:287,wn-0329:43:1306,TEMPORAL,BEFORE,wn-0329,-1,0.3,1
wn-0329:9:287,wn-0329:50:1560,TEMPORAL,BEFORE,wn-0329,-1,0.3,1
wn-0329:9:287,wn-0329:57:1727,TEMPORAL,BEFORE,wn-0329,-1,0.3,1
wn-0329:9:287,wn-0329:59:1803,TEMPORAL,BEFORE,wn-0329,-1,0.3,1
wn-0329:9:287,wn-0329:67:2088,TEMPORAL,BEFORE,wn-0329,-1,0.3,1
wn-0329:11:345,wn-0329:13:385,TEMPORAL,BEFORE,wn-0329,-1,0.3,1
wn-0329:11:345,wn-0329:16:444,TEMPORAL,BEFORE,wn-0329,-1,0.3,1
wn-0329:11:345,wn-0329:16:455,TEMPORAL,BEFORE,wn-0329,-1,0.3,1
wn-0329:11:345,wn-0329:19:543,TEMPORAL,BEFORE,wn-0329,-1,0.3,1
wn-0329:11:345,wn-0329:22:608,TEMPORAL,BEFORE,wn-0329,-1,0.3,1
wn-0329:11:345,wn-0329:23:622,TEMPORAL,BEFORE,wn-0329,-1,0.3,1
wn-0329:11:345,wn-0329:24:673,TEMPORAL,BEFORE,wn-0329,-1,0.3,1
wn-0329:11:345,wn-0329:30:867,TEMPORAL,BEFORE,wn-0329,-1,0.3,1
wn-0329:11:345,wn-0329:32:918,TEMPORAL,BEFORE,wn-0329,-1,0.3,1
wn-0329:11:345,wn-0329:43:1306,TEMPORAL,BEFORE,wn-0329,-1,0.3,1
wn-0329:11:345,wn-0329:50:1560,TEMPORAL,BEFORE,wn-0329,-1,0.3,1
wn-0329:11:345,wn-0329:57:1727,TEMPORAL,BEFORE,wn-0329,-1,0.3,1
wn-0329:11:345,wn-0329:59:1803,TEMPORAL,BEFORE,wn-0329,-1,0.3,1
wn-0329:11:345,wn-0329:67:2088,TEMPORAL,BEFORE,wn-0329,-1,0.3,1
wn-0329:11:351,wn-0329:13:385,TEMPORAL,BEFORE,wn-0329,-1,0.3,1
wn-0329:11:351,wn-0329:16:444,TEMPORAL,BEFORE,wn-0329,-1,0.3,1
wn-0329:11:351,wn-0329:16:455,TEMPORAL,BEFORE,wn-0329,-1,0.3,1
wn-0329:11:351,wn-0329:19:543,TEMPORAL,BEFORE,wn-0329,-1,0.3,1
wn-0329:11:351,wn-0329:22:608,TEMPORAL,BEFORE,wn-0329,-1,0.3,1
wn-0329:11:351,wn-0329:23:622,TEMPORAL,BEFORE,wn-0329,-1,0.3,1
wn-0329:11:351,wn-0329:24:673,TEMPORAL,BEFORE,wn-0329,-1,0.3,1
wn-0329:11:351,wn-0329:30:867,TEMPORAL,BEFORE,wn-0329,-1,0.3,1
wn-0329:11:351,wn-0329:32:918,TEMPORAL,BEFORE,wn-0329,-1,0.3,1
wn-0329:11:351,wn-0329:43:1306,TEMPORAL,BEFORE,wn-0329,-1,0.3,1
wn-0329:11:351,wn-0329:50:1560,TEMPORAL,BEFORE,wn-0329,-1,0.3,1
wn-0329:11:351,wn-0329:57:1727,TEMPORAL,BEFORE,wn-0329,-1,0.3,1
wn-0329:11:351,wn-0329:59:1803,TEMPORAL,BEFORE,wn-0329,-1,0.3,1
wn-0329:11:351,wn-0329:67:2088,TEMPORAL,BEFORE,wn-0329,-1,0.3,1
wn-0329:13:385,wn-0329:16:444,TEMPORAL,BEFORE,wn-0329,-1,0.3,1
wn-0329:13:385,wn-0329:16:455,TEMPORAL,BEFORE,wn-0329,-1,0.3,1
wn-0329:13:385,wn-0329:19:543,TEMPORAL,BEFORE,wn-0329,-1,0.3,1
wn-0329:13:385,wn-0329:22:608,TEMPORAL,BEFORE,wn-0329,-1,0.3,1
wn-0329:13:385,wn-0329:23:622,TEMPORAL,BEFORE,wn-0329,-1,0.3,1
wn-0329:13:385,wn-0329:24:673,TEMPORAL,BEFORE,wn-0329,-1,0.3,1
wn-0329:13:385,wn-0329:30:867,TEMPORAL,BEFORE,wn-0329,-1,0.3,1
wn-0329:13:385,wn-0329:32:918,TEMPORAL,BEFORE,wn-0329,-1,0.3,1
wn-0329:13:385,wn-0329:43:1306,TEMPORAL,BEFORE,wn-0329,-1,0.3,1
wn-0329:13:385,wn-0329:50:1560,TEMPORAL,BEFORE,wn-0329,-1,0.3,1
wn-0329:13:385,wn-0329:57:1727,TEMPORAL,BEFORE,wn-0329,-1,0.3,1
wn-0329:13:385,wn-0329:59:1803,TEMPORAL,BEFORE,wn-0329,-1,0.3,1
wn-0329:13:385,wn-0329:67:2088,TEMPORAL,BEFORE,wn-0329,-1,0.3,1
wn-0329:16:444,wn-0329:19:543,TEMPORAL,BEFORE,wn-0329,-1,0.3,1
wn-0329:16:444,wn-0329:22:608,TEMPORAL,BEFORE,wn-0329,-1,0.3,1
wn-0329:16:444,wn-0329:23:622,TEMPORAL,BEFORE,wn-0329,-1,0.3,1
wn-0329:16:444,wn-0329:24:673,TEMPORAL,BEFORE,wn-0329,-1,0.3,1
wn-0329:16:444,wn-0329:30:867,TEMPORAL,BEFORE,wn-0329,-1,0.3,1
wn-0329:16:444,wn-0329:32:918,TEMPORAL,BEFORE,wn-0329,-1,0.3,1
wn-0329:16:444,wn-0329:43:1306,TEMPORAL,BEFORE,wn-0329,-1,0.3,1
wn-0329:16:444,wn-0329:50:1560,TEMPORAL,BEFORE,wn-0329,-1,0.3,1
wn-0329:16:444,wn-0329:57:1727,TEMPORAL,BEFORE,wn-0329,-1,0.3,1
wn-0329:16:444,wn-0329:59:1803,TEMPORAL,BEFORE,wn-0329,-1,0.3,1
wn-0329:16:444,wn-0329:67:2088,TEMPORAL,BEFORE,wn-0329,-1,0.3,1
wn-0329:16:455,wn-0329:19:543,TEMPORAL,BEFORE,wn-0329,-1,0.3,1
wn-0329:16:455,wn-0329:22:608,TEMPORAL,BEFORE,wn-0329,-1,0.3,1
wn-0329:16:455,wn-0329:23:622,TEMPORAL,BEFORE,wn-0329,-1,0.3,1
wn-0329:16:455,wn-0329:24:673,TEMPORAL,BEFORE,wn-0329,-1,0.3,1
wn-0329:16:455,wn-0329:30:867,TEMPORAL,BEFORE,wn-0329,-1,0.3,1
wn-0329:16:455,wn-0329:32:918,TEMPORAL,BEFORE,wn-0329,-1,0.3,1
wn-0329:16:455,wn-0329:43:1306,TEMPORAL,BEFORE,wn-0329,-1,0.3,1
wn-0329:16:455,wn-0329:50:1560,TEMPORAL,BEFORE,wn-0329,-1,0.3,1
wn-0329:16:455,wn-0329:57:1727,TEMPORAL,BEFORE,wn-0329,-1,0.3,1
wn-0329:16:455,wn-0329:59:1803,TEMPORAL,BEFORE,wn-0329,-1,0.3,1
wn-0329:16:455,wn-0329:67:2088,TEMPORAL,BEFORE,wn-0329,-1,0.3,1
wn-0329:19:543,wn-0329:22:608,TEMPORAL,BEFORE,wn-0329,-1,0.3,1
wn-0329:19:543,wn-0329:23:622,TEMPORAL,BEFORE,wn-0329,-1,0.3,1
wn-0329:19:543,wn-0329:24:673,TEMPORAL,BEFORE,wn-0329,-1,0.3,1
wn-0329:19:543,wn-0329:30:867,TEMPORAL,BEFORE,wn-0329,-1,0.3,1
wn-0329:19:543,wn-0329:32:918,TEMPORAL,BEFORE,wn-0329,-1,0.3,1
wn-0329:19:543,wn-0329:43:1306,TEMPORAL,BEFORE,wn-0329,-1,0.3,1
wn-0329:19:543,wn-0329:50:1560,TEMPORAL,BEFORE,wn-0329,-1,0.3,1
wn-0329:19:543,wn-0329:57:1727,TEMPORAL,BEFORE,wn-0329,-1,0.3,1
wn-0329:19:543,wn-0329:59:1803,TEMPORAL,BEFORE,wn-0329,-1,0.3,1
wn-0329:19:543,wn-0329:67:2088,TEMPORAL,BEFORE,wn-0329,-1,0.3,1
wn-0329:22:608,wn-0329:23:622,TEMPORAL,BEFORE,wn-0329,-1,0.3,1
wn-0329:22:608,wn-0329:24:673,TEMPORAL,BEFORE,wn-0329,-1,0.3,1
wn-0329:22:608,wn-0329:30:867,TEMPORAL,BEFORE,wn-0329,-1,0.3,1
wn-0329:22:608,wn-0329:32:918,TEMPORAL,BEFORE,wn-0329,-1,0.3,1
wn-0329:22:608,wn-0329:43:1306,TEMPORAL,BEFORE,wn-0329,-1,0.3,1
wn-0329:22:608,wn-0329:50:1560,TEMPORAL,BEFORE,wn-0329,-1,0.3,1
wn-0329:22:608,wn-0329:57:1727,TEMPORAL,BEFORE,wn-0329,-1,0.3,1
wn-0329:22:608,wn-0329:59:1803,TEMPORAL,BEFORE,wn-0329,-1,0.3,1
wn-0329:22:608,wn-0329:67:2088,TEMPORAL,BEFORE,wn-0329,-1,0.3,1
wn-0329:23:622,wn-0329:24:673,TEMPORAL,BEFORE,wn-0329,-1,0.3,1
wn-0329:23:622,wn-0329:30:867,TEMPORAL,BEFORE,wn-0329,-1,0.9,1
wn-0329:23:622,wn-0329:32:918,TEMPORAL,BEFORE,wn-0329,-1,0.3,1
wn-0329:23:622,wn-0329:43:1306,TEMPORAL,BEFORE,wn-0329,-1,0.3,1
wn-0329:23:622,wn-0329:50:1560,TEMPORAL,BEFORE,wn-0329,-1,0.3,1
wn-0329:23:622,wn-0329:57:1727,TEMPORAL,BEFORE,wn-0329,-1,0.3,1
wn-0329:23:622,wn-0329:59:1803,TEMPORAL,BEFORE,wn-0329,-1,0.3,1
wn-0329:23:622,wn-0329:67:2088,TEMPORAL,BEFORE,wn-0329,-1,0.9,1
wn-0329:24:673,wn-0329:30:867,TEMPORAL,BEFORE,wn-0329,-1,0.3,1
wn-0329:24:673,wn-0329:32:918,TEMPORAL,BEFORE,wn-0329,-1,0.3,1
wn-0329:24:673,wn-0329:43:1306,TEMPORAL,BEFORE,wn-0329,-1,0.3,1
wn-0329:24:673,wn-0329:50:1560,TEMPORAL,BEFORE,wn-0329,-1,0.3,1
wn-0329:24:673,wn-0329:57:1727,TEMPORAL,BEFORE,wn-0329,-1,0.3,1
wn-0329:24:673,wn-0329:59:1803,TEMPORAL,BEFORE,wn-0329,-1,0.3,1
wn-0329:24:673,wn-0329:67:2088,TEMPORAL,BEFORE,wn-0329,-1,0.3,1
wn-0329:30:867,wn-0329:32:918,TEMPORAL,BEFORE,wn-0329,-1,0.3,1
wn-0329:30:867,wn-0329:43:1306,TEMPORAL,BEFORE,wn-0329,-1,0.3,1
wn-0329:30:867,wn-0329:50:1560,TEMPORAL,BEFORE,wn-0329,-1,0.3,1
wn-0329:30:867,wn-0329:57:1727,TEMPORAL,BEFORE,wn-0329,-1,0.3,1
wn-0329:30:867,wn-0329:59:1803,TEMPORAL,BEFORE,wn-0329,-1,0.3,1
wn-0329:30:867,wn-0329:67:2088,TEMPORAL,SIMULTANEOUS,wn-0329,-1,0.9,1
wn-0329:32:918,wn-0329:43:1306,TEMPORAL,BEFORE,wn-0329,-1,0.3,1
wn-0329:32:918,wn-0329:50:1560,TEMPORAL,BEFORE,wn-0329,-1,0.3,1
wn-0329:32:918,wn-0329:57:1727,TEMPORAL,BEFORE,wn-0329,-1,0.3,1
wn-0329:32:918,wn-0329:59:1803,TEMPORAL,BEFORE,wn-0329,-1,0.3,1
wn-0329:32:918,wn-0329:67:2088,TEMPORAL,BEFORE,wn-0329,-1,0.3,1
wn-0329:43:1306,wn-0329:50:1560,TEMPORAL,BEFORE,wn-0329,-1,0.3,1
wn-0329:43:1306,wn-0329:57:1727,TEMPORAL,BEFORE,wn-0329,-1,0.3,1
wn-0329:43:1306,wn-0329:59:1803,TEMPORAL,BEFORE,wn-0329,-1,0.3,1
wn-0329:43:1306,wn-0329:67:2088,TEMPORAL,BEFORE,wn-0329,-1,0.3,1
wn-0329:50:1560,wn-0329:57:1727,TEMPORAL,BEFORE,wn-0329,-1,0.3,1
wn-0329:50:1560,wn-0329:59:1803,TEMPORAL,BEFORE,wn-0329,-1,0.3,1
wn-0329:50:1560,wn-0329:67:2088,TEMPORAL,BEFORE,wn-0329,-1,0.3,1
wn-0329:57:1727,wn-0329:59:1803,TEMPORAL,BEFORE,wn-0329,-1,0.3,1
wn-0329:57:1727,wn-0329:67:2088,TEMPORAL,BEFORE,wn-0329,-1,0.3,1
wn-0329:59:1803,wn-0329:67:2088,TEMPORAL,BEFORE,wn-0329,-1,0.3,1
wn-0330:0:7,wn-0330:1:32,TEMPORAL,BEFORE,wn-0330,-1,0.3,1
wn-0330:0:7,wn-0330:2:60,TEMPORAL,BEFORE,wn-0330,-1,0.3,1
wn-0330:0:7,wn-0330:3:92,TEMPORAL,BEFORE,wn-0330,-1,0.3,1
wn-0330:0:7,wn-0330:4:103,TEMPORAL,BEFORE,wn-0330,-1,0.3,1
wn-0330:0:7,wn-0330:5:129,TEMPORAL,BEFORE,wn-0330,-1,0.3,1
wn-0330:0:7,wn-0330:8:179,TEMPORAL,BEFORE,wn-0330,-1,0.3,1
wn-0330:0:7,wn-0330:8:200,TEMPORAL,BEFORE,wn-0330,-1,0.3,1
wn-0330:0:7,wn-0330:9:210,TEMPORAL,BEFORE,wn-0330,-1,0.3,1
wn-0330:0:7,wn-0330:9:233,TEMPORAL,BEFORE,wn-0330,-1,0.3,1
wn-0330:1:32,wn-0330:2:60,TEMPORAL,BEFORE,wn-0330,-1,0.3,1
wn-0330:1:32,wn-0330:3:92,TEMPORAL,BEFORE,wn-0330,-1,0.3,1
wn-0330:1:32,wn-0330:4:103,TEMPORAL,AFTER,wn-0330,-1,0.8,1
wn-0330:1:32,wn-0330:5:129,TEMPORAL,AFTER,wn-0330,-1,0.8,1
wn-0330:1:32,wn-0330:8:179,TEMPORAL,AFTER,wn-0330,-1,0.8,1
wn-0330:1:32,wn-0330:8:200,TEMPORAL,AFTER,wn-0330,-1,0.8,1
wn-0330:1:32,wn-0330:9:210,TEMPORAL,AFTER,wn-0330,-1,0.8,1
wn-0330:1:32,wn-0330:9:233,TEMPORAL,AFTER,wn-0330,-1,0.8,1
wn-0330:2:60,wn-0330:3:92,TEMPORAL,BEFORE,wn-0330,-1,0.3,1
wn-0330:2:60,wn-0330:4:103,TEMPORAL,BEFORE,wn-0330,-1,0.3,1
wn-0330:2:60,wn-0330:5:129,TEMPORAL,BEFORE,wn-0330,-1,0.3,1
wn-0330:2:60,wn-0330:8:179,TEMPORAL,BEFORE,wn-0330,-1,0.3,1
wn-0330:2:60,wn-0330:8:200,TEMPORAL,BEFORE,wn-0330,-1,0.3,1
wn-0330:2:60,wn-0330:9:210,TEMPORAL,BEFORE,wn-0330,-1,0.3,1
wn-0330:2:60,wn-0330:9:233,TEMPORAL,BEFORE,wn-0330,-1,0.3,1
wn-0330:3:92,wn-0330:4:103,TEMPORAL,BEFORE,wn-0330,-1,0.3,1
wn-0330:3:92,wn-0330:5:129,TEMPORAL,BEFORE,wn-0330,-1,0.3,1
wn-0330:3:92,wn-0330:8:179,TEMPORAL,BEFORE,wn-0330,-1,0.3,1
wn-0330:3:92,wn-0330:8:200,TEMPORAL,BEFORE,wn-0330,-1,0.3,1
wn-0330:3:92,wn-0330:9:210,TEMPORAL,BEFORE,wn-0330,-1,0.3,1
wn-0330:3:92,wn-0330:9:233,TEMPORAL,BEFORE,wn-0330,-1,0.3,1
wn-0330:4:103,wn-0330:5:129,TEMPORAL,BEFORE,wn-0330,-1,0.95,1
wn-0330:4:103,wn-0330:8:179,TEMPORAL,BEFORE,wn-0330,-1,0.9,1
wn-0330:4:103,wn-0330:8:200,TEMPORAL,BEFORE,wn-0330,-1,0.9,1
wn-0330:4:103,wn-0330:9:210,TEMPORAL,BEFORE,wn-0330,-1,0.85,1
wn-0330:4:103,wn-0330:9:233,TEMPORAL,BEFORE,wn-0330,-1,0.85,1
wn-0330:5:129,wn-0330:8:179,TEMPORAL,AFTER,wn-0330,-1,0.9,1
wn-0330:5:129,wn-0330:8:200,TEMPORAL,AFTER,wn-0330,-1,0.9,1
wn-0330:5:129,wn-0330:9:210,TEMPORAL,AFTER,wn-0330,-1,0.85,1
wn-0330:5:129,wn-0330:9:233,TEMPORAL,AFTER,wn-0330,-1,0.85,1
wn-0330:8:179,wn-0330:8:200,TEMPORAL,SIMULTANEOUS,wn-0330,-1,0.9,1
wn-0330:8:179,wn-0330:9:210,TEMPORAL,SIMULTANEOUS,wn-0330,-1,0.85,1
wn-0330:8:179,wn-0330:9:233,TEMPORAL,SIMULTANEOUS,wn-0330,-1,0.85,1
wn-0330:8:200,wn-0330:9:210,TEMPORAL,SIMULTANEOUS,wn-0330,-1,0.85,1
wn-0330:8:200,wn-0330:9:233,TEMPORAL,SIMULTANEOUS,wn-0330,-1,0.85,1
wn-0330:9:210,wn-0330:9:233,TEMPORAL,SIMULTANEOUS,wn-0330,-1,0.85,1
wn-0331:2:48,wn-0331:8:235,TEMPORAL,BEFORE,wn-0331,-1,0.3,1
wn-0331:2:48,wn-0331:8:255,TEMPORAL,BEFORE,wn-0331,-1,0.3,1
wn-0331:2:48,wn-0331:9:260,TEMPORAL,BEFORE,wn-0331,-1,0.3,1
wn-0331:2:48,wn-0331:15:416,TEMPORAL,BEFORE,wn-0331,-1,0.3,1
wn-0331:8:235,wn-0331:8:255,TEMPORAL,SIMULTANEOUS,wn-0331,-1,0.85,1
wn-0331:8:235,wn-0331:9:260,TEMPORAL,BEFORE,wn-0331,-1,0.3,1
wn-0331:8:235,wn-0331:15:416,TEMPORAL,BEFORE,wn-0331,-1,0.3,1
wn-0331:8:255,wn-0331:9:260,TEMPORAL,BEFORE,wn-0331,-1,0.3,1
wn-0331:8:255,wn-0331:15:416,TEMPORAL,BEFORE,wn-0331,-1,0.3,1
wn-0331:9:260,wn-0331:15:416,TEMPORAL,BEFORE,wn-0331,-1,0.3,1
wn-0332:0:6,wn-0332:1:23,TEMPORAL,BEFORE,wn-0332,-1,0.3,1
wn-0332:0:6,wn-0332:2:88,TEMPORAL,BEFORE,wn-0332,-1,0.3,1
wn-0332:0:6,wn-0332:2:98,TEMPORAL,BEFORE,wn-0332,-1,0.3,1
wn-0332:0:6,wn-0332:3:116,TEMPORAL,BEFORE,wn-0332,-1,0.3,1
wn-0332:0:6,wn-0332:9:286,TEMPORAL,BEFORE,wn-0332,-1,0.3,1
wn-0332:0:6,wn-0332:10:301,TEMPORAL,BEFORE,wn-0332,-1,0.3,1
wn-0332:0:6,wn-0332:10:312,TEMPORAL,BEFORE,wn-0332,-1,0.3,1
wn-0332:0:6,wn-0332:10:314,TEMPORAL,BEFORE,wn-0332,-1,0.3,1
wn-0332:0:6,wn-0332:11:338,TEMPORAL,BEFORE,wn-0332,-1,0.3,1
wn-0332:0:6,wn-0332:12:349,TEMPORAL,BEFORE,wn-0332,-1,0.3,1
wn-0332:0:6,wn-0332:14:384,TEMPORAL,BEFORE,wn-0332,-1,0.3,1
wn-0332:0:6,wn-0332:14:398,TEMPORAL,BEFORE,wn-0332,-1,0.3,1
wn-0332:0:6,wn-0332:14:412,TEMPORAL,BEFORE,wn-0332,-1,0.3,1
wn-0332:0:6,wn-0332:14:420,TEMPORAL,BEFORE,wn-0332,-1,0.3,1
wn-0332:0:6,wn-0332:15:434,TEMPORAL,BEFORE,wn-0332,-1,0.3,1
wn-0332:0:6,wn-0332:15:449,TEMPORAL,BEFORE,wn-0332,-1,0.3,1
wn-0332:0:6,wn-0332:16:475,TEMPORAL,BEFORE,wn-0332,-1,0.3,1
wn-0332:0:6,wn-0332:16:484,TEMPORAL,BEFORE,wn-0332,-1,0.3,1
wn-0332:0:6,wn-0332:17:501,TEMPORAL,BEFORE,wn-0332,-1,0.3,1
wn-0332:0:6,wn-0332:17:506,TEMPORAL,BEFORE,wn-0332,-1,0.3,1
wn-0332:0:6,wn-0332:18:537,TEMPORAL,BEFORE,wn-0332,-1,0.3,1
wn-0332:0:6,wn-0332:18:544,TEMPORAL,BEFORE,wn-0332,-1,0.3,1
wn-0332:0:6,wn-0332:19:570,TEMPORAL,BEFORE,wn-0332,-1,0.3,1
wn-0332:0:6,wn-0332:19:588,TEMPORAL,BEFORE,wn-0332,-1,0.3,1
wn-0332:0:6,wn-0332:20:609,TEMPORAL,BEFORE,wn-0332,-1,0.3,1
wn-0332:0:6,wn-0332:20:615,TEMPORAL,BEFORE,wn-0332,-1,0.3,1
wn-0332:0:6,wn-0332:21:650,TEMPORAL,BEFORE,wn-0332,-1,0.3,1
wn-0332:0:6,wn-0332:23:673,TEMPORAL,BEFORE,wn-0332,-1,0.3,1
wn-0332:0:6,wn-0332:23:687,TEMPORAL,BEFORE,wn-0332,-1,0.3,1
wn-0332:0:6,wn-0332:24:703,TEMPORAL,BEFORE,wn-0332,-1,0.3,1
wn-0332:0:6,wn-0332:24:718,TEMPORAL,BEFORE,wn-0332,-1,0.3,1
wn-0332:0:6,wn-0332:25:746,TEMPORAL,BEFORE,wn-0332,-1,0.3,1
wn-0332:0:6,wn-0332:25:760,TEMPORAL,BEFORE,wn-0332,-1,0.3,1
wn-0332:0:6,wn-0332:26:783,TEMPORAL,BEFORE,wn-0332,-1,0.3,1
wn-0332:0:6,wn-0332:26:790,TEMPORAL,BEFORE,wn-0332,-1,0.3,1
wn-0332:0:6,wn-0332:28:836,TEMPORAL,BEFORE,wn-0332,-1,0.3,1
wn-0332:0:6,wn-0332:29:843,TEMPORAL,BEFORE,wn-0332,-1,0.3,1
wn-0332:0:6,wn-0332:29:846,TEMPORAL,BEFORE,wn-0332,-1,0.3,1
wn-0332:0:6,wn-0332:30:882,TEMPORAL,BEFORE,wn-0332,-1,0.3,1
wn-0332:1:23,wn-0332:2:88,TEMPORAL,BEFORE,wn-0332,-1,0.3,1
wn-0332:1:23,wn-0332:2:98,TEMPORAL,BEFORE,wn-0332,-1,0.3,1
wn-0332:1:23,wn-0332:3:116,TEMPORAL,BEFORE,wn-0332,-1,0.3,1
wn-0332:1:23,wn-0332:9:286,TEMPORAL,BEFORE,wn-0332,-1,0.3,1
wn-0332:1:23,wn-0332:10:301,TEMPORAL,AFTER,wn-0332,-1,0.8,1
wn-0332:1:23,wn-0332:10:312,TEMPORAL,AFTER,wn-0332,-1,0.8,1
wn-0332:1:23,wn-0332:10:314,TEMPORAL,AFTER,wn-0332,-1,0.8,1
wn-0332:1:23,wn-0332:11:338,TEMPORAL,AFTER,wn-0332,-1,0.8,1
wn-0332:1:23,wn-0332:12:349,TEMPORAL,AFTER,wn-0332,-1,0.8,1
wn-0332:1:23,wn-0332:14:384,TEMPORAL,AFTER,wn-0332,-1,0.8,1
wn-0332:1:23,wn-0332:14:398,TEMPORAL,AFTER,wn-0332,-1,0.8,1
wn-0332:1:23,wn-0332:14:412,TEMPORAL,AFTER,wn-0332,-1,0.8,1
wn-0332:1:23,wn-0332:14:420,TEMPORAL,AFTER,wn-0332,-1,0.8,1
wn-0332:1:23,wn-0332:15:434,TEMPORAL,BEFORE,wn-0332,-1,0.3,1
wn-0332:1:23,wn-0332:15:449,TEMPORAL,BEFORE,wn-0332,-1,0.3,1
wn-0332:1:23,wn-0332:16:475,TEMPORAL,AFTER,wn-0332,-1,0.8,1
wn-0332:1:23,wn-0332:16:484,TEMPORAL,BEFORE,wn-0332,-1,0.3,1
wn-0332:1:23,wn-0332:17:501,TEMPORAL,BEFORE,wn-0332,-1,0.3,1
wn-0332:1:23,wn-0332:17:506,TEMPORAL,BEFORE,wn-0332,-1,0.3,1
wn-0332:1:23,wn-0332:18:537,TEMPORAL,AFTER,wn-0332,-1,0.8,1
wn-0332:1:23,wn-0332:18:544,TEMPORAL,AFTER,wn-0332,-1,0.8,1
wn-0332:1:23,wn-0332:19:570,TEMPORAL,BEFORE,wn-0332,-1,0.3,1
wn-0332:1:23,wn-0332:19:588,TEMPORAL,BEFORE,wn-0332,-1,0.3,1
wn-0332:1:23,wn-0332:20:609,TEMPORAL,BEFORE,wn-0332,-1,0.3,1
wn-0332:1:23,wn-0332:20:615,TEMPORAL,BEFORE,wn-0332,-1,0.3,1
wn-0332:1:23,wn-0332:21:650,TEMPORAL,BEFORE,wn-0332,-1,0.3,1
wn-0332:1:23,wn-0332:23:673,TEMPORAL,BEFORE,wn-0332,-1,0.75,1
wn-0332:1:23,wn-0332:23:687,TEMPORAL,BEFORE,wn-0332,-1,0.75,1
wn-0332:1:23,wn-0332:24:703,TEMPORAL,AFTER,wn-0332,-1,0.8,1
wn-0332:1:23,wn-0332:24:718,TEMPORAL,BEFORE,wn-0332,-1,0.3,1
wn-0332:1:23,wn-0332:25:746,TEMPORAL,AFTER,wn-0332,-1,0.8,1
wn-0332:1:23,wn-0332:25:760,TEMPORAL,BEFORE,wn-0332,-1,0.3,1
wn-0332:1:23,wn-0332:26:783,TEMPORAL,AFTER,wn-0332,-1,0.6,1
wn-0332:1:23,wn-0332:26:790,TEMPORAL,AFTER,wn-0332,-1,0.6,1
wn-0332:1:23,wn-0332:28:836,TEMPORAL,BEFORE,wn-0332,-1,0.3,1
wn-0332:1:23,wn-0332:29:843,TEMPORAL,BEFORE,wn-0332,-1,0.3,1
wn-0332:1:23,wn-0332:29:846,TEMPORAL,BEFORE,wn-0332,-1,0.3,1
wn-0332:1:23,wn-0332:30:882,TEMPORAL,BEFORE,wn-0332,-1,0.75,1
wn-0332:2:88,wn-0332:2:98,TEMPORAL,BEFORE,wn-0332,-1,0.5,1
wn-0332:2:88,wn-0332:3:116,TEMPORAL,BEFORE,wn-0332,-1,0.3,1
wn-0332:2:88,wn-0332:9:286,TEMPORAL,BEFORE,wn-0332,-1,0.3,1
wn-0332:2:88,wn-0332:10:301,TEMPORAL,BEFORE,wn-0332,-1,0.3,1
wn-0332:2:88,wn-0332:10:312,TEMPORAL,BEFORE,wn-0332,-1,0.3,1
wn-0332:2:88,wn-0332:10:314,TEMPORAL,BEFORE,wn-0332,-1,0.3,1
wn-0332:2:88,wn-0332:11:338,TEMPORAL,BEFORE,wn-0332,-1,0.3,1
wn-0332:2:88,wn-0332:12:349,TEMPORAL,BEFORE,wn-0332,-1,0.3,1
wn-0332:2:88,wn-0332:14:384,TEMPORAL,BEFORE,wn-0332,-1,0.3,1
wn-0332:2:88,wn-0332:14:398,TEMPORAL,BEFORE,wn-0332,-1,0.3,1
wn-0332:2:88,wn-0332:14:412,TEMPORAL,BEFORE,wn-0332,-1,0.3,1
wn-0332:2:88,wn-0332:14:420,TEMPORAL,BEFORE,wn-0332,-1,0.3,1
wn-0332:2:88,wn-0332:15:434,TEMPORAL,BEFORE,wn-0332,-1,0.3,1
wn-0332:2:88,wn-0332:15:449,TEMPORAL,BEFORE,wn-0332,-1,0.3,1
wn-0332:2:88,wn-0332:16:475,TEMPORAL,BEFORE,wn-0332,-1,0.3,1
wn-0332:2:88,wn-0332:16:484,TEMPORAL,BEFORE,wn-0332,-1,0.3,1
wn-0332:2:88,wn-0332:17:501,TEMPORAL,BEFORE,wn-0332,-1,0.3,1
wn-0332:2:88,wn-0332:17:506,TEMPORAL,BEFORE,wn-0332,-1,0.3,1
wn-0332:2:88,wn-0332:18:537,TEMPORAL,BEFORE,wn-0332,-1,0.3,1
wn-0332:2:88,wn-0332:18:544,TEMPORAL,BEFORE,wn-0332,-1,0.3,1
wn-0332:2:88,wn-0332:19:570,TEMPORAL,BEFORE,wn-0332,-1,0.3,1
wn-0332:2:88,wn-0332:19:588,TEMPORAL,BEFORE,wn-0332,-1,0.3,1
wn-0332:2:88,wn-0332:20:609,TEMPORAL,BEFORE,wn-0332,-1,0.3,1
wn-0332:2:88,wn-0332:20:615,TEMPORAL,BEFORE,wn-0332,-1,0.3,1
wn-0332:2:88,wn-0332:21:650,TEMPORAL,BEFORE,wn-0332,-1,0.3,1
wn-0332:2:88,wn-0332:23:673,TEMPORAL,BEFORE,wn-0332,-1,0.3,1
wn-0332:2:88,wn-0332:23:687,TEMPORAL,BEFORE,wn-0332,-1,0.3,1
wn-0332:2:88,wn-0332:24:703,TEMPORAL,BEFORE,wn-0332,-1,0.3,1
wn-0332:2:88,wn-0332:24:718,TEMPORAL,BEFORE,wn-0332,-1,0.3,1
wn-0332:2:88,wn-0332:25:746,TEMPORAL,BEFORE,wn-0332,-1,0.3,1
wn-0332:2:88,wn-0332:25:760,TEMPORAL,BEFORE,wn-0332,-1,0.3,1
wn-0332:2:88,wn-0332:26:783,TEMPORAL,BEFORE,wn-0332,-1,0.3,1
wn-0332:2:88,wn-0332:26:790,TEMPORAL,BEFORE,wn-0332,-1,0.3,1
wn-0332:2:88,wn-0332:28:836,TEMPORAL,BEFORE,wn-0332,-1,0.3,1
wn-0332:2:88,wn-0332:29:843,TEMPORAL,BEFORE,wn-0332,-1,0.3,1
wn-0332:2:88,wn-0332:29:846,TEMPORAL,BEFORE,wn-0332,-1,0.3,1
wn-0332:2:88,wn-0332:30:882,TEMPORAL,BEFORE,wn-0332,-1,0.3,1
wn-0332:2:98,wn-0332:3:116,TEMPORAL,BEFORE,wn-0332,-1,0.3,1
wn-0332:2:98,wn-0332:9:286,TEMPORAL,BEFORE,wn-0332,-1,0.3,1
wn-0332:2:98,wn-0332:10:301,TEMPORAL,BEFORE,wn-0332,-1,0.3,1
wn-0332:2:98,wn-0332:10:312,TEMPORAL,BEFORE,wn-0332,-1,0.3,1
wn-0332:2:98,wn-0332:10:314,TEMPORAL,BEFORE,wn-0332,-1,0.3,1
wn-0332:2:98,wn-0332:11:338,TEMPORAL,BEFORE,wn-0332,-1,0.3,1
wn-0332:2:98,wn-0332:12:349,TEMPORAL,BEFORE,wn-0332,-1,0.3,1
wn-0332:2:98,wn-0332:14:384,TEMPORAL,BEFORE,wn-0332,-1,0.3,1
wn-0332:2:98,wn-0332:14:398,TEMPORAL,BEFORE,wn-0332,-1,0.3,1
wn-0332:2:98,wn-0332:14:412,TEMPORAL,BEFORE,wn-0332,-1,0.3,1
wn-0332:2:98,wn-0332:14:420,TEMPORAL,BEFORE,wn-0332,-1,0.3,1
wn-0332:2:98,wn-0332:15:434,TEMPORAL,BEFORE,wn-0332,-1,0.3,1
wn-0332:2:98,wn-0332:15:449,TEMPORAL,BEFORE,wn-0332,-1,0.3,1
wn-0332:2:98,wn-0332:16:475,TEMPORAL,BEFORE,wn-0332,-1,0.3,1
wn-0332:2:98,wn-0332:16:484,TEMPORAL,BEFORE,wn-0332,-1,0.3,1
wn-0332:2:98,wn-0332:17:501,TEMPORAL,BEFORE,wn-0332,-1,0.3,1
wn-0332:2:98,wn-0332:17:506,TEMPORAL,BEFORE,wn-0332,-1,0.3,1
wn-0332:2:98,wn-0332:18:537,TEMPORAL,BEFORE,wn-0332,-1,0.3,1
wn-0332:2:98,wn-0332:18:544,TEMPORAL,BEFORE,wn-0332,-1,0.3,1
wn-0332:2:98,wn-0332:19:570,TEMPORAL,BEFORE,wn-0332,-1,0.3,1
wn-0332:2:98,wn-0332:19:588,TEMPORAL,BEFORE,wn-0332,-1,0.3,1
wn-0332:2:98,wn-0332:20:609,TEMPORAL,BEFORE,wn-0332,-1,0.3,1
wn-0332:2:98,wn-0332:20:615,TEMPORAL,BEFORE,wn-0332,-1,0.3,1
wn-0332:2:98,wn-0332:21:650,TEMPORAL,BEFORE,wn-0332,-1,0.3,1
wn-0332:2:98,wn-0332:23:673,TEMPORAL,BEFORE,wn-0332,-1,0.3,1
wn-0332:2:98,wn-0332:23:687,TEMPORAL,BEFORE,wn-0332,-1,0.3,1
wn-0332:2:98,wn-0332:24:703,TEMPORAL,BEFORE,wn-0332,-1,0.3,1
wn-0332:2:98,wn-0332:24:718,TEMPORAL,BEFORE,wn-0332,-1,0.3,1
wn-0332:2:98,wn-0332:25:746,TEMPORAL,BEFORE,wn-0332,-1,0.3,1
wn-0332:2:98,wn-0332:25:760,TEMPORAL,BEFORE,wn-0332,-1,0.3,1
wn-0332:2:98,wn-0332:26:783,TEMPORAL,BEFORE,wn-0332,-1,0.3,1
wn-0332:2:98,wn-0332:26:790,TEMPORAL,BEFORE,wn-0332,-1,0.3,1
wn-0332:2:98,wn-0332:28:836,TEMPORAL,BEFORE,wn-0332,-1,0.3,1
wn-0332:2:98,wn-0332:29:843,TEMPORAL,BEFORE,wn-0332,-1,0.3,1
wn-0332:2:98,wn-0332:29:846,TEMPORAL,BEFORE,wn-0332,-1,0.3,1
wn-0332:2:98,wn-0332:30:882,TEMPORAL,BEFORE,wn-0332,-1,0.3,1
wn-0332:3:116,wn-0332:9:286,TEMPORAL,BEFORE,wn-0332,-1,0.3,1
wn-0332:3:116,wn-0332:10:301,TEMPORAL,BEFORE,wn-0332,-1,0.3,1
wn-0332:3:116,wn-0332:10:312,TEMPORAL,BEFORE,wn-0332,-1,0.3,1
wn-0332:3:116,wn-0332:10:314,TEMPORAL,BEFORE,wn-0332,-1,0.3,1
wn-0332:3:116,wn-0332:11:338,TEMPORAL,BEFORE,wn-0332,-1,0.3,1
wn-0332:3:116,wn-0332:12:349,TEMPORAL,BEFORE,wn-0332,-1,0.3,1
wn-0332:3:116,wn-0332:14:384,TEMPORAL,BEFORE,wn-0332,-1,0.3,1
wn-0332:3:116,wn-0332:14:398,TEMPORAL,BEFORE,wn-0332,-1,0.3,1
wn-0332:3:116,wn-0332:14:412,TEMPORAL,BEFORE,wn-0332,-1,0.3,1
wn-0332:3:116,wn-0332:14:420,TEMPORAL,BEFORE,wn-0332,-1,0.3,1
wn-0332:3:116,wn-0332:15:434,TEMPORAL,BEFORE,wn-0332,-1,0.3,1
wn-0332:3:116,wn-0332:15:449,TEMPORAL,BEFORE,wn-0332,-1,0.3,1
wn-0332:3:116,wn-0332:16:475,TEMPORAL,BEFORE,wn-0332,-1,0.3,1
wn-0332:3:116,wn-0332:16:484,TEMPORAL,BEFORE,wn-0332,-1,0.3,1
wn-0332:3:116,wn-0332:17:501,TEMPORAL,BEFORE,wn-0332,-1,0.3,1
wn-0332:3:116,wn-0332:17:506,TEMPORAL,BEFORE,wn-0332,-1,0.3,1
wn-0332:3:116,wn-0332:18:537,TEMPORAL,BEFORE,wn-0332,-1,0.3,1
wn-0332:3:116,wn-0332:18:544,TEMPORAL,BEFORE,wn-0332,-1,0.3,1
wn-0332:3:116,wn-0332:19:570,TEMPORAL,BEFORE,wn-0332,-1,0.3,1
wn-0332:3:116,wn-0332:19:588,TEMPORAL,BEFORE,wn-0332,-1,0.3,1
wn-0332:3:116,wn-0332:20:609,TEMPORAL,BEFORE,wn-0332,-1,0.3,1
wn-0332:3:116,wn-0332:20:615,TEMPORAL,BEFORE,wn-0332,-1,0.3,1
wn-0332:3:116,wn-0332:21:650,TEMPORAL,BEFORE,wn-0332,-1,0.3,1
wn-0332:3:116,wn-0332:23:673,TEMPORAL,BEFORE,wn-0332,-1,0.3,1
wn-0332:3:116,wn-0332:23:687,TEMPORAL,BEFORE,wn-0332,-1,0.3,1
wn-0332:3:116,wn-0332:24:703,TEMPORAL,BEFORE,wn-0332,-1,0.3,1
wn-0332:3:116,wn-0332:24:718,TEMPORAL,BEFORE,wn-0332,-1,0.3,1
wn-0332:3:116,wn-0332:25:746,TEMPORAL,BEFORE,wn-0332,-1,0.3,1
wn-0332:3:116,wn-0332:25:760,TEMPORAL,BEFORE,wn-0332,-1,0.3,1
wn-0332:3:116,wn-0332:26:783,TEMPORAL,BEFORE,wn-0332,-1,0.3,1
wn-0332:3:116,wn-0332:26:790,TEMPORAL,BEFORE,wn-0332,-1,0.3,1
wn-0332:3:116,wn-0332:28:836,TEMPORAL,BEFORE,wn-0332,-1,0.3,1
wn-0332:3:116,wn-0332:29:843,TEMPORAL,BEFORE,wn-0332,-1,0.3,1
wn-0332:3:116,wn-0332:29:846,TEMPORAL,BEFORE,wn-0332,-1,0.3,1
wn-0332:3:116,wn-0332:30:882,TEMPORAL,BEFORE,wn-0332,-1,0.3,1
wn-0332:9:286,wn-0332:10:301,TEMPORAL,BEFORE,wn-0332,-1,0.3,1
wn-0332:9:286,wn-0332:10:312,TEMPORAL,BEFORE,wn-0332,-1,0.3,1
wn-0332:9:286,wn-0332:10:314,TEMPORAL,BEFORE,wn-0332,-1,0.3,1
wn-0332:9:286,wn-0332:11:338,TEMPORAL,BEFORE,wn-0332,-1,0.3,1
wn-0332:9:286,wn-0332:12:349,TEMPORAL,BEFORE,wn-0332,-1,0.3,1
wn-0332:9:286,wn-0332:14:384,TEMPORAL,BEFORE,wn-0332,-1,0.3,1
wn-0332:9:286,wn-0332:14:398,TEMPORAL,BEFORE,wn-0332,-1,0.3,1
wn-0332:9:286,wn-0332:14:412,TEMPORAL,BEFORE,wn-0332,-1,0.3,1
wn-0332:9:286,wn-0332:14:420,TEMPORAL,BEFORE,wn-0332,-1,0.3,1
wn-0332:9:286,wn-0332:15:434,TEMPORAL,BEFORE,wn-0332,-1,0.3,1
wn-0332:9:286,wn-0332:15:449,TEMPORAL,BEFORE,wn-0332,-1,0.3,1
wn-0332:9:286,wn-0332:16:475,TEMPORAL,BEFORE,wn-0332,-1,0.3,1
wn-0332:9:286,wn-0332:16:484,TEMPORAL,BEFORE,wn-0332,-1,0.3,1
wn-0332:9:286,wn-0332:17:501,TEMPORAL,BEFORE,wn-0332,-1,0.3,1
wn-0332:9:286,wn-0332:17:506,TEMPORAL,BEFORE,wn-0332,-1,0.3,1
wn-0332:9:286,wn-0332:18:537,TEMPORAL,BEFORE,wn-0332,-1,0.3,1
wn-0332:9:286,wn-0332:18:544,TEMPORAL,BEFORE,wn-0332,-1,0.3,1
wn-0332:9:286,wn-0332:19:570,TEMPORAL,BEFORE,wn-0332,-1,0.3,1
wn-0332:9:286,wn-0332:19:588,TEMPORAL,BEFORE,wn-0332,-1,0.3,1
wn-0332:9:286,wn-0332:20:609,TEMPORAL,BEFORE,wn-0332,-1,0.3,1
wn-0332:9:286,wn-0332:20:615,TEMPORAL,BEFORE,wn-0332,-1,0.3,1
wn-0332:9:286,wn-0332:21:650,TEMPORAL,BEFORE,wn-0332,-1,0.3,1
wn-0332:9:286,wn-0332:23:673,TEMPORAL,BEFORE,wn-0332,-1,0.3,1
wn-0332:9:286,wn-0332:23:687,TEMPORAL,BEFORE,wn-0332,-1,0.3,1
wn-0332:9:286,wn-0332:24:703,TEMPORAL,BEFORE,wn-0332,-1,0.3,1
wn-0332:9:286,wn-0332:24:718,TEMPORAL,BEFORE,wn-0332,-1,0.3,1
wn-0332:9:286,wn-0332:25:746,TEMPORAL,BEFORE,wn-0332,-1,0.3,1
wn-0332:9:286,wn-0332:25:760,TEMPORAL,BEFORE,wn-0332,-1,0.3,1
wn-0332:9:286,wn-0332:26:783,TEMPORAL,BEFORE,wn-0332,-1,0.3,1
wn-0332:9:286,wn-0332:26:790,TEMPORAL,BEFORE,wn-0332,-1,0.3,1
wn-0332:9:286,wn-0332:28:836,TEMPORAL,BEFORE,wn-0332,-1,0.3,1
wn-0332:9:286,wn-0332:29:843,TEMPORAL,BEFORE,wn-0332,-1,0.3,1
wn-0332:9:286,wn-0332:29:846,TEMPORAL,BEFORE,wn-0332,-1,0.3,1
wn-0332:9:286,wn-0332:30:882,TEMPORAL,BEFORE,wn-0332,-1,0.3,1
wn-0332:10:301,wn-0332:10:312,TEMPORAL,SIMULTANEOUS,wn-0332,-1,0.95,1
wn-0332:10:301,wn-0332:10:314,TEMPORAL,SIMULTANEOUS,wn-0332,-1,0.95,1
wn-0332:10:301,wn-0332:11:338,TEMPORAL,BEFORE,wn-0332,-1,0.9,1
wn-0332:10:301,wn-0332:12:349,TEMPORAL,BEFORE,wn-0332,-1,0.9,1
wn-0332:10:301,wn-0332:14:384,TEMPORAL,BEFORE,wn-0332,-1,0.9,1
wn-0332:10:301,wn-0332:14:398,TEMPORAL,BEFORE,wn-0332,-1,0.9,1
wn-0332:10:301,wn-0332:14:412,TEMPORAL,BEFORE,wn-0332,-1,0.9,1
wn-0332:10:301,wn-0332:14:420,TEMPORAL,BEFORE,wn-0332,-1,0.9,1
wn-0332:10:301,wn-0332:15:434,TEMPORAL,BEFORE,wn-0332,-1,0.3,1
wn-0332:10:301,wn-0332:15:449,TEMPORAL,BEFORE,wn-0332,-1,0.3,1
wn-0332:10:301,wn-0332:16:475,TEMPORAL,BEFORE,wn-0332,-1,0.95,1
wn-0332:10:301,wn-0332:16:484,TEMPORAL,BEFORE,wn-0332,-1,0.3,1
wn-0332:10:301,wn-0332:17:501,TEMPORAL,BEFORE,wn-0332,-1,0.3,1
wn-0332:10:301,wn-0332:17:506,TEMPORAL,BEFORE,wn-0332,-1,0.3,1
wn-0332:10:301,wn-0332:18:537,TEMPORAL,BEFORE,wn-0332,-1,0.95,1
wn-0332:10:301,wn-0332:18:544,TEMPORAL,BEFORE,wn-0332,-1,0.95,1
wn-0332:10:301,wn-0332:19:570,TEMPORAL,BEFORE,wn-0332,-1,0.3,1
wn-0332:10:301,wn-0332:19:588,TEMPORAL,BEFORE,wn-0332,-1,0.3,1
wn-0332:10:301,wn-0332:20:609,TEMPORAL,BEFORE,wn-0332,-1,0.3,1
wn-0332:10:301,wn-0332:20:615,TEMPORAL,BEFORE,wn-0332,-1,0.3,1
wn-0332:10:301,wn-0332:21:650,TEMPORAL,BEFORE,wn-0332,-1,0.3,1
wn-0332:10:301,wn-0332:23:673,TEMPORAL,BEFORE,wn-0332,-1,0.75,1
wn-0332:10:301,wn-0332:23:687,TEMPORAL,BEFORE,wn-0332,-1,0.75,1
wn-0332:10:301,wn-0332:24:703,TEMPORAL,BEFORE,wn-0332,-1,0.9,1
wn-0332:10:301,wn-0332:24:718,TEMPORAL,BEFORE,wn-0332,-1,0.3,1
wn-0332:10:301,wn-0332:25:746,TEMPORAL,BEFORE,wn-0332,-1,0.8,1
wn-0332:10:301,wn-0332:25:760,TEMPORAL,BEFORE,wn-0332,-1,0.3,1
wn-0332:10:301,wn-0332:26:783,TEMPORAL,BEFORE,wn-0332,-1,0.6,1
wn-0332:10:301,wn-0332:26:790,TEMPORAL,BEFORE,wn-0332,-1,0.6,1
wn-0332:10:301,wn-0332:28:836,TEMPORAL,BEFORE,wn-0332,-1,0.3,1
wn-0332:10:301,wn-0332:29:843,TEMPORAL,BEFORE,wn-0332,-1,0.3,1
wn-0332:10:301,wn-0332:29:846,TEMPORAL,BEFORE,wn-0332,-1,0.3,1
wn-0332:10:301,wn-0332:30:882,TEMPORAL,BEFORE,wn-0332,-1,0.75,1
wn-0332:10:312,wn-0332:10:314,TEMPORAL,SIMULTANEOUS,wn-0332,-1,0.95,1
wn-0332:10:312,wn-0332:11:338,TEMPORAL,BEFORE,wn-0332,-1,0.9,1
wn-0332:10:312,wn-0332:12:349,TEMPORAL,BEFORE,wn-0332,-1,0.9,1
wn-0332:10:312,wn-0332:14:384,TEMPORAL,BEFORE,wn-0332,-1,0.9,1
wn-0332:10:312,wn-0332:14:398,TEMPORAL,BEFORE,wn-0332,-1,0.9,1
wn-0332:10:312,wn-0332:14:412,TEMPORAL,BEFORE,wn-0332,-1,0.9,1
wn-0332:10:312,wn-0332:14:420,TEMPORAL,BEFORE,wn-0332,-1,0.9,1
wn-0332:10:312,wn-0332:15:434,TEMPORAL,BEFORE,wn-0332,-1,0.3,1
wn-0332:10:312,wn-0332:15:449,TEMPORAL,BEFORE,wn-0332,-1,0.3,1
wn-0332:10:312,wn-0332:16:475,TEMPORAL,BEFORE,wn-0332,-1,0.95,1
wn-0332:10:312,wn-0332:16:484,TEMPORAL,BEFORE,wn-0332,-1,0.3,1
wn-0332:10:312,wn-0332:17:501,TEMPORAL,BEFORE,wn-0332,-1,0.3,1
wn-0332:10:312,wn-0332:17:506,TEMPORAL,BEFORE,wn-0332,-1,0.3,1
wn-0332:10:312,wn-0332:18:537,TEMPORAL,BEFORE,wn-0332,-1,0.95,1
wn-0332:10:312,wn-0332:18:544,TEMPORAL,BEFORE,wn-0332,-1,0.95,1
wn-0332:10:312,wn-0332:19:570,TEMPORAL,BEFORE,wn-0332,-1,0.3,1
wn-0332:10:312,wn-0332:19:588,TEMPORAL,BEFORE,wn-0332,-1,0.3,1
wn-0332:10:312,wn-0332:20:609,TEMPORAL,BEFORE,wn-0332,-1,0.3,1
wn-0332:10:312,wn-0332:20:615,TEMPORAL,BEFORE,wn-0332,-1,0.3,1
wn-0332:10:312,wn-0332:21:650,TEMPORAL,BEFORE,wn-0332,-1,0.3,1
wn-0332:10:312,wn-0332:23:673,TEMPORAL,BEFORE,wn-0332,-1,0.75,1
wn-0332:10:312,wn-0332:23:687,TEMPORAL,BEFORE,wn-0332,-1,0.75,1
wn-0332:10:312,wn-0332:24:703,TEMPORAL,BEFORE,wn-0332,-1,0.9,1
wn-0332:10:312,wn-0332:24:718,TEMPORAL,BEFORE,wn-0332,-1,0.3,1
wn-0332:10:312,wn-0332:25:746,TEMPORAL,BEFORE,wn-0332,-1,0.8,1
wn-0332:10:312,wn-0332:25:760,TEMPORAL,BEFORE,wn-0332,-1,0.3,1
wn-0332:10:312,wn-0332:26:783,TEMPORAL,BEFORE,wn-0332,-1,0.6,1
wn-0332:10:312,wn-0332:26:790,TEMPORAL,BEFORE,wn-0332,-1,0.6,1
wn-0332:10:312,wn-0332:28:836,TEMPORAL,BEFORE,wn-0332,-1,0.3,1
wn-0332:10:312,wn-0332:29:843,TEMPORAL,BEFORE,wn-0332,-1,0.3,1
wn-0332:10:312,wn-0332:29:846,TEMPORAL,BEFORE,wn-0332,-1,0.3,1
wn-0332:10:312,wn-0332:30:882,TEMPORAL,BEFORE,wn-0332,-1,0.75,1
wn-0332:10:314,wn-0332:11:338,TEMPORAL,BEFORE,wn-0332,-1,0.9,1
wn-0332:10:314,wn-0332:12:349,TEMPORAL,BEFORE,wn-0332,-1,0.9,1
wn-0332:10:314,wn-0332:14:384,TEMPORAL,BEFORE,wn-0332,-1,0.9,1
wn-0332:10:314,wn-0332:14:398,TEMPORAL,BEFORE,wn-0332,-1,0.9,1
wn-0332:10:314,wn-0332:14:412,TEMPORAL,BEFORE,wn-0332,-1,0.9,1
wn-0332:10:314,wn-0332:14:420,TEMPORAL,BEFORE,wn-0332,-1,0.9,1
wn-0332:10:314,wn-0332:15:434,TEMPORAL,BEFORE,wn-0332,-1,0.3,1
wn-0332:10:314,wn-0332:15:449,TEMPORAL,BEFORE,wn-0332,-1,0.3,1
wn-0332:10:314,wn-0332:16:475,TEMPORAL,BEFORE,wn-0332,-1,0.95,1
wn-0332:10:314,wn-0332:16:484,TEMPORAL,BEFORE,wn-0332,-1,0.3,1
wn-0332:10:314,wn-0332:17:501,TEMPORAL,BEFORE,wn-0332,-1,0.3,1
wn-0332:10:314,wn-0332:17:506,TEMPORAL,BEFORE,wn-0332,-1,0.3,1
wn-0332:10:314,wn-0332:18:537,TEMPORAL,BEFORE,wn-0332,-1,0.95,1
wn-0332:10:314,wn-0332:18:544,TEMPORAL,BEFORE,wn-0332,-1,0.95,1
wn-0332:10:314,wn-0332:19:570,TEMPORAL,BEFORE,wn-0332,-1,0.3,1
wn-0332:10:314,wn-0332:19:588,TEMPORAL,BEFORE,wn-0332,-1,0.3,1
wn-0332:10:314,wn-0332:20:609,TEMPORAL,BEFORE,wn-0332,-1,0.3,1
wn-0332:10:314,wn-0332:20:615,TEMPORAL,BEFORE,wn-0332,-1,0.3,1
wn-0332:10:314,wn-0332:21:650,TEMPORAL,BEFORE,wn-0332,-1,0.3,1
wn-0332:10:314,wn-0332:23:673,TEMPORAL,BEFORE,wn-0332,-1,0.75,1
wn-0332:10:314,wn-0332:23:687,TEMPORAL,BEFORE,wn-0332,-1,0.75,1
wn-0332:10:314,wn-0332:24:703,TEMPORAL,BEFORE,wn-0332,-1,0.9,1
wn-0332:10:314,wn-0332:24:718,TEMPORAL,BEFORE,wn-0332,-1,0.3,1
wn-0332:10:314,wn-0332:25:746,TEMPORAL,BEFORE,wn-0332,-1,0.8,1
wn-0332:10:314,wn-0332:25:760,TEMPORAL,BEFORE,wn-0332,-1,0.3,1
wn-0332:10:314,wn-0332:26:783,TEMPORAL,BEFORE,wn-0332,-1,0.6,1
wn-0332:10:314,wn-0332:26:790,TEMPORAL,BEFORE,wn-0332,-1,0.6,1
wn-0332:10:314,wn-0332:28:836,TEMPORAL,BEFORE,wn-0332,-1,0.3,1
wn-0332:10:314,wn-0332:29:843,TEMPORAL,BEFORE,wn-0332,-1,0.3,1
wn-0332:10:314,wn-0332:29:846,TEMPORAL,BEFORE,wn-0332,-1,0.3,1
wn-0332:10:314,wn-0332:30:882,TEMPORAL,BEFORE,wn-0332,-1,0.75,1
wn-0332:11:338,wn-0332:12:349,TEMPORAL,AFTER,wn-0332,-1,0.9,1
wn-0332:11:338,wn-0332:14:384,TEMPORAL,AFTER,wn-0332,-1,0.9,1
wn-0332:11:338,wn-0332:14:398,TEMPORAL,AFTER,wn-0332,-1,0.9,1
wn-0332:11:338,wn-0332:14:412,TEMPORAL,AFTER,wn-0332,-1,0.9,1
wn-0332:11:338,wn-0332:14:420,TEMPORAL,AFTER,wn-0332,-1,0.9,1
wn-0332:11:338,wn-0332:15:434,TEMPORAL,BEFORE,wn-0332,-1,0.3,1
wn-0332:11:338,wn-0332:15:449,TEMPORAL,BEFORE,wn-0332,-1,0.3,1
wn-0332:11:338,wn-0332:16:475,TEMPORAL,BEFORE,wn-0332,-1,0.9,1
wn-0332:11:338,wn-0332:16:484,TEMPORAL,BEFORE,wn-0332,-1,0.3,1
wn-0332:11:338,wn-0332:17:501,TEMPORAL,BEFORE,wn-0332,-1,0.3,1
wn-0332:11:338,wn-0332:17:506,TEMPORAL,BEFORE,wn-0332,-1,0.3,1
wn-0332:11:338,wn-0332:18:537,TEMPORAL,BEFORE,wn-0332,-1,0.9,1
wn-0332:11:338,wn-0332:18:544,TEMPORAL,BEFORE,wn-0332,-1,0.9,1
wn-0332:11:338,wn-0332:19:570,TEMPORAL,BEFORE,wn-0332,-1,0.3,1
wn-0332:11:338,wn-0332:19:588,TEMPORAL,BEFORE,wn-0332,-1,0.3,1
wn-0332:11:338,wn-0332:20:609,TEMPORAL,BEFORE,wn-0332,-1,0.3,1
wn-0332:11:338,wn-0332:20:615,TEMPORAL,BEFORE,wn-0332,-1,0.3,1
wn-0332:11:338,wn-0332:21:650,TEMPORAL,BEFORE,wn-0332,-1,0.3,1
wn-0332:11:338,wn-0332:23:673,TEMPORAL,BEFORE,wn-0332,-1,0.75,1
wn-0332:11:338,wn-0332:23:687,TEMPORAL,BEFORE,wn-0332,-1,0.75,1
wn-0332:11:338,wn-0332:24:703,TEMPORAL,BEFORE,wn-0332,-1,0.9,1
wn-0332:11:338,wn-0332:24:718,TEMPORAL,BEFORE,wn-0332,-1,0.3,1
wn-0332:11:338,wn-0332:25:746,TEMPORAL,BEFORE,wn-0332,-1,0.8,1
wn-0332:11:338,wn-0332:25:760,TEMPORAL,BEFORE,wn-0332,-1,0.3,1
wn-0332:11:338,wn-0332:26:783,TEMPORAL,BEFORE,wn-0332,-1,0.6,1
wn-0332:11:338,wn-0332:26:790,TEMPORAL,BEFORE,wn-0332,-1,0.6,1
wn-0332:11:338,wn-0332:28:836,TEMPORAL,BEFORE,wn-0332,-1,0.3,1
wn-0332:11:338,wn-0332:29:843,TEMPORAL,BEFORE,wn-0332,-1,0.3,1
wn-0332:11:338,wn-0332:29:846,TEMPORAL,BEFORE,wn-0332,-1,0.3,1
wn-0332:11:338,wn-0332:30:882,TEMPORAL,BEFORE,wn-0332,-1,0.75,1
wn-0332:12:349,wn-0332:14:384,TEMPORAL,BEFORE,wn-0332,-1,0.9,1
wn-0332:12:349,wn-0332:14:398,TEMPORAL,BEFORE,wn-0332,-1,0.9,1
wn-0332:12:349,wn-0332:14:412,TEMPORAL,BEFORE,wn-0332,-1,0.9,1
wn-0332:12:349,wn-0332:14:420,TEMPORAL,BEFORE,wn-0332,-1,0.9,1
wn-0332:12:349,wn-0332:15:434,TEMPORAL,BEFORE,wn-0332,-1,0.3,1
wn-0332:12:349,wn-0332:15:449,TEMPORAL,BEFORE,wn-0332,-1,0.3,1
wn-0332:12:349,wn-0332:16:475,TEMPORAL,BEFORE,wn-0332,-1,0.9,1
wn-0332:12:349,wn-0332:16:484,TEMPORAL,BEFORE,wn-0332,-1,0.3,1
wn-0332:12:349,wn-0332:17:501,TEMPORAL,BEFORE,wn-0332,-1,0.3,1
wn-0332:12:349,wn-0332:17:506,TEMPORAL,BEFORE,wn-0332,-1,0.3,1
wn-0332:12:349,wn-0332:18:537,TEMPORAL,BEFORE,wn-0332,-1,0.9,1
wn-0332:12:349,wn-0332:18:544,TEMPORAL,BEFORE,wn-0332,-1,0.9,1
wn-0332:12:349,wn-0332:19:570,TEMPORAL,BEFORE,wn-0332,-1,0.3,1
wn-0332:12:349,wn-0332:19:588,TEMPORAL,BEFORE,wn-0332,-1,0.3,1
wn-0332:12:349,wn-0332:20:609,TEMPORAL,BEFORE,wn-0332,-1,0.3,1
wn-0332:12:349,wn-0332:20:615,TEMPORAL,BEFORE,wn-0332,-1,0.3,1
wn-0332:12:349,wn-0332:21:650,TEMPORAL,BEFORE,wn-0332,-1,0.3,1
wn-0332:12:349,wn-0332:23:673,TEMPORAL,BEFORE,wn-0332,-1,0.75,1
wn-0332:12:349,wn-0332:23:687,TEMPORAL,BEFORE,wn-0332,-1,0.75,1
wn-0332:12:349,wn-0332:24:703,TEMPORAL,BEFORE,wn-0332,-1,0.9,1
wn-0332:12:349,wn-0332:24:718,TEMPORAL,BEFORE,wn-0332,-1,0.3,1
wn-0332:12:349,wn-0332:25:746,TEMPORAL,BEFORE,wn-0332,-1,0.8,1
wn-0332:12:349,wn-0332:25:760,TEMPORAL,BEFORE,wn-0332,-1,0.3,1
wn-0332:12:349,wn-0332:26:783,TEMPORAL,BEFORE,wn-0332,-1,0.6,1
wn-0332:12:349,wn-0332:26:790,TEMPORAL,BEFORE,wn-0332,-1,0.6,1
wn-0332:12:349,wn-0332:28:836,TEMPORAL,BEFORE,wn-0332,-1,0.3,1
wn-0332:12:349,wn-0332:29:843,TEMPORAL,BEFORE,wn-0332,-1,0.3,1
wn-0332:12:349,wn-0332:29:846,TEMPORAL,BEFORE,wn-0332,-1,0.3,1
wn-0332:12:349,wn-0332:30:882,TEMPORAL,BEFORE,wn-0332,-1,0.75,1
wn-0332:14:384,wn-0332:14:398,TEMPORAL,SIMULTANEOUS,wn-0332,-1,0.9,1
wn-0332:14:384,wn-0332:14:412,TEMPORAL,SIMULTANEOUS,wn-0332,-1,0.9,1
wn-0332:14:384,wn-0332:14:420,TEMPORAL,SIMULTANEOUS,wn-0332,-1,0.9,1
wn-0332:14:384,wn-0332:15:434,TEMPORAL,BEFORE,wn-0332,-1,0.3,1
wn-0332:14:384,wn-0332:15:449,TEMPORAL,BEFORE,wn-0332,-1,0.3,1
wn-0332:14:384,wn-0332:16:475,TEMPORAL,BEFORE,wn-0332,-1,0.9,1
wn-0332:14:384,wn-0332:16:484,TEMPORAL,BEFORE,wn-0332,-1,0.3,1
wn-0332:14:384,wn-0332:17:501,TEMPORAL,BEFORE,wn-0332,-1,0.3,1
wn-0332:14:384,wn-0332:17:506,TEMPORAL,BEFORE,wn-0332,-1,0.3,1
wn-0332:14:384,wn-0332:18:537,TEMPORAL,BEFORE,wn-0332,-1,0.9,1
wn-0332:14:384,wn-0332:18:544,TEMPORAL,BEFORE,wn-0332,-1,0.9,1
wn-0332:14:384,wn-0332:19:570,TEMPORAL,BEFORE,wn-0332,-1,0.3,1
wn-0332:14:384,wn-0332:19:588,TEMPORAL,BEFORE,wn-0332,-1,0.3,1
wn-0332:14:384,wn-0332:20:609,TEMPORAL,BEFORE,wn-0332,-1,0.3,1
wn-0332:14:384,wn-0332:20:615,TEMPORAL,BEFORE,wn-0332,-1,0.3,1
wn-0332:14:384,wn-0332:21:650,TEMPORAL,BEFORE,wn-0332,-1,0.3,1
wn-0332:14:384,wn-0332:23:673,TEMPORAL,BEFORE,wn-0332,-1,0.75,1
wn-0332:14:384,wn-0332:23:687,TEMPORAL,BEFORE,wn-0332,-1,0.75,1
wn-0332:14:384,wn-0332:24:703,TEMPORAL,BEFORE,wn-0332,-1,0.9,1
wn-0332:14:384,wn-0332:24:718,TEMPORAL,BEFORE,wn-0332,-1,0.3,1
wn-0332:14:384,wn-0332:25:746,TEMPORAL,BEFORE,wn-0332,-1,0.8,1
wn-0332:14:384,wn-0332:25:760,TEMPORAL,BEFORE,wn-0332,-1,0.3,1
wn-0332:14:384,wn-0332:26:783,TEMPORAL,BEFORE,wn-0332,-1,0.6,1
wn-0332:14:384,wn-0332:26:790,TEMPORAL,BEFORE,wn-0332,-1,0.6,1
wn-0332:14:384,wn-0332:28:836,TEMPORAL,BEFORE,wn-0332,-1,0.3,1
wn-0332:14:384,wn-0332:29:843,TEMPORAL,BEFORE,wn-0332,-1,0.3,1
wn-0332:14:384,wn-0332:29:846,TEMPORAL,BEFORE,wn-0332,-1,0.3,1
wn-0332:14:384,wn-0332:30:882,TEMPORAL,BEFORE,wn-0332,-1,0.75,1
wn-0332:14:398,wn-0332:14:412,TEMPORAL,SIMULTANEOUS,wn-0332,-1,0.9,1
wn-0332:14:398,wn-0332:14:420,TEMPORAL,SIMULTANEOUS,wn-0332,-1,0.9,1
wn-0332:14:398,wn-0332:15:434,TEMPORAL,BEFORE,wn-0332,-1,0.3,1
wn-0332:14:398,wn-0332:15:449,TEMPORAL,BEFORE,wn-0332,-1,0.3,1
wn-0332:14:398,wn-0332:16:475,TEMPORAL,BEFORE,wn-0332,-1,0.9,1
wn-0332:14:398,wn-0332:16:484,TEMPORAL,BEFORE,wn-0332,-1,0.3,1
wn-0332:14:398,wn-0332:17:501,TEMPORAL,BEFORE,wn-0332,-1,0.3,1
wn-0332:14:398,wn-0332:17:506,TEMPORAL,BEFORE,wn-0332,-1,0.3,1
wn-0332:14:398,wn-0332:18:537,TEMPORAL,BEFORE,wn-0332,-1,0.9,1
wn-0332:14:398,wn-0332:18:544,TEMPORAL,BEFORE,wn-0332,-1,0.9,1
wn-0332:14:398,wn-0332:19:570,TEMPORAL,BEFORE,wn-0332,-1,0.3,1
wn-0332:14:398,wn-0332:19:588,TEMPORAL,BEFORE,wn-0332,-1,0.3,1
wn-0332:14:398,wn-0332:20:609,TEMPORAL,BEFORE,wn-0332,-1,0.3,1
wn-0332:14:398,wn-0332:20:615,TEMPORAL,BEFORE,wn-0332,-1,0.3,1
wn-0332:14:398,wn-0332:21:650,TEMPORAL,BEFORE,wn-0332,-1,0.3,1
wn-0332:14:398,wn-0332:23:673,TEMPORAL,BEFORE,wn-0332,-1,0.75,1
wn-0332:14:398,wn-0332:23:687,TEMPORAL,BEFORE,wn-0332,-1,0.75,1
wn-0332:14:398,wn-0332:24:703,TEMPORAL,BEFORE,wn-0332,-1,0.9,1
wn-0332:14:398,wn-0332:24:718,TEMPORAL,BEFORE,wn-0332,-1,0.3,1
wn-0332:14:398,wn-0332:25:746,TEMPORAL,BEFORE,wn-0332,-1,0.8,1
wn-0332:14:398,wn-0332:25:760,TEMPORAL,BEFORE,wn-0332,-1,0.3,1
wn-0332:14:398,wn-0332:26:783,TEMPORAL,BEFORE,wn-0332,-1,0.6,1
wn-0332:14:398,wn-0332:26:790,TEMPORAL,BEFORE,wn-0332,-1,0.6,1
wn-0332:14:398,wn-0332:28:836,TEMPORAL,BEFORE,wn-0332,-1,0.3,1
wn-0332:14:398,wn-0332:29:843,TEMPORAL,BEFORE,wn-0332,-1,0.3,1
wn-0332:14:398,wn-0332:29:846,TEMPORAL,BEFORE,wn-0332,-1,0.3,1
wn-0332:14:398,wn-0332:30:882,TEMPORAL,BEFORE,wn-0332,-1,0.75,1
wn-0332:14:412,wn-0332:14:420,TEMPORAL,SIMULTANEOUS,wn-0332,-1,0.9,1
wn-0332:14:412,wn-0332:15:434,TEMPORAL,BEFORE,wn-0332,-1,0.3,1
wn-0332:14:412,wn-0332:15:449,TEMPORAL,BEFORE,wn-0332,-1,0.3,1
wn-0332:14:412,wn-0332:16:475,TEMPORAL,BEFORE,wn-0332,-1,0.9,1
wn-0332:14:412,wn-0332:16:484,TEMPORAL,BEFORE,wn-0332,-1,0.3,1
wn-0332:14:412,wn-0332:17:501,TEMPORAL,BEFORE,wn-0332,-1,0.3,1
wn-0332:14:412,wn-0332:17:506,TEMPORAL,BEFORE,wn-0332,-1,0.3,1
wn-0332:14:412,wn-0332:18:537,TEMPORAL,BEFORE,wn-0332,-1,0.9,1
wn-0332:14:412,wn-0332:18:544,TEMPORAL,BEFORE,wn-0332,-1,0.9,1
wn-0332:14:412,wn-0332:19:570,TEMPORAL,BEFORE,wn-0332,-1,0.3,1
wn-0332:14:412,wn-0332:19:588,TEMPORAL,BEFORE,wn-0332,-1,0.3,1
wn-0332:14:412,wn-0332:20:609,TEMPORAL,BEFORE,wn-0332,-1,0.3,1
wn-0332:14:412,wn-0332:20:615,TEMPORAL,BEFORE,wn-0332,-1,0.3,1
wn-0332:14:412,wn-0332:21:650,TEMPORAL,BEFORE,wn-0332,-1,0.3,1
wn-0332:14:412,wn-0332:23:673,TEMPORAL,BEFORE,wn-0332,-1,0.75,1
wn-0332:14:412,wn-0332:23:687,TEMPORAL,BEFORE,wn-0332,-1,0.75,1
wn-0332:14:412,wn-0332:24:703,TEMPORAL,BEFORE,wn-0332,-1,0.9,1
wn-0332:14:412,wn-0332:24:718,TEMPORAL,BEFORE,wn-0332,-1,0.3,1
wn-0332:14:412,wn-0332:25:746,TEMPORAL,BEFORE,wn-0332,-1,0.8,1
wn-0332:14:412,wn-0332:25:760,TEMPORAL,BEFORE,wn-0332,-1,0.3,1
wn-0332:14:412,wn-0332:26:783,TEMPORAL,BEFORE,wn-0332,-1,0.6,1
wn-0332:14:412,wn-0332:26:790,TEMPORAL,BEFORE,wn-0332,-1,0.6,1
wn-0332:14:412,wn-0332:28:836,TEMPORAL,BEFORE,wn-0332,-1,0.3,1
wn-0332:14:412,wn-0332:29:843,TEMPORAL,BEFORE,wn-0332,-1,0.3,1
wn-0332:14:412,wn-0332:29:846,TEMPORAL,BEFORE,wn-0332,-1,0.3,1
wn-0332:14:412,wn-0332:30:882,TEMPORAL,BEFORE,wn-0332,-1,0.75,1
wn-0332:14:420,wn-0332:15:434,TEMPORAL,BEFORE,wn-0332,-1,0.3,1
wn-0332:14:420,wn-0332:15:449,TEMPORAL,BEFORE,wn-0332,-1,0.3,1
wn-0332:14:420,wn-0332:16:475,TEMPORAL,BEFORE,wn-0332,-1,0.9,1
wn-0332:14:420,wn-0332:16:484,TEMPORAL,BEFORE,wn-0332,-1,0.3,1
wn-0332:14:420,wn-0332:17:501,TEMPORAL,BEFORE,wn-0332,-1,0.3,1
wn-0332:14:420,wn-0332:17:506,TEMPORAL,BEFORE,wn-0332,-1,0.3,1
wn-0332:14:420,wn-0332:18:537,TEMPORAL,BEFORE,wn-0332,-1,0.9,1
wn-0332:14:420,wn-0332:18:544,TEMPORAL,BEFORE,wn-0332,-1,0.9,1
wn-0332:14:420,wn-0332:19:570,TEMPORAL,BEFORE,wn-0332,-1,0.3,1
wn-0332:14:420,wn-0332:19:588,TEMPORAL,BEFORE,wn-0332,-1,0.3,1
wn-0332:14:420,wn-0332:20:609,TEMPORAL,BEFORE,wn-0332,-1,0.3,1
wn-0332:14:420,wn-0332:20:615,TEMPORAL,BEFORE,wn-0332,-1,0.3,1
wn-0332:14:420,wn-0332:21:650,TEMPORAL,BEFORE,wn-0332,-1,0.3,1
wn-0332:14:420,wn-0332:23:673,TEMPORAL,BEFORE,wn-0332,-1,0.75,1
wn-0332:14:420,wn-0332:23:687,TEMPORAL,BEFORE,wn-0332,-1,0.75,1
wn-0332:14:420,wn-0332:24:703,TEMPORAL,BEFORE,wn-0332,-1,0.9,1
wn-0332:14:420,wn-0332:24:718,TEMPORAL,BEFORE,wn-0332,-1,0.3,1
wn-0332:14:420,wn-0332:25:746,TEMPORAL,BEFORE,wn-0332,-1,0.8,1
wn-0332:14:420,wn-0332:25:760,TEMPORAL,BEFORE,wn-0332,-1,0.3,1
wn-0332:14:420,wn-0332:26:783,TEMPORAL,BEFORE,wn-0332,-1,0.6,1
wn-0332:14:420,wn-0332:26:790,TEMPORAL,BEFORE,wn-0332,-1,0.6,1
wn-0332:14:420,wn-0332:28:836,TEMPORAL,BEFORE,wn-0332,-1,0.3,1
wn-0332:14:420,wn-0332:29:843,TEMPORAL,BEFORE,wn-0332,-1,0.3,1
wn-0332:14:420,wn-0332:29:846,TEMPORAL,BEFORE,wn-0332,-1,0.3,1
wn-0332:14:420,wn-0332:30:882,TEMPORAL,BEFORE,wn-0332,-1,0.75,1
wn-0332:15:434,wn-0332:15:449,TEMPORAL,SIMULTANEOUS,wn-0332,-1,0.5,1
wn-0332:15:434,wn-0332:16:475,TEMPORAL,BEFORE,wn-0332,-1,0.3,1
wn-0332:15:434,wn-0332:16:484,TEMPORAL,BEFORE,wn-0332,-1,0.3,1
wn-0332:15:434,wn-0332:17:501,TEMPORAL,BEFORE,wn-0332,-1,0.3,1
wn-0332:15:434,wn-0332:17:506,TEMPORAL,BEFORE,wn-0332,-1,0.3,1
wn-0332:15:434,wn-0332:18:537,TEMPORAL,BEFORE,wn-0332,-1,0.3,1
wn-0332:15:434,wn-0332:18:544,TEMPORAL,BEFORE,wn-0332,-1,0.3,1
wn-0332:15:434,wn-0332:19:570,TEMPORAL,BEFORE,wn-0332,-1,0.3,1
wn-0332:15:434,wn-0332:19:588,TEMPORAL,BEFORE,wn-0332,-1,0.3,1
wn-0332:15:434,wn-0332:20:609,TEMPORAL,BEFORE,wn-0332,-1,0.3,1
wn-0332:15:434,wn-0332:20:615,TEMPORAL,BEFORE,wn-0332,-1,0.3,1
wn-0332:15:434,wn-0332:21:650,TEMPORAL,BEFORE,wn-0332,-1,0.3,1
wn-0332:15:434,wn-0332:23:673,TEMPORAL,BEFORE,wn-0332,-1,0.3,1
wn-0332:15:434,wn-0332:23:687,TEMPORAL,BEFORE,wn-0332,-1,0.3,1
wn-0332:15:434,wn-0332:24:703,TEMPORAL,BEFORE,wn-0332,-1,0.3,1
wn-0332:15:434,wn-0332:24:718,TEMPORAL,BEFORE,wn-0332,-1,0.3,1
wn-0332:15:434,wn-0332:25:746,TEMPORAL,BEFORE,wn-0332,-1,0.3,1
wn-0332:15:434,wn-0332:25:760,TEMPORAL,BEFORE,wn-0332,-1,0.3,1
wn-0332:15:434,wn-0332:26:783,TEMPORAL,BEFORE,wn-0332,-1,0.3,1
wn-0332:15:434,wn-0332:26:790,TEMPORAL,BEFORE,wn-0332,-1,0.3,1
wn-0332:15:434,wn-0332:28:836,TEMPORAL,BEFORE,wn-0332,-1,0.3,1
wn-0332:15:434,wn-0332:29:843,TEMPORAL,BEFORE,wn-0332,-1,0.3,1
wn-0332:15:434,wn-0332:29:846,TEMPORAL,BEFORE,wn-0332,-1,0.3,1
wn-0332:15:434,wn-0332:30:882,TEMPORAL,BEFORE,wn-0332,-1,0.3,1
wn-0332:15:449,wn-0332:16:475,TEMPORAL,BEFORE,wn-0332,-1,0.3,1
wn-0332:15:449,wn-0332:16:484,TEMPORAL,BEFORE,wn-0332,-1,0.3,1
wn-0332:15:449,wn-0332:17:501,TEMPORAL,BEFORE,wn-0332,-1,0.3,1
wn-0332:15:449,wn-0332:17:506,TEMPORAL,BEFORE,wn-0332,-1,0.3,1
wn-0332:15:449,wn-0332:18:537,TEMPORAL,BEFORE,wn-0332,-1,0.3,1
wn-0332:15:449,wn-0332:18:544,TEMPORAL,BEFORE,wn-0332,-1,0.3,1
wn-0332:15:449,wn-0332:19:570,TEMPORAL,BEFORE,wn-0332,-1,0.3,1
wn-0332:15:449,wn-0332:19:588,TEMPORAL,BEFORE,wn-0332,-1,0.3,1
wn-0332:15:449,wn-0332:20:609,TEMPORAL,BEFORE,wn-0332,-1,0.3,1
wn-0332:15:449,wn-0332:20:615,TEMPORAL,BEFORE,wn-0332,-1,0.3,1
wn-0332:15:449,wn-0332:21:650,TEMPORAL,BEFORE,wn-0332,-1,0.3,1
wn-0332:15:449,wn-0332:23:673,TEMPORAL,BEFORE,wn-0332,-1,0.3,1
wn-0332:15:449,wn-0332:23:687,TEMPORAL,BEFORE,wn-0332,-1,0.3,1
wn-0332:15:449,wn-0332:24:703,TEMPORAL,BEFORE,wn-0332,-1,0.3,1
wn-0332:15:449,wn-0332:24:718,TEMPORAL,BEFORE,wn-0332,-1,0.3,1
wn-0332:15:449,wn-0332:25:746,TEMPORAL,BEFORE,wn-0332,-1,0.3,1
wn-0332:15:449,wn-0332:25:760,TEMPORAL,BEFORE,wn-0332,-1,0.3,1
wn-0332:15:449,wn-0332:26:783,TEMPORAL,BEFORE,wn-0332,-1,0.3,1
wn-0332:15:449,wn-0332:26:790,TEMPORAL,BEFORE,wn-0332,-1,0.3,1
wn-0332:15:449,wn-0332:28:836,TEMPORAL,BEFORE,wn-0332,-1,0.3,1
wn-0332:15:449,wn-0332:29:843,TEMPORAL,BEFORE,wn-0332,-1,0.3,1
wn-0332:15:449,wn-0332:29:846,TEMPORAL,BEFORE,wn-0332,-1,0.3,1
wn-0332:15:449,wn-0332:30:882,TEMPORAL,BEFORE,wn-0332,-1,0.3,1
wn-0332:16:475,wn-0332:16:484,TEMPORAL,AFTER,wn-0332,-1,0.5,1
wn-0332:16:475,wn-0332:17:501,TEMPORAL,BEFORE,wn-0332,-1,0.3,1
wn-0332:16:475,wn-0332:17:506,TEMPORAL,BEFORE,wn-0332,-1,0.3,1
wn-0332:16:475,wn-0332:18:537,TEMPORAL,BEFORE,wn-0332,-1,0.95,1
wn-0332:16:475,wn-0332:18:544,TEMPORAL,BEFORE,wn-0332,-1,0.95,1
wn-0332:16:475,wn-0332:19:570,TEMPORAL,BEFORE,wn-0332,-1,0.3,1
wn-0332:16:475,wn-0332:19:588,TEMPORAL,BEFORE,wn-0332,-1,0.3,1
wn-0332:16:475,wn-0332:20:609,TEMPORAL,BEFORE,wn-0332,-1,0.3,1
wn-0332:16:475,wn-0332:20:615,TEMPORAL,BEFORE,wn-0332,-1,0.3,1
wn-0332:16:475,wn-0332:21:650,TEMPORAL,BEFORE,wn-0332,-1,0.3,1
wn-0332:16:475,wn-0332:23:673,TEMPORAL,BEFORE,wn-0332,-1,0.75,1
wn-0332:16:475,wn-0332:23:687,TEMPORAL,BEFORE,wn-0332,-1,0.75,1
wn-0332:16:475,wn-0332:24:703,TEMPORAL,BEFORE,wn-0332,-1,0.9,1
wn-0332:16:475,wn-0332:24:718,TEMPORAL,BEFORE,wn-0332,-1,0.3,1
wn-0332:16:475,wn-0332:25:746,TEMPORAL,BEFORE,wn-0332,-1,0.8,1
wn-0332:16:475,wn-0332:25:760,TEMPORAL,BEFORE,wn-0332,-1,0.3,1
wn-0332:16:475,wn-0332:26:783,TEMPORAL,BEFORE,wn-0332,-1,0.6,1
wn-0332:16:475,wn-0332:26:790,TEMPORAL,BEFORE,wn-0332,-1,0.6,1
wn-0332:16:475,wn-0332:28:836,TEMPORAL,BEFORE,wn-0332,-1,0.3,1
wn-0332:16:475,wn-0332:29:843,TEMPORAL,BEFORE,wn-0332,-1,0.3,1
wn-0332:16:475,wn-0332:29:846,TEMPORAL,BEFORE,wn-0332,-1,0.3,1
wn-0332:16:475,wn-0332:30:882,TEMPORAL,BEFORE,wn-0332,-1,0.75,1
wn-0332:16:484,wn-0332:17:501,TEMPORAL,BEFORE,wn-0332,-1,0.3,1
wn-0332:16:484,wn-0332:17:506,TEMPORAL,BEFORE,wn-0332,-1,0.3,1
wn-0332:16:484,wn-0332:18:537,TEMPORAL,BEFORE,wn-0332,-1,0.3,1
wn-0332:16:484,wn-0332:18:544,TEMPORAL,BEFORE,wn-0332,-1,0.3,1
wn-0332:16:484,wn-0332:19:570,TEMPORAL,BEFORE,wn-0332,-1,0.3,1
wn-0332:16:484,wn-0332:19:588,TEMPORAL,BEFORE,wn-0332,-1,0.3,1
wn-0332:16:484,wn-0332:20:609,TEMPORAL,BEFORE,wn-0332,-1,0.3,1
wn-0332:16:484,wn-0332:20:615,TEMPORAL,BEFORE,wn-0332,-1,0.3,1
wn-0332:16:484,wn-0332:21:650,TEMPORAL,BEFORE,wn-0332,-1,0.3,1
wn-0332:16:484,wn-0332:23:673,TEMPORAL,BEFORE,wn-0332,-1,0.3,1
wn-0332:16:484,wn-0332:23:687,TEMPORAL,BEFORE,wn-0332,-1,0.3,1
wn-0332:16:484,wn-0332:24:703,TEMPORAL,BEFORE,wn-0332,-1,0.3,1
wn-0332:16:484,wn-0332:24:718,TEMPORAL,BEFORE,wn-0332,-1,0.3,1
wn-0332:16:484,wn-0332:25:746,TEMPORAL,BEFORE,wn-0332,-1,0.3,1
wn-0332:16:484,wn-0332:25:760,TEMPORAL,BEFORE,wn-0332,-1,0.3,1
wn-0332:16:484,wn-0332:26:783,TEMPORAL,BEFORE,wn-0332,-1,0.3,1
wn-0332:16:484,wn-0332:26:790,TEMPORAL,BEFORE,wn-0332,-1,0.3,1
wn-0332:16:484,wn-0332:28:836,TEMPORAL,BEFORE,wn-0332,-1,0.3,1
wn-0332:16:484,wn-0332:29:843,TEMPORAL,BEFORE,wn-0332,-1,0.3,1
wn-0332:16:484,wn-0332:29:846,TEMPORAL,BEFORE,wn-0332,-1,0.3,1
wn-0332:16:484,wn-0332:30:882,TEMPORAL,BEFORE,wn-0332,-1,0.3,1
wn-0332:17:501,wn-0332:18:537,TEMPORAL,BEFORE,wn-0332,-1,0.3,1
wn-0332:17:501,wn-0332:18:544,TEMPORAL,BEFORE,wn-0332,-1,0.3,1
wn-0332:17:501,wn-0332:19:570,TEMPORAL,BEFORE,wn-0332,-1,0.3,1
wn-0332:17:501,wn-0332:19:588,TEMPORAL,BEFORE,wn-0332,-1,0.3,1
wn-0332:17:501,wn-0332:20:609,TEMPORAL,BEFORE,wn-0332,-1,0.3,1
wn-0332:17:501,wn-0332:20:615,TEMPORAL,BEFORE,wn-0332,-1,0.3,1
wn-0332:17:501,wn-0332:21:650,TEMPORAL,BEFORE,wn-0332,-1,0.3,1
wn-0332:17:501,wn-0332:23:673,TEMPORAL,BEFORE,wn-0332,-1,0.3,1
wn-0332:17:501,wn-0332:23:687,TEMPORAL,BEFORE,wn-0332,-1,0.3,1
wn-0332:17:501,wn-0332:24:703,TEMPORAL,BEFORE,wn-0332,-1,0.3,1
wn-0332:17:501,wn-0332:24:718,TEMPORAL,BEFORE,wn-0332,-1,0.3,1
wn-0332:17:501,wn-0332:25:746,TEMPORAL,BEFORE,wn-0332,-1,0.3,1
wn-0332:17:501,wn-0332:25:760,TEMPORAL,BEFORE,wn-0332,-1,0.3,1
wn-0332:17:501,wn-0332:26:783,TEMPORAL,BEFORE,wn-0332,-1,0.3,1
wn-0332:17:501,wn-0332:26:790,TEMPORAL,BEFORE,wn-0332,-1,0.3,1
wn-0332:17:501,wn-0332:28:836,TEMPORAL,BEFORE,wn-0332,-1,0.3,1
wn-0332:17:501,wn-0332:29:843,TEMPORAL,BEFORE,wn-0332,-1,0.3,1
wn-0332:17:501,wn-0332:29:846,TEMPORAL,BEFORE,wn-0332,-1,0.3,1
wn-0332:17:501,wn-0332:30:882,TEMPORAL,BEFORE,wn-0332,-1,0.3,1
wn-0332:17:506,wn-0332:18:537,TEMPORAL,BEFORE,wn-0332,-1,0.3,1
wn-0332:17:506,wn-0332:18:544,TEMPORAL,BEFORE,wn-0332,-1,0.3,1
wn-0332:17:506,wn-0332:19:570,TEMPORAL,BEFORE,wn-0332,-1,0.3,1
wn-0332:17:506,wn-0332:19:588,TEMPORAL,BEFORE,wn-0332,-1,0.3,1
wn-0332:17:506,wn-0332:20:609,TEMPORAL,BEFORE,wn-0332,-1,0.3,1
wn-0332:17:506,wn-0332:20:615,TEMPORAL,BEFORE,wn-0332,-1,0.3,1
wn-0332:17:506,wn-0332:21:650,TEMPORAL,BEFORE,wn-0332,-1,0.3,1
wn-0332:17:506,wn-0332:23:673,TEMPORAL,BEFORE,wn-0332,-1,0.3,1
wn-0332:17:506,wn-0332:23:687,TEMPORAL,BEFORE,wn-0332,-1,0.3,1
wn-0332:17:506,wn-0332:24:703,TEMPORAL,BEFORE,wn-0332,-1,0.3,1
wn-0332:17:506,wn-0332:24:718,TEMPORAL,BEFORE,wn-0332,-1,0.3,1
wn-0332:17:506,wn-0332:25:746,TEMPORAL,BEFORE,wn-0332,-1,0.3,1
wn-0332:17:506,wn-0332:25:760,TEMPORAL,BEFORE,wn-0332,-1,0.3,1
wn-0332:17:506,wn-0332:26:783,TEMPORAL,BEFORE,wn-0332,-1,0.3,1
wn-0332:17:506,wn-0332:26:790,TEMPORAL,BEFORE,wn-0332,-1,0.3,1
wn-0332:17:506,wn-0332:28:836,TEMPORAL,BEFORE,wn-0332,-1,0.3,1
wn-0332:17:506,wn-0332:29:843,TEMPORAL,BEFORE,wn-0332,-1,0.3,1
wn-0332:17:506,wn-0332:29:846,TEMPORAL,BEFORE,wn-0332,-1,0.3,1
wn-0332:17:506,wn-0332:30:882,TEMPORAL,BEFORE,wn-0332,-1,0.3,1
wn-0332:18:537,wn-0332:18:544,TEMPORAL,SIMULTANEOUS,wn-0332,-1,0.95,1
wn-0332:18:537,wn-0332:19:570,TEMPORAL,BEFORE,wn-0332,-1,0.3,1
wn-0332:18:537,wn-0332:19:588,TEMPORAL,BEFORE,wn-0332,-1,0.3,1
wn-0332:18:537,wn-0332:20:609,TEMPORAL,BEFORE,wn-0332,-1,0.3,1
wn-0332:18:537,wn-0332:20:615,TEMPORAL,BEFORE,wn-0332,-1,0.3,1
wn-0332:18:537,wn-0332:21:650,TEMPORAL,BEFORE,wn-0332,-1,0.3,1
wn-0332:18:537,wn-0332:23:673,TEMPORAL,BEFORE,wn-0332,-1,0.75,1
wn-0332:18:537,wn-0332:23:687,TEMPORAL,BEFORE,wn-0332,-1,0.75,1
wn-0332:18:537,wn-0332:24:703,TEMPORAL,BEFORE,wn-0332,-1,0.9,1
wn-0332:18:537,wn-0332:24:718,TEMPORAL,BEFORE,wn-0332,-1,0.3,1
wn-0332:18:537,wn-0332:25:746,TEMPORAL,BEFORE,wn-0332,-1,0.8,1
wn-0332:18:537,wn-0332:25:760,TEMPORAL,BEFORE,wn-0332,-1,0.3,1
wn-0332:18:537,wn-0332:26:783,TEMPORAL,BEFORE,wn-0332,-1,0.6,1
wn-0332:18:537,wn-0332:26:790,TEMPORAL,BEFORE,wn-0332,-1,0.6,1
wn-0332:18:537,wn-0332:28:836,TEMPORAL,BEFORE,wn-0332,-1,0.3,1
wn-0332:18:537,wn-0332:29:843,TEMPORAL,BEFORE,wn-0332,-1,0.3,1
wn-0332:18:537,wn-0332:29:846,TEMPORAL,BEFORE,wn-0332,-1,0.3,1
wn-0332:18:537,wn-0332:30:882,TEMPORAL,BEFORE,wn-0332,-1,0.75,1
wn-0332:18:544,wn-0332:19:570,TEMPORAL,BEFORE,wn-0332,-1,0.3,1
wn-0332:18:544,wn-0332:19:588,TEMPORAL,BEFORE,wn-0332,-1,0.3,1
wn-0332:18:544,wn-0332:20:609,TEMPORAL,BEFORE,wn-0332,-1,0.3,1
wn-0332:18:544,wn-0332:20:615,TEMPORAL,BEFORE,wn-0332,-1,0.3,1
wn-0332:18:544,wn-0332:21:650,TEMPORAL,BEFORE,wn-0332,-1,0.3,1
wn-0332:18:544,wn-0332:23:673,TEMPORAL,BEFORE,wn-0332,-1,0.75,1
wn-0332:18:544,wn-0332:23:687,TEMPORAL,BEFORE,wn-0332,-1,0.75,1
wn-0332:18:544,wn-0332:24:703,TEMPORAL,BEFORE,wn-0332,-1,0.9,1
wn-0332:18:544,wn-0332:24:718,TEMPORAL,BEFORE,wn-0332,-1,0.3,1
wn-0332:18:544,wn-0332:25:746,TEMPORAL,BEFORE,wn-0332,-1,0.8,1
wn-0332:18:544,wn-0332:25:760,TEMPORAL,BEFORE,wn-0332,-1,0.3,1
wn-0332:18:544,wn-0332:26:783,TEMPORAL,BEFORE,wn-0332,-1,0.6,1
wn-0332:18:544,wn-0332:26:790,TEMPORAL,BEFORE,wn-0332,-1,0.6,1
wn-0332:18:544,wn-0332:28:836,TEMPORAL,BEFORE,wn-0332,-1,0.3,1
wn-0332:18:544,wn-0332:29:843,TEMPORAL,BEFORE,wn-0332,-1,0.3,1
wn-0332:18:544,wn-0332:29:846,TEMPORAL,BEFORE,wn-0332,-1,0.3,1
wn-0332:18:544,wn-0332:30:882,TEMPORAL,BEFORE,wn-0332,-1,0.75,1
wn-0332:19:570,wn-0332:20:609,TEMPORAL,BEFORE,wn-0332,-1,0.3,1
wn-0332:19:570,wn-0332:20:615,TEMPORAL,BEFORE,wn-0332,-1,0.3,1
wn-0332:19:570,wn-0332:21:650,TEMPORAL,BEFORE,wn-0332,-1,0.3,1
wn-0332:19:570,wn-0332:23:673,TEMPORAL,BEFORE,wn-0332,-1,0.3,1
wn-0332:19:570,wn-0332:23:687,TEMPORAL,BEFORE,wn-0332,-1,0.3,1
wn-0332:19:570,wn-0332:24:703,TEMPORAL,BEFORE,wn-0332,-1,0.3,1
wn-0332:19:570,wn-0332:24:718,TEMPORAL,BEFORE,wn-0332,-1,0.3,1
wn-0332:19:570,wn-0332:25:746,TEMPORAL,BEFORE,wn-0332,-1,0.3,1
wn-0332:19:570,wn-0332:25:760,TEMPORAL,BEFORE,wn-0332,-1,0.3,1
wn-0332:19:570,wn-0332:26:783,TEMPORAL,BEFORE,wn-0332,-1,0.3,1
wn-0332:19:570,wn-0332:26:790,TEMPORAL,BEFORE,wn-0332,-1,0.3,1
wn-0332:19:570,wn-0332:28:836,TEMPORAL,BEFORE,wn-0332,-1,0.3,1
wn-0332:19:570,wn-0332:29:843,TEMPORAL,BEFORE,wn-0332,-1,0.3,1
wn-0332:19:570,wn-0332:29:846,TEMPORAL,BEFORE,wn-0332,-1,0.3,1
wn-0332:19:570,wn-0332:30:882,TEMPORAL,BEFORE,wn-0332,-1,0.3,1
wn-0332:19:588,wn-0332:20:609,TEMPORAL,BEFORE,wn-0332,-1,0.3,1
wn-0332:19:588,wn-0332:20:615,TEMPORAL,BEFORE,wn-0332,-1,0.3,1
wn-0332:19:588,wn-0332:21:650,TEMPORAL,BEFORE,wn-0332,-1,0.3,1
wn-0332:19:588,wn-0332:23:673,TEMPORAL,BEFORE,wn-0332,-1,0.3,1
wn-0332:19:588,wn-0332:23:687,TEMPORAL,BEFORE,wn-0332,-1,0.3,1
wn-0332:19:588,wn-0332:24:703,TEMPORAL,BEFORE,wn-0332,-1,0.3,1
wn-0332:19:588,wn-0332:24:718,TEMPORAL,BEFORE,wn-0332,-1,0.3,1
wn-0332:19:588,wn-0332:25:746,TEMPORAL,BEFORE,wn-0332,-1,0.3,1
wn-0332:19:588,wn-0332:25:760,TEMPORAL,BEFORE,wn-0332,-1,0.3,1
wn-0332:19:588,wn-0332:26:783,TEMPORAL,BEFORE,wn-0332,-1,0.3,1
wn-0332:19:588,wn-0332:26:790,TEMPORAL,BEFORE,wn-0332,-1,0.3,1
wn-0332:19:588,wn-0332:28:836,TEMPORAL,BEFORE,wn-0332,-1,0.3,1
wn-0332:19:588,wn-0332:29:843,TEMPORAL,BEFORE,wn-0332,-1,0.3,1
wn-0332:19:588,wn-0332:29:846,TEMPORAL,BEFORE,wn-0332,-1,0.3,1
wn-0332:19:588,wn-0332:30:882,TEMPORAL,BEFORE,wn-0332,-1,0.3,1
wn-0332:20:609,wn-0332:20:615,TEMPORAL,SIMULTANEOUS,wn-0332,-1,0.5,1
wn-0332:20:609,wn-0332:21:650,TEMPORAL,BEFORE,wn-0332,-1,0.3,1
wn-0332:20:609,wn-0332:23:673,TEMPORAL,BEFORE,wn-0332,-1,0.3,1
wn-0332:20:609,wn-0332:23:687,TEMPORAL,BEFORE,wn-0332,-1,0.3,1
wn-0332:20:609,wn-0332:24:703,TEMPORAL,BEFORE,wn-0332,-1,0.3,1
wn-0332:20:609,wn-0332:24:718,TEMPORAL,BEFORE,wn-0332,-1,0.3,1
wn-0332:20:609,wn-0332:25:746,TEMPORAL,BEFORE,wn-0332,-1,0.3,1
wn-0332:20:609,wn-0332:25:760,TEMPORAL,BEFORE,wn-0332,-1,0.3,1
wn-0332:20:609,wn-0332:26:783,TEMPORAL,BEFORE,wn-0332,-1,0.3,1
wn-0332:20:609,wn-0332:26:790,TEMPORAL,BEFORE,wn-0332,-1,0.3,1
wn-0332:20:609,wn-0332:28:836,TEMPORAL,BEFORE,wn-0332,-1,0.3,1
wn-0332:20:609,wn-0332:29:843,TEMPORAL,BEFORE,wn-0332,-1,0.3,1
wn-0332:20:609,wn-0332:29:846,TEMPORAL,BEFORE,wn-0332,-1,0.3,1
wn-0332:20:609,wn-0332:30:882,TEMPORAL,BEFORE,wn-0332,-1,0.3,1
wn-0332:20:615,wn-0332:21:650,TEMPORAL,BEFORE,wn-0332,-1,0.3,1
wn-0332:20:615,wn-0332:23:673,TEMPORAL,BEFORE,wn-0332,-1,0.3,1
wn-0332:20:615,wn-0332:23:687,TEMPORAL,BEFORE,wn-0332,-1,0.3,1
wn-0332:20:615,wn-0332:24:703,TEMPORAL,BEFORE,wn-0332,-1,0.3,1
wn-0332:20:615,wn-0332:24:718,TEMPORAL,BEFORE,wn-0332,-1,0.3,1
wn-0332:20:615,wn-0332:25:746,TEMPORAL,BEFORE,wn-0332,-1,0.3,1
wn-0332:20:615,wn-0332:25:760,TEMPORAL,BEFORE,wn-0332,-1,0.3,1
wn-0332:20:615,wn-0332:26:783,TEMPORAL,BEFORE,wn-0332,-1,0.3,1
wn-0332:20:615,wn-0332:26:790,TEMPORAL,BEFORE,wn-0332,-1,0.3,1
wn-0332:20:615,wn-0332:28:836,TEMPORAL,BEFORE,wn-0332,-1,0.3,1
wn-0332:20:615,wn-0332:29:843,TEMPORAL,BEFORE,wn-0332,-1,0.3,1
wn-0332:20:615,wn-0332:29:846,TEMPORAL,BEFORE,wn-0332,-1,0.3,1
wn-0332:20:615,wn-0332:30:882,TEMPORAL,BEFORE,wn-0332,-1,0.3,1
wn-0332:21:650,wn-0332:23:673,TEMPORAL,BEFORE,wn-0332,-1,0.3,1
wn-0332:21:650,wn-0332:23:687,TEMPORAL,BEFORE,wn-0332,-1,0.3,1
wn-0332:21:650,wn-0332:24:703,TEMPORAL,BEFORE,wn-0332,-1,0.3,1
wn-0332:21:650,wn-0332:24:718,TEMPORAL,BEFORE,wn-0332,-1,0.3,1
wn-0332:21:650,wn-0332:25:746,TEMPORAL,BEFORE,wn-0332,-1,0.3,1
wn-0332:21:650,wn-0332:25:760,TEMPORAL,BEFORE,wn-0332,-1,0.3,1
wn-0332:21:650,wn-0332:26:783,TEMPORAL,BEFORE,wn-0332,-1,0.3,1
wn-0332:21:650,wn-0332:26:790,TEMPORAL,BEFORE,wn-0332,-1,0.3,1
wn-0332:21:650,wn-0332:28:836,TEMPORAL,BEFORE,wn-0332,-1,0.3,1
wn-0332:21:650,wn-0332:29:843,TEMPORAL,BEFORE,wn-0332,-1,0.3,1
wn-0332:21:650,wn-0332:29:846,TEMPORAL,BEFORE,wn-0332,-1,0.3,1
wn-0332:21:650,wn-0332:30:882,TEMPORAL,BEFORE,wn-0332,-1,0.3,1
wn-0332:23:673,wn-0332:23:687,TEMPORAL,SIMULTANEOUS,wn-0332,-1,0.75,1
wn-0332:23:673,wn-0332:24:703,TEMPORAL,AFTER,wn-0332,-1,0.75,1
wn-0332:23:673,wn-0332:24:718,TEMPORAL,BEFORE,wn-0332,-1,0.3,1
wn-0332:23:673,wn-0332:25:746,TEMPORAL,AFTER,wn-0332,-1,0.75,1
wn-0332:23:673,wn-0332:25:760,TEMPORAL,BEFORE,wn-0332,-1,0.3,1
wn-0332:23:673,wn-0332:26:783,TEMPORAL,AFTER,wn-0332,-1,0.6,1
wn-0332:23:673,wn-0332:26:790,TEMPORAL,AFTER,wn-0332,-1,0.6,1
wn-0332:23:673,wn-0332:28:836,TEMPORAL,BEFORE,wn-0332,-1,0.3,1
wn-0332:23:673,wn-0332:29:843,TEMPORAL,BEFORE,wn-0332,-1,0.3,1
wn-0332:23:673,wn-0332:29:846,TEMPORAL,BEFORE,wn-0332,-1,0.3,1
wn-0332:23:673,wn-0332:30:882,TEMPORAL,AFTER,wn-0332,-1,0.75,1
wn-0332:23:687,wn-0332:24:703,TEMPORAL,AFTER,wn-0332,-1,0.75,1
wn-0332:23:687,wn-0332:24:718,TEMPORAL,BEFORE,wn-0332,-1,0.3,1
wn-0332:23:687,wn-0332:25:746,TEMPORAL,AFTER,wn-0332,-1,0.75,1
wn-0332:23:687,wn-0332:25:760,TEMPORAL,BEFORE,wn-0332,-1,0.3,1
wn-0332:23:687,wn-0332:26:783,TEMPORAL,AFTER,wn-0332,-1,0.6,1
wn-0332:23:687,wn-0332:26:790,TEMPORAL,AFTER,wn-0332,-1,0.6,1
wn-0332:23:687,wn-0332:28:836,TEMPORAL,BEFORE,wn-0332,-1,0.3,1
wn-0332:23:687,wn-0332:29:843,TEMPORAL,BEFORE,wn-0332,-1,0.3,1
wn-0332:23:687,wn-0332:29:846,TEMPORAL,BEFORE,wn-0332,-1,0.3,1
wn-0332:23:687,wn-0332:30:882,TEMPORAL,AFTER,wn-0332,-1,0.75,1
wn-0332:24:703,wn-0332:25:746,TEMPORAL,BEFORE,wn-0332,-1,0.8,1
wn-0332:24:703,wn-0332:25:760,TEMPORAL,BEFORE,wn-0332,-1,0.3,1
wn-0332:24:703,wn-0332:26:783,TEMPORAL,SIMULTANEOUS,wn-0332,-1,0.6,1
wn-0332:24:703,wn-0332:26:790,TEMPORAL,SIMULTANEOUS,wn-0332,-1,0.6,1
wn-0332:24:703,wn-0332:28:836,TEMPORAL,BEFORE,wn-0332,-1,0.3,1
wn-0332:24:703,wn-0332:29:843,TEMPORAL,BEFORE,wn-0332,-1,0.3,1
wn-0332:24:703,wn-0332:29:846,TEMPORAL,BEFORE,wn-0332,-1,0.3,1
wn-0332:24:703,wn-0332:30:882,TEMPORAL,BEFORE,wn-0332,-1,0.75,1
wn-0332:24:718,wn-0332:25:746,TEMPORAL,BEFORE,wn-0332,-1,0.3,1
wn-0332:24:718,wn-0332:25:760,TEMPORAL,BEFORE,wn-0332,-1,0.3,1
wn-0332:24:718,wn-0332:26:783,TEMPORAL,BEFORE,wn-0332,-1,0.3,1
wn-0332:24:718,wn-0332:26:790,TEMPORAL,BEFORE,wn-0332,-1,0.3,1
wn-0332:24:718,wn-0332:28:836,TEMPORAL,BEFORE,wn-0332,-1,0.3,1
wn-0332:24:718,wn-0332:29:843,TEMPORAL,BEFORE,wn-0332,-1,0.3,1
wn-0332:24:718,wn-0332:29:846,TEMPORAL,BEFORE,wn-0332,-1,0.3,1
wn-0332:24:718,wn-0332:30:882,TEMPORAL,BEFORE,wn-0332,-1,0.3,1
wn-0332:25:746,wn-0332:25:760,TEMPORAL,AFTER,wn-0332,-1,0.5,1
wn-0332:25:746,wn-0332:26:783,TEMPORAL,AFTER,wn-0332,-1,0.6,1
wn-0332:25:746,wn-0332:26:790,TEMPORAL,AFTER,wn-0332,-1,0.6,1
wn-0332:25:746,wn-0332:28:836,TEMPORAL,BEFORE,wn-0332,-1,0.3,1
wn-0332:25:746,wn-0332:29:843,TEMPORAL,BEFORE,wn-0332,-1,0.3,1
wn-0332:25:746,wn-0332:29:846,TEMPORAL,BEFORE,wn-0332,-1,0.3,1
wn-0332:25:746,wn-0332:30:882,TEMPORAL,BEFORE,wn-0332,-1,0.75,1
wn-0332:25:760,wn-0332:26:783,TEMPORAL,BEFORE,wn-0332,-1,0.3,1
wn-0332:25:760,wn-0332:26:790,TEMPORAL,BEFORE,wn-0332,-1,0.3,1
wn-0332:25:760,wn-0332:28:836,TEMPORAL,BEFORE,wn-0332,-1,0.3,1
wn-0332:25:760,wn-0332:29:843,TEMPORAL,BEFORE,wn-0332,-1,0.3,1
wn-0332:25:760,wn-0332:29:846,TEMPORAL,BEFORE,wn-0332,-1,0.3,1
wn-0332:25:760,wn-0332:30:882,TEMPORAL,BEFORE,wn-0332,-1,0.3,1
wn-0332:26:783,wn-0332:26:790,TEMPORAL,SIMULTANEOUS,wn-0332,-1,0.6,1
wn-0332:26:783,wn-0332:28:836,TEMPORAL,BEFORE,wn-0332,-1,0.3,1
wn-0332:26:783,wn-0332:29:843,TEMPORAL,BEFORE,wn-0332,-1,0.3,1
wn-0332:26:783,wn-0332:29:846,TEMPORAL,BEFORE,wn-0332,-1,0.3,1
wn-0332:26:783,wn-0332:30:882,TEMPORAL,BEFORE,wn-0332,-1,0.6,1
wn-0332:26:790,wn-0332:28:836,TEMPORAL,BEFORE,wn-0332,-1,0.3,1
wn-0332:26:790,wn-0332:29:843,TEMPORAL,BEFORE,wn-0332,-1,0.3,1
wn-0332:26:790,wn-0332:29:846,TEMPORAL,BEFORE,wn-0332,-1,0.3,1
wn-0332:26:790,wn-0332:30:882,TEMPORAL,BEFORE,wn-0332,-1,0.6,1
wn-0332:28:836,wn-0332:29:843,TEMPORAL,BEFORE,wn-0332,-1,0.3,1
wn-0332:28:836,wn-0332:29:846,TEMPORAL,BEFORE,wn-0332,-1,0.3,1
wn-0332:28:836,wn-0332:30:882,TEMPORAL,BEFORE,wn-0332,-1,0.3,1
wn-0332:29:843,wn-0332:29:846,TEMPORAL,BEFORE,wn-0332,-1,0.5,1
wn-0332:29:843,wn-0332:30:882,TEMPORAL,BEFORE,wn-0332,-1,0.3,1
wn-0332:29:846,wn-0332:30:882,TEMPORAL,BEFORE,wn-0332,-1,0.3,1
wn-0333:0:12,wn-0333:3:150,TEMPORAL,BEFORE,wn-0333,-1,0.3,1
wn-0333:0:12,wn-0333:5:229,TEMPORAL,BEFORE,wn-0333,-1,0.3,1
wn-0333:0:12,wn-0333:8:267,TEMPORAL,BEFORE,wn-0333,-1,0.3,1
wn-0333:0:12,wn-0333:8:297,TEMPORAL,BEFORE,wn-0333,-1,0.3,1
wn-0333:0:12,wn-0333:15:423,TEMPORAL,BEFORE,wn-0333,-1,0.3,1
wn-0333:3:150,wn-0333:5:229,TEMPORAL,BEFORE,wn-0333,-1,0.3,1
wn-0333:3:150,wn-0333:8:267,TEMPORAL,BEFORE,wn-0333,-1,0.3,1
wn-0333:3:150,wn-0333:8:297,TEMPORAL,BEFORE,wn-0333,-1,0.3,1
wn-0333:3:150,wn-0333:15:423,TEMPORAL,BEFORE,wn-0333,-1,0.3,1
wn-0333:5:229,wn-0333:8:267,TEMPORAL,BEFORE,wn-0333,-1,0.3,1
wn-0333:5:229,wn-0333:8:297,TEMPORAL,BEFORE,wn-0333,-1,0.3,1
wn-0333:5:229,wn-0333:15:423,TEMPORAL,BEFORE,wn-0333,-1,0.3,1
wn-0333:8:267,wn-0333:15:423,TEMPORAL,BEFORE,wn-0333,-1,0.3,1
wn-0333:8:297,wn-0333:15:423,TEMPORAL,BEFORE,wn-0333,-1,0.3,1
wn-0334:1:12,wn-0334:1:17,TEMPORAL,SIMULTANEOUS,wn-0334,-1,0.7,1
wn-0334:1:12,wn-0334:2:80,TEMPORAL,BEFORE,wn-0334,-1,0.6,1
wn-0334:1:12,wn-0334:4:125,TEMPORAL,BEFORE,wn-0334,-1,0.3,1
wn-0334:1:12,wn-0334:6:154,TEMPORAL,BEFORE,wn-0334,-1,0.3,1
wn-0334:1:12,wn-0334:11:249,TEMPORAL,BEFORE,wn-0334,-1,0.3,1
wn-0334:1:12,wn-0334:11:255,TEMPORAL,BEFORE,wn-0334,-1,0.3,1
wn-0334:1:12,wn-0334:11:258,TEMPORAL,BEFORE,wn-0334,-1,0.3,1
wn-0334:1:12,wn-0334:11:259,TEMPORAL,BEFORE,wn-0334,-1,0.3,1
wn-0334:1:12,wn-0334:13:310,TEMPORAL,BEFORE,wn-0334,-1,0.3,1
wn-0334:1:12,wn-0334:15:334,TEMPORAL,BEFORE,wn-0334,-1,0.3,1
wn-0334:1:12,wn-0334:15:342,TEMPORAL,BEFORE,wn-0334,-1,0.3,1
wn-0334:1:12,wn-0334:16:349,TEMPORAL,BEFORE,wn-0334,-1,0.3,1
wn-0334:1:12,wn-0334:17:394,TEMPORAL,BEFORE,wn-0334,-1,0.3,1
wn-0334:1:12,wn-0334:18:420,TEMPORAL,BEFORE,wn-0334,-1,0.3,1
wn-0334:1:12,wn-0334:19:427,TEMPORAL,AFTER,wn-0334,-1,0.7,1
wn-0334:1:12,wn-0334:20:451,TEMPORAL,AFTER,wn-0334,-1,0.7,1
wn-0334:1:12,wn-0334:20:460,TEMPORAL,AFTER,wn-0334,-1,0.7,1
wn-0334:1:12,wn-0334:21:470,TEMPORAL,BEFORE,wn-0334,-1,0.7,1
wn-0334:1:17,wn-0334:2:80,TEMPORAL,BEFORE,wn-0334,-1,0.6,1
wn-0334:1:17,wn-0334:4:125,TEMPORAL,BEFORE,wn-0334,-1,0.3,1
wn-0334:1:17,wn-0334:6:154,TEMPORAL,BEFORE,wn-0334,-1,0.3,1
wn-0334:1:17,wn-0334:11:249,TEMPORAL,BEFORE,wn-0334,-1,0.3,1
wn-0334:1:17,wn-0334:11:255,TEMPORAL,BEFORE,wn-0334,-1,0.3,1
wn-0334:1:17,wn-0334:11:258,TEMPORAL,BEFORE,wn-0334,-1,0.3,1
wn-0334:1:17,wn-0334:11:259,TEMPORAL,BEFORE,wn-0334,-1,0.3,1
wn-0334:1:17,wn-0334:13:310,TEMPORAL,BEFORE,wn-0334,-1,0.3,1
wn-0334:1:17,wn-0334:15:334,TEMPORAL,BEFORE,wn-0334,-1,0.3,1
wn-0334:1:17,wn-0334:15:342,TEMPORAL,BEFORE,wn-0334,-1,0.3,1
wn-0334:1:17,wn-0334:16:349,TEMPORAL,BEFORE,wn-0334,-1,0.3,1
wn-0334:1:17,wn-0334:17:394,TEMPORAL,BEFORE,wn-0334,-1,0.3,1
wn-0334:1:17,wn-0334:18:420,TEMPORAL,BEFORE,wn-0334,-1,0.3,1
wn-0334:1:17,wn-0334:19:427,TEMPORAL,AFTER,wn-0334,-1,0.7,1
wn-0334:1:17,wn-0334:20:451,TEMPORAL,AFTER,wn-0334,-1,0.7,1
wn-0334:1:17,wn-0334:20:460,TEMPORAL,AFTER,wn-0334,-1,0.7,1
wn-0334:1:17,wn-0334:21:470,TEMPORAL,BEFORE,wn-0334,-1,0.7,1
wn-0334:2:80,wn-0334:4:125,TEMPORAL,BEFORE,wn-0334,-1,0.3,1
wn-0334:2:80,wn-0334:6:154,TEMPORAL,BEFORE,wn-0334,-1,0.3,1
wn-0334:2:80,wn-0334:11:249,TEMPORAL,BEFORE,wn-0334,-1,0.3,1
wn-0334:2:80,wn-0334:11:255,TEMPORAL,BEFORE,wn-0334,-1,0.3,1
wn-0334:2:80,wn-0334:11:258,TEMPORAL,BEFORE,wn-0334,-1,0.3,1
wn-0334:2:80,wn-0334:11:259,TEMPORAL,BEFORE,wn-0334,-1,0.3,1
wn-0334:2:80,wn-0334:13:310,TEMPORAL,BEFORE,wn-0334,-1,0.3,1
wn-0334:2:80,wn-0334:15:334,TEMPORAL,BEFORE,wn-0334,-1,0.3,1
wn-0334:2:80,wn-0334:15:342,TEMPORAL,BEFORE,wn-0334,-1,0.3,1
wn-0334:2:80,wn-0334:16:349,TEMPORAL,BEFORE,wn-0334,-1,0.3,1
wn-0334:2:80,wn-0334:17:394,TEMPORAL,BEFORE,wn-0334,-1,0.3,1
wn-0334:2:80,wn-0334:18:420,TEMPORAL,BEFORE,wn-0334,-1,0.3,1
wn-0334:2:80,wn-0334:19:427,TEMPORAL,AFTER,wn-0334,-1,0.6,1
wn-0334:2:80,wn-0334:20:451,TEMPORAL,AFTER,wn-0334,-1,0.6,1
wn-0334:2:80,wn-0334:20:460,TEMPORAL,AFTER,wn-0334,-1,0.6,1
wn-0334:2:80,wn-0334:21:470,TEMPORAL,BEFORE,wn-0334,-1,0.6,1
wn-0334:4:125,wn-0334:6:154,TEMPORAL,BEFORE,wn-0334,-1,0.3,1
wn-0334:4:125,wn-0334:11:249,TEMPORAL,BEFORE,wn-0334,-1,0.3,1
wn-0334:4:125,wn-0334:11:255,TEMPORAL,BEFORE,wn-0334,-1,0.3,1
wn-0334:4:125,wn-0334:11:258,TEMPORAL,BEFORE,wn-0334,-1,0.3,1
wn-0334:4:125,wn-0334:11:259,TEMPORAL,BEFORE,wn-0334,-1,0.3,1
wn-0334:4:125,wn-0334:13:310,TEMPORAL,BEFORE,wn-0334,-1,0.3,1
wn-0334:4:125,wn-0334:15:334,TEMPORAL,BEFORE,wn-0334,-1,0.3,1
wn-0334:4:125,wn-0334:15:342,TEMPORAL,BEFORE,wn-0334,-1,0.3,1
wn-0334:4:125,wn-0334:16:349,TEMPORAL,BEFORE,wn-0334,-1,0.3,1
wn-0334:4:125,wn-0334:17:394,TEMPORAL,BEFORE,wn-0334,-1,0.3,1
wn-0334:4:125,wn-0334:18:420,TEMPORAL,BEFORE,wn-0334,-1,0.3,1
wn-0334:4:125,wn-0334:19:427,TEMPORAL,BEFORE,wn-0334,-1,0.3,1
wn-0334:4:125,wn-0334:20:451,TEMPORAL,BEFORE,wn-0334,-1,0.3,1
wn-0334:4:125,wn-0334:20:460,TEMPORAL,BEFORE,wn-0334,-1,0.3,1
wn-0334:4:125,wn-0334:21:470,TEMPORAL,BEFORE,wn-0334,-1,0.3,1
wn-0334:6:154,wn-0334:11:249,TEMPORAL,BEFORE,wn-0334,-1,0.3,1
wn-0334:6:154,wn-0334:11:255,TEMPORAL,BEFORE,wn-0334,-1,0.3,1
wn-0334:6:154,wn-0334:11:258,TEMPORAL,BEFORE,wn-0334,-1,0.3,1
wn-0334:6:154,wn-0334:11:259,TEMPORAL,BEFORE,wn-0334,-1,0.3,1
wn-0334:6:154,wn-0334:13:310,TEMPORAL,BEFORE,wn-0334,-1,0.3,1
wn-0334:6:154,wn-0334:15:334,TEMPORAL,BEFORE,wn-0334,-1,0.3,1
wn-0334:6:154,wn-0334:15:342,TEMPORAL,BEFORE,wn-0334,-1,0.3,1
wn-0334:6:154,wn-0334:16:349,TEMPORAL,BEFORE,wn-0334,-1,0.3,1
wn-0334:6:154,wn-0334:17:394,TEMPORAL,BEFORE,wn-0334,-1,0.3,1
wn-0334:6:154,wn-0334:18:420,TEMPORAL,BEFORE,wn-0334,-1,0.3,1
wn-0334:6:154,wn-0334:19:427,TEMPORAL,BEFORE,wn-0334,-1,0.3,1
wn-0334:6:154,wn-0334:20:451,TEMPORAL,BEFORE,wn-0334,-1,0.3,1
wn-0334:6:154,wn-0334:20:460,TEMPORAL,BEFORE,wn-0334,-1,0.3,1
wn-0334:6:154,wn-0334:21:470,TEMPORAL,BEFORE,wn-0334,-1,0.3,1
wn-0334:11:249,wn-0334:11:255,TEMPORAL,AFTER,wn-0334,-1,0.5,1
wn-0334:11:249,wn-0334:11:258,TEMPORAL,AFTER,wn-0334,-1,0.5,1
wn-0334:11:249,wn-0334:11:259,TEMPORAL,AFTER,wn-0334,-1,0.5,1
wn-0334:11:249,wn-0334:13:310,TEMPORAL,BEFORE,wn-0334,-1,0.3,1
wn-0334:11:249,wn-0334:15:334,TEMPORAL,BEFORE,wn-0334,-1,0.3,1
wn-0334:11:249,wn-0334:15:342,TEMPORAL,BEFORE,wn-0334,-1,0.3,1
wn-0334:11:249,wn-0334:16:349,TEMPORAL,BEFORE,wn-0334,-1,0.3,1
wn-0334:11:249,wn-0334:17:394,TEMPORAL,BEFORE,wn-0334,-1,0.3,1
wn-0334:11:249,wn-0334:18:420,TEMPORAL,BEFORE,wn-0334,-1,0.3,1
wn-0334:11:249,wn-0334:19:427,TEMPORAL,BEFORE,wn-0334,-1,0.3,1
wn-0334:11:249,wn-0334:20:451,TEMPORAL,BEFORE,wn-0334,-1,0.3,1
wn-0334:11:249,wn-0334:20:460,TEMPORAL,BEFORE,wn-0334,-1,0.3,1
wn-0334:11:249,wn-0334:21:470,TEMPORAL,BEFORE,wn-0334,-1,0.3,1
wn-0334:11:255,wn-0334:11:258,TEMPORAL,AFTER,wn-0334,-1,0.5,1
wn-0334:11:255,wn-0334:11:259,TEMPORAL,AFTER,wn-0334,-1,0.5,1
wn-0334:11:255,wn-0334:13:310,TEMPORAL,BEFORE,wn-0334,-1,0.3,1
wn-0334:11:255,wn-0334:15:334,TEMPORAL,BEFORE,wn-0334,-1,0.3,1
wn-0334:11:255,wn-0334:15:342,TEMPORAL,BEFORE,wn-0334,-1,0.3,1
wn-0334:11:255,wn-0334:16:349,TEMPORAL,BEFORE,wn-0334,-1,0.3,1
wn-0334:11:255,wn-0334:17:394,TEMPORAL,BEFORE,wn-0334,-1,0.3,1
wn-0334:11:255,wn-0334:18:420,TEMPORAL,BEFORE,wn-0334,-1,0.3,1
wn-0334:11:255,wn-0334:19:427,TEMPORAL,BEFORE,wn-0334,-1,0.3,1
wn-0334:11:255,wn-0334:20:451,TEMPORAL,BEFORE,wn-0334,-1,0.3,1
wn-0334:11:255,wn-0334:20:460,TEMPORAL,BEFORE,wn-0334,-1,0.3,1
wn-0334:11:255,wn-0334:21:470,TEMPORAL,BEFORE,wn-0334,-1,0.3,1
wn-0334:11:258,wn-0334:11:259,TEMPORAL,AFTER,wn-0334,-1,0.5,1
wn-0334:11:258,wn-0334:13:310,TEMPORAL,BEFORE,wn-0334,-1,0.3,1
wn-0334:11:258,wn-0334:15:334,TEMPORAL,BEFORE,wn-0334,-1,0.3,1
wn-0334:11:258,wn-0334:15:342,TEMPORAL,BEFORE,wn-0334,-1,0.3,1
wn-0334:11:258,wn-0334:16:349,TEMPORAL,BEFORE,wn-0334,-1,0.3,1
wn-0334:11:258,wn-0334:17:394,TEMPORAL,BEFORE,wn-0334,-1,0.3,1
wn-0334:11:258,wn-0334:18:420,TEMPORAL,BEFORE,wn-0334,-1,0.3,1
wn-0334:11:258,wn-0334:19:427,TEMPORAL,BEFORE,wn-0334,-1,0.3,1
wn-0334:11:258,wn-0334:20:451,TEMPORAL,BEFORE,wn-0334,-1,0.3,1
wn-0334:11:258,wn-0334:20:460,TEMPORAL,BEFORE,wn-0334,-1,0.3,1
wn-0334:11:258,wn-0334:21:470,TEMPORAL,BEFORE,wn-0334,-1,0.3,1
wn-0334:11:259,wn-0334:13:310,TEMPORAL,BEFORE,wn-0334,-1,0.3,1
wn-0334:11:259,wn-0334:15:334,TEMPORAL,BEFORE,wn-0334,-1,0.3,1
wn-0334:11:259,wn-0334:15:342,TEMPORAL,BEFORE,wn-0334,-1,0.3,1
wn-0334:11:259,wn-0334:16:349,TEMPORAL,BEFORE,wn-0334,-1,0.3,1
wn-0334:11:259,wn-0334:17:394,TEMPORAL,BEFORE,wn-0334,-1,0.3,1
wn-0334:11:259,wn-0334:18:420,TEMPORAL,BEFORE,wn-0334,-1,0.3,1
wn-0334:11:259,wn-0334:19:427,TEMPORAL,BEFORE,wn-0334,-1,0.3,1
wn-0334:11:259,wn-0334:20:451,TEMPORAL,BEFORE,wn-0334,-1,0.3,1
wn-0334:11:259,wn-0334:20:460,TEMPORAL,BEFORE,wn-0334,-1,0.3,1
wn-0334:11:259,wn-0334:21:470,TEMPORAL,BEFORE,wn-0334,-1,0.3,1
wn-0334:13:310,wn-0334:15:334,TEMPORAL,BEFORE,wn-0334,-1,0.3,1
wn-0334:13:310,wn-0334:15:342,TEMPORAL,BEFORE,wn-0334,-1,0.3,1
wn-0334:13:310,wn-0334:16:349,TEMPORAL,BEFORE,wn-0334,-1,0.3,1
wn-0334:13:310,wn-0334:17:394,TEMPORAL,BEFORE,wn-0334,-1,0.3,1
wn-0334:13:310,wn-0334:18:420,TEMPORAL,BEFORE,wn-0334,-1,0.3,1
wn-0334:13:310,wn-0334:19:427,TEMPORAL,BEFORE,wn-0334,-1,0.3,1
wn-0334:13:310,wn-0334:20:451,TEMPORAL,BEFORE,wn-0334,-1,0.3,1
wn-0334:13:310,wn-0334:20:460,TEMPORAL,BEFORE,wn-0334,-1,0.3,1
wn-0334:13:310,wn-0334:21:470,TEMPORAL,BEFORE,wn-0334,-1,0.3,1
wn-0334:15:334,wn-0334:15:342,TEMPORAL,BEFORE,wn-0334,-1,0.5,1
wn-0334:15:334,wn-0334:16:349,TEMPORAL,BEFORE,wn-0334,-1,0.3,1
wn-0334:15:334,wn-0334:17:394,TEMPORAL,BEFORE,wn-0334,-1,0.3,1
wn-0334:15:334,wn-0334:18:420,TEMPORAL,BEFORE,wn-0334,-1,0.3,1
wn-0334:15:334,wn-0334:19:427,TEMPORAL,BEFORE,wn-0334,-1,0.3,1
wn-0334:15:334,wn-0334:20:451,TEMPORAL,BEFORE,wn-0334,-1,0.3,1
wn-0334:15:334,wn-0334:20:460,TEMPORAL,BEFORE,wn-0334,-1,0.3,1
wn-0334:15:334,wn-0334:21:470,TEMPORAL,BEFORE,wn-0334,-1,0.3,1
wn-0334:15:342,wn-0334:16:349,TEMPORAL,BEFORE,wn-0334,-1,0.3,1
wn-0334:15:342,wn-0334:17:394,TEMPORAL,BEFORE,wn-0334,-1,0.3,1
wn-0334:15:342,wn-0334:18:420,TEMPORAL,BEFORE,wn-0334,-1,0.3,1
wn-0334:15:342,wn-0334:19:427,TEMPORAL,BEFORE,wn-0334,-1,0.3,1
wn-0334:15:342,wn-0334:20:451,TEMPORAL,BEFORE,wn-0334,-1,0.3,1
wn-0334:15:342,wn-0334:20:460,TEMPORAL,BEFORE,wn-0334,-1,0.3,1
wn-0334:15:342,wn-0334:21:470,TEMPORAL,BEFORE,wn-0334,-1,0.3,1
wn-0334:16:349,wn-0334:17:394,TEMPORAL,BEFORE,wn-0334,-1,0.3,1
wn-0334:16:349,wn-0334:18:420,TEMPORAL,BEFORE,wn-0334,-1,0.3,1
wn-0334:16:349,wn-0334:19:427,TEMPORAL,BEFORE,wn-0334,-1,0.3,1
wn-0334:16:349,wn-0334:20:451,TEMPORAL,BEFORE,wn-0334,-1,0.3,1
wn-0334:16:349,wn-0334:20:460,TEMPORAL,BEFORE,wn-0334,-1,0.3,1
wn-0334:16:349,wn-0334:21:470,TEMPORAL,BEFORE,wn-0334,-1,0.3,1
wn-0334:17:394,wn-0334:18:420,TEMPORAL,BEFORE,wn-0334,-1,0.3,1
wn-0334:17:394,wn-0334:19:427,TEMPORAL,BEFORE,wn-0334,-1,0.3,1
wn-0334:17:394,wn-0334:20:451,TEMPORAL,BEFORE,wn-0334,-1,0.3,1
wn-0334:17:394,wn-0334:20:460,TEMPORAL,BEFORE,wn-0334,-1,0.3,1
wn-0334:17:394,wn-0334:21:470,TEMPORAL,BEFORE,wn-0334,-1,0.3,1
wn-0334:18:420,wn-0334:19:427,TEMPORAL,BEFORE,wn-0334,-1,0.3,1
wn-0334:18:420,wn-0334:20:451,TEMPORAL,BEFORE,wn-0334,-1,0.3,1
wn-0334:18:420,wn-0334:20:460,TEMPORAL,BEFORE,wn-0334,-1,0.3,1
wn-0334:18:420,wn-0334:21:470,TEMPORAL,BEFORE,wn-0334,-1,0.3,1
wn-0334:19:427,wn-0334:20:451,TEMPORAL,SIMULTANEOUS,wn-0334,-1,0.85,1
wn-0334:19:427,wn-0334:20:460,TEMPORAL,SIMULTANEOUS,wn-0334,-1,0.85,1
wn-0334:19:427,wn-0334:21:470,TEMPORAL,BEFORE,wn-0334,-1,0.75,1
wn-0334:20:451,wn-0334:20:460,TEMPORAL,SIMULTANEOUS,wn-0334,-1,0.85,1
wn-0334:20:451,wn-0334:21:470,TEMPORAL,BEFORE,wn-0334,-1,0.75,1
wn-0334:20:460,wn-0334:21:470,TEMPORAL,BEFORE,wn-0334,-1,0.75,1
wn-0335:1:23,wn-0335:3:61,TEMPORAL,BEFORE,wn-0335,-1,0.3,1
wn-0335:1:23,wn-0335:5:138,TEMPORAL,BEFORE,wn-0335,-1,0.85,1
wn-0335:1:23,wn-0335:5:146,TEMPORAL,BEFORE,wn-0335,-1,0.85,1
wn-0335:1:23,wn-0335:6:155,TEMPORAL,BEFORE,wn-0335,-1,0.3,1
wn-0335:1:23,wn-0335:6:178,TEMPORAL,BEFORE,wn-0335,-1,0.3,1
wn-0335:1:23,wn-0335:9:226,TEMPORAL,AFTER,wn-0335,-1,0.75,1
wn-0335:1:23,wn-0335:10:259,TEMPORAL,BEFORE,wn-0335,-1,0.3,1
wn-0335:1:23,wn-0335:11:295,TEMPORAL,BEFORE,wn-0335,-1,0.3,1
wn-0335:1:23,wn-0335:12:318,TEMPORAL,AFTER,wn-0335,-1,0.85,1
wn-0335:1:23,wn-0335:13:337,TEMPORAL,AFTER,wn-0335,-1,0.85,1
wn-0335:1:23,wn-0335:14:356,TEMPORAL,BEFORE,wn-0335,-1,0.3,1
wn-0335:1:23,wn-0335:15:392,TEMPORAL,AFTER,wn-0335,-1,0.85,1
wn-0335:1:23,wn-0335:16:419,TEMPORAL,BEFORE,wn-0335,-1,0.85,1
wn-0335:3:61,wn-0335:5:138,TEMPORAL,BEFORE,wn-0335,-1,0.3,1
wn-0335:3:61,wn-0335:5:146,TEMPORAL,BEFORE,wn-0335,-1,0.3,1
wn-0335:3:61,wn-0335:6:155,TEMPORAL,BEFORE,wn-0335,-1,0.3,1
wn-0335:3:61,wn-0335:6:178,TEMPORAL,BEFORE,wn-0335,-1,0.3,1
wn-0335:3:61,wn-0335:9:226,TEMPORAL,BEFORE,wn-0335,-1,0.3,1
wn-0335:3:61,wn-0335:10:259,TEMPORAL,BEFORE,wn-0335,-1,0.3,1
wn-0335:3:61,wn-0335:11:295,TEMPORAL,BEFORE,wn-0335,-1,0.3,1
wn-0335:3:61,wn-0335:12:318,TEMPORAL,BEFORE,wn-0335,-1,0.3,1
wn-0335:3:61,wn-0335:13:337,TEMPORAL,BEFORE,wn-0335,-1,0.3,1
wn-0335:3:61,wn-0335:14:356,TEMPORAL,BEFORE,wn-0335,-1,0.3,1
wn-0335:3:61,wn-0335:15:392,TEMPORAL,BEFORE,wn-0335,-1,0.3,1
wn-0335:3:61,wn-0335:16:419,TEMPORAL,BEFORE,wn-0335,-1,0.3,1
wn-0335:5:138,wn-0335:5:146,TEMPORAL,SIMULTANEOUS,wn-0335,-1,0.85,1
wn-0335:5:138,wn-0335:6:155,TEMPORAL,BEFORE,wn-0335,-1,0.3,1
wn-0335:5:138,wn-0335:6:178,TEMPORAL,BEFORE,wn-0335,-1,0.3,1
wn-0335:5:138,wn-0335:9:226,TEMPORAL,AFTER,wn-0335,-1,0.75,1
wn-0335:5:138,wn-0335:10:259,TEMPORAL,BEFORE,wn-0335,-1,0.3,1
wn-0335:5:138,wn-0335:11:295,TEMPORAL,BEFORE,wn-0335,-1,0.3,1
wn-0335:5:138,wn-0335:12:318,TEMPORAL,AFTER,wn-0335,-1,0.85,1
wn-0335:5:138,wn-0335:13:337,TEMPORAL,AFTER,wn-0335,-1,0.85,1
wn-0335:5:138,wn-0335:14:356,TEMPORAL,BEFORE,wn-0335,-1,0.3,1
wn-0335:5:138,wn-0335:15:392,TEMPORAL,AFTER,wn-0335,-1,0.85,1
wn-0335:5:138,wn-0335:16:419,TEMPORAL,AFTER,wn-0335,-1,0.85,1
wn-0335:5:146,wn-0335:6:155,TEMPORAL,BEFORE,wn-0335,-1,0.3,1
wn-0335:5:146,wn-0335:6:178,TEMPORAL,BEFORE,wn-0335,-1,0.3,1
wn-0335:5:146,wn-0335:9:226,TEMPORAL,AFTER,wn-0335,-1,0.75,1
wn-0335:5:146,wn-0335:10:259,TEMPORAL,BEFORE,wn-0335,-1,0.3,1
wn-0335:5:146,wn-0335:11:295,TEMPORAL,BEFORE,wn-0335,-1,0.3,1
wn-0335:5:146,wn-0335:12:318,TEMPORAL,AFTER,wn-0335,-1,0.85,1
wn-0335:5:146,wn-0335:13:337,TEMPORAL,AFTER,wn-0335,-1,0.85,1
wn-0335:5:146,wn-0335:14:356,TEMPORAL,BEFORE,wn-0335,-1,0.3,1
wn-0335:5:146,wn-0335:15:392,TEMPORAL,AFTER,wn-0335,-1,0.85,1
wn-0335:5:146,wn-0335:16:419,TEMPORAL,AFTER,wn-0335,-1,0.85,1
wn-0335:6:155,wn-0335:9:226,TEMPORAL,BEFORE,wn-0335,-1,0.3,1
wn-0335:6:155,wn-0335:10:259,TEMPORAL,BEFORE,wn-0335,-1,0.3,1
wn-0335:6:155,wn-0335:11:295,TEMPORAL,BEFORE,wn-0335,-1,0.3,1
wn-0335:6:155,wn-0335:12:318,TEMPORAL,BEFORE,wn-0335,-1,0.3,1
wn-0335:6:155,wn-0335:13:337,TEMPORAL,BEFORE,wn-0335,-1,0.3,1
wn-0335:6:155,wn-0335:14:356,TEMPORAL,BEFORE,wn-0335,-1,0.3,1
wn-0335:6:155,wn-0335:15:392,TEMPORAL,BEFORE,wn-0335,-1,0.3,1
wn-0335:6:155,wn-0335:16:419,TEMPORAL,BEFORE,wn-0335,-1,0.3,1
wn-0335:6:178,wn-0335:9:226,TEMPORAL,BEFORE,wn-0335,-1,0.3,1
wn-0335:6:178,wn-0335:10:259,TEMPORAL,BEFORE,wn-0335,-1,0.3,1
wn-0335:6:178,wn-0335:11:295,TEMPORAL,BEFORE,wn-0335,-1,0.3,1
wn-0335:6:178,wn-0335:12:318,TEMPORAL,BEFORE,wn-0335,-1,0.3,1
wn-0335:6:178,wn-0335:13:337,TEMPORAL,BEFORE,wn-0335,-1,0.3,1
wn-0335:6:178,wn-0335:14:356,TEMPORAL,BEFORE,wn-0335,-1,0.3,1
wn-0335:6:178,wn-0335:15:392,TEMPORAL,BEFORE,wn-0335,-1,0.3,1
wn-0335:6:178,wn-0335:16:419,TEMPORAL,BEFORE,wn-0335,-1,0.3,1
wn-0335:9:226,wn-0335:10:259,TEMPORAL,BEFORE,wn-0335,-1,0.3,1
wn-0335:9:226,wn-0335:11:295,TEMPORAL,BEFORE,wn-0335,-1,0.3,1
wn-0335:9:226,wn-0335:12:318,TEMPORAL,AFTER,wn-0335,-1,0.75,1
wn-0335:9:226,wn-0335:13:337,TEMPORAL,AFTER,wn-0335,-1,0.75,1
wn-0335:9:226,wn-0335:14:356,TEMPORAL,BEFORE,wn-0335,-1,0.3,1
wn-0335:9:226,wn-0335:15:392,TEMPORAL,AFTER,wn-0335,-1,0.75,1
wn-0335:9:226,wn-0335:16:419,TEMPORAL,BEFORE,wn-0335,-1,0.75,1
wn-0335:10:259,wn-0335:11:295,TEMPORAL,BEFORE,wn-0335,-1,0.3,1
wn-0335:10:259,wn-0335:12:318,TEMPORAL,BEFORE,wn-0335,-1,0.3,1
wn-0335:10:259,wn-0335:13:337,TEMPORAL,BEFORE,wn-0335,-1,0.3,1
wn-0335:10:259,wn-0335:14:356,TEMPORAL,BEFORE,wn-0335,-1,0.3,1
wn-0335:10:259,wn-0335:15:392,TEMPORAL,BEFORE,wn-0335,-1,0.3,1
wn-0335:10:259,wn-0335:16:419,TEMPORAL,BEFORE,wn-0335,-1,0.3,1
wn-0335:11:295,wn-0335:12:318,TEMPORAL,BEFORE,wn-0335,-1,0.3,1
wn-0335:11:295,wn-0335:13:337,TEMPORAL,BEFORE,wn-0335,-1,0.3,1
wn-0335:11:295,wn-0335:14:356,TEMPORAL,BEFORE,wn-0335,-1,0.3,1
wn-0335:11:295,wn-0335:15:392,TEMPORAL,BEFORE,wn-0335,-1,0.3,1
wn-0335:11:295,wn-0335:16:419,TEMPORAL,BEFORE,wn-0335,-1,0.3,1
wn-0335:12:318,wn-0335:13:337,TEMPORAL,AFTER,wn-0335,-1,0.9,1
wn-0335:12:318,wn-0335:14:356,TEMPORAL,BEFORE,wn-0335,-1,0.3,1
wn-0335:12:318,wn-0335:15:392,TEMPORAL,BEFORE,wn-0335,-1,0.85,1
wn-0335:12:318,wn-0335:16:419,TEMPORAL,BEFORE,wn-0335,-1,0.85,1
wn-0335:13:337,wn-0335:14:356,TEMPORAL,BEFORE,wn-0335,-1,0.3,1
wn-0335:13:337,wn-0335:15:392,TEMPORAL,BEFORE,wn-0335,-1,0.85,1
wn-0335:13:337,wn-0335:16:419,TEMPORAL,BEFORE,wn-0335,-1,0.85,1
wn-0335:14:356,wn-0335:15:392,TEMPORAL,BEFORE,wn-0335,-1,0.3,1
wn-0335:14:356,wn-0335:16:419,TEMPORAL,BEFORE,wn-0335,-1,0.3,1
wn-0335:15:392,wn-0335:16:419,TEMPORAL,BEFORE,wn-0335,-1,0.85,1
wn-0338:1:13,wn-0338:1:25,TEMPORAL,SIMULTANEOUS,wn-0338,-1,0.9,1
wn-0338:1:13,wn-0338:2:54,TEMPORAL,BEFORE,wn-0338,-1,0.3,1
wn-0338:1:13,wn-0338:2:67,TEMPORAL,BEFORE,wn-0338,-1,0.3,1
wn-0338:1:13,wn-0338:3:76,TEMPORAL,BEFORE,wn-0338,-1,0.3,1
wn-0338:1:13,wn-0338:3:81,TEMPORAL,BEFORE,wn-0338,-1,0.3,1
wn-0338:1:13,wn-0338:8:221,TEMPORAL,BEFORE,wn-0338,-1,0.3,1
wn-0338:1:13,wn-0338:9:255,TEMPORAL,BEFORE,wn-0338,-1,0.3,1
wn-0338:1:13,wn-0338:10:282,TEMPORAL,BEFORE,wn-0338,-1,0.3,1
wn-0338:1:13,wn-0338:25:703,TEMPORAL,BEFORE,wn-0338,-1,0.3,1
wn-0338:1:13,wn-0338:25:704,TEMPORAL,BEFORE,wn-0338,-1,0.3,1
wn-0338:1:13,wn-0338:26:718,TEMPORAL,BEFORE,wn-0338,-1,0.3,1
wn-0338:1:13,wn-0338:27:784,TEMPORAL,BEFORE,wn-0338,-1,0.9,1
wn-0338:1:25,wn-0338:2:54,TEMPORAL,BEFORE,wn-0338,-1,0.3,1
wn-0338:1:25,wn-0338:2:67,TEMPORAL,BEFORE,wn-0338,-1,0.3,1
wn-0338:1:25,wn-0338:3:76,TEMPORAL,BEFORE,wn-0338,-1,0.3,1
wn-0338:1:25,wn-0338:3:81,TEMPORAL,BEFORE,wn-0338,-1,0.3,1
wn-0338:1:25,wn-0338:8:221,TEMPORAL,BEFORE,wn-0338,-1,0.3,1
wn-0338:1:25,wn-0338:9:255,TEMPORAL,BEFORE,wn-0338,-1,0.3,1
wn-0338:1:25,wn-0338:10:282,TEMPORAL,BEFORE,wn-0338,-1,0.3,1
wn-0338:1:25,wn-0338:25:703,TEMPORAL,BEFORE,wn-0338,-1,0.3,1
wn-0338:1:25,wn-0338:25:704,TEMPORAL,BEFORE,wn-0338,-1,0.3,1
wn-0338:1:25,wn-0338:26:718,TEMPORAL,BEFORE,wn-0338,-1,0.3,1
wn-0338:1:25,wn-0338:27:784,TEMPORAL,BEFORE,wn-0338,-1,0.9,1
wn-0338:2:54,wn-0338:2:67,TEMPORAL,BEFORE,wn-0338,-1,0.5,1
wn-0338:2:54,wn-0338:3:76,TEMPORAL,BEFORE,wn-0338,-1,0.3,1
wn-0338:2:54,wn-0338:3:81,TEMPORAL,BEFORE,wn-0338,-1,0.3,1
wn-0338:2:54,wn-0338:8:221,TEMPORAL,BEFORE,wn-0338,-1,0.3,1
wn-0338:2:54,wn-0338:9:255,TEMPORAL,BEFORE,wn-0338,-1,0.3,1
wn-0338:2:54,wn-0338:10:282,TEMPORAL,BEFORE,wn-0338,-1,0.3,1
wn-0338:2:54,wn-0338:25:703,TEMPORAL,BEFORE,wn-0338,-1,0.3,1
wn-0338:2:54,wn-0338:25:704,TEMPORAL,BEFORE,wn-0338,-1,0.3,1
wn-0338:2:54,wn-0338:26:718,TEMPORAL,BEFORE,wn-0338,-1,0.3,1
wn-0338:2:54,wn-0338:27:784,TEMPORAL,BEFORE,wn-0338,-1,0.3,1
wn-0338:2:67,wn-0338:3:76,TEMPORAL,BEFORE,wn-0338,-1,0.3,1
wn-0338:2:67,wn-0338:3:81,TEMPORAL,BEFORE,wn-0338,-1,0.3,1
wn-0338:2:67,wn-0338:8:221,TEMPORAL,BEFORE,wn-0338,-1,0.3,1
wn-0338:2:67,wn-0338:9:255,TEMPORAL,BEFORE,wn-0338,-1,0.3,1
wn-0338:2:67,wn-0338:10:282,TEMPORAL,BEFORE,wn-0338,-1,0.3,1
wn-0338:2:67,wn-0338:25:703,TEMPORAL,BEFORE,wn-0338,-1,0.3,1
wn-0338:2:67,wn-0338:25:704,TEMPORAL,BEFORE,wn-0338,-1,0.3,1
wn-0338:2:67,wn-0338:26:718,TEMPORAL,BEFORE,wn-0338,-1,0.3,1
wn-0338:2:67,wn-0338:27:784,TEMPORAL,BEFORE,wn-0338,-1,0.3,1
wn-0338:3:76,wn-0338:8:221,TEMPORAL,BEFORE,wn-0338,-1,0.3,1
wn-0338:3:76,wn-0338:9:255,TEMPORAL,BEFORE,wn-0338,-1,0.3,1
wn-0338:3:76,wn-0338:10:282,TEMPORAL,BEFORE,wn-0338,-1,0.3,1
wn-0338:3:76,wn-0338:25:703,TEMPORAL,BEFORE,wn-0338,-1,0.3,1
wn-0338:3:76,wn-0338:25:704,TEMPORAL,BEFORE,wn-0338,-1,0.3,1
wn-0338:3:76,wn-0338:26:718,TEMPORAL,BEFORE,wn-0338,-1,0.3,1
wn-0338:3:76,wn-0338:27:784,TEMPORAL,BEFORE,wn-0338,-1,0.3,1
wn-0338:3:81,wn-0338:8:221,TEMPORAL,BEFORE,wn-0338,-1,0.3,1
wn-0338:3:81,wn-0338:9:255,TEMPORAL,BEFORE,wn-0338,-1,0.3,1
wn-0338:3:81,wn-0338:10:282,TEMPORAL,BEFORE,wn-0338,-1,0.3,1
wn-0338:3:81,wn-0338:25:703,TEMPORAL,BEFORE,wn-0338,-1,0.3,1
wn-0338:3:81,wn-0338:25:704,TEMPORAL,BEFORE,wn-0338,-1,0.3,1
wn-0338:3:81,wn-0338:26:718,TEMPORAL,BEFORE,wn-0338,-1,0.3,1
wn-0338:3:81,wn-0338:27:784,TEMPORAL,BEFORE,wn-0338,-1,0.3,1
wn-0338:8:221,wn-0338:9:255,TEMPORAL,BEFORE,wn-0338,-1,0.3,1
wn-0338:8:221,wn-0338:10:282,TEMPORAL,BEFORE,wn-0338,-1,0.3,1
wn-0338:8:221,wn-0338:25:703,TEMPORAL,BEFORE,wn-0338,-1,0.3,1
wn-0338:8:221,wn-0338:25:704,TEMPORAL,BEFORE,wn-0338,-1,0.3,1
wn-0338:8:221,wn-0338:26:718,TEMPORAL,BEFORE,wn-0338,-1,0.3,1
wn-0338:8:221,wn-0338:27:784,TEMPORAL,BEFORE,wn-0338,-1,0.3,1
wn-0338:9:255,wn-0338:10:282,TEMPORAL,BEFORE,wn-0338,-1,0.3,1
wn-0338:9:255,wn-0338:25:703,TEMPORAL,BEFORE,wn-0338,-1,0.3,1
wn-0338:9:255,wn-0338:25:704,TEMPORAL,BEFORE,wn-0338,-1,0.3,1
wn-0338:9:255,wn-0338:26:718,TEMPORAL,BEFORE,wn-0338,-1,0.3,1
wn-0338:9:255,wn-0338:27:784,TEMPORAL,BEFORE,wn-0338,-1,0.3,1
wn-0338:10:282,wn-0338:25:703,TEMPORAL,BEFORE,wn-0338,-1,0.3,1
wn-0338:10:282,wn-0338:25:704,TEMPORAL,BEFORE,wn-0338,-1,0.3,1
wn-0338:10:282,wn-0338:26:718,TEMPORAL,BEFORE,wn-0338,-1,0.3,1
wn-0338:10:282,wn-0338:27:784,TEMPORAL,BEFORE,wn-0338,-1,0.3,1
wn-0338:25:703,wn-0338:26:718,TEMPORAL,BEFORE,wn-0338,-1,0.3,1
wn-0338:25:703,wn-0338:27:784,TEMPORAL,BEFORE,wn-0338,-1,0.3,1
wn-0338:25:704,wn-0338:26:718,TEMPORAL,BEFORE,wn-0338,-1,0.3,1
wn-0338:25:704,wn-0338:27:784,TEMPORAL,BEFORE,wn-0338,-1,0.3,1
wn-0338:26:718,wn-0338:27:784,TEMPORAL,BEFORE,wn-0338,-1,0.3,1
wn-0339:0:21,wn-0339:9:230,TEMPORAL,AFTER,wn-0339,-1,0.85,1
wn-0340:0:8,wn-0340:1:46,TEMPORAL,BEFORE,wn-0340,-1,0.3,1
wn-0340:0:8,wn-0340:2:58,TEMPORAL,BEFORE,wn-0340,-1,0.3,1
wn-0340:0:8,wn-0340:4:112,TEMPORAL,BEFORE,wn-0340,-1,0.3,1
wn-0340:0:8,wn-0340:4:149,TEMPORAL,BEFORE,wn-0340,-1,0.3,1
wn-0340:0:8,wn-0340:10:305,TEMPORAL,BEFORE,wn-0340,-1,0.3,1
wn-0340:1:46,wn-0340:2:58,TEMPORAL,BEFORE,wn-0340,-1,0.3,1
wn-0340:1:46,wn-0340:4:112,TEMPORAL,BEFORE,wn-0340,-1,0.3,1
wn-0340:1:46,wn-0340:4:149,TEMPORAL,BEFORE,wn-0340,-1,0.3,1
wn-0340:1:46,wn-0340:10:305,TEMPORAL,BEFORE,wn-0340,-1,0.3,1
wn-0340:2:58,wn-0340:4:112,TEMPORAL,BEFORE,wn-0340,-1,0.3,1
wn-0340:2:58,wn-0340:4:149,TEMPORAL,BEFORE,wn-0340,-1,0.3,1
wn-0340:2:58,wn-0340:10:305,TEMPORAL,BEFORE,wn-0340,-1,0.3,1
wn-0340:4:112,wn-0340:4:149,TEMPORAL,SIMULTANEOUS,wn-0340,-1,0.5,1
wn-0340:4:112,wn-0340:10:305,TEMPORAL,BEFORE,wn-0340,-1,0.3,1
wn-0340:4:149,wn-0340:10:305,TEMPORAL,BEFORE,wn-0340,-1,0.3,1
wn-0341:1:6,wn-0341:2:38,TEMPORAL,BEFORE,wn-0341,-1,0.3,1
wn-0341:1:6,wn-0341:3:56,TEMPORAL,BEFORE,wn-0341,-1,0.3,1
wn-0341:1:6,wn-0341:4:83,TEMPORAL,BEFORE,wn-0341,-1,0.3,1
wn-0341:1:6,wn-0341:10:199,TEMPORAL,BEFORE,wn-0341,-1,0.3,1
wn-0341:1:6,wn-0341:13:261,TEMPORAL,BEFORE,wn-0341,-1,0.3,1
wn-0341:1:6,wn-0341:14:290,TEMPORAL,BEFORE,wn-0341,-1,0.3,1
wn-0341:1:6,wn-0341:17:345,TEMPORAL,BEFORE,wn-0341,-1,0.3,1
wn-0341:1:6,wn-0341:19:388,TEMPORAL,BEFORE,wn-0341,-1,0.3,1
wn-0341:2:38,wn-0341:3:56,TEMPORAL,BEFORE,wn-0341,-1,0.3,1
wn-0341:2:38,wn-0341:4:83,TEMPORAL,BEFORE,wn-0341,-1,0.3,1
wn-0341:2:38,wn-0341:10:199,TEMPORAL,BEFORE,wn-0341,-1,0.3,1
wn-0341:2:38,wn-0341:13:261,TEMPORAL,BEFORE,wn-0341,-1,0.3,1
wn-0341:2:38,wn-0341:14:290,TEMPORAL,BEFORE,wn-0341,-1,0.3,1
wn-0341:2:38,wn-0341:17:345,TEMPORAL,BEFORE,wn-0341,-1,0.3,1
wn-0341:2:38,wn-0341:19:388,TEMPORAL,BEFORE,wn-0341,-1,0.3,1
wn-0341:3:56,wn-0341:4:83,TEMPORAL,BEFORE,wn-0341,-1,0.3,1
wn-0341:3:56,wn-0341:10:199,TEMPORAL,BEFORE,wn-0341,-1,0.3,1
wn-0341:3:56,wn-0341:13:261,TEMPORAL,BEFORE,wn-0341,-1,0.3,1
wn-0341:3:56,wn-0341:14:290,TEMPORAL,BEFORE,wn-0341,-1,0.3,1
wn-0341:3:56,wn-0341:17:345,TEMPORAL,BEFORE,wn-0341,-1,0.3,1
wn-0341:3:56,wn-0341:19:388,TEMPORAL,BEFORE,wn-0341,-1,0.3,1
wn-0341:4:83,wn-0341:10:199,TEMPORAL,BEFORE,wn-0341,-1,0.3,1
wn-0341:4:83,wn-0341:13:261,TEMPORAL,BEFORE,wn-0341,-1,0.3,1
wn-0341:4:83,wn-0341:14:290,TEMPORAL,BEFORE,wn-0341,-1,0.3,1
wn-0341:4:83,wn-0341:17:345,TEMPORAL,BEFORE,wn-0341,-1,0.3,1
wn-0341:4:83,wn-0341:19:388,TEMPORAL,BEFORE,wn-0341,-1,0.3,1
wn-0341:10:199,wn-0341:13:261,TEMPORAL,BEFORE,wn-0341,-1,0.3,1
wn-0341:10:199,wn-0341:14:290,TEMPORAL,BEFORE,wn-0341,-1,0.3,1
wn-0341:10:199,wn-0341:17:345,TEMPORAL,BEFORE,wn-0341,-1,0.3,1
wn-0341:10:199,wn-0341:19:388,TEMPORAL,BEFORE,wn-0341,-1,0.3,1
wn-0341:13:261,wn-0341:14:290,TEMPORAL,BEFORE,wn-0341,-1,0.3,1
wn-0341:13:261,wn-0341:17:345,TEMPORAL,BEFORE,wn-0341,-1,0.3,1
wn-0341:13:261,wn-0341:19:388,TEMPORAL,BEFORE,wn-0341,-1,0.3,1
wn-0341:14:290,wn-0341:17:345,TEMPORAL,BEFORE,wn-0341,-1,0.3,1
wn-0341:14:290,wn-0341:19:388,TEMPORAL,BEFORE,wn-0341,-1,0.3,1
wn-0341:17:345,wn-0341:19:388,TEMPORAL,BEFORE,wn-0341,-1,0.3,1
wn-0343:4:131,wn-0343:7:163,TEMPORAL,BEFORE,wn-0343,-1,0.3,1
wn-0343:4:131,wn-0343:7:183,TEMPORAL,BEFORE,wn-0343,-1,0.3,1
wn-0343:4:131,wn-0343:10:231,TEMPORAL,BEFORE,wn-0343,-1,0.3,1
wn-0343:7:163,wn-0343:10:231,TEMPORAL,BEFORE,wn-0343,-1,0.3,1
wn-0343:7:183,wn-0343:10:231,TEMPORAL,BEFORE,wn-0343,-1,0.3,1
wn-0344:0:18,wn-0344:1:61,TEMPORAL,BEFORE,wn-0344,-1,0.3,1
wn-0344:0:18,wn-0344:1:62,TEMPORAL,BEFORE,wn-0344,-1,0.3,1
wn-0344:0:18,wn-0344:6:148,TEMPORAL,BEFORE,wn-0344,-1,0.3,1
wn-0344:0:18,wn-0344:11:301,TEMPORAL,BEFORE,wn-0344,-1,0.3,1
wn-0344:0:18,wn-0344:13:356,TEMPORAL,BEFORE,wn-0344,-1,0.3,1
wn-0344:0:18,wn-0344:14:372,TEMPORAL,BEFORE,wn-0344,-1,0.3,1
wn-0344:0:18,wn-0344:15:383,TEMPORAL,BEFORE,wn-0344,-1,0.3,1
wn-0344:0:18,wn-0344:16:400,TEMPORAL,BEFORE,wn-0344,-1,0.3,1
wn-0344:1:61,wn-0344:6:148,TEMPORAL,BEFORE,wn-0344,-1,0.3,1
wn-0344:1:61,wn-0344:11:301,TEMPORAL,BEFORE,wn-0344,-1,0.3,1
wn-0344:1:61,wn-0344:13:356,TEMPORAL,BEFORE,wn-0344,-1,0.3,1
wn-0344:1:61,wn-0344:14:372,TEMPORAL,BEFORE,wn-0344,-1,0.3,1
wn-0344:1:61,wn-0344:15:383,TEMPORAL,BEFORE,wn-0344,-1,0.3,1
wn-0344:1:61,wn-0344:16:400,TEMPORAL,BEFORE,wn-0344,-1,0.3,1
wn-0344:1:62,wn-0344:6:148,TEMPORAL,BEFORE,wn-0344,-1,0.3,1
wn-0344:1:62,wn-0344:11:301,TEMPORAL,BEFORE,wn-0344,-1,0.3,1
wn-0344:1:62,wn-0344:13:356,TEMPORAL,BEFORE,wn-0344,-1,0.3,1
wn-0344:1:62,wn-0344:14:372,TEMPORAL,BEFORE,wn-0344,-1,0.3,1
wn-0344:1:62,wn-0344:15:383,TEMPORAL,BEFORE,wn-0344,-1,0.3,1
wn-0344:1:62,wn-0344:16:400,TEMPORAL,BEFORE,wn-0344,-1,0.3,1
wn-0344:6:148,wn-0344:11:301,TEMPORAL,BEFORE,wn-0344,-1,0.3,1
wn-0344:6:148,wn-0344:13:356,TEMPORAL,BEFORE,wn-0344,-1,0.3,1
wn-0344:6:148,wn-0344:14:372,TEMPORAL,BEFORE,wn-0344,-1,0.3,1
wn-0344:6:148,wn-0344:15:383,TEMPORAL,BEFORE,wn-0344,-1,0.3,1
wn-0344:6:148,wn-0344:16:400,TEMPORAL,BEFORE,wn-0344,-1,0.3,1
wn-0344:11:301,wn-0344:13:356,TEMPORAL,BEFORE,wn-0344,-1,0.3,1
wn-0344:11:301,wn-0344:14:372,TEMPORAL,BEFORE,wn-0344,-1,0.3,1
wn-0344:11:301,wn-0344:15:383,TEMPORAL,BEFORE,wn-0344,-1,0.3,1
wn-0344:11:301,wn-0344:16:400,TEMPORAL,BEFORE,wn-0344,-1,0.3,1
wn-0344:13:356,wn-0344:14:372,TEMPORAL,BEFORE,wn-0344,-1,0.3,1
wn-0344:13:356,wn-0344:15:383,TEMPORAL,BEFORE,wn-0344,-1,0.3,1
wn-0344:13:356,wn-0344:16:400,TEMPORAL,BEFORE,wn-0344,-1,0.3,1
wn-0344:14:372,wn-0344:15:383,TEMPORAL,AFTER,wn-0344,-1,0.85,1
wn-0344:14:372,wn-0344:16:400,TEMPORAL,BEFORE,wn-0344,-1,0.3,1
wn-0344:15:383,wn-0344:16:400,TEMPORAL,BEFORE,wn-0344,-1,0.3,1
wn-0345:1:62,wn-0345:4:155,TEMPORAL,BEFORE,wn-0345,-1,0.3,1
wn-0345:1:62,wn-0345:9:313,TEMPORAL,BEFORE,wn-0345,-1,0.3,1
wn-0345:1:62,wn-0345:13:421,TEMPORAL,BEFORE,wn-0345,-1,0.3,1
wn-0345:1:62,wn-0345:15:492,TEMPORAL,BEFORE,wn-0345,-1,0.3,1
wn-0345:1:62,wn-0345:16:511,TEMPORAL,BEFORE,wn-0345,-1,0.3,1
wn-0345:4:155,wn-0345:9:313,TEMPORAL,BEFORE,wn-0345,-1,0.3,1
wn-0345:4:155,wn-0345:13:421,TEMPORAL,BEFORE,wn-0345,-1,0.3,1
wn-0345:4:155,wn-0345:15:492,TEMPORAL,BEFORE,wn-0345,-1,0.3,1
wn-0345:4:155,wn-0345:16:511,TEMPORAL,BEFORE,wn-0345,-1,0.3,1
wn-0345:9:313,wn-0345:13:421,TEMPORAL,BEFORE,wn-0345,-1,0.3,1
wn-0345:9:313,wn-0345:15:492,TEMPORAL,BEFORE,wn-0345,-1,0.3,1
wn-0345:9:313,wn-0345:16:511,TEMPORAL,BEFORE,wn-0345,-1,0.3,1
wn-0345:13:421,wn-0345:15:492,TEMPORAL,BEFORE,wn-0345,-1,0.3,1
wn-0345:13:421,wn-0345:16:511,TEMPORAL,BEFORE,wn-0345,-1,0.3,1
wn-0345:15:492,wn-0345:16:511,TEMPORAL,BEFORE,wn-0345,-1,0.3,1
wn-0346:1:12,wn-0346:2:38,TEMPORAL,BEFORE,wn-0346,-1,0.3,1
wn-0346:1:12,wn-0346:3:68,TEMPORAL,BEFORE,wn-0346,-1,0.3,1
wn-0346:1:12,wn-0346:5:110,TEMPORAL,BEFORE,wn-0346,-1,0.3,1
wn-0346:1:12,wn-0346:8:176,TEMPORAL,BEFORE,wn-0346,-1,0.3,1
wn-0346:2:38,wn-0346:3:68,TEMPORAL,BEFORE,wn-0346,-1,0.3,1
wn-0346:2:38,wn-0346:5:110,TEMPORAL,AFTER,wn-0346,-1,0.8,1
wn-0346:2:38,wn-0346:8:176,TEMPORAL,BEFORE,wn-0346,-1,0.3,1
wn-0346:3:68,wn-0346:5:110,TEMPORAL,BEFORE,wn-0346,-1,0.3,1
wn-0346:3:68,wn-0346:8:176,TEMPORAL,BEFORE,wn-0346,-1,0.3,1
wn-0346:5:110,wn-0346:8:176,TEMPORAL,BEFORE,wn-0346,-1,0.3,1
wn-0347:1:12,wn-0347:2:33,TEMPORAL,BEFORE,wn-0347,-1,0.3,1
wn-0347:1:12,wn-0347:3:47,TEMPORAL,BEFORE,wn-0347,-1,0.3,1
wn-0347:1:12,wn-0347:3:53,TEMPORAL,BEFORE,wn-0347,-1,0.3,1
wn-0347:1:12,wn-0347:4:58,TEMPORAL,BEFORE,wn-0347,-1,0.3,1
wn-0347:1:12,wn-0347:5:110,TEMPORAL,BEFORE,wn-0347,-1,0.3,1
wn-0347:1:9,wn-0347:2:33,TEMPORAL,BEFORE,wn-0347,-1,0.3,1
wn-0347:1:9,wn-0347:3:47,TEMPORAL,BEFORE,wn-0347,-1,0.3,1
wn-0347:1:9,wn-0347:3:53,TEMPORAL,BEFORE,wn-0347,-1,0.3,1
wn-0347:1:9,wn-0347:4:58,TEMPORAL,BEFORE,wn-0347,-1,0.3,1
wn-0347:1:9,wn-0347:5:110,TEMPORAL,BEFORE,wn-0347,-1,0.3,1
wn-0347:2:33,wn-0347:3:47,TEMPORAL,BEFORE,wn-0347,-1,0.85,1
wn-0347:2:33,wn-0347:3:53,TEMPORAL,BEFORE,wn-0347,-1,0.85,1
wn-0347:2:33,wn-0347:4:58,TEMPORAL,BEFORE,wn-0347,-1,0.3,1
wn-0347:2:33,wn-0347:5:110,TEMPORAL,BEFORE,wn-0347,-1,0.3,1
wn-0347:3:47,wn-0347:3:53,TEMPORAL,SIMULTANEOUS,wn-0347,-1,0.9,1
wn-0347:3:47,wn-0347:4:58,TEMPORAL,BEFORE,wn-0347,-1,0.3,1
wn-0347:3:47,wn-0347:5:110,TEMPORAL,BEFORE,wn-0347,-1,0.3,1
wn-0347:3:53,wn-0347:4:58,TEMPORAL,BEFORE,wn-0347,-1,0.3,1
wn-0347:3:53,wn-0347:5:110,TEMPORAL,BEFORE,wn-0347,-1,0.3,1
wn-0347:4:58,wn-0347:5:110,TEMPORAL,BEFORE,wn-0347,-1,0.3,1
wn-0348:0:3,wn-0348:1:29,TEMPORAL,BEFORE,wn-0348,-1,0.7,1
wn-0348:0:3,wn-0348:1:34,TEMPORAL,BEFORE,wn-0348,-1,0.7,1
wn-0348:0:3,wn-0348:1:56,TEMPORAL,BEFORE,wn-0348,-1,0.7,1
wn-0348:0:3,wn-0348:2:60,TEMPORAL,BEFORE,wn-0348,-1,0.3,1
wn-0348:0:3,wn-0348:2:73,TEMPORAL,BEFORE,wn-0348,-1,0.3,1
wn-0348:0:3,wn-0348:3:84,TEMPORAL,BEFORE,wn-0348,-1,0.3,1
wn-0348:0:3,wn-0348:5:168,TEMPORAL,BEFORE,wn-0348,-1,0.3,1
wn-0348:0:3,wn-0348:6:173,TEMPORAL,AFTER,wn-0348,-1,0.7,1
wn-0348:0:3,wn-0348:7:227,TEMPORAL,BEFORE,wn-0348,-1,0.7,1
wn-0348:0:3,wn-0348:9:266,TEMPORAL,BEFORE,wn-0348,-1,0.3,1
wn-0348:0:3,wn-0348:11:283,TEMPORAL,BEFORE,wn-0348,-1,0.3,1
wn-0348:0:3,wn-0348:12:327,TEMPORAL,BEFORE,wn-0348,-1,0.3,1
wn-0348:1:29,wn-0348:1:34,TEMPORAL,SIMULTANEOUS,wn-0348,-1,0.9,1
wn-0348:1:29,wn-0348:1:56,TEMPORAL,BEFORE,wn-0348,-1,0.9,1
wn-0348:1:29,wn-0348:2:60,TEMPORAL,BEFORE,wn-0348,-1,0.3,1
wn-0348:1:29,wn-0348:2:73,TEMPORAL,BEFORE,wn-0348,-1,0.3,1
wn-0348:1:29,wn-0348:3:84,TEMPORAL,BEFORE,wn-0348,-1,0.3,1
wn-0348:1:29,wn-0348:5:168,TEMPORAL,BEFORE,wn-0348,-1,0.3,1
wn-0348:1:29,wn-0348:6:173,TEMPORAL,AFTER,wn-0348,-1,0.9,1
wn-0348:1:29,wn-0348:7:227,TEMPORAL,BEFORE,wn-0348,-1,0.9,1
wn-0348:1:29,wn-0348:9:266,TEMPORAL,BEFORE,wn-0348,-1,0.3,1
wn-0348:1:29,wn-0348:11:283,TEMPORAL,BEFORE,wn-0348,-1,0.3,1
wn-0348:1:29,wn-0348:12:327,TEMPORAL,BEFORE,wn-0348,-1,0.3,1
wn-0348:1:34,wn-0348:1:56,TEMPORAL,BEFORE,wn-0348,-1,0.9,1
wn-0348:1:34,wn-0348:2:60,TEMPORAL,BEFORE,wn-0348,-1,0.3,1
wn-0348:1:34,wn-0348:2:73,TEMPORAL,BEFORE,wn-0348,-1,0.3,1
wn-0348:1:34,wn-0348:3:84,TEMPORAL,BEFORE,wn-0348,-1,0.3,1
wn-0348:1:34,wn-0348:5:168,TEMPORAL,BEFORE,wn-0348,-1,0.3,1
wn-0348:1:34,wn-0348:6:173,TEMPORAL,AFTER,wn-0348,-1,0.9,1
wn-0348:1:34,wn-0348:7:227,TEMPORAL,BEFORE,wn-0348,-1,0.9,1
wn-0348:1:34,wn-0348:9:266,TEMPORAL,BEFORE,wn-0348,-1,0.3,1
wn-0348:1:34,wn-0348:11:283,TEMPORAL,BEFORE,wn-0348,-1,0.3,1
wn-0348:1:34,wn-0348:12:327,TEMPORAL,BEFORE,wn-0348,-1,0.3,1
wn-0348:1:56,wn-0348:2:60,TEMPORAL,BEFORE,wn-0348,-1,0.3,1
wn-0348:1:56,wn-0348:2:73,TEMPORAL,BEFORE,wn-0348,-1,0.3,1
wn-0348:1:56,wn-0348:3:84,TEMPORAL,BEFORE,wn-0348,-1,0.3,1
wn-0348:1:56,wn-0348:5:168,TEMPORAL,BEFORE,wn-0348,-1,0.3,1
wn-0348:1:56,wn-0348:6:173,TEMPORAL,AFTER,wn-0348,-1,0.9,1
wn-0348:1:56,wn-0348:7:227,TEMPORAL,AFTER,wn-0348,-1,0.9,1
wn-0348:1:56,wn-0348:9:266,TEMPORAL,BEFORE,wn-0348,-1,0.3,1
wn-0348:1:56,wn-0348:11:283,TEMPORAL,BEFORE,wn-0348,-1,0.3,1
wn-0348:1:56,wn-0348:12:327,TEMPORAL,BEFORE,wn-0348,-1,0.3,1
wn-0348:2:60,wn-0348:2:73,TEMPORAL,AFTER,wn-0348,-1,0.5,1
wn-0348:2:60,wn-0348:3:84,TEMPORAL,BEFORE,wn-0348,-1,0.3,1
wn-0348:2:60,wn-0348:5:168,TEMPORAL,BEFORE,wn-0348,-1,0.3,1
wn-0348:2:60,wn-0348:6:173,TEMPORAL,BEFORE,wn-0348,-1,0.3,1
wn-0348:2:60,wn-0348:7:227,TEMPORAL,BEFORE,wn-0348,-1,0.3,1
wn-0348:2:60,wn-0348:9:266,TEMPORAL,BEFORE,wn-0348,-1,0.3,1
wn-0348:2:60,wn-0348:11:283,TEMPORAL,BEFORE,wn-0348,-1,0.3,1
wn-0348:2:60,wn-0348:12:327,TEMPORAL,BEFORE,wn-0348,-1,0.3,1
wn-0348:2:73,wn-0348:3:84,TEMPORAL,BEFORE,wn-0348,-1,0.3,1
wn-0348:2:73,wn-0348:5:168,TEMPORAL,BEFORE,wn-0348,-1,0.3,1
wn-0348:2:73,wn-0348:6:173,TEMPORAL,BEFORE,wn-0348,-1,0.3,1
wn-0348:2:73,wn-0348:7:227,TEMPORAL,BEFORE,wn-0348,-1,0.3,1
wn-0348:2:73,wn-0348:9:266,TEMPORAL,BEFORE,wn-0348,-1,0.3,1
wn-0348:2:73,wn-0348:11:283,TEMPORAL,BEFORE,wn-0348,-1,0.3,1
wn-0348:2:73,wn-0348:12:327,TEMPORAL,BEFORE,wn-0348,-1,0.3,1
wn-0348:3:84,wn-0348:5:168,TEMPORAL,BEFORE,wn-0348,-1,0.3,1
wn-0348:3:84,wn-0348:6:173,TEMPORAL,BEFORE,wn-0348,-1,0.3,1
wn-0348:3:84,wn-0348:7:227,TEMPORAL,BEFORE,wn-0348,-1,0.3,1
wn-0348:3:84,wn-0348:9:266,TEMPORAL,BEFORE,wn-0348,-1,0.3,1
wn-0348:3:84,wn-0348:11:283,TEMPORAL,BEFORE,wn-0348,-1,0.3,1
wn-0348:3:84,wn-0348:12:327,TEMPORAL,BEFORE,wn-0348,-1,0.3,1
wn-0348:5:168,wn-0348:6:173,TEMPORAL,BEFORE,wn-0348,-1,0.3,1
wn-0348:5:168,wn-0348:7:227,TEMPORAL,BEFORE,wn-0348,-1,0.3,1
wn-0348:5:168,wn-0348:9:266,TEMPORAL,BEFORE,wn-0348,-1,0.3,1
wn-0348:5:168,wn-0348:11:283,TEMPORAL,BEFORE,wn-0348,-1,0.3,1
wn-0348:5:168,wn-0348:12:327,TEMPORAL,BEFORE,wn-0348,-1,0.3,1
wn-0348:6:173,wn-0348:7:227,TEMPORAL,BEFORE,wn-0348,-1,0.9,1
wn-0348:6:173,wn-0348:9:266,TEMPORAL,BEFORE,wn-0348,-1,0.3,1
wn-0348:6:173,wn-0348:11:283,TEMPORAL,BEFORE,wn-0348,-1,0.3,1
wn-0348:6:173,wn-0348:12:327,TEMPORAL,BEFORE,wn-0348,-1,0.3,1
wn-0348:7:227,wn-0348:9:266,TEMPORAL,BEFORE,wn-0348,-1,0.3,1
wn-0348:7:227,wn-0348:11:283,TEMPORAL,BEFORE,wn-0348,-1,0.3,1
wn-0348:7:227,wn-0348:12:327,TEMPORAL,BEFORE,wn-0348,-1,0.3,1
wn-0348:9:266,wn-0348:11:283,TEMPORAL,BEFORE,wn-0348,-1,0.3,1
wn-0348:9:266,wn-0348:12:327,TEMPORAL,BEFORE,wn-0348,-1,0.3,1
wn-0348:11:283,wn-0348:12:327,TEMPORAL,BEFORE,wn-0348,-1,0.3,1
wn-0349:0:12,wn-0349:1:26,TEMPORAL,BEFORE,wn-0349,-1,0.3,1
wn-0349:0:12,wn-0349:1:28,TEMPORAL,BEFORE,wn-0349,-1,0.3,1
wn-0349:0:12,wn-0349:2:50,TEMPORAL,BEFORE,wn-0349,-1,0.3,1
wn-0349:0:12,wn-0349:2:62,TEMPORAL,BEFORE,wn-0349,-1,0.3,1
wn-0349:0:12,wn-0349:3:65,TEMPORAL,BEFORE,wn-0349,-1,0.3,1
wn-0349:0:12,wn-0349:4:89,TEMPORAL,BEFORE,wn-0349,-1,0.3,1
wn-0349:0:12,wn-0349:5:121,TEMPORAL,BEFORE,wn-0349,-1,0.3,1
wn-0349:0:12,wn-0349:10:268,TEMPORAL,BEFORE,wn-0349,-1,0.3,1
wn-0349:0:12,wn-0349:12:323,TEMPORAL,BEFORE,wn-0349,-1,0.3,1
wn-0349:1:26,wn-0349:2:50,TEMPORAL,BEFORE,wn-0349,-1,0.3,1
wn-0349:1:26,wn-0349:2:62,TEMPORAL,BEFORE,wn-0349,-1,0.3,1
wn-0349:1:26,wn-0349:3:65,TEMPORAL,BEFORE,wn-0349,-1,0.3,1
wn-0349:1:26,wn-0349:4:89,TEMPORAL,BEFORE,wn-0349,-1,0.3,1
wn-0349:1:26,wn-0349:5:121,TEMPORAL,BEFORE,wn-0349,-1,0.3,1
wn-0349:1:26,wn-0349:10:268,TEMPORAL,BEFORE,wn-0349,-1,0.3,1
wn-0349:1:26,wn-0349:12:323,TEMPORAL,BEFORE,wn-0349,-1,0.3,1
wn-0349:1:28,wn-0349:2:50,TEMPORAL,BEFORE,wn-0349,-1,0.3,1
wn-0349:1:28,wn-0349:2:62,TEMPORAL,BEFORE,wn-0349,-1,0.3,1
wn-0349:1:28,wn-0349:3:65,TEMPORAL,BEFORE,wn-0349,-1,0.3,1
wn-0349:1:28,wn-0349:4:89,TEMPORAL,BEFORE,wn-0349,-1,0.3,1
wn-0349:1:28,wn-0349:5:121,TEMPORAL,BEFORE,wn-0349,-1,0.3,1
wn-0349:1:28,wn-0349:10:268,TEMPORAL,BEFORE,wn-0349,-1,0.3,1
wn-0349:1:28,wn-0349:12:323,TEMPORAL,BEFORE,wn-0349,-1,0.3,1
wn-0349:2:50,wn-0349:3:65,TEMPORAL,BEFORE,wn-0349,-1,0.85,1
wn-0349:2:50,wn-0349:4:89,TEMPORAL,BEFORE,wn-0349,-1,0.85,1
wn-0349:2:50,wn-0349:5:121,TEMPORAL,BEFORE,wn-0349,-1,0.3,1
wn-0349:2:50,wn-0349:10:268,TEMPORAL,BEFORE,wn-0349,-1,0.3,1
wn-0349:2:50,wn-0349:12:323,TEMPORAL,BEFORE,wn-0349,-1,0.3,1
wn-0349:2:62,wn-0349:3:65,TEMPORAL,BEFORE,wn-0349,-1,0.3,1
wn-0349:2:62,wn-0349:4:89,TEMPORAL,BEFORE,wn-0349,-1,0.3,1
wn-0349:2:62,wn-0349:5:121,TEMPORAL,BEFORE,wn-0349,-1,0.3,1
wn-0349:2:62,wn-0349:10:268,TEMPORAL,BEFORE,wn-0349,-1,0.3,1
wn-0349:2:62,wn-0349:12:323,TEMPORAL,BEFORE,wn-0349,-1,0.3,1
wn-0349:3:65,wn-0349:4:89,TEMPORAL,BEFORE,wn-0349,-1,0.85,1
wn-0349:3:65,wn-0349:5:121,TEMPORAL,BEFORE,wn-0349,-1,0.3,1
wn-0349:3:65,wn-0349:10:268,TEMPORAL,BEFORE,wn-0349,-1,0.3,1
wn-0349:3:65,wn-0349:12:323,TEMPORAL,BEFORE,wn-0349,-1,0.3,1
wn-0349:4:89,wn-0349:5:121,TEMPORAL,BEFORE,wn-0349,-1,0.3,1
wn-0349:4:89,wn-0349:10:268,TEMPORAL,BEFORE,wn-0349,-1,0.3,1
wn-0349:4:89,wn-0349:12:323,TEMPORAL,BEFORE,wn-0349,-1,0.3,1
wn-0349:5:121,wn-0349:10:268,TEMPORAL,BEFORE,wn-0349,-1,0.3,1
wn-0349:5:121,wn-0349:12:323,TEMPORAL,BEFORE,wn-0349,-1,0.3,1
wn-0349:10:268,wn-0349:12:323,TEMPORAL,BEFORE,wn-0349,-1,0.3,1
wn-0351:0:0,wn-0351:2:59,TEMPORAL,BEFORE,wn-0351,-1,0.3,1
wn-0351:0:0,wn-0351:4:108,TEMPORAL,BEFORE,wn-0351,-1,0.3,1
wn-0351:2:59,wn-0351:4:108,TEMPORAL,BEFORE,wn-0351,-1,0.3,1
wn-0352:0:14,wn-0352:0:27,TEMPORAL,AFTER,wn-0352,-1,0.9,1
wn-0352:0:14,wn-0352:1:52,TEMPORAL,BEFORE,wn-0352,-1,0.3,1
wn-0352:0:14,wn-0352:3:121,TEMPORAL,BEFORE,wn-0352,-1,0.3,1
wn-0352:0:14,wn-0352:4:144,TEMPORAL,BEFORE,wn-0352,-1,0.3,1
wn-0352:0:14,wn-0352:5:162,TEMPORAL,BEFORE,wn-0352,-1,0.3,1
wn-0352:0:14,wn-0352:9:279,TEMPORAL,BEFORE,wn-0352,-1,0.85,1
wn-0352:0:14,wn-0352:14:409,TEMPORAL,BEFORE,wn-0352,-1,0.3,1
wn-0352:0:14,wn-0352:22:564,TEMPORAL,BEFORE,wn-0352,-1,0.3,1
wn-0352:0:14,wn-0352:23:582,TEMPORAL,BEFORE,wn-0352,-1,0.3,1
wn-0352:0:27,wn-0352:1:52,TEMPORAL,BEFORE,wn-0352,-1,0.3,1
wn-0352:0:27,wn-0352:3:121,TEMPORAL,BEFORE,wn-0352,-1,0.3,1
wn-0352:0:27,wn-0352:4:144,TEMPORAL,BEFORE,wn-0352,-1,0.3,1
wn-0352:0:27,wn-0352:5:162,TEMPORAL,BEFORE,wn-0352,-1,0.3,1
wn-0352:0:27,wn-0352:9:279,TEMPORAL,BEFORE,wn-0352,-1,0.85,1
wn-0352:0:27,wn-0352:14:409,TEMPORAL,BEFORE,wn-0352,-1,0.3,1
wn-0352:0:27,wn-0352:22:564,TEMPORAL,BEFORE,wn-0352,-1,0.3,1
wn-0352:0:27,wn-0352:23:582,TEMPORAL,BEFORE,wn-0352,-1,0.3,1
wn-0352:1:52,wn-0352:3:121,TEMPORAL,BEFORE,wn-0352,-1,0.3,1
wn-0352:1:52,wn-0352:4:144,TEMPORAL,BEFORE,wn-0352,-1,0.3,1
wn-0352:1:52,wn-0352:5:162,TEMPORAL,BEFORE,wn-0352,-1,0.3,1
wn-0352:1:52,wn-0352:9:279,TEMPORAL,BEFORE,wn-0352,-1,0.3,1
wn-0352:1:52,wn-0352:14:409,TEMPORAL,BEFORE,wn-0352,-1,0.3,1
wn-0352:1:52,wn-0352:22:564,TEMPORAL,BEFORE,wn-0352,-1,0.3,1
wn-0352:1:52,wn-0352:23:582,TEMPORAL,BEFORE,wn-0352,-1,0.3,1
wn-0352:3:121,wn-0352:4:144,TEMPORAL,BEFORE,wn-0352,-1,0.3,1
wn-0352:3:121,wn-0352:5:162,TEMPORAL,BEFORE,wn-0352,-1,0.3,1
wn-0352:3:121,wn-0352:9:279,TEMPORAL,BEFORE,wn-0352,-1,0.3,1
wn-0352:3:121,wn-0352:14:409,TEMPORAL,BEFORE,wn-0352,-1,0.3,1
wn-0352:3:121,wn-0352:22:564,TEMPORAL,BEFORE,wn-0352,-1,0.3,1
wn-0352:3:121,wn-0352:23:582,TEMPORAL,BEFORE,wn-0352,-1,0.3,1
wn-0352:4:144,wn-0352:5:162,TEMPORAL,BEFORE,wn-0352,-1,0.3,1
wn-0352:4:144,wn-0352:9:279,TEMPORAL,BEFORE,wn-0352,-1,0.3,1
wn-0352:4:144,wn-0352:14:409,TEMPORAL,BEFORE,wn-0352,-1,0.3,1
wn-0352:4:144,wn-0352:22:564,TEMPORAL,BEFORE,wn-0352,-1,0.3,1
wn-0352:4:144,wn-0352:23:582,TEMPORAL,BEFORE,wn-0352,-1,0.3,1
wn-0352:5:162,wn-0352:9:279,TEMPORAL,BEFORE,wn-0352,-1,0.3,1
wn-0352:5:162,wn-0352:14:409,TEMPORAL,BEFORE,wn-0352,-1,0.3,1
wn-0352:5:162,wn-0352:22:564,TEMPORAL,BEFORE,wn-0352,-1,0.3,1
wn-0352:5:162,wn-0352:23:582,TEMPORAL,BEFORE,wn-0352,-1,0.3,1
wn-0352:9:279,wn-0352:14:409,TEMPORAL,BEFORE,wn-0352,-1,0.3,1
wn-0352:9:279,wn-0352:22:564,TEMPORAL,BEFORE,wn-0352,-1,0.3,1
wn-0352:9:279,wn-0352:23:582,TEMPORAL,BEFORE,wn-0352,-1,0.3,1
wn-0352:14:409,wn-0352:22:564,TEMPORAL,BEFORE,wn-0352,-1,0.3,1
wn-0352:14:409,wn-0352:23:582,TEMPORAL,BEFORE,wn-0352,-1,0.3,1
wn-0352:22:564,wn-0352:23:582,TEMPORAL,BEFORE,wn-0352,-1,0.3,1
wn-0353:1:34,wn-0353:2:50,TEMPORAL,BEFORE,wn-0353,-1,0.3,1
wn-0353:1:34,wn-0353:5:162,TEMPORAL,BEFORE,wn-0353,-1,0.3,1
wn-0353:1:34,wn-0353:6:177,TEMPORAL,BEFORE,wn-0353,-1,0.3,1
wn-0353:1:34,wn-0353:6:193,TEMPORAL,BEFORE,wn-0353,-1,0.3,1
wn-0353:2:50,wn-0353:5:162,TEMPORAL,BEFORE,wn-0353,-1,0.3,1
wn-0353:2:50,wn-0353:6:177,TEMPORAL,BEFORE,wn-0353,-1,0.3,1
wn-0353:2:50,wn-0353:6:193,TEMPORAL,BEFORE,wn-0353,-1,0.3,1
wn-0353:5:162,wn-0353:6:177,TEMPORAL,BEFORE,wn-0353,-1,0.3,1
wn-0353:5:162,wn-0353:6:193,TEMPORAL,BEFORE,wn-0353,-1,0.3,1
wn-0353:6:177,wn-0353:6:193,TEMPORAL,SIMULTANEOUS,wn-0353,-1,0.9,1
wn-0354:0:16,wn-0354:4:126,TEMPORAL,AFTER,wn-0354,-1,0.85,1
wn-0354:0:16,wn-0354:4:139,TEMPORAL,AFTER,wn-0354,-1,0.85,1
wn-0354:0:16,wn-0354:5:175,TEMPORAL,AFTER,wn-0354,-1,0.85,1
wn-0354:0:16,wn-0354:8:280,TEMPORAL,AFTER,wn-0354,-1,0.7,1
wn-0354:0:16,wn-0354:13:416,TEMPORAL,SIMULTANEOUS,wn-0354,-1,0.7,1
wn-0354:0:16,wn-0354:14:442,TEMPORAL,BEFORE,wn-0354,-1,0.3,1
wn-0354:0:16,wn-0354:15:460,TEMPORAL,BEFORE,wn-0354,-1,0.3,1
wn-0354:0:16,wn-0354:23:609,TEMPORAL,BEFORE,wn-0354,-1,0.3,1
wn-0354:0:16,wn-0354:25:652,TEMPORAL,AFTER,wn-0354,-1,0.85,1
wn-0354:0:16,wn-0354:25:687,TEMPORAL,AFTER,wn-0354,-1,0.85,1
wn-0354:0:16,wn-0354:29:777,TEMPORAL,BEFORE,wn-0354,-1,0.3,1
wn-0354:0:16,wn-0354:30:795,TEMPORAL,BEFORE,wn-0354,-1,0.3,1
wn-0354:4:126,wn-0354:4:139,TEMPORAL,AFTER,wn-0354,-1,0.9,1
wn-0354:4:126,wn-0354:5:175,TEMPORAL,BEFORE,wn-0354,-1,0.85,1
wn-0354:4:126,wn-0354:8:280,TEMPORAL,BEFORE,wn-0354,-1,0.7,1
wn-0354:4:126,wn-0354:13:416,TEMPORAL,BEFORE,wn-0354,-1,0.7,1
wn-0354:4:126,wn-0354:14:442,TEMPORAL,BEFORE,wn-0354,-1,0.3,1
wn-0354:4:126,wn-0354:15:460,TEMPORAL,BEFORE,wn-0354,-1,0.3,1
wn-0354:4:126,wn-0354:23:609,TEMPORAL,BEFORE,wn-0354,-1,0.3,1
wn-0354:4:126,wn-0354:25:652,TEMPORAL,BEFORE,wn-0354,-1,0.9,1
wn-0354:4:126,wn-0354:25:687,TEMPORAL,BEFORE,wn-0354,-1,0.9,1
wn-0354:4:126,wn-0354:29:777,TEMPORAL,BEFORE,wn-0354,-1,0.3,1
wn-0354:4:126,wn-0354:30:795,TEMPORAL,BEFORE,wn-0354,-1,0.3,1
wn-0354:4:139,wn-0354:5:175,TEMPORAL,BEFORE,wn-0354,-1,0.85,1
wn-0354:4:139,wn-0354:8:280,TEMPORAL,BEFORE,wn-0354,-1,0.7,1
wn-0354:4:139,wn-0354:13:416,TEMPORAL,BEFORE,wn-0354,-1,0.7,1
wn-0354:4:139,wn-0354:14:442,TEMPORAL,BEFORE,wn-0354,-1,0.3,1
wn-0354:4:139,wn-0354:15:460,TEMPORAL,BEFORE,wn-0354,-1,0.3,1
wn-0354:4:139,wn-0354:23:609,TEMPORAL,BEFORE,wn-0354,-1,0.3,1
wn-0354:4:139,wn-0354:25:652,TEMPORAL,BEFORE,wn-0354,-1,0.9,1
wn-0354:4:139,wn-0354:25:687,TEMPORAL,BEFORE,wn-0354,-1,0.9,1
wn-0354:4:139,wn-0354:29:777,TEMPORAL,BEFORE,wn-0354,-1,0.3,1
wn-0354:4:139,wn-0354:30:795,TEMPORAL,BEFORE,wn-0354,-1,0.3,1
wn-0354:5:175,wn-0354:8:280,TEMPORAL,SIMULTANEOUS,wn-0354,-1,0.7,1
wn-0354:5:175,wn-0354:13:416,TEMPORAL,BEFORE,wn-0354,-1,0.7,1
wn-0354:5:175,wn-0354:14:442,TEMPORAL,BEFORE,wn-0354,-1,0.3,1
wn-0354:5:175,wn-0354:15:460,TEMPORAL,BEFORE,wn-0354,-1,0.3,1
wn-0354:5:175,wn-0354:23:609,TEMPORAL,BEFORE,wn-0354,-1,0.3,1
wn-0354:5:175,wn-0354:25:652,TEMPORAL,AFTER,wn-0354,-1,0.85,1
wn-0354:5:175,wn-0354:25:687,TEMPORAL,AFTER,wn-0354,-1,0.85,1
wn-0354:5:175,wn-0354:29:777,TEMPORAL,BEFORE,wn-0354,-1,0.3,1
wn-0354:5:175,wn-0354:30:795,TEMPORAL,BEFORE,wn-0354,-1,0.3,1
wn-0354:8:280,wn-0354:13:416,TEMPORAL,BEFORE,wn-0354,-1,0.7,1
wn-0354:8:280,wn-0354:14:442,TEMPORAL,BEFORE,wn-0354,-1,0.3,1
wn-0354:8:280,wn-0354:15:460,TEMPORAL,BEFORE,wn-0354,-1,0.3,1
wn-0354:8:280,wn-0354:23:609,TEMPORAL,BEFORE,wn-0354,-1,0.3,1
wn-0354:8:280,wn-0354:25:652,TEMPORAL,AFTER,wn-0354,-1,0.7,1
wn-0354:8:280,wn-0354:25:687,TEMPORAL,AFTER,wn-0354,-1,0.7,1
wn-0354:8:280,wn-0354:29:777,TEMPORAL,BEFORE,wn-0354,-1,0.3,1
wn-0354:8:280,wn-0354:30:795,TEMPORAL,BEFORE,wn-0354,-1,0.3,1
wn-0354:13:416,wn-0354:14:442,TEMPORAL,BEFORE,wn-0354,-1,0.3,1
wn-0354:13:416,wn-0354:15:460,TEMPORAL,BEFORE,wn-0354,-1,0.3,1
wn-0354:13:416,wn-0354:23:609,TEMPORAL,BEFORE,wn-0354,-1,0.3,1
wn-0354:13:416,wn-0354:25:652,TEMPORAL,AFTER,wn-0354,-1,0.7,1
wn-0354:13:416,wn-0354:25:687,TEMPORAL,AFTER,wn-0354,-1,0.7,1
wn-0354:13:416,wn-0354:29:777,TEMPORAL,BEFORE,wn-0354,-1,0.3,1
wn-0354:13:416,wn-0354:30:795,TEMPORAL,BEFORE,wn-0354,-1,0.3,1
wn-0354:14:442,wn-0354:15:460,TEMPORAL,BEFORE,wn-0354,-1,0.3,1
wn-0354:14:442,wn-0354:23:609,TEMPORAL,BEFORE,wn-0354,-1,0.3,1
wn-0354:14:442,wn-0354:25:652,TEMPORAL,BEFORE,wn-0354,-1,0.3,1
wn-0354:14:442,wn-0354:25:687,TEMPORAL,BEFORE,wn-0354,-1,0.3,1
wn-0354:14:442,wn-0354:29:777,TEMPORAL,BEFORE,wn-0354,-1,0.3,1
wn-0354:14:442,wn-0354:30:795,TEMPORAL,BEFORE,wn-0354,-1,0.3,1
wn-0354:15:460,wn-0354:23:609,TEMPORAL,BEFORE,wn-0354,-1,0.3,1
wn-0354:15:460,wn-0354:25:652,TEMPORAL,BEFORE,wn-0354,-1,0.3,1
wn-0354:15:460,wn-0354:25:687,TEMPORAL,BEFORE,wn-0354,-1,0.3,1
wn-0354:15:460,wn-0354:29:777,TEMPORAL,BEFORE,wn-0354,-1,0.3,1
wn-0354:15:460,wn-0354:30:795,TEMPORAL,BEFORE,wn-0354,-1,0.3,1
wn-0354:23:609,wn-0354:25:652,TEMPORAL,BEFORE,wn-0354,-1,0.3,1
wn-0354:23:609,wn-0354:25:687,TEMPORAL,BEFORE,wn-0354,-1,0.3,1
wn-0354:23:609,wn-0354:29:777,TEMPORAL,BEFORE,wn-0354,-1,0.3,1
wn-0354:23:609,wn-0354:30:795,TEMPORAL,BEFORE,wn-0354,-1,0.3,1
wn-0354:25:652,wn-0354:25:687,TEMPORAL,SIMULTANEOUS,wn-0354,-1,0.9,1
wn-0354:25:652,wn-0354:29:777,TEMPORAL,BEFORE,wn-0354,-1,0.3,1
wn-0354:25:652,wn-0354:30:795,TEMPORAL,BEFORE,wn-0354,-1,0.3,1
wn-0354:25:687,wn-0354:29:777,TEMPORAL,BEFORE,wn-0354,-1,0.3,1
wn-0354:25:687,wn-0354:30:795,TEMPORAL,BEFORE,wn-0354,-1,0.3,1
wn-0354:29:777,wn-0354:30:795,TEMPORAL,BEFORE,wn-0354,-1,0.3,1
wn-0355:0:10,wn-0355:2:112,TEMPORAL,BEFORE,wn-0355,-1,0.3,1
wn-0355:0:10,wn-0355:4:156,TEMPORAL,BEFORE,wn-0355,-1,0.3,1
wn-0355:0:10,wn-0355:5:185,TEMPORAL,BEFORE,wn-0355,-1,0.3,1
wn-0355:0:10,wn-0355:7:251,TEMPORAL,BEFORE,wn-0355,-1,0.3,1
wn-0355:0:10,wn-0355:9:327,TEMPORAL,BEFORE,wn-0355,-1,0.3,1
wn-0355:0:10,wn-0355:10:372,TEMPORAL,BEFORE,wn-0355,-1,0.3,1
wn-0355:2:112,wn-0355:4:156,TEMPORAL,BEFORE,wn-0355,-1,0.3,1
wn-0355:2:112,wn-0355:5:185,TEMPORAL,BEFORE,wn-0355,-1,0.3,1
wn-0355:2:112,wn-0355:7:251,TEMPORAL,BEFORE,wn-0355,-1,0.3,1
wn-0355:2:112,wn-0355:9:327,TEMPORAL,BEFORE,wn-0355,-1,0.3,1
wn-0355:2:112,wn-0355:10:372,TEMPORAL,BEFORE,wn-0355,-1,0.3,1
wn-0355:4:156,wn-0355:5:185,TEMPORAL,BEFORE,wn-0355,-1,0.3,1
wn-0355:4:156,wn-0355:7:251,TEMPORAL,BEFORE,wn-0355,-1,0.3,1
wn-0355:4:156,wn-0355:9:327,TEMPORAL,BEFORE,wn-0355,-1,0.3,1
wn-0355:4:156,wn-0355:10:372,TEMPORAL,BEFORE,wn-0355,-1,0.3,1
wn-0355:5:185,wn-0355:7:251,TEMPORAL,BEFORE,wn-0355,-1,0.3,1
wn-0355:5:185,wn-0355:9:327,TEMPORAL,BEFORE,wn-0355,-1,0.3,1
wn-0355:5:185,wn-0355:10:372,TEMPORAL,BEFORE,wn-0355,-1,0.3,1
wn-0355:7:251,wn-0355:9:327,TEMPORAL,BEFORE,wn-0355,-1,0.3,1
wn-0355:7:251,wn-0355:10:372,TEMPORAL,BEFORE,wn-0355,-1,0.3,1
wn-0355:9:327,wn-0355:10:372,TEMPORAL,BEFORE,wn-0355,-1,0.3,1
wn-0356:0:15,wn-0356:0:17,TEMPORAL,SIMULTANEOUS,wn-0356,-1,0.7,1
wn-0356:0:15,wn-0356:2:52,TEMPORAL,BEFORE,wn-0356,-1,0.7,1
wn-0356:0:15,wn-0356:4:122,TEMPORAL,BEFORE,wn-0356,-1,0.7,1
wn-0356:0:15,wn-0356:4:91,TEMPORAL,BEFORE,wn-0356,-1,0.7,1
wn-0356:0:17,wn-0356:2:52,TEMPORAL,BEFORE,wn-0356,-1,0.7,1
wn-0356:0:17,wn-0356:4:122,TEMPORAL,BEFORE,wn-0356,-1,0.7,1
wn-0356:0:17,wn-0356:4:91,TEMPORAL,BEFORE,wn-0356,-1,0.7,1
wn-0356:2:52,wn-0356:4:122,TEMPORAL,BEFORE,wn-0356,-1,0.75,1
wn-0356:2:52,wn-0356:4:91,TEMPORAL,BEFORE,wn-0356,-1,0.75,1
wn-0356:4:122,wn-0356:4:91,TEMPORAL,SIMULTANEOUS,wn-0356,-1,0.85,1
wn-0357:0:8,wn-0357:1:41,TEMPORAL,BEFORE,wn-0357,-1,0.3,1
wn-0357:0:8,wn-0357:12:339,TEMPORAL,BEFORE,wn-0357,-1,0.3,1
wn-0357:1:41,wn-0357:12:339,TEMPORAL,BEFORE,wn-0357,-1,0.3,1
wn-0358:0:17,wn-0358:1:31,TEMPORAL,BEFORE,wn-0358,-1,0.3,1
wn-0358:0:17,wn-0358:1:38,TEMPORAL,BEFORE,wn-0358,-1,0.3,1
wn-0358:0:17,wn-0358:2:64,TEMPORAL,BEFORE,wn-0358,-1,0.3,1
wn-0358:0:17,wn-0358:2:73,TEMPORAL,BEFORE,wn-0358,-1,0.3,1
wn-0358:0:17,wn-0358:3:96,TEMPORAL,BEFORE,wn-0358,-1,0.3,1
wn-0358:0:17,wn-0358:4:109,TEMPORAL,BEFORE,wn-0358,-1,0.3,1
wn-0358:0:17,wn-0358:4:114,TEMPORAL,BEFORE,wn-0358,-1,0.3,1
wn-0358:0:17,wn-0358:5:136,TEMPORAL,BEFORE,wn-0358,-1,0.3,1
wn-0358:0:17,wn-0358:5:137,TEMPORAL,BEFORE,wn-0358,-1,0.3,1
wn-0358:0:17,wn-0358:6:160,TEMPORAL,BEFORE,wn-0358,-1,0.3,1
wn-0358:0:17,wn-0358:8:191,TEMPORAL,BEFORE,wn-0358,-1,0.3,1
wn-0358:0:17,wn-0358:9:220,TEMPORAL,BEFORE,wn-0358,-1,0.3,1
wn-0358:0:9,wn-0358:1:31,TEMPORAL,BEFORE,wn-0358,-1,0.3,1
wn-0358:0:9,wn-0358:1:38,TEMPORAL,BEFORE,wn-0358,-1,0.3,1
wn-0358:0:9,wn-0358:2:64,TEMPORAL,BEFORE,wn-0358,-1,0.3,1
wn-0358:0:9,wn-0358:2:73,TEMPORAL,BEFORE,wn-0358,-1,0.3,1
wn-0358:0:9,wn-0358:3:96,TEMPORAL,BEFORE,wn-0358,-1,0.3,1
wn-0358:0:9,wn-0358:4:109,TEMPORAL,BEFORE,wn-0358,-1,0.3,1
wn-0358:0:9,wn-0358:4:114,TEMPORAL,BEFORE,wn-0358,-1,0.3,1
wn-0358:0:9,wn-0358:5:136,TEMPORAL,BEFORE,wn-0358,-1,0.3,1
wn-0358:0:9,wn-0358:5:137,TEMPORAL,BEFORE,wn-0358,-1,0.3,1
wn-0358:0:9,wn-0358:6:160,TEMPORAL,BEFORE,wn-0358,-1,0.3,1
wn-0358:0:9,wn-0358:8:191,TEMPORAL,BEFORE,wn-0358,-1,0.3,1
wn-0358:0:9,wn-0358:9:220,TEMPORAL,BEFORE,wn-0358,-1,0.3,1
wn-0358:1:31,wn-0358:1:38,TEMPORAL,BEFORE,wn-0358,-1,0.5,1
wn-0358:1:31,wn-0358:2:64,TEMPORAL,BEFORE,wn-0358,-1,0.3,1
wn-0358:1:31,wn-0358:2:73,TEMPORAL,BEFORE,wn-0358,-1,0.3,1
wn-0358:1:31,wn-0358:3:96,TEMPORAL,BEFORE,wn-0358,-1,0.3,1
wn-0358:1:31,wn-0358:4:109,TEMPORAL,BEFORE,wn-0358,-1,0.3,1
wn-0358:1:31,wn-0358:4:114,TEMPORAL,BEFORE,wn-0358,-1,0.3,1
wn-0358:1:31,wn-0358:5:136,TEMPORAL,BEFORE,wn-0358,-1,0.3,1
wn-0358:1:31,wn-0358:5:137,TEMPORAL,BEFORE,wn-0358,-1,0.3,1
wn-0358:1:31,wn-0358:6:160,TEMPORAL,BEFORE,wn-0358,-1,0.3,1
wn-0358:1:31,wn-0358:8:191,TEMPORAL,BEFORE,wn-0358,-1,0.3,1
wn-0358:1:31,wn-0358:9:220,TEMPORAL,BEFORE,wn-0358,-1,0.3,1
wn-0358:1:38,wn-0358:2:64,TEMPORAL,BEFORE,wn-0358,-1,0.3,1
wn-0358:1:38,wn-0358:2:73,TEMPORAL,BEFORE,wn-0358,-1,0.3,1
wn-0358:1:38,wn-0358:3:96,TEMPORAL,BEFORE,wn-0358,-1,0.3,1
wn-0358:1:38,wn-0358:4:109,TEMPORAL,BEFORE,wn-0358,-1,0.3,1
wn-0358:1:38,wn-0358:4:114,TEMPORAL,BEFORE,wn-0358,-1,0.3,1
wn-0358:1:38,wn-0358:5:136,TEMPORAL,BEFORE,wn-0358,-1,0.3,1
wn-0358:1:38,wn-0358:5:137,TEMPORAL,BEFORE,wn-0358,-1,0.3,1
wn-0358:1:38,wn-0358:6:160,TEMPORAL,BEFORE,wn-0358,-1,0.3,1
wn-0358:1:38,wn-0358:8:191,TEMPORAL,BEFORE,wn-0358,-1,0.3,1
wn-0358:1:38,wn-0358:9:220,TEMPORAL,BEFORE,wn-0358,-1,0.3,1
wn-0358:2:64,wn-0358:2:73,TEMPORAL,AFTER,wn-0358,-1,0.5,1
wn-0358:2:64,wn-0358:3:96,TEMPORAL,BEFORE,wn-0358,-1,0.3,1
wn-0358:2:64,wn-0358:4:109,TEMPORAL,BEFORE,wn-0358,-1,0.3,1
wn-0358:2:64,wn-0358:4:114,TEMPORAL,BEFORE,wn-0358,-1,0.3,1
wn-0358:2:64,wn-0358:5:136,TEMPORAL,BEFORE,wn-0358,-1,0.3,1
wn-0358:2:64,wn-0358:5:137,TEMPORAL,BEFORE,wn-0358,-1,0.3,1
wn-0358:2:64,wn-0358:6:160,TEMPORAL,BEFORE,wn-0358,-1,0.3,1
wn-0358:2:64,wn-0358:8:191,TEMPORAL,BEFORE,wn-0358,-1,0.3,1
wn-0358:2:64,wn-0358:9:220,TEMPORAL,BEFORE,wn-0358,-1,0.3,1
wn-0358:2:73,wn-0358:3:96,TEMPORAL,BEFORE,wn-0358,-1,0.3,1
wn-0358:2:73,wn-0358:4:109,TEMPORAL,BEFORE,wn-0358,-1,0.3,1
wn-0358:2:73,wn-0358:4:114,TEMPORAL,BEFORE,wn-0358,-1,0.3,1
wn-0358:2:73,wn-0358:5:136,TEMPORAL,BEFORE,wn-0358,-1,0.3,1
wn-0358:2:73,wn-0358:5:137,TEMPORAL,BEFORE,wn-0358,-1,0.3,1
wn-0358:2:73,wn-0358:6:160,TEMPORAL,BEFORE,wn-0358,-1,0.3,1
wn-0358:2:73,wn-0358:8:191,TEMPORAL,BEFORE,wn-0358,-1,0.3,1
wn-0358:2:73,wn-0358:9:220,TEMPORAL,BEFORE,wn-0358,-1,0.3,1
wn-0358:3:96,wn-0358:4:109,TEMPORAL,BEFORE,wn-0358,-1,0.3,1
wn-0358:3:96,wn-0358:4:114,TEMPORAL,BEFORE,wn-0358,-1,0.3,1
wn-0358:3:96,wn-0358:5:136,TEMPORAL,BEFORE,wn-0358,-1,0.3,1
wn-0358:3:96,wn-0358:5:137,TEMPORAL,BEFORE,wn-0358,-1,0.3,1
wn-0358:3:96,wn-0358:6:160,TEMPORAL,BEFORE,wn-0358,-1,0.3,1
wn-0358:3:96,wn-0358:8:191,TEMPORAL,BEFORE,wn-0358,-1,0.3,1
wn-0358:3:96,wn-0358:9:220,TEMPORAL,BEFORE,wn-0358,-1,0.3,1
wn-0358:4:109,wn-0358:5:136,TEMPORAL,BEFORE,wn-0358,-1,0.3,1
wn-0358:4:109,wn-0358:5:137,TEMPORAL,BEFORE,wn-0358,-1,0.3,1
wn-0358:4:109,wn-0358:6:160,TEMPORAL,BEFORE,wn-0358,-1,0.3,1
wn-0358:4:109,wn-0358:8:191,TEMPORAL,BEFORE,wn-0358,-1,0.3,1
wn-0358:4:109,wn-0358:9:220,TEMPORAL,BEFORE,wn-0358,-1,0.3,1
wn-0358:4:114,wn-0358:5:136,TEMPORAL,BEFORE,wn-0358,-1,0.3,1
wn-0358:4:114,wn-0358:5:137,TEMPORAL,BEFORE,wn-0358,-1,0.3,1
wn-0358:4:114,wn-0358:6:160,TEMPORAL,BEFORE,wn-0358,-1,0.3,1
wn-0358:4:114,wn-0358:8:191,TEMPORAL,BEFORE,wn-0358,-1,0.3,1
wn-0358:4:114,wn-0358:9:220,TEMPORAL,BEFORE,wn-0358,-1,0.3,1
wn-0358:5:136,wn-0358:6:160,TEMPORAL,BEFORE,wn-0358,-1,0.3,1
wn-0358:5:136,wn-0358:8:191,TEMPORAL,BEFORE,wn-0358,-1,0.3,1
wn-0358:5:136,wn-0358:9:220,TEMPORAL,BEFORE,wn-0358,-1,0.3,1
wn-0358:5:137,wn-0358:6:160,TEMPORAL,BEFORE,wn-0358,-1,0.3,1
wn-0358:5:137,wn-0358:8:191,TEMPORAL,BEFORE,wn-0358,-1,0.3,1
wn-0358:5:137,wn-0358:9:220,TEMPORAL,BEFORE,wn-0358,-1,0.3,1
wn-0358:6:160,wn-0358:8:191,TEMPORAL,BEFORE,wn-0358,-1,0.3,1
wn-0358:6:160,wn-0358:9:220,TEMPORAL,BEFORE,wn-0358,-1,0.3,1
wn-0358:8:191,wn-0358:9:220,TEMPORAL,BEFORE,wn-0358,-1,0.3,1
wn-0359:0:14,wn-0359:0:5,TEMPORAL,SIMULTANEOUS,wn-0359,-1,0.5,1
wn-0359:0:14,wn-0359:1:31,TEMPORAL,BEFORE,wn-0359,-1,0.85,1
wn-0359:0:14,wn-0359:1:33,TEMPORAL,BEFORE,wn-0359,-1,0.85,1
wn-0359:0:14,wn-0359:2:49,TEMPORAL,BEFORE,wn-0359,-1,0.85,1
wn-0359:0:14,wn-0359:2:53,TEMPORAL,BEFORE,wn-0359,-1,0.85,1
wn-0359:0:14,wn-0359:2:59,TEMPORAL,BEFORE,wn-0359,-1,0.85,1
wn-0359:0:14,wn-0359:5:116,TEMPORAL,BEFORE,wn-0359,-1,0.85,1
wn-0359:0:14,wn-0359:7:154,TEMPORAL,BEFORE,wn-0359,-1,0.3,1
wn-0359:0:14,wn-0359:10:217,TEMPORAL,BEFORE,wn-0359,-1,0.3,1
wn-0359:0:14,wn-0359:10:224,TEMPORAL,BEFORE,wn-0359,-1,0.3,1
wn-0359:0:5,wn-0359:1:31,TEMPORAL,BEFORE,wn-0359,-1,0.3,1
wn-0359:0:5,wn-0359:1:33,TEMPORAL,BEFORE,wn-0359,-1,0.3,1
wn-0359:0:5,wn-0359:2:49,TEMPORAL,BEFORE,wn-0359,-1,0.3,1
wn-0359:0:5,wn-0359:2:53,TEMPORAL,BEFORE,wn-0359,-1,0.3,1
wn-0359:0:5,wn-0359:2:59,TEMPORAL,BEFORE,wn-0359,-1,0.3,1
wn-0359:0:5,wn-0359:5:116,TEMPORAL,BEFORE,wn-0359,-1,0.3,1
wn-0359:0:5,wn-0359:7:154,TEMPORAL,BEFORE,wn-0359,-1,0.3,1
wn-0359:0:5,wn-0359:10:217,TEMPORAL,BEFORE,wn-0359,-1,0.3,1
wn-0359:0:5,wn-0359:10:224,TEMPORAL,BEFORE,wn-0359,-1,0.3,1
wn-0359:1:31,wn-0359:1:33,TEMPORAL,SIMULTANEOUS,wn-0359,-1,0.85,1
wn-0359:1:31,wn-0359:2:49,TEMPORAL,AFTER,wn-0359,-1,0.85,1
wn-0359:1:31,wn-0359:2:53,TEMPORAL,BEFORE,wn-0359,-1,0.85,1
wn-0359:1:31,wn-0359:2:59,TEMPORAL,AFTER,wn-0359,-1,0.85,1
wn-0359:1:31,wn-0359:5:116,TEMPORAL,AFTER,wn-0359,-1,0.85,1
wn-0359:1:31,wn-0359:7:154,TEMPORAL,BEFORE,wn-0359,-1,0.3,1
wn-0359:1:31,wn-0359:10:217,TEMPORAL,BEFORE,wn-0359,-1,0.3,1
wn-0359:1:31,wn-0359:10:224,TEMPORAL,BEFORE,wn-0359,-1,0.3,1
wn-0359:1:33,wn-0359:2:49,TEMPORAL,AFTER,wn-0359,-1,0.85,1
wn-0359:1:33,wn-0359:2:53,TEMPORAL,BEFORE,wn-0359,-1,0.85,1
wn-0359:1:33,wn-0359:2:59,TEMPORAL,AFTER,wn-0359,-1,0.85,1
wn-0359:1:33,wn-0359:5:116,TEMPORAL,AFTER,wn-0359,-1,0.85,1
wn-0359:1:33,wn-0359:7:154,TEMPORAL,BEFORE,wn-0359,-1,0.3,1
wn-0359:1:33,wn-0359:10:217,TEMPORAL,BEFORE,wn-0359,-1,0.3,1
wn-0359:1:33,wn-0359:10:224,TEMPORAL,BEFORE,wn-0359,-1,0.3,1
wn-0359:2:49,wn-0359:2:53,TEMPORAL,BEFORE,wn-0359,-1,0.85,1
wn-0359:2:49,wn-0359:2:59,TEMPORAL,AFTER,wn-0359,-1,0.85,1
wn-0359:2:49,wn-0359:5:116,TEMPORAL,BEFORE,wn-0359,-1,0.85,1
wn-0359:2:49,wn-0359:7:154,TEMPORAL,BEFORE,wn-0359,-1,0.3,1
wn-0359:2:49,wn-0359:10:217,TEMPORAL,BEFORE,wn-0359,-1,0.3,1
wn-0359:2:49,wn-0359:10:224,TEMPORAL,BEFORE,wn-0359,-1,0.3,1
wn-0359:2:53,wn-0359:2:59,TEMPORAL,AFTER,wn-0359,-1,0.85,1
wn-0359:2:53,wn-0359:5:116,TEMPORAL,AFTER,wn-0359,-1,0.85,1
wn-0359:2:53,wn-0359:7:154,TEMPORAL,BEFORE,wn-0359,-1,0.3,1
wn-0359:2:53,wn-0359:10:217,TEMPORAL,BEFORE,wn-0359,-1,0.3,1
wn-0359:2:53,wn-0359:10:224,TEMPORAL,BEFORE,wn-0359,-1,0.3,1
wn-0359:2:59,wn-0359:5:116,TEMPORAL,BEFORE,wn-0359,-1,0.85,1
wn-0359:2:59,wn-0359:7:154,TEMPORAL,BEFORE,wn-0359,-1,0.3,1
wn-0359:2:59,wn-0359:10:217,TEMPORAL,BEFORE,wn-0359,-1,0.3,1
wn-0359:2:59,wn-0359:10:224,TEMPORAL,BEFORE,wn-0359,-1,0.3,1
wn-0359:5:116,wn-0359:7:154,TEMPORAL,BEFORE,wn-0359,-1,0.3,1
wn-0359:5:116,wn-0359:10:217,TEMPORAL,BEFORE,wn-0359,-1,0.3,1
wn-0359:5:116,wn-0359:10:224,TEMPORAL,BEFORE,wn-0359,-1,0.3,1
wn-0359:7:154,wn-0359:10:217,TEMPORAL,BEFORE,wn-0359,-1,0.3,1
wn-0359:7:154,wn-0359:10:224,TEMPORAL,BEFORE,wn-0359,-1,0.3,1
wn-0359:10:217,wn-0359:10:224,TEMPORAL,BEFORE,wn-0359,-1,0.5,1
wn-0360:0:16,wn-0360:2:88,TEMPORAL,BEFORE,wn-0360,-1,0.3,1
wn-0360:0:16,wn-0360:4:156,TEMPORAL,BEFORE,wn-0360,-1,0.3,1
wn-0360:0:16,wn-0360:10:287,TEMPORAL,BEFORE,wn-0360,-1,0.3,1
wn-0360:0:16,wn-0360:12:353,TEMPORAL,AFTER,wn-0360,-1,0.8,1
wn-0360:0:16,wn-0360:13:373,TEMPORAL,BEFORE,wn-0360,-1,0.3,1
wn-0360:0:16,wn-0360:14:377,TEMPORAL,BEFORE,wn-0360,-1,0.3,1
wn-0360:0:16,wn-0360:14:384,TEMPORAL,BEFORE,wn-0360,-1,0.3,1
wn-0360:0:16,wn-0360:14:385,TEMPORAL,BEFORE,wn-0360,-1,0.3,1
wn-0360:0:16,wn-0360:14:393,TEMPORAL,BEFORE,wn-0360,-1,0.3,1
wn-0360:2:88,wn-0360:4:156,TEMPORAL,BEFORE,wn-0360,-1,0.3,1
wn-0360:2:88,wn-0360:10:287,TEMPORAL,BEFORE,wn-0360,-1,0.3,1
wn-0360:2:88,wn-0360:12:353,TEMPORAL,BEFORE,wn-0360,-1,0.3,1
wn-0360:2:88,wn-0360:13:373,TEMPORAL,BEFORE,wn-0360,-1,0.3,1
wn-0360:2:88,wn-0360:14:377,TEMPORAL,BEFORE,wn-0360,-1,0.3,1
wn-0360:2:88,wn-0360:14:384,TEMPORAL,BEFORE,wn-0360,-1,0.3,1
wn-0360:2:88,wn-0360:14:385,TEMPORAL,BEFORE,wn-0360,-1,0.3,1
wn-0360:2:88,wn-0360:14:393,TEMPORAL,BEFORE,wn-0360,-1,0.3,1
wn-0360:4:156,wn-0360:10:287,TEMPORAL,BEFORE,wn-0360,-1,0.3,1
wn-0360:4:156,wn-0360:12:353,TEMPORAL,BEFORE,wn-0360,-1,0.3,1
wn-0360:4:156,wn-0360:13:373,TEMPORAL,BEFORE,wn-0360,-1,0.3,1
wn-0360:4:156,wn-0360:14:377,TEMPORAL,BEFORE,wn-0360,-1,0.3,1
wn-0360:4:156,wn-0360:14:384,TEMPORAL,BEFORE,wn-0360,-1,0.3,1
wn-0360:4:156,wn-0360:14:385,TEMPORAL,BEFORE,wn-0360,-1,0.3,1
wn-0360:4:156,wn-0360:14:393,TEMPORAL,BEFORE,wn-0360,-1,0.3,1
wn-0360:10:287,wn-0360:12:353,TEMPORAL,BEFORE,wn-0360,-1,0.3,1
wn-0360:10:287,wn-0360:13:373,TEMPORAL,BEFORE,wn-0360,-1,0.3,1
wn-0360:10:287,wn-0360:14:377,TEMPORAL,BEFORE,wn-0360,-1,0.3,1
wn-0360:10:287,wn-0360:14:384,TEMPORAL,BEFORE,wn-0360,-1,0.3,1
wn-0360:10:287,wn-0360:14:385,TEMPORAL,BEFORE,wn-0360,-1,0.3,1
wn-0360:10:287,wn-0360:14:393,TEMPORAL,BEFORE,wn-0360,-1,0.3,1
wn-0360:12:353,wn-0360:13:373,TEMPORAL,BEFORE,wn-0360,-1,0.3,1
wn-0360:12:353,wn-0360:14:377,TEMPORAL,BEFORE,wn-0360,-1,0.3,1
wn-0360:12:353,wn-0360:14:384,TEMPORAL,BEFORE,wn-0360,-1,0.3,1
wn-0360:12:353,wn-0360:14:385,TEMPORAL,BEFORE,wn-0360,-1,0.3,1
wn-0360:12:353,wn-0360:14:393,TEMPORAL,BEFORE,wn-0360,-1,0.3,1
wn-0360:13:373,wn-0360:14:377,TEMPORAL,BEFORE,wn-0360,-1,0.3,1
wn-0360:13:373,wn-0360:14:384,TEMPORAL,BEFORE,wn-0360,-1,0.3,1
wn-0360:13:373,wn-0360:14:385,TEMPORAL,BEFORE,wn-0360,-1,0.3,1
wn-0360:13:373,wn-0360:14:393,TEMPORAL,BEFORE,wn-0360,-1,0.3,1
wn-0360:14:377,wn-0360:14:384,TEMPORAL,AFTER,wn-0360,-1,0.5,1
wn-0360:14:377,wn-0360:14:385,TEMPORAL,AFTER,wn-0360,-1,0.5,1
wn-0360:14:377,wn-0360:14:393,TEMPORAL,AFTER,wn-0360,-1,0.5,1
wn-0360:14:384,wn-0360:14:385,TEMPORAL,AFTER,wn-0360,-1,0.5,1
wn-0360:14:384,wn-0360:14:393,TEMPORAL,AFTER,wn-0360,-1,0.5,1
wn-0360:14:385,wn-0360:14:393,TEMPORAL,AFTER,wn-0360,-1,0.5,1
wn-0361:4:126,wn-0361:4:145,TEMPORAL,BEFORE,wn-0361,-1,0.5,1
wn-0361:4:126,wn-0361:5:157,TEMPORAL,BEFORE,wn-0361,-1,0.3,1
wn-0361:4:126,wn-0361:6:211,TEMPORAL,BEFORE,wn-0361,-1,0.3,1
wn-0361:4:145,wn-0361:5:157,TEMPORAL,BEFORE,wn-0361,-1,0.3,1
wn-0361:4:145,wn-0361:6:211,TEMPORAL,BEFORE,wn-0361,-1,0.3,1
wn-0361:5:157,wn-0361:6:211,TEMPORAL,BEFORE,wn-0361,-1,0.3,1
wn-0362:0:4,wn-0362:1:24,TEMPORAL,BEFORE,wn-0362,-1,0.3,1
wn-0362:0:4,wn-0362:1:26,TEMPORAL,BEFORE,wn-0362,-1,0.3,1
wn-0362:0:4,wn-0362:2:40,TEMPORAL,BEFORE,wn-0362,-1,0.3,1
wn-0362:0:4,wn-0362:3:55,TEMPORAL,BEFORE,wn-0362,-1,0.3,1
wn-0362:0:4,wn-0362:4:74,TEMPORAL,BEFORE,wn-0362,-1,0.3,1
wn-0362:0:4,wn-0362:5:87,TEMPORAL,BEFORE,wn-0362,-1,0.3,1
wn-0362:0:4,wn-0362:8:166,TEMPORAL,BEFORE,wn-0362,-1,0.3,1
wn-0362:0:4,wn-0362:11:199,TEMPORAL,BEFORE,wn-0362,-1,0.3,1
wn-0362:0:4,wn-0362:11:207,TEMPORAL,BEFORE,wn-0362,-1,0.3,1
wn-0362:0:4,wn-0362:11:214,TEMPORAL,BEFORE,wn-0362,-1,0.3,1
wn-0362:0:6,wn-0362:1:24,TEMPORAL,BEFORE,wn-0362,-1,0.3,1
wn-0362:0:6,wn-0362:1:26,TEMPORAL,BEFORE,wn-0362,-1,0.3,1
wn-0362:0:6,wn-0362:2:40,TEMPORAL,BEFORE,wn-0362,-1,0.3,1
wn-0362:0:6,wn-0362:3:55,TEMPORAL,BEFORE,wn-0362,-1,0.3,1
wn-0362:0:6,wn-0362:4:74,TEMPORAL,BEFORE,wn-0362,-1,0.3,1
wn-0362:0:6,wn-0362:5:87,TEMPORAL,BEFORE,wn-0362,-1,0.3,1
wn-0362:0:6,wn-0362:8:166,TEMPORAL,BEFORE,wn-0362,-1,0.3,1
wn-0362:0:6,wn-0362:11:199,TEMPORAL,BEFORE,wn-0362,-1,0.3,1
wn-0362:0:6,wn-0362:11:207,TEMPORAL,BEFORE,wn-0362,-1,0.3,1
wn-0362:0:6,wn-0362:11:214,TEMPORAL,BEFORE,wn-0362,-1,0.3,1
wn-0362:1:24,wn-0362:2:40,TEMPORAL,BEFORE,wn-0362,-1,0.3,1
wn-0362:1:24,wn-0362:3:55,TEMPORAL,BEFORE,wn-0362,-1,0.3,1
wn-0362:1:24,wn-0362:4:74,TEMPORAL,BEFORE,wn-0362,-1,0.3,1
wn-0362:1:24,wn-0362:5:87,TEMPORAL,BEFORE,wn-0362,-1,0.3,1
wn-0362:1:24,wn-0362:8:166,TEMPORAL,BEFORE,wn-0362,-1,0.3,1
wn-0362:1:24,wn-0362:11:199,TEMPORAL,BEFORE,wn-0362,-1,0.3,1
wn-0362:1:24,wn-0362:11:207,TEMPORAL,BEFORE,wn-0362,-1,0.3,1
wn-0362:1:24,wn-0362:11:214,TEMPORAL,BEFORE,wn-0362,-1,0.3,1
wn-0362:1:26,wn-0362:2:40,TEMPORAL,BEFORE,wn-0362,-1,0.3,1
wn-0362:1:26,wn-0362:3:55,TEMPORAL,BEFORE,wn-0362,-1,0.3,1
wn-0362:1:26,wn-0362:4:74,TEMPORAL,BEFORE,wn-0362,-1,0.3,1
wn-0362:1:26,wn-0362:5:87,TEMPORAL,BEFORE,wn-0362,-1,0.3,1
wn-0362:1:26,wn-0362:8:166,TEMPORAL,BEFORE,wn-0362,-1,0.3,1
wn-0362:1:26,wn-0362:11:199,TEMPORAL,BEFORE,wn-0362,-1,0.3,1
wn-0362:1:26,wn-0362:11:207,TEMPORAL,BEFORE,wn-0362,-1,0.3,1
wn-0362:1:26,wn-0362:11:214,TEMPORAL,BEFORE,wn-0362,-1,0.3,1
wn-0362:2:40,wn-0362:3:55,TEMPORAL,AFTER,wn-0362,-1,0.85,1
wn-0362:2:40,wn-0362:4:74,TEMPORAL,AFTER,wn-0362,-1,0.85,1
wn-0362:2:40,wn-0362:5:87,TEMPORAL,BEFORE,wn-0362,-1,0.3,1
wn-0362:2:40,wn-0362:8:166,TEMPORAL,AFTER,wn-0362,-1,0.75,1
wn-0362:2:40,wn-0362:11:199,TEMPORAL,BEFORE,wn-0362,-1,0.85,1
wn-0362:2:40,wn-0362:11:207,TEMPORAL,AFTER,wn-0362,-1,0.85,1
wn-0362:2:40,wn-0362:11:214,TEMPORAL,AFTER,wn-0362,-1,0.85,1
wn-0362:3:55,wn-0362:4:74,TEMPORAL,SIMULTANEOUS,wn-0362,-1,0.85,1
wn-0362:3:55,wn-0362:5:87,TEMPORAL,BEFORE,wn-0362,-1,0.3,1
wn-0362:3:55,wn-0362:8:166,TEMPORAL,BEFORE,wn-0362,-1,0.75,1
wn-0362:3:55,wn-0362:11:199,TEMPORAL,BEFORE,wn-0362,-1,0.85,1
wn-0362:3:55,wn-0362:11:207,TEMPORAL,BEFORE,wn-0362,-1,0.85,1
wn-0362:3:55,wn-0362:11:214,TEMPORAL,BEFORE,wn-0362,-1,0.85,1
wn-0362:4:74,wn-0362:5:87,TEMPORAL,BEFORE,wn-0362,-1,0.3,1
wn-0362:4:74,wn-0362:8:166,TEMPORAL,BEFORE,wn-0362,-1,0.75,1
wn-0362:4:74,wn-0362:11:199,TEMPORAL,BEFORE,wn-0362,-1,0.85,1
wn-0362:4:74,wn-0362:11:207,TEMPORAL,BEFORE,wn-0362,-1,0.85,1
wn-0362:4:74,wn-0362:11:214,TEMPORAL,BEFORE,wn-0362,-1,0.85,1
wn-0362:5:87,wn-0362:8:166,TEMPORAL,BEFORE,wn-0362,-1,0.3,1
wn-0362:5:87,wn-0362:11:199,TEMPORAL,BEFORE,wn-0362,-1,0.3,1
wn-0362:5:87,wn-0362:11:207,TEMPORAL,BEFORE,wn-0362,-1,0.3,1
wn-0362:5:87,wn-0362:11:214,TEMPORAL,BEFORE,wn-0362,-1,0.3,1
wn-0362:8:166,wn-0362:11:199,TEMPORAL,BEFORE,wn-0362,-1,0.75,1
wn-0362:8:166,wn-0362:11:207,TEMPORAL,BEFORE,wn-0362,-1,0.75,1
wn-0362:8:166,wn-0362:11:214,TEMPORAL,BEFORE,wn-0362,-1,0.75,1
wn-0362:11:199,wn-0362:11:207,TEMPORAL,AFTER,wn-0362,-1,0.85,1
wn-0362:11:199,wn-0362:11:214,TEMPORAL,AFTER,wn-0362,-1,0.85,1
wn-0362:11:207,wn-0362:11:214,TEMPORAL,SIMULTANEOUS,wn-0362,-1,0.85,1
wn-0364:0:12,wn-0364:0:3,TEMPORAL,AFTER,wn-0364,-1,0.5,1
wn-0364:0:12,wn-0364:1:15,TEMPORAL,BEFORE,wn-0364,-1,0.3,1
wn-0364:0:12,wn-0364:1:47,TEMPORAL,BEFORE,wn-0364,-1,0.3,1
wn-0364:0:12,wn-0364:2:54,TEMPORAL,BEFORE,wn-0364,-1,0.3,1
wn-0364:0:12,wn-0364:2:64,TEMPORAL,BEFORE,wn-0364,-1,0.3,1
wn-0364:0:12,wn-0364:3:90,TEMPORAL,BEFORE,wn-0364,-1,0.3,1
wn-0364:0:12,wn-0364:4:112,TEMPORAL,BEFORE,wn-0364,-1,0.3,1
wn-0364:0:12,wn-0364:4:124,TEMPORAL,BEFORE,wn-0364,-1,0.3,1
wn-0364:0:12,wn-0364:5:145,TEMPORAL,BEFORE,wn-0364,-1,0.3,1
wn-0364:0:12,wn-0364:10:325,TEMPORAL,BEFORE,wn-0364,-1,0.3,1
wn-0364:0:12,wn-0364:13:358,TEMPORAL,BEFORE,wn-0364,-1,0.3,1
wn-0364:0:12,wn-0364:13:366,TEMPORAL,BEFORE,wn-0364,-1,0.3,1
wn-0364:0:12,wn-0364:13:373,TEMPORAL,BEFORE,wn-0364,-1,0.3,1
wn-0364:0:3,wn-0364:1:15,TEMPORAL,BEFORE,wn-0364,-1,0.3,1
wn-0364:0:3,wn-0364:1:47,TEMPORAL,BEFORE,wn-0364,-1,0.3,1
wn-0364:0:3,wn-0364:2:54,TEMPORAL,BEFORE,wn-0364,-1,0.3,1
wn-0364:0:3,wn-0364:2:64,TEMPORAL,BEFORE,wn-0364,-1,0.3,1
wn-0364:0:3,wn-0364:3:90,TEMPORAL,BEFORE,wn-0364,-1,0.3,1
wn-0364:0:3,wn-0364:4:112,TEMPORAL,BEFORE,wn-0364,-1,0.3,1
wn-0364:0:3,wn-0364:4:124,TEMPORAL,BEFORE,wn-0364,-1,0.3,1
wn-0364:0:3,wn-0364:5:145,TEMPORAL,BEFORE,wn-0364,-1,0.3,1
wn-0364:0:3,wn-0364:10:325,TEMPORAL,BEFORE,wn-0364,-1,0.3,1
wn-0364:0:3,wn-0364:13:358,TEMPORAL,BEFORE,wn-0364,-1,0.3,1
wn-0364:0:3,wn-0364:13:366,TEMPORAL,BEFORE,wn-0364,-1,0.3,1
wn-0364:0:3,wn-0364:13:373,TEMPORAL,BEFORE,wn-0364,-1,0.3,1
wn-0364:1:15,wn-0364:1:47,TEMPORAL,SIMULTANEOUS,wn-0364,-1,0.8,1
wn-0364:1:15,wn-0364:2:54,TEMPORAL,BEFORE,wn-0364,-1,0.3,1
wn-0364:1:15,wn-0364:2:64,TEMPORAL,BEFORE,wn-0364,-1,0.3,1
wn-0364:1:15,wn-0364:3:90,TEMPORAL,BEFORE,wn-0364,-1,0.3,1
wn-0364:1:15,wn-0364:4:112,TEMPORAL,BEFORE,wn-0364,-1,0.3,1
wn-0364:1:15,wn-0364:4:124,TEMPORAL,BEFORE,wn-0364,-1,0.3,1
wn-0364:1:15,wn-0364:5:145,TEMPORAL,BEFORE,wn-0364,-1,0.3,1
wn-0364:1:15,wn-0364:10:325,TEMPORAL,AFTER,wn-0364,-1,0.75,1
wn-0364:1:15,wn-0364:13:358,TEMPORAL,BEFORE,wn-0364,-1,0.8,1
wn-0364:1:15,wn-0364:13:366,TEMPORAL,AFTER,wn-0364,-1,0.8,1
wn-0364:1:15,wn-0364:13:373,TEMPORAL,AFTER,wn-0364,-1,0.8,1
wn-0364:1:47,wn-0364:2:54,TEMPORAL,BEFORE,wn-0364,-1,0.3,1
wn-0364:1:47,wn-0364:2:64,TEMPORAL,BEFORE,wn-0364,-1,0.3,1
wn-0364:1:47,wn-0364:3:90,TEMPORAL,BEFORE,wn-0364,-1,0.3,1
wn-0364:1:47,wn-0364:4:112,TEMPORAL,BEFORE,wn-0364,-1,0.3,1
wn-0364:1:47,wn-0364:4:124,TEMPORAL,BEFORE,wn-0364,-1,0.3,1
wn-0364:1:47,wn-0364:5:145,TEMPORAL,BEFORE,wn-0364,-1,0.3,1
wn-0364:1:47,wn-0364:10:325,TEMPORAL,AFTER,wn-0364,-1,0.75,1
wn-0364:1:47,wn-0364:13:358,TEMPORAL,BEFORE,wn-0364,-1,0.8,1
wn-0364:1:47,wn-0364:13:366,TEMPORAL,AFTER,wn-0364,-1,0.8,1
wn-0364:1:47,wn-0364:13:373,TEMPORAL,AFTER,wn-0364,-1,0.8,1
wn-0364:2:54,wn-0364:3:90,TEMPORAL,BEFORE,wn-0364,-1,0.3,1
wn-0364:2:54,wn-0364:4:112,TEMPORAL,BEFORE,wn-0364,-1,0.3,1
wn-0364:2:54,wn-0364:4:124,TEMPORAL,BEFORE,wn-0364,-1,0.3,1
wn-0364:2:54,wn-0364:5:145,TEMPORAL,BEFORE,wn-0364,-1,0.3,1
wn-0364:2:54,wn-0364:10:325,TEMPORAL,BEFORE,wn-0364,-1,0.3,1
wn-0364:2:54,wn-0364:13:358,TEMPORAL,BEFORE,wn-0364,-1,0.3,1
wn-0364:2:54,wn-0364:13:366,TEMPORAL,BEFORE,wn-0364,-1,0.3,1
wn-0364:2:54,wn-0364:13:373,TEMPORAL,BEFORE,wn-0364,-1,0.3,1
wn-0364:2:64,wn-0364:3:90,TEMPORAL,BEFORE,wn-0364,-1,0.3,1
wn-0364:2:64,wn-0364:4:112,TEMPORAL,BEFORE,wn-0364,-1,0.3,1
wn-0364:2:64,wn-0364:4:124,TEMPORAL,BEFORE,wn-0364,-1,0.3,1
wn-0364:2:64,wn-0364:5:145,TEMPORAL,BEFORE,wn-0364,-1,0.3,1
wn-0364:2:64,wn-0364:10:325,TEMPORAL,BEFORE,wn-0364,-1,0.3,1
wn-0364:2:64,wn-0364:13:358,TEMPORAL,BEFORE,wn-0364,-1,0.3,1
wn-0364:2:64,wn-0364:13:366,TEMPORAL,BEFORE,wn-0364,-1,0.3,1
wn-0364:2:64,wn-0364:13:373,TEMPORAL,BEFORE,wn-0364,-1,0.3,1
wn-0364:3:90,wn-0364:4:112,TEMPORAL,BEFORE,wn-0364,-1,0.3,1
wn-0364:3:90,wn-0364:4:124,TEMPORAL,BEFORE,wn-0364,-1,0.3,1
wn-0364:3:90,wn-0364:5:145,TEMPORAL,BEFORE,wn-0364,-1,0.3,1
wn-0364:3:90,wn-0364:10:325,TEMPORAL,BEFORE,wn-0364,-1,0.3,1
wn-0364:3:90,wn-0364:13:358,TEMPORAL,BEFORE,wn-0364,-1,0.3,1
wn-0364:3:90,wn-0364:13:366,TEMPORAL,BEFORE,wn-0364,-1,0.3,1
wn-0364:3:90,wn-0364:13:373,TEMPORAL,BEFORE,wn-0364,-1,0.3,1
wn-0364:4:112,wn-0364:5:145,TEMPORAL,BEFORE,wn-0364,-1,0.3,1
wn-0364:4:112,wn-0364:10:325,TEMPORAL,BEFORE,wn-0364,-1,0.3,1
wn-0364:4:112,wn-0364:13:358,TEMPORAL,BEFORE,wn-0364,-1,0.3,1
wn-0364:4:112,wn-0364:13:366,TEMPORAL,BEFORE,wn-0364,-1,0.3,1
wn-0364:4:112,wn-0364:13:373,TEMPORAL,BEFORE,wn-0364,-1,0.3,1
wn-0364:4:124,wn-0364:5:145,TEMPORAL,BEFORE,wn-0364,-1,0.3,1
wn-0364:4:124,wn-0364:10:325,TEMPORAL,BEFORE,wn-0364,-1,0.3,1
wn-0364:4:124,wn-0364:13:358,TEMPORAL,BEFORE,wn-0364,-1,0.3,1
wn-0364:4:124,wn-0364:13:366,TEMPORAL,BEFORE,wn-0364,-1,0.3,1
wn-0364:4:124,wn-0364:13:373,TEMPORAL,BEFORE,wn-0364,-1,0.3,1
wn-0364:5:145,wn-0364:10:325,TEMPORAL,BEFORE,wn-0364,-1,0.3,1
wn-0364:5:145,wn-0364:13:358,TEMPORAL,BEFORE,wn-0364,-1,0.3,1
wn-0364:5:145,wn-0364:13:366,TEMPORAL,BEFORE,wn-0364,-1,0.3,1
wn-0364:5:145,wn-0364:13:373,TEMPORAL,BEFORE,wn-0364,-1,0.3,1
wn-0364:10:325,wn-0364:13:358,TEMPORAL,BEFORE,wn-0364,-1,0.75,1
wn-0364:10:325,wn-0364:13:366,TEMPORAL,BEFORE,wn-0364,-1,0.75,1
wn-0364:10:325,wn-0364:13:373,TEMPORAL,BEFORE,wn-0364,-1,0.75,1
wn-0364:13:358,wn-0364:13:366,TEMPORAL,AFTER,wn-0364,-1,0.85,1
wn-0364:13:358,wn-0364:13:373,TEMPORAL,AFTER,wn-0364,-1,0.85,1
wn-0364:13:366,wn-0364:13:373,TEMPORAL,SIMULTANEOUS,wn-0364,-1,0.85,1
wn-0367:0:7,wn-0367:1:52,TEMPORAL,BEFORE,wn-0367,-1,0.3,1
wn-0367:0:7,wn-0367:4:94,TEMPORAL,BEFORE,wn-0367,-1,0.3,1
wn-0367:0:7,wn-0367:5:124,TEMPORAL,BEFORE,wn-0367,-1,0.3,1
wn-0367:0:7,wn-0367:7:204,TEMPORAL,BEFORE,wn-0367,-1,0.3,1
wn-0367:0:7,wn-0367:8:240,TEMPORAL,BEFORE,wn-0367,-1,0.3,1
wn-0367:0:7,wn-0367:10:253,TEMPORAL,BEFORE,wn-0367,-1,0.3,1
wn-0367:0:7,wn-0367:10:265,TEMPORAL,BEFORE,wn-0367,-1,0.3,1
wn-0367:0:7,wn-0367:10:274,TEMPORAL,BEFORE,wn-0367,-1,0.3,1
wn-0367:1:52,wn-0367:4:94,TEMPORAL,BEFORE,wn-0367,-1,0.3,1
wn-0367:1:52,wn-0367:5:124,TEMPORAL,BEFORE,wn-0367,-1,0.3,1
wn-0367:1:52,wn-0367:7:204,TEMPORAL,BEFORE,wn-0367,-1,0.3,1
wn-0367:1:52,wn-0367:8:240,TEMPORAL,BEFORE,wn-0367,-1,0.3,1
wn-0367:1:52,wn-0367:10:253,TEMPORAL,AFTER,wn-0367,-1,0.7,1
wn-0367:1:52,wn-0367:10:265,TEMPORAL,AFTER,wn-0367,-1,0.7,1
wn-0367:1:52,wn-0367:10:274,TEMPORAL,AFTER,wn-0367,-1,0.7,1
wn-0367:4:94,wn-0367:5:124,TEMPORAL,BEFORE,wn-0367,-1,0.3,1
wn-0367:4:94,wn-0367:7:204,TEMPORAL,BEFORE,wn-0367,-1,0.3,1
wn-0367:4:94,wn-0367:8:240,TEMPORAL,BEFORE,wn-0367,-1,0.3,1
wn-0367:4:94,wn-0367:10:253,TEMPORAL,BEFORE,wn-0367,-1,0.3,1
wn-0367:4:94,wn-0367:10:265,TEMPORAL,BEFORE,wn-0367,-1,0.3,1
wn-0367:4:94,wn-0367:10:274,TEMPORAL,BEFORE,wn-0367,-1,0.3,1
wn-0367:5:124,wn-0367:7:204,TEMPORAL,BEFORE,wn-0367,-1,0.3,1
wn-0367:5:124,wn-0367:8:240,TEMPORAL,BEFORE,wn-0367,-1,0.3,1
wn-0367:5:124,wn-0367:10:253,TEMPORAL,BEFORE,wn-0367,-1,0.3,1
wn-0367:5:124,wn-0367:10:265,TEMPORAL,BEFORE,wn-0367,-1,0.3,1
wn-0367:5:124,wn-0367:10:274,TEMPORAL,BEFORE,wn-0367,-1,0.3,1
wn-0367:7:204,wn-0367:8:240,TEMPORAL,BEFORE,wn-0367,-1,0.3,1
wn-0367:7:204,wn-0367:10:253,TEMPORAL,BEFORE,wn-0367,-1,0.3,1
wn-0367:7:204,wn-0367:10:265,TEMPORAL,BEFORE,wn-0367,-1,0.3,1
wn-0367:7:204,wn-0367:10:274,TEMPORAL,BEFORE,wn-0367,-1,0.3,1
wn-0367:8:240,wn-0367:10:253,TEMPORAL,BEFORE,wn-0367,-1,0.3,1
wn-0367:8:240,wn-0367:10:265,TEMPORAL,BEFORE,wn-0367,-1,0.3,1
wn-0367:8:240,wn-0367:10:274,TEMPORAL,BEFORE,wn-0367,-1,0.3,1
wn-0367:10:253,wn-0367:10:265,TEMPORAL,SIMULTANEOUS,wn-0367,-1,0.9,1
wn-0367:10:253,wn-0367:10:274,TEMPORAL,SIMULTANEOUS,wn-0367,-1,0.9,1
wn-0367:10:265,wn-0367:10:274,TEMPORAL,SIMULTANEOUS,wn-0367,-1,0.9,1
wn-0368:0:4,wn-0368:1:33,TEMPORAL,BEFORE,wn-0368,-1,0.3,1
wn-0368:0:4,wn-0368:1:35,TEMPORAL,BEFORE,wn-0368,-1,0.3,1
wn-0368:0:4,wn-0368:4:130,TEMPORAL,BEFORE,wn-0368,-1,0.3,1
wn-0368:0:4,wn-0368:8:199,TEMPORAL,BEFORE,wn-0368,-1,0.3,1
wn-0368:1:33,wn-0368:4:130,TEMPORAL,BEFORE,wn-0368,-1,0.3,1
wn-0368:1:33,wn-0368:8:199,TEMPORAL,BEFORE,wn-0368,-1,0.3,1
wn-0368:1:35,wn-0368:4:130,TEMPORAL,BEFORE,wn-0368,-1,0.3,1
wn-0368:1:35,wn-0368:8:199,TEMPORAL,BEFORE,wn-0368,-1,0.3,1
wn-0368:4:130,wn-0368:8:199,TEMPORAL,BEFORE,wn-0368,-1,0.3,1
wn-0369:7:124,wn-0369:14:248,TEMPORAL,BEFORE,wn-0369,-1,0.3,1
wn-0369:7:124,wn-0369:14:253,TEMPORAL,BEFORE,wn-0369,-1,0.3,1
wn-0370:2:70,wn-0370:3:82,TEMPORAL,BEFORE,wn-0370,-1,0.3,1
wn-0370:2:70,wn-0370:3:97,TEMPORAL,BEFORE,wn-0370,-1,0.3,1
wn-0370:2:70,wn-0370:4:117,TEMPORAL,BEFORE,wn-0370,-1,0.3,1
wn-0370:3:82,wn-0370:3:97,TEMPORAL,BEFORE,wn-0370,-1,0.95,1
wn-0370:3:82,wn-0370:4:117,TEMPORAL,AFTER,wn-0370,-1,0.85,1
wn-0370:3:97,wn-0370:4:117,TEMPORAL,AFTER,wn-0370,-1,0.85,1
wn-0371:0:15,wn-0371:1:32,TEMPORAL,BEFORE,wn-0371,-1,0.3,1
wn-0371:0:15,wn-0371:2:62,TEMPORAL,BEFORE,wn-0371,-1,0.3,1
wn-0371:0:15,wn-0371:5:142,TEMPORAL,BEFORE,wn-0371,-1,0.3,1
wn-0371:0:15,wn-0371:8:214,TEMPORAL,BEFORE,wn-0371,-1,0.3,1
wn-0371:0:15,wn-0371:8:218,TEMPORAL,BEFORE,wn-0371,-1,0.3,1
wn-0371:0:15,wn-0371:9:243,TEMPORAL,BEFORE,wn-0371,-1,0.3,1
wn-0371:0:15,wn-0371:10:280,TEMPORAL,BEFORE,wn-0371,-1,0.3,1
wn-0371:0:15,wn-0371:14:357,TEMPORAL,BEFORE,wn-0371,-1,0.3,1
wn-0371:1:32,wn-0371:2:62,TEMPORAL,BEFORE,wn-0371,-1,0.3,1
wn-0371:1:32,wn-0371:5:142,TEMPORAL,BEFORE,wn-0371,-1,0.3,1
wn-0371:1:32,wn-0371:8:214,TEMPORAL,BEFORE,wn-0371,-1,0.3,1
wn-0371:1:32,wn-0371:8:218,TEMPORAL,BEFORE,wn-0371,-1,0.3,1
wn-0371:1:32,wn-0371:9:243,TEMPORAL,BEFORE,wn-0371,-1,0.3,1
wn-0371:1:32,wn-0371:10:280,TEMPORAL,BEFORE,wn-0371,-1,0.8,1
wn-0371:1:32,wn-0371:14:357,TEMPORAL,BEFORE,wn-0371,-1,0.3,1
wn-0371:2:62,wn-0371:5:142,TEMPORAL,BEFORE,wn-0371,-1,0.3,1
wn-0371:2:62,wn-0371:8:214,TEMPORAL,BEFORE,wn-0371,-1,0.3,1
wn-0371:2:62,wn-0371:8:218,TEMPORAL,BEFORE,wn-0371,-1,0.3,1
wn-0371:2:62,wn-0371:9:243,TEMPORAL,BEFORE,wn-0371,-1,0.3,1
wn-0371:2:62,wn-0371:10:280,TEMPORAL,BEFORE,wn-0371,-1,0.3,1
wn-0371:2:62,wn-0371:14:357,TEMPORAL,BEFORE,wn-0371,-1,0.3,1
wn-0371:5:142,wn-0371:8:214,TEMPORAL,BEFORE,wn-0371,-1,0.3,1
wn-0371:5:142,wn-0371:8:218,TEMPORAL,BEFORE,wn-0371,-1,0.3,1
wn-0371:5:142,wn-0371:9:243,TEMPORAL,BEFORE,wn-0371,-1,0.3,1
wn-0371:5:142,wn-0371:10:280,TEMPORAL,BEFORE,wn-0371,-1,0.3,1
wn-0371:5:142,wn-0371:14:357,TEMPORAL,BEFORE,wn-0371,-1,0.3,1
wn-0371:8:214,wn-0371:9:243,TEMPORAL,BEFORE,wn-0371,-1,0.3,1
wn-0371:8:214,wn-0371:10:280,TEMPORAL,BEFORE,wn-0371,-1,0.3,1
wn-0371:8:214,wn-0371:14:357,TEMPORAL,BEFORE,wn-0371,-1,0.3,1
wn-0371:8:218,wn-0371:9:243,TEMPORAL,BEFORE,wn-0371,-1,0.3,1
wn-0371:8:218,wn-0371:10:280,TEMPORAL,BEFORE,wn-0371,-1,0.3,1
wn-0371:8:218,wn-0371:14:357,TEMPORAL,BEFORE,wn-0371,-1,0.3,1
wn-0371:9:243,wn-0371:10:280,TEMPORAL,BEFORE,wn-0371,-1,0.3,1
wn-0371:9:243,wn-0371:14:357,TEMPORAL,BEFORE,wn-0371,-1,0.3,1
wn-0371:10:280,wn-0371:14:357,TEMPORAL,BEFORE,wn-0371,-1,0.3,1
wn-0372:0:5,wn-0372:1:21,TEMPORAL,BEFORE,wn-0372,-1,0.3,1
wn-0372:0:5,wn-0372:1:39,TEMPORAL,BEFORE,wn-0372,-1,0.3,1
wn-0372:0:5,wn-0372:1:49,TEMPORAL,BEFORE,wn-0372,-1,0.3,1
wn-0372:0:5,wn-0372:3:100,TEMPORAL,BEFORE,wn-0372,-1,0.3,1
wn-0372:0:5,wn-0372:4:156,TEMPORAL,BEFORE,wn-0372,-1,0.3,1
wn-0372:0:5,wn-0372:5:162,TEMPORAL,BEFORE,wn-0372,-1,0.3,1
wn-0372:0:5,wn-0372:12:299,TEMPORAL,BEFORE,wn-0372,-1,0.3,1
wn-0372:1:21,wn-0372:1:39,TEMPORAL,SIMULTANEOUS,wn-0372,-1,0.9,1
wn-0372:1:21,wn-0372:1:49,TEMPORAL,SIMULTANEOUS,wn-0372,-1,0.9,1
wn-0372:1:21,wn-0372:3:100,TEMPORAL,BEFORE,wn-0372,-1,0.3,1
wn-0372:1:21,wn-0372:4:156,TEMPORAL,BEFORE,wn-0372,-1,0.3,1
wn-0372:1:21,wn-0372:5:162,TEMPORAL,BEFORE,wn-0372,-1,0.3,1
wn-0372:1:21,wn-0372:12:299,TEMPORAL,BEFORE,wn-0372,-1,0.3,1
wn-0372:1:39,wn-0372:1:49,TEMPORAL,SIMULTANEOUS,wn-0372,-1,0.9,1
wn-0372:1:39,wn-0372:3:100,TEMPORAL,BEFORE,wn-0372,-1,0.3,1
wn-0372:1:39,wn-0372:4:156,TEMPORAL,BEFORE,wn-0372,-1,0.3,1
wn-0372:1:39,wn-0372:5:162,TEMPORAL,BEFORE,wn-0372,-1,0.3,1
wn-0372:1:39,wn-0372:12:299,TEMPORAL,BEFORE,wn-0372,-1,0.3,1
wn-0372:1:49,wn-0372:3:100,TEMPORAL,BEFORE,wn-0372,-1,0.3,1
wn-0372:1:49,wn-0372:4:156,TEMPORAL,BEFORE,wn-0372,-1,0.3,1
wn-0372:1:49,wn-0372:5:162,TEMPORAL,BEFORE,wn-0372,-1,0.3,1
wn-0372:1:49,wn-0372:12:299,TEMPORAL,BEFORE,wn-0372,-1,0.3,1
wn-0372:3:100,wn-0372:4:156,TEMPORAL,BEFORE,wn-0372,-1,0.3,1
wn-0372:3:100,wn-0372:5:162,TEMPORAL,BEFORE,wn-0372,-1,0.3,1
wn-0372:3:100,wn-0372:12:299,TEMPORAL,BEFORE,wn-0372,-1,0.3,1
wn-0372:4:156,wn-0372:5:162,TEMPORAL,BEFORE,wn-0372,-1,0.3,1
wn-0372:4:156,wn-0372:12:299,TEMPORAL,BEFORE,wn-0372,-1,0.3,1
wn-0372:5:162,wn-0372:12:299,TEMPORAL,BEFORE,wn-0372,-1,0.3,1
wn-0373:0:3,wn-0373:8:200,TEMPORAL,BEFORE,wn-0373,-1,0.3,1
wn-0373:0:3,wn-0373:11:283,TEMPORAL,BEFORE,wn-0373,-1,0.3,1
wn-0373:0:3,wn-0373:13:370,TEMPORAL,BEFORE,wn-0373,-1,0.3,1
wn-0373:8:200,wn-0373:11:283,TEMPORAL,BEFORE,wn-0373,-1,0.3,1
wn-0373:8:200,wn-0373:13:370,TEMPORAL,BEFORE,wn-0373,-1,0.85,1
wn-0373:11:283,wn-0373:13:370,TEMPORAL,BEFORE,wn-0373,-1,0.3,1
wn-0374:0:10,wn-0374:3:98,TEMPORAL,AFTER,wn-0374,-1,0.8,1
wn-0374:0:10,wn-0374:13:325,TEMPORAL,BEFORE,wn-0374,-1,0.3,1
wn-0374:3:98,wn-0374:13:325,TEMPORAL,BEFORE,wn-0374,-1,0.3,1
wn-0375:0:9,wn-0375:1:50,TEMPORAL,BEFORE,wn-0375,-1,0.3,1
wn-0375:0:9,wn-0375:4:128,TEMPORAL,BEFORE,wn-0375,-1,0.3,1
wn-0375:0:9,wn-0375:8:227,TEMPORAL,BEFORE,wn-0375,-1,0.3,1
wn-0375:0:9,wn-0375:10:290,TEMPORAL,BEFORE,wn-0375,-1,0.3,1
wn-0375:0:9,wn-0375:12:343,TEMPORAL,BEFORE,wn-0375,-1,0.3,1
wn-0375:1:50,wn-0375:4:128,TEMPORAL,BEFORE,wn-0375,-1,0.3,1
wn-0375:1:50,wn-0375:8:227,TEMPORAL,BEFORE,wn-0375,-1,0.3,1
wn-0375:1:50,wn-0375:10:290,TEMPORAL,BEFORE,wn-0375,-1,0.3,1
wn-0375:1:50,wn-0375:12:343,TEMPORAL,BEFORE,wn-0375,-1,0.3,1
wn-0375:4:128,wn-0375:8:227,TEMPORAL,BEFORE,wn-0375,-1,0.3,1
wn-0375:4:128,wn-0375:10:290,TEMPORAL,BEFORE,wn-0375,-1,0.3,1
wn-0375:4:128,wn-0375:12:343,TEMPORAL,BEFORE,wn-0375,-1,0.3,1
wn-0375:8:227,wn-0375:10:290,TEMPORAL,BEFORE,wn-0375,-1,0.3,1
wn-0375:8:227,wn-0375:12:343,TEMPORAL,BEFORE,wn-0375,-1,0.3,1
wn-0375:10:290,wn-0375:12:343,TEMPORAL,BEFORE,wn-0375,-1,0.3,1
wn-0376:0:4,wn-0376:1:15,TEMPORAL,BEFORE,wn-0376,-1,0.3,1
wn-0376:0:4,wn-0376:8:149,TEMPORAL,BEFORE,wn-0376,-1,0.3,1
wn-0376:0:4,wn-0376:8:151,TEMPORAL,BEFORE,wn-0376,-1,0.3,1
wn-0376:0:4,wn-0376:8:159,TEMPORAL,BEFORE,wn-0376,-1,0.3,1
wn-0376:0:4,wn-0376:9:170,TEMPORAL,BEFORE,wn-0376,-1,0.3,1
wn-0376:0:4,wn-0376:13:224,TEMPORAL,BEFORE,wn-0376,-1,0.3,1
wn-0376:1:15,wn-0376:8:149,TEMPORAL,BEFORE,wn-0376,-1,0.3,1
wn-0376:1:15,wn-0376:8:151,TEMPORAL,BEFORE,wn-0376,-1,0.3,1
wn-0376:1:15,wn-0376:8:159,TEMPORAL,BEFORE,wn-0376,-1,0.3,1
wn-0376:1:15,wn-0376:9:170,TEMPORAL,BEFORE,wn-0376,-1,0.7,1
wn-0376:1:15,wn-0376:13:224,TEMPORAL,BEFORE,wn-0376,-1,0.3,1
wn-0376:8:149,wn-0376:8:151,TEMPORAL,AFTER,wn-0376,-1,0.5,1
wn-0376:8:149,wn-0376:8:159,TEMPORAL,AFTER,wn-0376,-1,0.5,1
wn-0376:8:149,wn-0376:9:170,TEMPORAL,BEFORE,wn-0376,-1,0.3,1
wn-0376:8:149,wn-0376:13:224,TEMPORAL,BEFORE,wn-0376,-1,0.3,1
wn-0376:8:151,wn-0376:8:159,TEMPORAL,AFTER,wn-0376,-1,0.5,1
wn-0376:8:151,wn-0376:9:170,TEMPORAL,BEFORE,wn-0376,-1,0.3,1
wn-0376:8:151,wn-0376:13:224,TEMPORAL,BEFORE,wn-0376,-1,0.3,1
wn-0376:8:159,wn-0376:9:170,TEMPORAL,BEFORE,wn-0376,-1,0.3,1
wn-0376:8:159,wn-0376:13:224,TEMPORAL,BEFORE,wn-0376,-1,0.3,1
wn-0376:9:170,wn-0376:13:224,TEMPORAL,BEFORE,wn-0376,-1,0.3,1
wn-0377:1:19,wn-0377:3:120,TEMPORAL,BEFORE,wn-0377,-1,0.3,1
wn-0377:1:19,wn-0377:3:96,TEMPORAL,BEFORE,wn-0377,-1,0.3,1
wn-0377:1:19,wn-0377:3:99,TEMPORAL,BEFORE,wn-0377,-1,0.3,1
wn-0377:1:19,wn-0377:5:145,TEMPORAL,BEFORE,wn-0377,-1,0.3,1
wn-0377:1:19,wn-0377:5:152,TEMPORAL,BEFORE,wn-0377,-1,0.3,1
wn-0377:1:19,wn-0377:5:158,TEMPORAL,BEFORE,wn-0377,-1,0.3,1
wn-0377:3:120,wn-0377:3:96,TEMPORAL,BEFORE,wn-0377,-1,0.5,1
wn-0377:3:120,wn-0377:3:99,TEMPORAL,BEFORE,wn-0377,-1,0.5,1
wn-0377:3:120,wn-0377:5:145,TEMPORAL,BEFORE,wn-0377,-1,0.3,1
wn-0377:3:120,wn-0377:5:152,TEMPORAL,BEFORE,wn-0377,-1,0.3,1
wn-0377:3:120,wn-0377:5:158,TEMPORAL,BEFORE,wn-0377,-1,0.3,1
wn-0377:3:96,wn-0377:3:99,TEMPORAL,BEFORE,wn-0377,-1,0.5,1
wn-0377:3:96,wn-0377:5:145,TEMPORAL,BEFORE,wn-0377,-1,0.3,1
wn-0377:3:96,wn-0377:5:152,TEMPORAL,BEFORE,wn-0377,-1,0.3,1
wn-0377:3:96,wn-0377:5:158,TEMPORAL,BEFORE,wn-0377,-1,0.3,1
wn-0377:3:99,wn-0377:5:145,TEMPORAL,BEFORE,wn-0377,-1,0.3,1
wn-0377:3:99,wn-0377:5:152,TEMPORAL,BEFORE,wn-0377,-1,0.3,1
wn-0377:3:99,wn-0377:5:158,TEMPORAL,BEFORE,wn-0377,-1,0.3,1
wn-0378:0:2,wn-0378:1:22,TEMPORAL,BEFORE,wn-0378,-1,0.3,1
wn-0378:0:2,wn-0378:2:39,TEMPORAL,BEFORE,wn-0378,-1,0.8,1
wn-0378:0:2,wn-0378:3:46,TEMPORAL,BEFORE,wn-0378,-1,0.3,1
wn-0378:0:2,wn-0378:4:73,TEMPORAL,BEFORE,wn-0378,-1,0.3,1
wn-0378:0:2,wn-0378:5:106,TEMPORAL,BEFORE,wn-0378,-1,0.8,1
wn-0378:0:2,wn-0378:6:143,TEMPORAL,BEFORE,wn-0378,-1,0.7,1
wn-0378:0:2,wn-0378:7:176,TEMPORAL,AFTER,wn-0378,-1,0.85,1
wn-0378:0:2,wn-0378:8:194,TEMPORAL,BEFORE,wn-0378,-1,0.3,1
wn-0378:0:2,wn-0378:8:201,TEMPORAL,BEFORE,wn-0378,-1,0.3,1
wn-0378:0:2,wn-0378:9:220,TEMPORAL,BEFORE,wn-0378,-1,0.85,1
wn-0378:0:2,wn-0378:10:237,TEMPORAL,AFTER,wn-0378,-1,0.75,1
wn-0378:0:2,wn-0378:11:255,TEMPORAL,BEFORE,wn-0378,-1,0.3,1
wn-0378:0:7,wn-0378:1:22,TEMPORAL,BEFORE,wn-0378,-1,0.3,1
wn-0378:0:7,wn-0378:2:39,TEMPORAL,BEFORE,wn-0378,-1,0.3,1
wn-0378:0:7,wn-0378:3:46,TEMPORAL,BEFORE,wn-0378,-1,0.3,1
wn-0378:0:7,wn-0378:4:73,TEMPORAL,BEFORE,wn-0378,-1,0.3,1
wn-0378:0:7,wn-0378:5:106,TEMPORAL,BEFORE,wn-0378,-1,0.3,1
wn-0378:0:7,wn-0378:6:143,TEMPORAL,BEFORE,wn-0378,-1,0.3,1
wn-0378:0:7,wn-0378:7:176,TEMPORAL,BEFORE,wn-0378,-1,0.3,1
wn-0378:0:7,wn-0378:8:194,TEMPORAL,BEFORE,wn-0378,-1,0.3,1
wn-0378:0:7,wn-0378:8:201,TEMPORAL,BEFORE,wn-0378,-1,0.3,1
wn-0378:0:7,wn-0378:9:220,TEMPORAL,BEFORE,wn-0378,-1,0.3,1
wn-0378:0:7,wn-0378:10:237,TEMPORAL,BEFORE,wn-0378,-1,0.3,1
wn-0378:0:7,wn-0378:11:255,TEMPORAL,BEFORE,wn-0378,-1,0.3,1
wn-0378:1:22,wn-0378:2:39,TEMPORAL,BEFORE,wn-0378,-1,0.3,1
wn-0378:1:22,wn-0378:3:46,TEMPORAL,BEFORE,wn-0378,-1,0.3,1
wn-0378:1:22,wn-0378:4:73,TEMPORAL,BEFORE,wn-0378,-1,0.3,1
wn-0378:1:22,wn-0378:5:106,TEMPORAL,BEFORE,wn-0378,-1,0.3,1
wn-0378:1:22,wn-0378:6:143,TEMPORAL,BEFORE,wn-0378,-1,0.3,1
wn-0378:1:22,wn-0378:7:176,TEMPORAL,BEFORE,wn-0378,-1,0.3,1
wn-0378:1:22,wn-0378:8:194,TEMPORAL,BEFORE,wn-0378,-1,0.3,1
wn-0378:1:22,wn-0378:8:201,TEMPORAL,BEFORE,wn-0378,-1,0.3,1
wn-0378:1:22,wn-0378:9:220,TEMPORAL,BEFORE,wn-0378,-1,0.3,1
wn-0378:1:22,wn-0378:10:237,TEMPORAL,BEFORE,wn-0378,-1,0.3,1
wn-0378:1:22,wn-0378:11:255,TEMPORAL,BEFORE,wn-0378,-1,0.3,1
wn-0378:2:39,wn-0378:3:46,TEMPORAL,BEFORE,wn-0378,-1,0.3,1
wn-0378:2:39,wn-0378:4:73,TEMPORAL,BEFORE,wn-0378,-1,0.3,1
wn-0378:2:39,wn-0378:5:106,TEMPORAL,BEFORE,wn-0378,-1,0.8,1
wn-0378:2:39,wn-0378:6:143,TEMPORAL,BEFORE,wn-0378,-1,0.7,1
wn-0378:2:39,wn-0378:7:176,TEMPORAL,AFTER,wn-0378,-1,0.8,1
wn-0378:2:39,wn-0378:8:194,TEMPORAL,BEFORE,wn-0378,-1,0.3,1
wn-0378:2:39,wn-0378:8:201,TEMPORAL,BEFORE,wn-0378,-1,0.3,1
wn-0378:2:39,wn-0378:9:220,TEMPORAL,BEFORE,wn-0378,-1,0.8,1
wn-0378:2:39,wn-0378:10:237,TEMPORAL,AFTER,wn-0378,-1,0.75,1
wn-0378:2:39,wn-0378:11:255,TEMPORAL,BEFORE,wn-0378,-1,0.3,1
wn-0378:3:46,wn-0378:4:73,TEMPORAL,BEFORE,wn-0378,-1,0.3,1
wn-0378:3:46,wn-0378:5:106,TEMPORAL,BEFORE,wn-0378,-1,0.3,1
wn-0378:3:46,wn-0378:6:143,TEMPORAL,BEFORE,wn-0378,-1,0.3,1
wn-0378:3:46,wn-0378:7:176,TEMPORAL,BEFORE,wn-0378,-1,0.3,1
wn-0378:3:46,wn-0378:8:194,TEMPORAL,BEFORE,wn-0378,-1,0.3,1
wn-0378:3:46,wn-0378:8:201,TEMPORAL,BEFORE,wn-0378,-1,0.3,1
wn-0378:3:46,wn-0378:9:220,TEMPORAL,BEFORE,wn-0378,-1,0.3,1
wn-0378:3:46,wn-0378:10:237,TEMPORAL,BEFORE,wn-0378,-1,0.3,1
wn-0378:3:46,wn-0378:11:255,TEMPORAL,BEFORE,wn-0378,-1,0.3,1
wn-0378:4:73,wn-0378:5:106,TEMPORAL,BEFORE,wn-0378,-1,0.3,1
wn-0378:4:73,wn-0378:6:143,TEMPORAL,BEFORE,wn-0378,-1,0.3,1
wn-0378:4:73,wn-0378:7:176,TEMPORAL,BEFORE,wn-0378,-1,0.3,1
wn-0378:4:73,wn-0378:8:194,TEMPORAL,BEFORE,wn-0378,-1,0.3,1
wn-0378:4:73,wn-0378:8:201,TEMPORAL,BEFORE,wn-0378,-1,0.3,1
wn-0378:4:73,wn-0378:9:220,TEMPORAL,BEFORE,wn-0378,-1,0.3,1
wn-0378:4:73,wn-0378:10:237,TEMPORAL,BEFORE,wn-0378,-1,0.3,1
wn-0378:4:73,wn-0378:11:255,TEMPORAL,BEFORE,wn-0378,-1,0.3,1
wn-0378:5:106,wn-0378:6:143,TEMPORAL,BEFORE,wn-0378,-1,0.7,1
wn-0378:5:106,wn-0378:7:176,TEMPORAL,AFTER,wn-0378,-1,0.8,1
wn-0378:5:106,wn-0378:8:194,TEMPORAL,BEFORE,wn-0378,-1,0.3,1
wn-0378:5:106,wn-0378:8:201,TEMPORAL,BEFORE,wn-0378,-1,0.3,1
wn-0378:5:106,wn-0378:9:220,TEMPORAL,BEFORE,wn-0378,-1,0.8,1
wn-0378:5:106,wn-0378:10:237,TEMPORAL,AFTER,wn-0378,-1,0.75,1
wn-0378:5:106,wn-0378:11:255,TEMPORAL,BEFORE,wn-0378,-1,0.3,1
wn-0378:6:143,wn-0378:7:176,TEMPORAL,AFTER,wn-0378,-1,0.7,1
wn-0378:6:143,wn-0378:8:194,TEMPORAL,BEFORE,wn-0378,-1,0.3,1
wn-0378:6:143,wn-0378:8:201,TEMPORAL,BEFORE,wn-0378,-1,0.3,1
wn-0378:6:143,wn-0378:9:220,TEMPORAL,BEFORE,wn-0378,-1,0.7,1
wn-0378:6:143,wn-0378:10:237,TEMPORAL,AFTER,wn-0378,-1,0.7,1
wn-0378:6:143,wn-0378:11:255,TEMPORAL,BEFORE,wn-0378,-1,0.3,1
wn-0378:7:176,wn-0378:8:194,TEMPORAL,BEFORE,wn-0378,-1,0.3,1
wn-0378:7:176,wn-0378:8:201,TEMPORAL,BEFORE,wn-0378,-1,0.3,1
wn-0378:7:176,wn-0378:9:220,TEMPORAL,BEFORE,wn-0378,-1,0.85,1
wn-0378:7:176,wn-0378:10:237,TEMPORAL,BEFORE,wn-0378,-1,0.75,1
wn-0378:7:176,wn-0378:11:255,TEMPORAL,BEFORE,wn-0378,-1,0.3,1
wn-0378:8:194,wn-0378:9:220,TEMPORAL,BEFORE,wn-0378,-1,0.3,1
wn-0378:8:194,wn-0378:10:237,TEMPORAL,BEFORE,wn-0378,-1,0.3,1
wn-0378:8:194,wn-0378:11:255,TEMPORAL,BEFORE,wn-0378,-1,0.3,1
wn-0378:8:201,wn-0378:9:220,TEMPORAL,BEFORE,wn-0378,-1,0.3,1
wn-0378:8:201,wn-0378:10:237,TEMPORAL,BEFORE,wn-0378,-1,0.3,1
wn-0378:8:201,wn-0378:11:255,TEMPORAL,BEFORE,wn-0378,-1,0.3,1
wn-0378:9:220,wn-0378:10:237,TEMPORAL,AFTER,wn-0378,-1,0.75,1
wn-0378:9:220,wn-0378:11:255,TEMPORAL,BEFORE,wn-0378,-1,0.3,1
wn-0378:10:237,wn-0378:11:255,TEMPORAL,BEFORE,wn-0378,-1,0.3,1
wn-0379:1:3,wn-0379:2:56,TEMPORAL,BEFORE,wn-0379,-1,0.3,1
wn-0379:1:3,wn-0379:2:58,TEMPORAL,BEFORE,wn-0379,-1,0.3,1
wn-0379:1:3,wn-0379:2:65,TEMPORAL,BEFORE,wn-0379,-1,0.3,1
wn-0379:1:3,wn-0379:5:142,TEMPORAL,BEFORE,wn-0379,-1,0.3,1
wn-0379:1:3,wn-0379:5:144,TEMPORAL,BEFORE,wn-0379,-1,0.3,1
wn-0379:1:3,wn-0379:6:177,TEMPORAL,BEFORE,wn-0379,-1,0.3,1
wn-0379:1:3,wn-0379:7:236,TEMPORAL,AFTER,wn-0379,-1,0.6,1
wn-0379:1:3,wn-0379:7:248,TEMPORAL,AFTER,wn-0379,-1,0.6,1
wn-0379:1:3,wn-0379:9:295,TEMPORAL,AFTER,wn-0379,-1,0.8,1
wn-0379:1:3,wn-0379:9:303,TEMPORAL,AFTER,wn-0379,-1,0.8,1
wn-0379:1:3,wn-0379:9:306,TEMPORAL,AFTER,wn-0379,-1,0.8,1
wn-0379:1:3,wn-0379:9:317,TEMPORAL,AFTER,wn-0379,-1,0.8,1
wn-0379:2:56,wn-0379:5:142,TEMPORAL,BEFORE,wn-0379,-1,0.3,1
wn-0379:2:56,wn-0379:5:144,TEMPORAL,BEFORE,wn-0379,-1,0.3,1
wn-0379:2:56,wn-0379:6:177,TEMPORAL,BEFORE,wn-0379,-1,0.3,1
wn-0379:2:56,wn-0379:7:236,TEMPORAL,BEFORE,wn-0379,-1,0.3,1
wn-0379:2:56,wn-0379:7:248,TEMPORAL,BEFORE,wn-0379,-1,0.3,1
wn-0379:2:56,wn-0379:9:295,TEMPORAL,BEFORE,wn-0379,-1,0.3,1
wn-0379:2:56,wn-0379:9:303,TEMPORAL,BEFORE,wn-0379,-1,0.3,1
wn-0379:2:56,wn-0379:9:306,TEMPORAL,BEFORE,wn-0379,-1,0.3,1
wn-0379:2:56,wn-0379:9:317,TEMPORAL,BEFORE,wn-0379,-1,0.3,1
wn-0379:2:58,wn-0379:5:142,TEMPORAL,BEFORE,wn-0379,-1,0.3,1
wn-0379:2:58,wn-0379:5:144,TEMPORAL,BEFORE,wn-0379,-1,0.3,1
wn-0379:2:58,wn-0379:6:177,TEMPORAL,BEFORE,wn-0379,-1,0.3,1
wn-0379:2:58,wn-0379:7:236,TEMPORAL,BEFORE,wn-0379,-1,0.3,1
wn-0379:2:58,wn-0379:7:248,TEMPORAL,BEFORE,wn-0379,-1,0.3,1
wn-0379:2:58,wn-0379:9:295,TEMPORAL,BEFORE,wn-0379,-1,0.3,1
wn-0379:2:58,wn-0379:9:303,TEMPORAL,BEFORE,wn-0379,-1,0.3,1
wn-0379:2:58,wn-0379:9:306,TEMPORAL,BEFORE,wn-0379,-1,0.3,1
wn-0379:2:58,wn-0379:9:317,TEMPORAL,BEFORE,wn-0379,-1,0.3,1
wn-0379:2:65,wn-0379:5:142,TEMPORAL,BEFORE,wn-0379,-1,0.3,1
wn-0379:2:65,wn-0379:5:144,TEMPORAL,BEFORE,wn-0379,-1,0.3,1
wn-0379:2:65,wn-0379:6:177,TEMPORAL,BEFORE,wn-0379,-1,0.3,1
wn-0379:2:65,wn-0379:7:236,TEMPORAL,BEFORE,wn-0379,-1,0.3,1
wn-0379:2:65,wn-0379:7:248,TEMPORAL,BEFORE,wn-0379,-1,0.3,1
wn-0379:2:65,wn-0379:9:295,TEMPORAL,BEFORE,wn-0379,-1,0.3,1
wn-0379:2:65,wn-0379:9:303,TEMPORAL,BEFORE,wn-0379,-1,0.3,1
wn-0379:2:65,wn-0379:9:306,TEMPORAL,BEFORE,wn-0379,-1,0.3,1
wn-0379:2:65,wn-0379:9:317,TEMPORAL,BEFORE,wn-0379,-1,0.3,1
wn-0379:5:142,wn-0379:6:177,TEMPORAL,BEFORE,wn-0379,-1,0.3,1
wn-0379:5:142,wn-0379:7:236,TEMPORAL,BEFORE,wn-0379,-1,0.3,1
wn-0379:5:142,wn-0379:7:248,TEMPORAL,BEFORE,wn-0379,-1,0.3,1
wn-0379:5:142,wn-0379:9:295,TEMPORAL,BEFORE,wn-0379,-1,0.3,1
wn-0379:5:142,wn-0379:9:303,TEMPORAL,BEFORE,wn-0379,-1,0.3,1
wn-0379:5:142,wn-0379:9:306,TEMPORAL,BEFORE,wn-0379,-1,0.3,1
wn-0379:5:142,wn-0379:9:317,TEMPORAL,BEFORE,wn-0379,-1,0.3,1
wn-0379:5:144,wn-0379:6:177,TEMPORAL,BEFORE,wn-0379,-1,0.3,1
wn-0379:5:144,wn-0379:7:236,TEMPORAL,BEFORE,wn-0379,-1,0.3,1
wn-0379:5:144,wn-0379:7:248,TEMPORAL,BEFORE,wn-0379,-1,0.3,1
wn-0379:5:144,wn-0379:9:295,TEMPORAL,BEFORE,wn-0379,-1,0.3,1
wn-0379:5:144,wn-0379:9:303,TEMPORAL,BEFORE,wn-0379,-1,0.3,1
wn-0379:5:144,wn-0379:9:306,TEMPORAL,BEFORE,wn-0379,-1,0.3,1
wn-0379:5:144,wn-0379:9:317,TEMPORAL,BEFORE,wn-0379,-1,0.3,1
wn-0379:6:177,wn-0379:7:236,TEMPORAL,BEFORE,wn-0379,-1,0.3,1
wn-0379:6:177,wn-0379:7:248,TEMPORAL,BEFORE,wn-0379,-1,0.3,1
wn-0379:6:177,wn-0379:9:295,TEMPORAL,BEFORE,wn-0379,-1,0.3,1
wn-0379:6:177,wn-0379:9:303,TEMPORAL,BEFORE,wn-0379,-1,0.3,1
wn-0379:6:177,wn-0379:9:306,TEMPORAL,BEFORE,wn-0379,-1,0.3,1
wn-0379:6:177,wn-0379:9:317,TEMPORAL,BEFORE,wn-0379,-1,0.3,1
wn-0379:7:236,wn-0379:7:248,TEMPORAL,SIMULTANEOUS,wn-0379,-1,0.6,1
wn-0379:7:236,wn-0379:9:295,TEMPORAL,AFTER,wn-0379,-1,0.6,1
wn-0379:7:236,wn-0379:9:303,TEMPORAL,AFTER,wn-0379,-1,0.6,1
wn-0379:7:236,wn-0379:9:306,TEMPORAL,AFTER,wn-0379,-1,0.6,1
wn-0379:7:236,wn-0379:9:317,TEMPORAL,AFTER,wn-0379,-1,0.6,1
wn-0379:7:248,wn-0379:9:295,TEMPORAL,AFTER,wn-0379,-1,0.6,1
wn-0379:7:248,wn-0379:9:303,TEMPORAL,AFTER,wn-0379,-1,0.6,1
wn-0379:7:248,wn-0379:9:306,TEMPORAL,AFTER,wn-0379,-1,0.6,1
wn-0379:7:248,wn-0379:9:317,TEMPORAL,AFTER,wn-0379,-1,0.6,1
wn-0379:9:295,wn-0379:9:303,TEMPORAL,SIMULTANEOUS,wn-0379,-1,0.9,1
wn-0379:9:295,wn-0379:9:306,TEMPORAL,SIMULTANEOUS,wn-0379,-1,0.9,1
wn-0379:9:295,wn-0379:9:317,TEMPORAL,SIMULTANEOUS,wn-0379,-1,0.9,1
wn-0379:9:303,wn-0379:9:306,TEMPORAL,SIMULTANEOUS,wn-0379,-1,0.9,1
wn-0379:9:303,wn-0379:9:317,TEMPORAL,SIMULTANEOUS,wn-0379,-1,0.9,1
wn-0379:9:306,wn-0379:9:317,TEMPORAL,SIMULTANEOUS,wn-0379,-1,0.9,1
wn-0380:0:16,wn-0380:5:134,TEMPORAL,BEFORE,wn-0380,-1,0.3,1
wn-0380:0:16,wn-0380:6:195,TEMPORAL,BEFORE,wn-0380,-1,0.3,1
wn-0380:5:134,wn-0380:6:195,TEMPORAL,BEFORE,wn-0380,-1,0.3,1
wn-0381:0:12,wn-0381:2:56,TEMPORAL,BEFORE,wn-0381,-1,0.3,1
wn-0381:0:12,wn-0381:3:84,TEMPORAL,BEFORE,wn-0381,-1,0.3,1
wn-0381:2:56,wn-0381:3:84,TEMPORAL,BEFORE,wn-0381,-1,0.3,1
wn-0382:0:1,wn-0382:0:6,TEMPORAL,AFTER,wn-0382,-1,0.5,1
wn-0382:0:1,wn-0382:2:67,TEMPORAL,BEFORE,wn-0382,-1,0.3,1
wn-0382:0:1,wn-0382:5:146,TEMPORAL,BEFORE,wn-0382,-1,0.3,1
wn-0382:0:1,wn-0382:9:235,TEMPORAL,BEFORE,wn-0382,-1,0.3,1
wn-0382:0:1,wn-0382:10:255,TEMPORAL,BEFORE,wn-0382,-1,0.3,1
wn-0382:0:1,wn-0382:10:264,TEMPORAL,BEFORE,wn-0382,-1,0.3,1
wn-0382:0:6,wn-0382:2:67,TEMPORAL,BEFORE,wn-0382,-1,0.3,1
wn-0382:0:6,wn-0382:5:146,TEMPORAL,BEFORE,wn-0382,-1,0.3,1
wn-0382:0:6,wn-0382:9:235,TEMPORAL,BEFORE,wn-0382,-1,0.3,1
wn-0382:0:6,wn-0382:10:255,TEMPORAL,BEFORE,wn-0382,-1,0.3,1
wn-0382:0:6,wn-0382:10:264,TEMPORAL,BEFORE,wn-0382,-1,0.3,1
wn-0382:2:67,wn-0382:5:146,TEMPORAL,BEFORE,wn-0382,-1,0.3,1
wn-0382:2:67,wn-0382:9:235,TEMPORAL,BEFORE,wn-0382,-1,0.3,1
wn-0382:2:67,wn-0382:10:255,TEMPORAL,BEFORE,wn-0382,-1,0.3,1
wn-0382:2:67,wn-0382:10:264,TEMPORAL,BEFORE,wn-0382,-1,0.3,1
wn-0382:5:146,wn-0382:9:235,TEMPORAL,BEFORE,wn-0382,-1,0.3,1
wn-0382:5:146,wn-0382:10:255,TEMPORAL,BEFORE,wn-0382,-1,0.3,1
wn-0382:5:146,wn-0382:10:264,TEMPORAL,BEFORE,wn-0382,-1,0.3,1
wn-0382:9:235,wn-0382:10:255,TEMPORAL,BEFORE,wn-0382,-1,0.7,1
wn-0382:9:235,wn-0382:10:264,TEMPORAL,BEFORE,wn-0382,-1,0.7,1
wn-0382:10:255,wn-0382:10:264,TEMPORAL,BEFORE,wn-0382,-1,0.75,1
wn-0383:0:3,wn-0383:2:57,TEMPORAL,BEFORE,wn-0383,-1,0.3,1
wn-0383:0:3,wn-0383:4:85,TEMPORAL,BEFORE,wn-0383,-1,0.3,1
wn-0383:0:3,wn-0383:5:119,TEMPORAL,AFTER,wn-0383,-1,0.85,1
wn-0383:0:3,wn-0383:5:130,TEMPORAL,AFTER,wn-0383,-1,0.85,1
wn-0383:0:3,wn-0383:6:143,TEMPORAL,BEFORE,wn-0383,-1,0.85,1
wn-0383:0:3,wn-0383:10:232,TEMPORAL,BEFORE,wn-0383,-1,0.3,1
wn-0383:2:57,wn-0383:4:85,TEMPORAL,BEFORE,wn-0383,-1,0.3,1
wn-0383:2:57,wn-0383:5:119,TEMPORAL,BEFORE,wn-0383,-1,0.3,1
wn-0383:2:57,wn-0383:5:130,TEMPORAL,BEFORE,wn-0383,-1,0.3,1
wn-0383:2:57,wn-0383:6:143,TEMPORAL,BEFORE,wn-0383,-1,0.3,1
wn-0383:2:57,wn-0383:10:232,TEMPORAL,BEFORE,wn-0383,-1,0.3,1
wn-0383:4:85,wn-0383:5:119,TEMPORAL,BEFORE,wn-0383,-1,0.3,1
wn-0383:4:85,wn-0383:5:130,TEMPORAL,BEFORE,wn-0383,-1,0.3,1
wn-0383:4:85,wn-0383:6:143,TEMPORAL,BEFORE,wn-0383,-1,0.3,1
wn-0383:4:85,wn-0383:10:232,TEMPORAL,BEFORE,wn-0383,-1,0.3,1
wn-0383:5:119,wn-0383:5:130,TEMPORAL,SIMULTANEOUS,wn-0383,-1,0.85,1
wn-0383:5:119,wn-0383:6:143,TEMPORAL,BEFORE,wn-0383,-1,0.85,1
wn-0383:5:119,wn-0383:10:232,TEMPORAL,BEFORE,wn-0383,-1,0.3,1
wn-0383:5:130,wn-0383:6:143,TEMPORAL,BEFORE,wn-0383,-1,0.85,1
wn-0383:5:130,wn-0383:10:232,TEMPORAL,BEFORE,wn-0383,-1,0.3,1
wn-0383:6:143,wn-0383:10:232,TEMPORAL,BEFORE,wn-0383,-1,0.3,1
wn-0384:0:9,wn-0384:1:16,TEMPORAL,AFTER,wn-0384,-1,0.9,1
wn-0384:0:9,wn-0384:1:25,TEMPORAL,SIMULTANEOUS,wn-0384,-1,0.85,1
wn-0384:0:9,wn-0384:4:106,TEMPORAL,BEFORE,wn-0384,-1,0.3,1
wn-0384:0:9,wn-0384:4:122,TEMPORAL,BEFORE,wn-0384,-1,0.3,1
wn-0384:1:16,wn-0384:1:25,TEMPORAL,BEFORE,wn-0384,-1,0.85,1
wn-0384:1:16,wn-0384:4:106,TEMPORAL,BEFORE,wn-0384,-1,0.3,1
wn-0384:1:16,wn-0384:4:122,TEMPORAL,BEFORE,wn-0384,-1,0.3,1
wn-0384:1:25,wn-0384:4:106,TEMPORAL,BEFORE,wn-0384,-1,0.3,1
wn-0384:1:25,wn-0384:4:122,TEMPORAL,BEFORE,wn-0384,-1,0.3,1
wn-0384:4:106,wn-0384:4:122,TEMPORAL,AFTER,wn-0384,-1,0.5,1
wn-0385:1:48,wn-0385:1:59,TEMPORAL,SIMULTANEOUS,wn-0385,-1,0.85,1
wn-0385:1:48,wn-0385:2:102,TEMPORAL,BEFORE,wn-0385,-1,0.3,1
wn-0385:1:48,wn-0385:3:137,TEMPORAL,BEFORE,wn-0385,-1,0.3,1
wn-0385:1:48,wn-0385:5:213,TEMPORAL,BEFORE,wn-0385,-1,0.3,1
wn-0385:1:48,wn-0385:8:272,TEMPORAL,BEFORE,wn-0385,-1,0.3,1
wn-0385:1:48,wn-0385:8:277,TEMPORAL,BEFORE,wn-0385,-1,0.3,1
wn-0385:1:48,wn-0385:8:286,TEMPORAL,BEFORE,wn-0385,-1,0.3,1
wn-0385:1:48,wn-0385:10:296,TEMPORAL,BEFORE,wn-0385,-1,0.3,1
wn-0385:1:48,wn-0385:16:398,TEMPORAL,BEFORE,wn-0385,-1,0.3,1
wn-0385:1:59,wn-0385:2:102,TEMPORAL,BEFORE,wn-0385,-1,0.3,1
wn-0385:1:59,wn-0385:3:137,TEMPORAL,BEFORE,wn-0385,-1,0.3,1
wn-0385:1:59,wn-0385:5:213,TEMPORAL,BEFORE,wn-0385,-1,0.3,1
wn-0385:1:59,wn-0385:8:272,TEMPORAL,BEFORE,wn-0385,-1,0.3,1
wn-0385:1:59,wn-0385:8:277,TEMPORAL,BEFORE,wn-0385,-1,0.3,1
wn-0385:1:59,wn-0385:8:286,TEMPORAL,BEFORE,wn-0385,-1,0.3,1
wn-0385:1:59,wn-0385:10:296,TEMPORAL,BEFORE,wn-0385,-1,0.3,1
wn-0385:1:59,wn-0385:16:398,TEMPORAL,BEFORE,wn-0385,-1,0.3,1
wn-0385:2:102,wn-0385:3:137,TEMPORAL,BEFORE,wn-0385,-1,0.3,1
wn-0385:2:102,wn-0385:5:213,TEMPORAL,BEFORE,wn-0385,-1,0.3,1
wn-0385:2:102,wn-0385:8:272,TEMPORAL,BEFORE,wn-0385,-1,0.3,1
wn-0385:2:102,wn-0385:8:277,TEMPORAL,BEFORE,wn-0385,-1,0.3,1
wn-0385:2:102,wn-0385:8:286,TEMPORAL,BEFORE,wn-0385,-1,0.3,1
wn-0385:2:102,wn-0385:10:296,TEMPORAL,BEFORE,wn-0385,-1,0.3,1
wn-0385:2:102,wn-0385:16:398,TEMPORAL,BEFORE,wn-0385,-1,0.3,1
wn-0385:3:137,wn-0385:5:213,TEMPORAL,BEFORE,wn-0385,-1,0.3,1
wn-0385:3:137,wn-0385:8:272,TEMPORAL,BEFORE,wn-0385,-1,0.3,1
wn-0385:3:137,wn-0385:8:277,TEMPORAL,BEFORE,wn-0385,-1,0.3,1
wn-0385:3:137,wn-0385:8:286,TEMPORAL,BEFORE,wn-0385,-1,0.3,1
wn-0385:3:137,wn-0385:10:296,TEMPORAL,BEFORE,wn-0385,-1,0.3,1
wn-0385:3:137,wn-0385:16:398,TEMPORAL,BEFORE,wn-0385,-1,0.3,1
wn-0385:5:213,wn-0385:8:272,TEMPORAL,BEFORE,wn-0385,-1,0.3,1
wn-0385:5:213,wn-0385:8:277,TEMPORAL,BEFORE,wn-0385,-1,0.3,1
wn-0385:5:213,wn-0385:8:286,TEMPORAL,BEFORE,wn-0385,-1,0.3,1
wn-0385:5:213,wn-0385:10:296,TEMPORAL,BEFORE,wn-0385,-1,0.3,1
wn-0385:5:213,wn-0385:16:398,TEMPORAL,BEFORE,wn-0385,-1,0.3,1
wn-0385:8:272,wn-0385:10:296,TEMPORAL,BEFORE,wn-0385,-1,0.3,1
wn-0385:8:272,wn-0385:16:398,TEMPORAL,BEFORE,wn-0385,-1,0.3,1
wn-0385:8:277,wn-0385:10:296,TEMPORAL,BEFORE,wn-0385,-1,0.3,1
wn-0385:8:277,wn-0385:16:398,TEMPORAL,BEFORE,wn-0385,-1,0.3,1
wn-0385:8:286,wn-0385:10:296,TEMPORAL,BEFORE,wn-0385,-1,0.3,1
wn-0385:8:286,wn-0385:16:398,TEMPORAL,BEFORE,wn-0385,-1,0.3,1
wn-0385:10:296,wn-0385:16:398,TEMPORAL,BEFORE,wn-0385,-1,0.3,1
wn-0386:0:2,wn-0386:3:46,TEMPORAL,BEFORE,wn-0386,-1,0.3,1
wn-0386:0:2,wn-0386:4:63,TEMPORAL,BEFORE,wn-0386,-1,0.3,1
wn-0386:0:2,wn-0386:6:102,TEMPORAL,BEFORE,wn-0386,-1,0.3,1
wn-0386:0:2,wn-0386:13:222,TEMPORAL,BEFORE,wn-0386,-1,0.3,1
wn-0386:0:2,wn-0386:15:250,TEMPORAL,BEFORE,wn-0386,-1,0.3,1
wn-0386:3:46,wn-0386:4:63,TEMPORAL,BEFORE,wn-0386,-1,0.3,1
wn-0386:3:46,wn-0386:6:102,TEMPORAL,BEFORE,wn-0386,-1,0.3,1
wn-0386:3:46,wn-0386:13:222,TEMPORAL,BEFORE,wn-0386,-1,0.3,1
wn-0386:3:46,wn-0386:15:250,TEMPORAL,BEFORE,wn-0386,-1,0.3,1
wn-0386:4:63,wn-0386:6:102,TEMPORAL,BEFORE,wn-0386,-1,0.3,1
wn-0386:4:63,wn-0386:13:222,TEMPORAL,BEFORE,wn-0386,-1,0.3,1
wn-0386:4:63,wn-0386:15:250,TEMPORAL,BEFORE,wn-0386,-1,0.3,1
wn-0386:6:102,wn-0386:13:222,TEMPORAL,BEFORE,wn-0386,-1,0.3,1
wn-0386:6:102,wn-0386:15:250,TEMPORAL,BEFORE,wn-0386,-1,0.3,1
wn-0386:13:222,wn-0386:15:250,TEMPORAL,BEFORE,wn-0386,-1,0.3,1
wn-0387:7:183,wn-0387:13:303,TEMPORAL,BEFORE,wn-0387,-1,0.3,1
wn-0388:1:4,wn-0388:4:74,TEMPORAL,BEFORE,wn-0388,-1,0.3,1
wn-0388:1:4,wn-0388:11:239,TEMPORAL,BEFORE,wn-0388,-1,0.3,1
wn-0388:1:4,wn-0388:13:293,TEMPORAL,BEFORE,wn-0388,-1,0.3,1
wn-0388:1:4,wn-0388:17:347,TEMPORAL,BEFORE,wn-0388,-1,0.3,1
wn-0388:1:4,wn-0388:19:380,TEMPORAL,BEFORE,wn-0388,-1,0.3,1
wn-0388:1:4,wn-0388:20:403,TEMPORAL,BEFORE,wn-0388,-1,0.3,1
wn-0388:1:4,wn-0388:26:516,TEMPORAL,BEFORE,wn-0388,-1,0.3,1
wn-0388:1:4,wn-0388:29:545,TEMPORAL,BEFORE,wn-0388,-1,0.3,1
wn-0388:4:74,wn-0388:11:239,TEMPORAL,BEFORE,wn-0388,-1,0.3,1
wn-0388:4:74,wn-0388:13:293,TEMPORAL,BEFORE,wn-0388,-1,0.3,1
wn-0388:4:74,wn-0388:17:347,TEMPORAL,AFTER,wn-0388,-1,0.9,1
wn-0388:4:74,wn-0388:19:380,TEMPORAL,BEFORE,wn-0388,-1,0.3,1
wn-0388:4:74,wn-0388:20:403,TEMPORAL,BEFORE,wn-0388,-1,0.3,1
wn-0388:4:74,wn-0388:26:516,TEMPORAL,BEFORE,wn-0388,-1,0.3,1
wn-0388:4:74,wn-0388:29:545,TEMPORAL,AFTER,wn-0388,-1,0.85,1
wn-0388:11:239,wn-0388:13:293,TEMPORAL,BEFORE,wn-0388,-1,0.3,1
wn-0388:11:239,wn-0388:17:347,TEMPORAL,BEFORE,wn-0388,-1,0.3,1
wn-0388:11:239,wn-0388:19:380,TEMPORAL,BEFORE,wn-0388,-1,0.3,1
wn-0388:11:239,wn-0388:20:403,TEMPORAL,BEFORE,wn-0388,-1,0.3,1
wn-0388:11:239,wn-0388:26:516,TEMPORAL,BEFORE,wn-0388,-1,0.3,1
wn-0388:11:239,wn-0388:29:545,TEMPORAL,BEFORE,wn-0388,-1,0.3,1
wn-0388:13:293,wn-0388:17:347,TEMPORAL,BEFORE,wn-0388,-1,0.3,1
wn-0388:13:293,wn-0388:19:380,TEMPORAL,BEFORE,wn-0388,-1,0.3,1
wn-0388:13:293,wn-0388:20:403,TEMPORAL,BEFORE,wn-0388,-1,0.3,1
wn-0388:13:293,wn-0388:26:516,TEMPORAL,BEFORE,wn-0388,-1,0.3,1
wn-0388:13:293,wn-0388:29:545,TEMPORAL,BEFORE,wn-0388,-1,0.3,1
wn-0388:17:347,wn-0388:19:380,TEMPORAL,BEFORE,wn-0388,-1,0.3,1
wn-0388:17:347,wn-0388:20:403,TEMPORAL,BEFORE,wn-0388,-1,0.3,1
wn-0388:17:347,wn-0388:26:516,TEMPORAL,BEFORE,wn-0388,-1,0.3,1
wn-0388:17:347,wn-0388:29:545,TEMPORAL,BEFORE,wn-0388,-1,0.85,1
wn-0388:19:380,wn-0388:20:403,TEMPORAL,BEFORE,wn-0388,-1,0.3,1
wn-0388:19:380,wn-0388:26:516,TEMPORAL,BEFORE,wn-0388,-1,0.3,1
wn-0388:19:380,wn-0388:29:545,TEMPORAL,BEFORE,wn-0388,-1,0.3,1
wn-0388:20:403,wn-0388:26:516,TEMPORAL,BEFORE,wn-0388,-1,0.3,1
wn-0388:20:403,wn-0388:29:545,TEMPORAL,BEFORE,wn-0388,-1,0.3,1
wn-0388:26:516,wn-0388:29:545,TEMPORAL,BEFORE,wn-0388,-1,0.3,1
wn-0390:1:18,wn-0390:1:20,TEMPORAL,AFTER,wn-0390,-1,0.5,1
wn-0390:1:18,wn-0390:1:29,TEMPORAL,AFTER,wn-0390,-1,0.5,1
wn-0390:1:18,wn-0390:4:130,TEMPORAL,BEFORE,wn-0390,-1,0.3,1
wn-0390:1:18,wn-0390:5:148,TEMPORAL,BEFORE,wn-0390,-1,0.3,1
wn-0390:1:18,wn-0390:6:155,TEMPORAL,BEFORE,wn-0390,-1,0.3,1
wn-0390:1:18,wn-0390:6:163,TEMPORAL,BEFORE,wn-0390,-1,0.3,1
wn-0390:1:18,wn-0390:12:341,TEMPORAL,BEFORE,wn-0390,-1,0.3,1
wn-0390:1:20,wn-0390:1:29,TEMPORAL,AFTER,wn-0390,-1,0.5,1
wn-0390:1:20,wn-0390:4:130,TEMPORAL,BEFORE,wn-0390,-1,0.3,1
wn-0390:1:20,wn-0390:5:148,TEMPORAL,BEFORE,wn-0390,-1,0.3,1
wn-0390:1:20,wn-0390:6:155,TEMPORAL,BEFORE,wn-0390,-1,0.3,1
wn-0390:1:20,wn-0390:6:163,TEMPORAL,BEFORE,wn-0390,-1,0.3,1
wn-0390:1:20,wn-0390:12:341,TEMPORAL,BEFORE,wn-0390,-1,0.3,1
wn-0390:1:29,wn-0390:4:130,TEMPORAL,BEFORE,wn-0390,-1,0.3,1
wn-0390:1:29,wn-0390:5:148,TEMPORAL,BEFORE,wn-0390,-1,0.3,1
wn-0390:1:29,wn-0390:6:155,TEMPORAL,BEFORE,wn-0390,-1,0.3,1
wn-0390:1:29,wn-0390:6:163,TEMPORAL,BEFORE,wn-0390,-1,0.3,1
wn-0390:1:29,wn-0390:12:341,TEMPORAL,BEFORE,wn-0390,-1,0.3,1
wn-0390:4:130,wn-0390:5:148,TEMPORAL,BEFORE,wn-0390,-1,0.3,1
wn-0390:4:130,wn-0390:6:155,TEMPORAL,BEFORE,wn-0390,-1,0.3,1
wn-0390:4:130,wn-0390:6:163,TEMPORAL,BEFORE,wn-0390,-1,0.3,1
wn-0390:4:130,wn-0390:12:341,TEMPORAL,BEFORE,wn-0390,-1,0.3,1
wn-0390:5:148,wn-0390:6:155,TEMPORAL,BEFORE,wn-0390,-1,0.3,1
wn-0390:5:148,wn-0390:6:163,TEMPORAL,BEFORE,wn-0390,-1,0.3,1
wn-0390:5:148,wn-0390:12:341,TEMPORAL,BEFORE,wn-0390,-1,0.3,1
wn-0390:6:155,wn-0390:12:341,TEMPORAL,BEFORE,wn-0390,-1,0.3,1
wn-0390:6:163,wn-0390:12:341,TEMPORAL,BEFORE,wn-0390,-1,0.3,1
wn-0392:1:28,wn-0392:2:43,TEMPORAL,BEFORE,wn-0392,-1,0.3,1
wn-0392:1:28,wn-0392:3:82,TEMPORAL,BEFORE,wn-0392,-1,0.3,1
wn-0392:1:28,wn-0392:5:116,TEMPORAL,BEFORE,wn-0392,-1,0.3,1
wn-0392:1:28,wn-0392:5:131,TEMPORAL,BEFORE,wn-0392,-1,0.3,1
wn-0392:1:28,wn-0392:7:199,TEMPORAL,BEFORE,wn-0392,-1,0.3,1
wn-0392:1:28,wn-0392:8:231,TEMPORAL,BEFORE,wn-0392,-1,0.3,1
wn-0392:1:28,wn-0392:14:354,TEMPORAL,BEFORE,wn-0392,-1,0.3,1
wn-0392:1:28,wn-0392:22:494,TEMPORAL,BEFORE,wn-0392,-1,0.3,1
wn-0392:1:28,wn-0392:22:501,TEMPORAL,BEFORE,wn-0392,-1,0.3,1
wn-0392:1:28,wn-0392:28:616,TEMPORAL,BEFORE,wn-0392,-1,0.3,1
wn-0392:2:43,wn-0392:3:82,TEMPORAL,BEFORE,wn-0392,-1,0.3,1
wn-0392:2:43,wn-0392:5:116,TEMPORAL,BEFORE,wn-0392,-1,0.3,1
wn-0392:2:43,wn-0392:5:131,TEMPORAL,BEFORE,wn-0392,-1,0.3,1
wn-0392:2:43,wn-0392:7:199,TEMPORAL,BEFORE,wn-0392,-1,0.3,1
wn-0392:2:43,wn-0392:8:231,TEMPORAL,BEFORE,wn-0392,-1,0.3,1
wn-0392:2:43,wn-0392:14:354,TEMPORAL,BEFORE,wn-0392,-1,0.3,1
wn-0392:2:43,wn-0392:22:494,TEMPORAL,BEFORE,wn-0392,-1,0.3,1
wn-0392:2:43,wn-0392:22:501,TEMPORAL,BEFORE,wn-0392,-1,0.3,1
wn-0392:2:43,wn-0392:28:616,TEMPORAL,BEFORE,wn-0392,-1,0.3,1
wn-0392:3:82,wn-0392:5:116,TEMPORAL,BEFORE,wn-0392,-1,0.95,1
wn-0392:3:82,wn-0392:5:131,TEMPORAL,BEFORE,wn-0392,-1,0.85,1
wn-0392:3:82,wn-0392:7:199,TEMPORAL,BEFORE,wn-0392,-1,0.3,1
wn-0392:3:82,wn-0392:8:231,TEMPORAL,BEFORE,wn-0392,-1,0.3,1
wn-0392:3:82,wn-0392:14:354,TEMPORAL,BEFORE,wn-0392,-1,0.3,1
wn-0392:3:82,wn-0392:22:494,TEMPORAL,BEFORE,wn-0392,-1,0.3,1
wn-0392:3:82,wn-0392:22:501,TEMPORAL,BEFORE,wn-0392,-1,0.3,1
wn-0392:3:82,wn-0392:28:616,TEMPORAL,BEFORE,wn-0392,-1,0.3,1
wn-0392:5:116,wn-0392:5:131,TEMPORAL,BEFORE,wn-0392,-1,0.85,1
wn-0392:5:116,wn-0392:7:199,TEMPORAL,BEFORE,wn-0392,-1,0.3,1
wn-0392:5:116,wn-0392:8:231,TEMPORAL,BEFORE,wn-0392,-1,0.3,1
wn-0392:5:116,wn-0392:14:354,TEMPORAL,BEFORE,wn-0392,-1,0.3,1
wn-0392:5:116,wn-0392:22:494,TEMPORAL,BEFORE,wn-0392,-1,0.3,1
wn-0392:5:116,wn-0392:22:501,TEMPORAL,BEFORE,wn-0392,-1,0.3,1
wn-0392:5:116,wn-0392:28:616,TEMPORAL,BEFORE,wn-0392,-1,0.3,1
wn-0392:5:131,wn-0392:7:199,TEMPORAL,BEFORE,wn-0392,-1,0.3,1
wn-0392:5:131,wn-0392:8:231,TEMPORAL,BEFORE,wn-0392,-1,0.3,1
wn-0392:5:131,wn-0392:14:354,TEMPORAL,BEFORE,wn-0392,-1,0.3,1
wn-0392:5:131,wn-0392:22:494,TEMPORAL,BEFORE,wn-0392,-1,0.3,1
wn-0392:5:131,wn-0392:22:501,TEMPORAL,BEFORE,wn-0392,-1,0.3,1
wn-0392:5:131,wn-0392:28:616,TEMPORAL,BEFORE,wn-0392,-1,0.3,1
wn-0392:7:199,wn-0392:8:231,TEMPORAL,BEFORE,wn-0392,-1,0.3,1
wn-0392:7:199,wn-0392:14:354,TEMPORAL,BEFORE,wn-0392,-1,0.3,1
wn-0392:7:199,wn-0392:22:494,TEMPORAL,BEFORE,wn-0392,-1,0.3,1
wn-0392:7:199,wn-0392:22:501,TEMPORAL,BEFORE,wn-0392,-1,0.3,1
wn-0392:7:199,wn-0392:28:616,TEMPORAL,BEFORE,wn-0392,-1,0.3,1
wn-0392:8:231,wn-0392:14:354,TEMPORAL,BEFORE,wn-0392,-1,0.3,1
wn-0392:8:231,wn-0392:22:494,TEMPORAL,BEFORE,wn-0392,-1,0.3,1
wn-0392:8:231,wn-0392:22:501,TEMPORAL,BEFORE,wn-0392,-1,0.3,1
wn-0392:8:231,wn-0392:28:616,TEMPORAL,BEFORE,wn-0392,-1,0.3,1
wn-0392:14:354,wn-0392:22:494,TEMPORAL,BEFORE,wn-0392,-1,0.3,1
wn-0392:14:354,wn-0392:22:501,TEMPORAL,BEFORE,wn-0392,-1,0.3,1
wn-0392:14:354,wn-0392:28:616,TEMPORAL,BEFORE,wn-0392,-1,0.3,1
wn-0392:22:494,wn-0392:28:616,TEMPORAL,BEFORE,wn-0392,-1,0.3,1
wn-0392:22:501,wn-0392:28:616,TEMPORAL,BEFORE,wn-0392,-1,0.3,1
wn-0393:0:16,wn-0393:2:49,TEMPORAL,BEFORE,wn-0393,-1,0.3,1
wn-0393:0:16,wn-0393:2:54,TEMPORAL,BEFORE,wn-0393,-1,0.3,1
wn-0393:0:16,wn-0393:5:129,TEMPORAL,BEFORE,wn-0393,-1,0.3,1
wn-0393:0:16,wn-0393:8:212,TEMPORAL,BEFORE,wn-0393,-1,0.3,1
wn-0393:0:7,wn-0393:2:49,TEMPORAL,BEFORE,wn-0393,-1,0.3,1
wn-0393:0:7,wn-0393:2:54,TEMPORAL,BEFORE,wn-0393,-1,0.3,1
wn-0393:0:7,wn-0393:5:129,TEMPORAL,BEFORE,wn-0393,-1,0.3,1
wn-0393:0:7,wn-0393:8:212,TEMPORAL,BEFORE,wn-0393,-1,0.3,1
wn-0393:2:49,wn-0393:5:129,TEMPORAL,BEFORE,wn-0393,-1,0.3,1
wn-0393:2:49,wn-0393:8:212,TEMPORAL,BEFORE,wn-0393,-1,0.3,1
wn-0393:2:54,wn-0393:5:129,TEMPORAL,BEFORE,wn-0393,-1,0.3,1
wn-0393:2:54,wn-0393:8:212,TEMPORAL,BEFORE,wn-0393,-1,0.3,1
wn-0393:5:129,wn-0393:8:212,TEMPORAL,BEFORE,wn-0393,-1,0.3,1
wn-0395:0:12,wn-0395:6:169,TEMPORAL,BEFORE,wn-0395,-1,0.3,1
wn-0395:0:12,wn-0395:17:373,TEMPORAL,BEFORE,wn-0395,-1,0.3,1
wn-0395:6:169,wn-0395:17:373,TEMPORAL,BEFORE,wn-0395,-1,0.3,1
wn-0396:1:7,wn-0396:3:65,TEMPORAL,BEFORE,wn-0396,-1,0.3,1
wn-0396:1:7,wn-0396:12:280,TEMPORAL,BEFORE,wn-0396,-1,0.3,1
wn-0396:1:7,wn-0396:19:388,TEMPORAL,BEFORE,wn-0396,-1,0.3,1
wn-0396:1:7,wn-0396:20:424,TEMPORAL,BEFORE,wn-0396,-1,0.3,1
wn-0396:3:65,wn-0396:12:280,TEMPORAL,BEFORE,wn-0396,-1,0.3,1
wn-0396:3:65,wn-0396:19:388,TEMPORAL,BEFORE,wn-0396,-1,0.9,1
wn-0396:3:65,wn-0396:20:424,TEMPORAL,BEFORE,wn-0396,-1,0.3,1
wn-0396:12:280,wn-0396:19:388,TEMPORAL,BEFORE,wn-0396,-1,0.3,1
wn-0396:12:280,wn-0396:20:424,TEMPORAL,BEFORE,wn-0396,-1,0.3,1
wn-0396:19:388,wn-0396:20:424,TEMPORAL,BEFORE,wn-0396,-1,0.3,1
wn-0397:1:16,wn-0397:2:42,TEMPORAL,BEFORE,wn-0397,-1,0.3,1
wn-0397:1:16,wn-0397:2:61,TEMPORAL,BEFORE,wn-0397,-1,0.3,1
wn-0397:1:16,wn-0397:12:349,TEMPORAL,BEFORE,wn-0397,-1,0.3,1
wn-0397:2:42,wn-0397:2:61,TEMPORAL,SIMULTANEOUS,wn-0397,-1,0.75,1
wn-0397:2:42,wn-0397:12:349,TEMPORAL,BEFORE,wn-0397,-1,0.3,1
wn-0397:2:61,wn-0397:12:349,TEMPORAL,BEFORE,wn-0397,-1,0.3,1
wn-0399:2:32,wn-0399:5:82,TEMPORAL,BEFORE,wn-0399,-1,0.3,1
wn-0399:2:32,wn-0399:6:119,TEMPORAL,BEFORE,wn-0399,-1,0.3,1
wn-0399:2:32,wn-0399:7:148,TEMPORAL,BEFORE,wn-0399,-1,0.3,1
wn-0399:2:32,wn-0399:7:155,TEMPORAL,BEFORE,wn-0399,-1,0.3,1
wn-0399:2:32,wn-0399:7:167,TEMPORAL,BEFORE,wn-0399,-1,0.3,1
wn-0399:2:32,wn-0399:11:244,TEMPORAL,BEFORE,wn-0399,-1,0.3,1
wn-0399:2:32,wn-0399:12:291,TEMPORAL,BEFORE,wn-0399,-1,0.3,1
wn-0399:5:82,wn-0399:6:119,TEMPORAL,BEFORE,wn-0399,-1,0.3,1
wn-0399:5:82,wn-0399:7:148,TEMPORAL,BEFORE,wn-0399,-1,0.3,1
wn-0399:5:82,wn-0399:7:155,TEMPORAL,BEFORE,wn-0399,-1,0.3,1
wn-0399:5:82,wn-0399:7:167,TEMPORAL,BEFORE,wn-0399,-1,0.3,1
wn-0399:5:82,wn-0399:11:244,TEMPORAL,BEFORE,wn-0399,-1,0.3,1
wn-0399:5:82,wn-0399:12:291,TEMPORAL,BEFORE,wn-0399,-1,0.3,1
wn-0399:6:119,wn-0399:7:148,TEMPORAL,BEFORE,wn-0399,-1,0.3,1
wn-0399:6:119,wn-0399:7:155,TEMPORAL,BEFORE,wn-0399,-1,0.3,1
wn-0399:6:119,wn-0399:7:167,TEMPORAL,BEFORE,wn-0399,-1,0.3,1
wn-0399:6:119,wn-0399:11:244,TEMPORAL,BEFORE,wn-0399,-1,0.3,1
wn-0399:6:119,wn-0399:12:291,TEMPORAL,BEFORE,wn-0399,-1,0.3,1
wn-0399:7:148,wn-0399:11:244,TEMPORAL,BEFORE,wn-0399,-1,0.3,1
wn-0399:7:148,wn-0399:12:291,TEMPORAL,BEFORE,wn-0399,-1,0.3,1
wn-0399:7:155,wn-0399:11:244,TEMPORAL,BEFORE,wn-0399,-1,0.3,1
wn-0399:7:155,wn-0399:12:291,TEMPORAL,BEFORE,wn-0399,-1,0.3,1
wn-0399:7:167,wn-0399:11:244,TEMPORAL,BEFORE,wn-0399,-1,0.3,1
wn-0399:7:167,wn-0399:12:291,TEMPORAL,BEFORE,wn-0399,-1,0.3,1
wn-0399:11:244,wn-0399:12:291,TEMPORAL,BEFORE,wn-0399,-1,0.3,1
wn-0400:0:18,wn-0400:3:93,TEMPORAL,SIMULTANEOUS,wn-0400,-1,0.7,1
wn-0400:0:18,wn-0400:4:113,TEMPORAL,BEFORE,wn-0400,-1,0.3,1
wn-0400:0:18,wn-0400:9:249,TEMPORAL,BEFORE,wn-0400,-1,0.3,1
wn-0400:3:93,wn-0400:4:113,TEMPORAL,BEFORE,wn-0400,-1,0.3,1
wn-0400:3:93,wn-0400:9:249,TEMPORAL,BEFORE,wn-0400,-1,0.3,1
wn-0400:4:113,wn-0400:9:249,TEMPORAL,BEFORE,wn-0400,-1,0.3,1
wn-0401:2:104,wn-0401:10:351,TEMPORAL,BEFORE,wn-0401,-1,0.3,1
wn-0401:2:104,wn-0401:14:436,TEMPORAL,BEFORE,wn-0401,-1,0.3,1
wn-0401:2:104,wn-0401:14:445,TEMPORAL,BEFORE,wn-0401,-1,0.3,1
wn-0401:10:351,wn-0401:14:436,TEMPORAL,BEFORE,wn-0401,-1,0.3,1
wn-0401:10:351,wn-0401:14:445,TEMPORAL,BEFORE,wn-0401,-1,0.3,1
wn-0402:2:116,wn-0402:5:193,TEMPORAL,BEFORE,wn-0402,-1,0.3,1
wn-0402:2:116,wn-0402:7:229,TEMPORAL,BEFORE,wn-0402,-1,0.3,1
wn-0402:5:193,wn-0402:7:229,TEMPORAL,BEFORE,wn-0402,-1,0.3,1
wn-0403:1:6,wn-0403:2:20,TEMPORAL,BEFORE,wn-0403,-1,0.8,1
wn-0403:1:6,wn-0403:3:45,TEMPORAL,BEFORE,wn-0403,-1,0.3,1
wn-0403:1:6,wn-0403:4:89,TEMPORAL,BEFORE,wn-0403,-1,0.3,1
wn-0403:1:6,wn-0403:4:93,TEMPORAL,BEFORE,wn-0403,-1,0.3,1
wn-0403:1:6,wn-0403:6:144,TEMPORAL,BEFORE,wn-0403,-1,0.3,1
wn-0403:1:6,wn-0403:7:152,TEMPORAL,BEFORE,wn-0403,-1,0.7,1
wn-0403:2:20,wn-0403:3:45,TEMPORAL,BEFORE,wn-0403,-1,0.3,1
wn-0403:2:20,wn-0403:4:89,TEMPORAL,BEFORE,wn-0403,-1,0.3,1
wn-0403:2:20,wn-0403:4:93,TEMPORAL,BEFORE,wn-0403,-1,0.3,1
wn-0403:2:20,wn-0403:6:144,TEMPORAL,BEFORE,wn-0403,-1,0.3,1
wn-0403:2:20,wn-0403:7:152,TEMPORAL,BEFORE,wn-0403,-1,0.7,1
wn-0403:3:45,wn-0403:4:89,TEMPORAL,BEFORE,wn-0403,-1,0.3,1
wn-0403:3:45,wn-0403:4:93,TEMPORAL,BEFORE,wn-0403,-1,0.3,1
wn-0403:3:45,wn-0403:6:144,TEMPORAL,BEFORE,wn-0403,-1,0.3,1
wn-0403:3:45,wn-0403:7:152,TEMPORAL,BEFORE,wn-0403,-1,0.3,1
wn-0403:4:89,wn-0403:6:144,TEMPORAL,BEFORE,wn-0403,-1,0.3,1
wn-0403:4:89,wn-0403:7:152,TEMPORAL,BEFORE,wn-0403,-1,0.3,1
wn-0403:4:93,wn-0403:6:144,TEMPORAL,BEFORE,wn-0403,-1,0.3,1
wn-0403:4:93,wn-0403:7:152,TEMPORAL,BEFORE,wn-0403,-1,0.3,1
wn-0403:6:144,wn-0403:7:152,TEMPORAL,BEFORE,wn-0403,-1,0.3,1
wn-0405:0:3,wn-0405:1:35,TEMPORAL,BEFORE,wn-0405,-1,0.8,1
wn-0405:0:3,wn-0405:2:62,TEMPORAL,BEFORE,wn-0405,-1,0.3,1
wn-0405:0:3,wn-0405:7:143,TEMPORAL,BEFORE,wn-0405,-1,0.3,1
wn-0405:0:3,wn-0405:8:183,TEMPORAL,BEFORE,wn-0405,-1,0.3,1
wn-0405:1:35,wn-0405:2:62,TEMPORAL,BEFORE,wn-0405,-1,0.3,1
wn-0405:1:35,wn-0405:7:143,TEMPORAL,BEFORE,wn-0405,-1,0.3,1
wn-0405:1:35,wn-0405:8:183,TEMPORAL,BEFORE,wn-0405,-1,0.3,1
wn-0405:2:62,wn-0405:7:143,TEMPORAL,BEFORE,wn-0405,-1,0.3,1
wn-0405:2:62,wn-0405:8:183,TEMPORAL,BEFORE,wn-0405,-1,0.3,1
wn-0405:7:143,wn-0405:8:183,TEMPORAL,BEFORE,wn-0405,-1,0.3,1
wn-0406:2:12,wn-0406:4:82,TEMPORAL,BEFORE,wn-0406,-1,0.9,1
wn-0406:2:12,wn-0406:7:175,TEMPORAL,BEFORE,wn-0406,-1,0.3,1
wn-0406:2:12,wn-0406:8:200,TEMPORAL,BEFORE,wn-0406,-1,0.3,1
wn-0406:2:12,wn-0406:9:242,TEMPORAL,BEFORE,wn-0406,-1,0.3,1
wn-0406:2:12,wn-0406:10:257,TEMPORAL,BEFORE,wn-0406,-1,0.3,1
wn-0406:2:12,wn-0406:14:345,TEMPORAL,BEFORE,wn-0406,-1,0.9,1
wn-0406:2:12,wn-0406:14:356,TEMPORAL,BEFORE,wn-0406,-1,0.9,1
wn-0406:2:12,wn-0406:15:395,TEMPORAL,BEFORE,wn-0406,-1,0.3,1
wn-0406:4:82,wn-0406:7:175,TEMPORAL,BEFORE,wn-0406,-1,0.3,1
wn-0406:4:82,wn-0406:8:200,TEMPORAL,BEFORE,wn-0406,-1,0.3,1
wn-0406:4:82,wn-0406:9:242,TEMPORAL,BEFORE,wn-0406,-1,0.3,1
wn-0406:4:82,wn-0406:10:257,TEMPORAL,BEFORE,wn-0406,-1,0.3,1
wn-0406:4:82,wn-0406:14:345,TEMPORAL,SIMULTANEOUS,wn-0406,-1,0.9,1
wn-0406:4:82,wn-0406:14:356,TEMPORAL,SIMULTANEOUS,wn-0406,-1,0.9,1
wn-0406:4:82,wn-0406:15:395,TEMPORAL,BEFORE,wn-0406,-1,0.3,1
wn-0406:7:175,wn-0406:8:200,TEMPORAL,BEFORE,wn-0406,-1,0.3,1
wn-0406:7:175,wn-0406:9:242,TEMPORAL,BEFORE,wn-0406,-1,0.3,1
wn-0406:7:175,wn-0406:10:257,TEMPORAL,BEFORE,wn-0406,-1,0.3,1
wn-0406:7:175,wn-0406:14:345,TEMPORAL,BEFORE,wn-0406,-1,0.3,1
wn-0406:7:175,wn-0406:14:356,TEMPORAL,BEFORE,wn-0406,-1,0.3,1
wn-0406:7:175,wn-0406:15:395,TEMPORAL,BEFORE,wn-0406,-1,0.3,1
wn-0406:8:200,wn-0406:9:242,TEMPORAL,BEFORE,wn-0406,-1,0.3,1
wn-0406:8:200,wn-0406:10:257,TEMPORAL,BEFORE,wn-0406,-1,0.3,1
wn-0406:8:200,wn-0406:14:345,TEMPORAL,BEFORE,wn-0406,-1,0.3,1
wn-0406:8:200,wn-0406:14:356,TEMPORAL,BEFORE,wn-0406,-1,0.3,1
wn-0406:8:200,wn-0406:15:395,TEMPORAL,BEFORE,wn-0406,-1,0.3,1
wn-0406:9:242,wn-0406:10:257,TEMPORAL,BEFORE,wn-0406,-1,0.3,1
wn-0406:9:242,wn-0406:14:345,TEMPORAL,BEFORE,wn-0406,-1,0.3,1
wn-0406:9:242,wn-0406:14:356,TEMPORAL,BEFORE,wn-0406,-1,0.3,1
wn-0406:9:242,wn-0406:15:395,TEMPORAL,BEFORE,wn-0406,-1,0.3,1
wn-0406:10:257,wn-0406:14:345,TEMPORAL,BEFORE,wn-0406,-1,0.3,1
wn-0406:10:257,wn-0406:14:356,TEMPORAL,BEFORE,wn-0406,-1,0.3,1
wn-0406:10:257,wn-0406:15:395,TEMPORAL,BEFORE,wn-0406,-1,0.3,1
wn-0406:14:345,wn-0406:14:356,TEMPORAL,SIMULTANEOUS,wn-0406,-1,0.9,1
wn-0406:14:345,wn-0406:15:395,TEMPORAL,BEFORE,wn-0406,-1,0.3,1
wn-0406:14:356,wn-0406:15:395,TEMPORAL,BEFORE,wn-0406,-1,0.3,1
wn-0407:3:69,wn-0407:5:109,TEMPORAL,BEFORE,wn-0407,-1,0.3,1
wn-0409:1:6,wn-0409:2:25,TEMPORAL,BEFORE,wn-0409,-1,0.3,1
wn-0409:1:6,wn-0409:3:58,TEMPORAL,BEFORE,wn-0409,-1,0.3,1
wn-0409:1:6,wn-0409:4:67,TEMPORAL,BEFORE,wn-0409,-1,0.3,1
wn-0409:1:6,wn-0409:4:69,TEMPORAL,BEFORE,wn-0409,-1,0.3,1
wn-0409:1:6,wn-0409:5:101,TEMPORAL,BEFORE,wn-0409,-1,0.3,1
wn-0409:1:6,wn-0409:6:108,TEMPORAL,BEFORE,wn-0409,-1,0.3,1
wn-0409:1:6,wn-0409:7:127,TEMPORAL,BEFORE,wn-0409,-1,0.3,1
wn-0409:1:6,wn-0409:7:131,TEMPORAL,BEFORE,wn-0409,-1,0.3,1
wn-0409:1:6,wn-0409:7:147,TEMPORAL,BEFORE,wn-0409,-1,0.3,1
wn-0409:1:6,wn-0409:8:150,TEMPORAL,BEFORE,wn-0409,-1,0.3,1
wn-0409:1:6,wn-0409:10:187,TEMPORAL,BEFORE,wn-0409,-1,0.3,1
wn-0409:1:6,wn-0409:11:208,TEMPORAL,BEFORE,wn-0409,-1,0.3,1
wn-0409:1:6,wn-0409:12:214,TEMPORAL,BEFORE,wn-0409,-1,0.3,1
wn-0409:1:6,wn-0409:12:230,TEMPORAL,BEFORE,wn-0409,-1,0.3,1
wn-0409:1:6,wn-0409:14:281,TEMPORAL,BEFORE,wn-0409,-1,0.3,1
wn-0409:1:6,wn-0409:15:300,TEMPORAL,BEFORE,wn-0409,-1,0.3,1
wn-0409:1:6,wn-0409:15:313,TEMPORAL,BEFORE,wn-0409,-1,0.3,1
wn-0409:1:6,wn-0409:16:331,TEMPORAL,BEFORE,wn-0409,-1,0.3,1
wn-0409:2:25,wn-0409:3:58,TEMPORAL,BEFORE,wn-0409,-1,0.3,1
wn-0409:2:25,wn-0409:4:67,TEMPORAL,BEFORE,wn-0409,-1,0.3,1
wn-0409:2:25,wn-0409:4:69,TEMPORAL,BEFORE,wn-0409,-1,0.3,1
wn-0409:2:25,wn-0409:5:101,TEMPORAL,BEFORE,wn-0409,-1,0.3,1
wn-0409:2:25,wn-0409:6:108,TEMPORAL,BEFORE,wn-0409,-1,0.3,1
wn-0409:2:25,wn-0409:7:127,TEMPORAL,BEFORE,wn-0409,-1,0.3,1
wn-0409:2:25,wn-0409:7:131,TEMPORAL,BEFORE,wn-0409,-1,0.3,1
wn-0409:2:25,wn-0409:7:147,TEMPORAL,BEFORE,wn-0409,-1,0.3,1
wn-0409:2:25,wn-0409:8:150,TEMPORAL,BEFORE,wn-0409,-1,0.3,1
wn-0409:2:25,wn-0409:10:187,TEMPORAL,BEFORE,wn-0409,-1,0.3,1
wn-0409:2:25,wn-0409:11:208,TEMPORAL,BEFORE,wn-0409,-1,0.3,1
wn-0409:2:25,wn-0409:12:214,TEMPORAL,BEFORE,wn-0409,-1,0.3,1
wn-0409:2:25,wn-0409:12:230,TEMPORAL,BEFORE,wn-0409,-1,0.3,1
wn-0409:2:25,wn-0409:14:281,TEMPORAL,BEFORE,wn-0409,-1,0.3,1
wn-0409:2:25,wn-0409:15:300,TEMPORAL,BEFORE,wn-0409,-1,0.3,1
wn-0409:2:25,wn-0409:15:313,TEMPORAL,BEFORE,wn-0409,-1,0.3,1
wn-0409:2:25,wn-0409:16:331,TEMPORAL,BEFORE,wn-0409,-1,0.3,1
wn-0409:3:58,wn-0409:4:67,TEMPORAL,BEFORE,wn-0409,-1,0.3,1
wn-0409:3:58,wn-0409:4:69,TEMPORAL,BEFORE,wn-0409,-1,0.3,1
wn-0409:3:58,wn-0409:5:101,TEMPORAL,BEFORE,wn-0409,-1,0.3,1
wn-0409:3:58,wn-0409:6:108,TEMPORAL,BEFORE,wn-0409,-1,0.3,1
wn-0409:3:58,wn-0409:7:127,TEMPORAL,BEFORE,wn-0409,-1,0.3,1
wn-0409:3:58,wn-0409:7:131,TEMPORAL,BEFORE,wn-0409,-1,0.3,1
wn-0409:3:58,wn-0409:7:147,TEMPORAL,BEFORE,wn-0409,-1,0.3,1
wn-0409:3:58,wn-0409:8:150,TEMPORAL,BEFORE,wn-0409,-1,0.3,1
wn-0409:3:58,wn-0409:10:187,TEMPORAL,BEFORE,wn-0409,-1,0.3,1
wn-0409:3:58,wn-0409:11:208,TEMPORAL,BEFORE,wn-0409,-1,0.3,1
wn-0409:3:58,wn-0409:12:214,TEMPORAL,BEFORE,wn-0409,-1,0.3,1
wn-0409:3:58,wn-0409:12:230,TEMPORAL,BEFORE,wn-0409,-1,0.3,1
wn-0409:3:58,wn-0409:14:281,TEMPORAL,BEFORE,wn-0409,-1,0.3,1
wn-0409:3:58,wn-0409:15:300,TEMPORAL,BEFORE,wn-0409,-1,0.3,1
wn-0409:3:58,wn-0409:15:313,TEMPORAL,BEFORE,wn-0409,-1,0.3,1
wn-0409:3:58,wn-0409:16:331,TEMPORAL,BEFORE,wn-0409,-1,0.3,1
wn-0409:4:67,wn-0409:4:69,TEMPORAL,SIMULTANEOUS,wn-0409,-1,0.7,1
wn-0409:4:67,wn-0409:5:101,TEMPORAL,AFTER,wn-0409,-1,0.7,1
wn-0409:4:67,wn-0409:6:108,TEMPORAL,BEFORE,wn-0409,-1,0.3,1
wn-0409:4:67,wn-0409:7:127,TEMPORAL,BEFORE,wn-0409,-1,0.3,1
wn-0409:4:67,wn-0409:7:131,TEMPORAL,BEFORE,wn-0409,-1,0.3,1
wn-0409:4:67,wn-0409:7:147,TEMPORAL,BEFORE,wn-0409,-1,0.3,1
wn-0409:4:67,wn-0409:8:150,TEMPORAL,BEFORE,wn-0409,-1,0.3,1
wn-0409:4:67,wn-0409:10:187,TEMPORAL,BEFORE,wn-0409,-1,0.3,1
wn-0409:4:67,wn-0409:11:208,TEMPORAL,BEFORE,wn-0409,-1,0.3,1
wn-0409:4:67,wn-0409:12:214,TEMPORAL,BEFORE,wn-0409,-1,0.3,1
wn-0409:4:67,wn-0409:12:230,TEMPORAL,BEFORE,wn-0409,-1,0.3,1
wn-0409:4:67,wn-0409:14:281,TEMPORAL,BEFORE,wn-0409,-1,0.3,1
wn-0409:4:67,wn-0409:15:300,TEMPORAL,BEFORE,wn-0409,-1,0.3,1
wn-0409:4:67,wn-0409:15:313,TEMPORAL,BEFORE,wn-0409,-1,0.3,1
wn-0409:4:67,wn-0409:16:331,TEMPORAL,AFTER,wn-0409,-1,0.7,1
wn-0409:4:69,wn-0409:5:101,TEMPORAL,AFTER,wn-0409,-1,0.7,1
wn-0409:4:69,wn-0409:6:108,TEMPORAL,BEFORE,wn-0409,-1,0.3,1
wn-0409:4:69,wn-0409:7:127,TEMPORAL,BEFORE,wn-0409,-1,0.3,1
wn-0409:4:69,wn-0409:7:131,TEMPORAL,BEFORE,wn-0409,-1,0.3,1
wn-0409:4:69,wn-0409:7:147,TEMPORAL,BEFORE,wn-0409,-1,0.3,1
wn-0409:4:69,wn-0409:8:150,TEMPORAL,BEFORE,wn-0409,-1,0.3,1
wn-0409:4:69,wn-0409:10:187,TEMPORAL,BEFORE,wn-0409,-1,0.3,1
wn-0409:4:69,wn-0409:11:208,TEMPORAL,BEFORE,wn-0409,-1,0.3,1
wn-0409:4:69,wn-0409:12:214,TEMPORAL,BEFORE,wn-0409,-1,0.3,1
wn-0409:4:69,wn-0409:12:230,TEMPORAL,BEFORE,wn-0409,-1,0.3,1
wn-0409:4:69,wn-0409:14:281,TEMPORAL,BEFORE,wn-0409,-1,0.3,1
wn-0409:4:69,wn-0409:15:300,TEMPORAL,BEFORE,wn-0409,-1,0.3,1
wn-0409:4:69,wn-0409:15:313,TEMPORAL,BEFORE,wn-0409,-1,0.3,1
wn-0409:4:69,wn-0409:16:331,TEMPORAL,AFTER,wn-0409,-1,0.7,1
wn-0409:5:101,wn-0409:6:108,TEMPORAL,BEFORE,wn-0409,-1,0.3,1
wn-0409:5:101,wn-0409:7:127,TEMPORAL,BEFORE,wn-0409,-1,0.3,1
wn-0409:5:101,wn-0409:7:131,TEMPORAL,BEFORE,wn-0409,-1,0.3,1
wn-0409:5:101,wn-0409:7:147,TEMPORAL,BEFORE,wn-0409,-1,0.3,1
wn-0409:5:101,wn-0409:8:150,TEMPORAL,BEFORE,wn-0409,-1,0.3,1
wn-0409:5:101,wn-0409:10:187,TEMPORAL,BEFORE,wn-0409,-1,0.3,1
wn-0409:5:101,wn-0409:11:208,TEMPORAL,BEFORE,wn-0409,-1,0.3,1
wn-0409:5:101,wn-0409:12:214,TEMPORAL,BEFORE,wn-0409,-1,0.3,1
wn-0409:5:101,wn-0409:12:230,TEMPORAL,BEFORE,wn-0409,-1,0.3,1
wn-0409:5:101,wn-0409:14:281,TEMPORAL,BEFORE,wn-0409,-1,0.3,1
wn-0409:5:101,wn-0409:15:300,TEMPORAL,BEFORE,wn-0409,-1,0.3,1
wn-0409:5:101,wn-0409:15:313,TEMPORAL,BEFORE,wn-0409,-1,0.3,1
wn-0409:5:101,wn-0409:16:331,TEMPORAL,AFTER,wn-0409,-1,0.9,1
wn-0409:6:108,wn-0409:7:127,TEMPORAL,BEFORE,wn-0409,-1,0.3,1
wn-0409:6:108,wn-0409:7:131,TEMPORAL,BEFORE,wn-0409,-1,0.3,1
wn-0409:6:108,wn-0409:7:147,TEMPORAL,BEFORE,wn-0409,-1,0.3,1
wn-0409:6:108,wn-0409:8:150,TEMPORAL,BEFORE,wn-0409,-1,0.3,1
wn-0409:6:108,wn-0409:10:187,TEMPORAL,BEFORE,wn-0409,-1,0.3,1
wn-0409:6:108,wn-0409:11:208,TEMPORAL,BEFORE,wn-0409,-1,0.3,1
wn-0409:6:108,wn-0409:12:214,TEMPORAL,BEFORE,wn-0409,-1,0.3,1
wn-0409:6:108,wn-0409:12:230,TEMPORAL,BEFORE,wn-0409,-1,0.3,1
wn-0409:6:108,wn-0409:14:281,TEMPORAL,BEFORE,wn-0409,-1,0.3,1
wn-0409:6:108,wn-0409:15:300,TEMPORAL,BEFORE,wn-0409,-1,0.3,1
wn-0409:6:108,wn-0409:15:313,TEMPORAL,BEFORE,wn-0409,-1,0.3,1
wn-0409:6:108,wn-0409:16:331,TEMPORAL,BEFORE,wn-0409,-1,0.3,1
wn-0409:7:127,wn-0409:7:131,TEMPORAL,AFTER,wn-0409,-1,0.5,1
wn-0409:7:127,wn-0409:7:147,TEMPORAL,AFTER,wn-0409,-1,0.5,1
wn-0409:7:127,wn-0409:8:150,TEMPORAL,BEFORE,wn-0409,-1,0.3,1
wn-0409:7:127,wn-0409:10:187,TEMPORAL,BEFORE,wn-0409,-1,0.3,1
wn-0409:7:127,wn-0409:11:208,TEMPORAL,BEFORE,wn-0409,-1,0.3,1
wn-0409:7:127,wn-0409:12:214,TEMPORAL,BEFORE,wn-0409,-1,0.3,1
wn-0409:7:127,wn-0409:12:230,TEMPORAL,BEFORE,wn-0409,-1,0.3,1
wn-0409:7:127,wn-0409:14:281,TEMPORAL,BEFORE,wn-0409,-1,0.3,1
wn-0409:7:127,wn-0409:15:300,TEMPORAL,BEFORE,wn-0409,-1,0.3,1
wn-0409:7:127,wn-0409:15:313,TEMPORAL,BEFORE,wn-0409,-1,0.3,1
wn-0409:7:127,wn-0409:16:331,TEMPORAL,BEFORE,wn-0409,-1,0.3,1
wn-0409:7:131,wn-0409:7:147,TEMPORAL,AFTER,wn-0409,-1,0.5,1
wn-0409:7:131,wn-0409:8:150,TEMPORAL,BEFORE,wn-0409,-1,0.3,1
wn-0409:7:131,wn-0409:10:187,TEMPORAL,BEFORE,wn-0409,-1,0.3,1
wn-0409:7:131,wn-0409:11:208,TEMPORAL,BEFORE,wn-0409,-1,0.3,1
wn-0409:7:131,wn-0409:12:214,TEMPORAL,BEFORE,wn-0409,-1,0.3,1
wn-0409:7:131,wn-0409:12:230,TEMPORAL,BEFORE,wn-0409,-1,0.3,1
wn-0409:7:131,wn-0409:14:281,TEMPORAL,BEFORE,wn-0409,-1,0.3,1
wn-0409:7:131,wn-0409:15:300,TEMPORAL,BEFORE,wn-0409,-1,0.3,1
wn-0409:7:131,wn-0409:15:313,TEMPORAL,BEFORE,wn-0409,-1,0.3,1
wn-0409:7:131,wn-0409:16:331,TEMPORAL,BEFORE,wn-0409,-1,0.3,1
wn-0409:7:147,wn-0409:8:150,TEMPORAL,BEFORE,wn-0409,-1,0.3,1
wn-0409:7:147,wn-0409:10:187,TEMPORAL,BEFORE,wn-0409,-1,0.3,1
wn-0409:7:147,wn-0409:11:208,TEMPORAL,BEFORE,wn-0409,-1,0.3,1
wn-0409:7:147,wn-0409:12:214,TEMPORAL,BEFORE,wn-0409,-1,0.3,1
wn-0409:7:147,wn-0409:12:230,TEMPORAL,BEFORE,wn-0409,-1,0.3,1
wn-0409:7:147,wn-0409:14:281,TEMPORAL,BEFORE,wn-0409,-1,0.3,1
wn-0409:7:147,wn-0409:15:300,TEMPORAL,BEFORE,wn-0409,-1,0.3,1
wn-0409:7:147,wn-0409:15:313,TEMPORAL,BEFORE,wn-0409,-1,0.3,1
wn-0409:7:147,wn-0409:16:331,TEMPORAL,BEFORE,wn-0409,-1,0.3,1
wn-0409:8:150,wn-0409:10:187,TEMPORAL,BEFORE,wn-0409,-1,0.3,1
wn-0409:8:150,wn-0409:11:208,TEMPORAL,BEFORE,wn-0409,-1,0.3,1
wn-0409:8:150,wn-0409:12:214,TEMPORAL,BEFORE,wn-0409,-1,0.3,1
wn-0409:8:150,wn-0409:12:230,TEMPORAL,BEFORE,wn-0409,-1,0.3,1
wn-0409:8:150,wn-0409:14:281,TEMPORAL,BEFORE,wn-0409,-1,0.3,1
wn-0409:8:150,wn-0409:15:300,TEMPORAL,BEFORE,wn-0409,-1,0.3,1
wn-0409:8:150,wn-0409:15:313,TEMPORAL,BEFORE,wn-0409,-1,0.3,1
wn-0409:8:150,wn-0409:16:331,TEMPORAL,BEFORE,wn-0409,-1,0.3,1
wn-0409:10:187,wn-0409:11:208,TEMPORAL,BEFORE,wn-0409,-1,0.3,1
wn-0409:10:187,wn-0409:12:214,TEMPORAL,BEFORE,wn-0409,-1,0.3,1
wn-0409:10:187,wn-0409:12:230,TEMPORAL,BEFORE,wn-0409,-1,0.3,1
wn-0409:10:187,wn-0409:14:281,TEMPORAL,BEFORE,wn-0409,-1,0.3,1
wn-0409:10:187,wn-0409:15:300,TEMPORAL,BEFORE,wn-0409,-1,0.3,1
wn-0409:10:187,wn-0409:15:313,TEMPORAL,BEFORE,wn-0409,-1,0.3,1
wn-0409:10:187,wn-0409:16:331,TEMPORAL,BEFORE,wn-0409,-1,0.3,1
wn-0409:11:208,wn-0409:12:214,TEMPORAL,BEFORE,wn-0409,-1,0.3,1
wn-0409:11:208,wn-0409:12:230,TEMPORAL,BEFORE,wn-0409,-1,0.3,1
wn-0409:11:208,wn-0409:14:281,TEMPORAL,BEFORE,wn-0409,-1,0.3,1
wn-0409:11:208,wn-0409:15:300,TEMPORAL,BEFORE,wn-0409,-1,0.3,1
wn-0409:11:208,wn-0409:15:313,TEMPORAL,BEFORE,wn-0409,-1,0.3,1
wn-0409:11:208,wn-0409:16:331,TEMPORAL,BEFORE,wn-0409,-1,0.3,1
wn-0409:12:214,wn-0409:14:281,TEMPORAL,BEFORE,wn-0409,-1,0.3,1
wn-0409:12:214,wn-0409:15:300,TEMPORAL,BEFORE,wn-0409,-1,0.3,1
wn-0409:12:214,wn-0409:15:313,TEMPORAL,BEFORE,wn-0409,-1,0.3,1
wn-0409:12:214,wn-0409:16:331,TEMPORAL,BEFORE,wn-0409,-1,0.3,1
wn-0409:12:230,wn-0409:14:281,TEMPORAL,BEFORE,wn-0409,-1,0.3,1
wn-0409:12:230,wn-0409:15:300,TEMPORAL,BEFORE,wn-0409,-1,0.3,1
wn-0409:12:230,wn-0409:15:313,TEMPORAL,BEFORE,wn-0409,-1,0.3,1
wn-0409:12:230,wn-0409:16:331,TEMPORAL,BEFORE,wn-0409,-1,0.3,1
wn-0409:14:281,wn-0409:15:300,TEMPORAL,BEFORE,wn-0409,-1,0.3,1
wn-0409:14:281,wn-0409:15:313,TEMPORAL,BEFORE,wn-0409,-1,0.3,1
wn-0409:14:281,wn-0409:16:331,TEMPORAL,BEFORE,wn-0409,-1,0.3,1
wn-0409:15:300,wn-0409:16:331,TEMPORAL,BEFORE,wn-0409,-1,0.3,1
wn-0409:15:313,wn-0409:16:331,TEMPORAL,BEFORE,wn-0409,-1,0.3,1
wn-0410:4:87,wn-0410:7:172,TEMPORAL,BEFORE,wn-0410,-1,0.3,1
wn-0411:1:11,wn-0411:1:24,TEMPORAL,SIMULTANEOUS,wn-0411,-1,0.7,1
wn-0411:1:11,wn-0411:1:9,TEMPORAL,SIMULTANEOUS,wn-0411,-1,0.7,1
wn-0411:1:11,wn-0411:3:74,TEMPORAL,BEFORE,wn-0411,-1,0.3,1
wn-0411:1:11,wn-0411:3:79,TEMPORAL,BEFORE,wn-0411,-1,0.3,1
wn-0411:1:11,wn-0411:3:86,TEMPORAL,BEFORE,wn-0411,-1,0.3,1
wn-0411:1:11,wn-0411:3:92,TEMPORAL,BEFORE,wn-0411,-1,0.3,1
wn-0411:1:11,wn-0411:4:98,TEMPORAL,BEFORE,wn-0411,-1,0.3,1
wn-0411:1:11,wn-0411:5:136,TEMPORAL,BEFORE,wn-0411,-1,0.3,1
wn-0411:1:11,wn-0411:7:205,TEMPORAL,AFTER,wn-0411,-1,0.7,1
wn-0411:1:11,wn-0411:8:217,TEMPORAL,AFTER,wn-0411,-1,0.7,1
wn-0411:1:11,wn-0411:9:240,TEMPORAL,BEFORE,wn-0411,-1,0.3,1
wn-0411:1:24,wn-0411:1:9,TEMPORAL,SIMULTANEOUS,wn-0411,-1,0.7,1
wn-0411:1:24,wn-0411:3:74,TEMPORAL,BEFORE,wn-0411,-1,0.3,1
wn-0411:1:24,wn-0411:3:79,TEMPORAL,BEFORE,wn-0411,-1,0.3,1
wn-0411:1:24,wn-0411:3:86,TEMPORAL,BEFORE,wn-0411,-1,0.3,1
wn-0411:1:24,wn-0411:3:92,TEMPORAL,BEFORE,wn-0411,-1,0.3,1
wn-0411:1:24,wn-0411:4:98,TEMPORAL,BEFORE,wn-0411,-1,0.3,1
wn-0411:1:24,wn-0411:5:136,TEMPORAL,BEFORE,wn-0411,-1,0.3,1
wn-0411:1:24,wn-0411:7:205,TEMPORAL,AFTER,wn-0411,-1,0.7,1
wn-0411:1:24,wn-0411:8:217,TEMPORAL,AFTER,wn-0411,-1,0.7,1
wn-0411:1:24,wn-0411:9:240,TEMPORAL,BEFORE,wn-0411,-1,0.3,1
wn-0411:1:9,wn-0411:3:74,TEMPORAL,BEFORE,wn-0411,-1,0.3,1
wn-0411:1:9,wn-0411:3:79,TEMPORAL,BEFORE,wn-0411,-1,0.3,1
wn-0411:1:9,wn-0411:3:86,TEMPORAL,BEFORE,wn-0411,-1,0.3,1
wn-0411:1:9,wn-0411:3:92,TEMPORAL,BEFORE,wn-0411,-1,0.3,1
wn-0411:1:9,wn-0411:4:98,TEMPORAL,BEFORE,wn-0411,-1,0.3,1
wn-0411:1:9,wn-0411:5:136,TEMPORAL,BEFORE,wn-0411,-1,0.3,1
wn-0411:1:9,wn-0411:7:205,TEMPORAL,AFTER,wn-0411,-1,0.7,1
wn-0411:1:9,wn-0411:8:217,TEMPORAL,AFTER,wn-0411,-1,0.7,1
wn-0411:1:9,wn-0411:9:240,TEMPORAL,BEFORE,wn-0411,-1,0.3,1
wn-0411:3:74,wn-0411:3:79,TEMPORAL,BEFORE,wn-0411,-1,0.5,1
wn-0411:3:74,wn-0411:3:86,TEMPORAL,BEFORE,wn-0411,-1,0.5,1
wn-0411:3:74,wn-0411:3:92,TEMPORAL,BEFORE,wn-0411,-1,0.5,1
wn-0411:3:74,wn-0411:4:98,TEMPORAL,BEFORE,wn-0411,-1,0.3,1
wn-0411:3:74,wn-0411:5:136,TEMPORAL,BEFORE,wn-0411,-1,0.3,1
wn-0411:3:74,wn-0411:7:205,TEMPORAL,BEFORE,wn-0411,-1,0.3,1
wn-0411:3:74,wn-0411:8:217,TEMPORAL,BEFORE,wn-0411,-1,0.3,1
wn-0411:3:74,wn-0411:9:240,TEMPORAL,BEFORE,wn-0411,-1,0.3,1
wn-0411:3:79,wn-0411:3:86,TEMPORAL,BEFORE,wn-0411,-1,0.5,1
wn-0411:3:79,wn-0411:3:92,TEMPORAL,BEFORE,wn-0411,-1,0.5,1
wn-0411:3:79,wn-0411:4:98,TEMPORAL,BEFORE,wn-0411,-1,0.3,1
wn-0411:3:79,wn-0411:5:136,TEMPORAL,BEFORE,wn-0411,-1,0.3,1
wn-0411:3:79,wn-0411:7:205,TEMPORAL,BEFORE,wn-0411,-1,0.3,1
wn-0411:3:79,wn-0411:8:217,TEMPORAL,BEFORE,wn-0411,-1,0.3,1
wn-0411:3:79,wn-0411:9:240,TEMPORAL,BEFORE,wn-0411,-1,0.3,1
wn-0411:3:86,wn-0411:3:92,TEMPORAL,BEFORE,wn-0411,-1,0.5,1
wn-0411:3:86,wn-0411:4:98,TEMPORAL,BEFORE,wn-0411,-1,0.3,1
wn-0411:3:86,wn-0411:5:136,TEMPORAL,BEFORE,wn-0411,-1,0.3,1
wn-0411:3:86,wn-0411:7:205,TEMPORAL,BEFORE,wn-0411,-1,0.3,1
wn-0411:3:86,wn-0411:8:217,TEMPORAL,BEFORE,wn-0411,-1,0.3,1
wn-0411:3:86,wn-0411:9:240,TEMPORAL,BEFORE,wn-0411,-1,0.3,1
wn-0411:3:92,wn-0411:4:98,TEMPORAL,BEFORE,wn-0411,-1,0.3,1
wn-0411:3:92,wn-0411:5:136,TEMPORAL,BEFORE,wn-0411,-1,0.3,1
wn-0411:3:92,wn-0411:7:205,TEMPORAL,BEFORE,wn-0411,-1,0.3,1
wn-0411:3:92,wn-0411:8:217,TEMPORAL,BEFORE,wn-0411,-1,0.3,1
wn-0411:3:92,wn-0411:9:240,TEMPORAL,BEFORE,wn-0411,-1,0.3,1
wn-0411:4:98,wn-0411:5:136,TEMPORAL,BEFORE,wn-0411,-1,0.3,1
wn-0411:4:98,wn-0411:7:205,TEMPORAL,BEFORE,wn-0411,-1,0.3,1
wn-0411:4:98,wn-0411:8:217,TEMPORAL,BEFORE,wn-0411,-1,0.3,1
wn-0411:4:98,wn-0411:9:240,TEMPORAL,BEFORE,wn-0411,-1,0.3,1
wn-0411:5:136,wn-0411:7:205,TEMPORAL,BEFORE,wn-0411,-1,0.3,1
wn-0411:5:136,wn-0411:8:217,TEMPORAL,BEFORE,wn-0411,-1,0.3,1
wn-0411:5:136,wn-0411:9:240,TEMPORAL,BEFORE,wn-0411,-1,0.3,1
wn-0411:7:205,wn-0411:8:217,TEMPORAL,SIMULTANEOUS,wn-0411,-1,0.85,1
wn-0411:7:205,wn-0411:9:240,TEMPORAL,BEFORE,wn-0411,-1,0.3,1
wn-0411:8:217,wn-0411:9:240,TEMPORAL,BEFORE,wn-0411,-1,0.3,1
wn-0412:1:10,wn-0412:2:36,TEMPORAL,BEFORE,wn-0412,-1,0.3,1
wn-0412:1:10,wn-0412:2:50,TEMPORAL,BEFORE,wn-0412,-1,0.3,1
wn-0412:1:10,wn-0412:3:69,TEMPORAL,BEFORE,wn-0412,-1,0.3,1
wn-0412:1:10,wn-0412:5:122,TEMPORAL,BEFORE,wn-0412,-1,0.3,1
wn-0412:1:10,wn-0412:5:129,TEMPORAL,BEFORE,wn-0412,-1,0.3,1
wn-0412:1:10,wn-0412:5:139,TEMPORAL,BEFORE,wn-0412,-1,0.3,1
wn-0412:1:10,wn-0412:6:159,TEMPORAL,BEFORE,wn-0412,-1,0.3,1
wn-0412:1:10,wn-0412:8:193,TEMPORAL,BEFORE,wn-0412,-1,0.3,1
wn-0412:1:12,wn-0412:2:36,TEMPORAL,BEFORE,wn-0412,-1,0.3,1
wn-0412:1:12,wn-0412:2:50,TEMPORAL,BEFORE,wn-0412,-1,0.3,1
wn-0412:1:12,wn-0412:3:69,TEMPORAL,BEFORE,wn-0412,-1,0.3,1
wn-0412:1:12,wn-0412:5:122,TEMPORAL,BEFORE,wn-0412,-1,0.3,1
wn-0412:1:12,wn-0412:5:129,TEMPORAL,BEFORE,wn-0412,-1,0.3,1
wn-0412:1:12,wn-0412:5:139,TEMPORAL,BEFORE,wn-0412,-1,0.3,1
wn-0412:1:12,wn-0412:6:159,TEMPORAL,BEFORE,wn-0412,-1,0.3,1
wn-0412:1:12,wn-0412:8:193,TEMPORAL,BEFORE,wn-0412,-1,0.3,1
wn-0412:2:36,wn-0412:2:50,TEMPORAL,SIMULTANEOUS,wn-0412,-1,0.5,1
wn-0412:2:36,wn-0412:3:69,TEMPORAL,AFTER,wn-0412,-1,0.75,1
wn-0412:2:36,wn-0412:5:122,TEMPORAL,BEFORE,wn-0412,-1,0.7,1
wn-0412:2:36,wn-0412:5:129,TEMPORAL,BEFORE,wn-0412,-1,0.7,1
wn-0412:2:36,wn-0412:5:139,TEMPORAL,BEFORE,wn-0412,-1,0.7,1
wn-0412:2:36,wn-0412:6:159,TEMPORAL,BEFORE,wn-0412,-1,0.3,1
wn-0412:2:36,wn-0412:8:193,TEMPORAL,AFTER,wn-0412,-1,0.85,1
wn-0412:2:50,wn-0412:3:69,TEMPORAL,BEFORE,wn-0412,-1,0.3,1
wn-0412:2:50,wn-0412:5:122,TEMPORAL,BEFORE,wn-0412,-1,0.3,1
wn-0412:2:50,wn-0412:5:129,TEMPORAL,BEFORE,wn-0412,-1,0.3,1
wn-0412:2:50,wn-0412:5:139,TEMPORAL,BEFORE,wn-0412,-1,0.3,1
wn-0412:2:50,wn-0412:6:159,TEMPORAL,BEFORE,wn-0412,-1,0.3,1
wn-0412:2:50,wn-0412:8:193,TEMPORAL,BEFORE,wn-0412,-1,0.3,1
wn-0412:3:69,wn-0412:5:122,TEMPORAL,BEFORE,wn-0412,-1,0.7,1
wn-0412:3:69,wn-0412:5:129,TEMPORAL,BEFORE,wn-0412,-1,0.7,1
wn-0412:3:69,wn-0412:5:139,TEMPORAL,BEFORE,wn-0412,-1,0.7,1
wn-0412:3:69,wn-0412:6:159,TEMPORAL,BEFORE,wn-0412,-1,0.3,1
wn-0412:3:69,wn-0412:8:193,TEMPORAL,BEFORE,wn-0412,-1,0.75,1
wn-0412:5:122,wn-0412:5:129,TEMPORAL,SIMULTANEOUS,wn-0412,-1,0.7,1
wn-0412:5:122,wn-0412:5:139,TEMPORAL,SIMULTANEOUS,wn-0412,-1,0.7,1
wn-0412:5:122,wn-0412:6:159,TEMPORAL,BEFORE,wn-0412,-1,0.3,1
wn-0412:5:122,wn-0412:8:193,TEMPORAL,AFTER,wn-0412,-1,0.7,1
wn-0412:5:129,wn-0412:5:139,TEMPORAL,SIMULTANEOUS,wn-0412,-1,0.7,1
wn-0412:5:129,wn-0412:6:159,TEMPORAL,BEFORE,wn-0412,-1,0.3,1
wn-0412:5:129,wn-0412:8:193,TEMPORAL,AFTER,wn-0412,-1,0.7,1
wn-0412:5:139,wn-0412:6:159,TEMPORAL,BEFORE,wn-0412,-1,0.3,1
wn-0412:5:139,wn-0412:8:193,TEMPORAL,AFTER,wn-0412,-1,0.7,1
wn-0412:6:159,wn-0412:8:193,TEMPORAL,BEFORE,wn-0412,-1,0.3,1
wn-0413:8:136,wn-0413:13:278,TEMPORAL,BEFORE,wn-0413,-1,0.3,1
wn-0413:8:136,wn-0413:14:292,TEMPORAL,BEFORE,wn-0413,-1,0.3,1
wn-0413:8:136,wn-0413:15:321,TEMPORAL,BEFORE,wn-0413,-1,0.3,1
wn-0413:8:136,wn-0413:16:335,TEMPORAL,BEFORE,wn-0413,-1,0.3,1
wn-0413:13:278,wn-0413:14:292,TEMPORAL,BEFORE,wn-0413,-1,0.3,1
wn-0413:13:278,wn-0413:15:321,TEMPORAL,BEFORE,wn-0413,-1,0.3,1
wn-0413:13:278,wn-0413:16:335,TEMPORAL,BEFORE,wn-0413,-1,0.3,1
wn-0413:14:292,wn-0413:15:321,TEMPORAL,BEFORE,wn-0413,-1,0.3,1
wn-0413:14:292,wn-0413:16:335,TEMPORAL,AFTER,wn-0413,-1,0.75,1
wn-0413:15:321,wn-0413:16:335,TEMPORAL,BEFORE,wn-0413,-1,0.3,1
wn-0414:1:5,wn-0414:2:54,TEMPORAL,BEFORE,wn-0414,-1,0.3,1
wn-0414:1:5,wn-0414:4:82,TEMPORAL,BEFORE,wn-0414,-1,0.3,1
wn-0414:1:5,wn-0414:4:89,TEMPORAL,BEFORE,wn-0414,-1,0.3,1
wn-0414:1:5,wn-0414:6:142,TEMPORAL,BEFORE,wn-0414,-1,0.3,1
wn-0414:1:5,wn-0414:7:174,TEMPORAL,BEFORE,wn-0414,-1,0.3,1
wn-0414:1:5,wn-0414:9:202,TEMPORAL,BEFORE,wn-0414,-1,0.3,1
wn-0414:2:54,wn-0414:4:82,TEMPORAL,BEFORE,wn-0414,-1,0.3,1
wn-0414:2:54,wn-0414:4:89,TEMPORAL,BEFORE,wn-0414,-1,0.3,1
wn-0414:2:54,wn-0414:6:142,TEMPORAL,BEFORE,wn-0414,-1,0.3,1
wn-0414:2:54,wn-0414:7:174,TEMPORAL,BEFORE,wn-0414,-1,0.3,1
wn-0414:2:54,wn-0414:9:202,TEMPORAL,BEFORE,wn-0414,-1,0.3,1
wn-0414:4:82,wn-0414:6:142,TEMPORAL,BEFORE,wn-0414,-1,0.3,1
wn-0414:4:82,wn-0414:7:174,TEMPORAL,BEFORE,wn-0414,-1,0.3,1
wn-0414:4:82,wn-0414:9:202,TEMPORAL,BEFORE,wn-0414,-1,0.3,1
wn-0414:4:89,wn-0414:6:142,TEMPORAL,BEFORE,wn-0414,-1,0.3,1
wn-0414:4:89,wn-0414:7:174,TEMPORAL,BEFORE,wn-0414,-1,0.3,1
wn-0414:4:89,wn-0414:9:202,TEMPORAL,BEFORE,wn-0414,-1,0.3,1
wn-0414:6:142,wn-0414:7:174,TEMPORAL,BEFORE,wn-0414,-1,0.3,1
wn-0414:6:142,wn-0414:9:202,TEMPORAL,BEFORE,wn-0414,-1,0.3,1
wn-0414:7:174,wn-0414:9:202,TEMPORAL,BEFORE,wn-0414,-1,0.3,1
wn-0415:1:11,wn-0415:2:33,TEMPORAL,AFTER,wn-0415,-1,0.7,1
wn-0415:1:11,wn-0415:7:136,TEMPORAL,BEFORE,wn-0415,-1,0.3,1
wn-0415:1:11,wn-0415:11:218,TEMPORAL,AFTER,wn-0415,-1,0.7,1
wn-0415:2:33,wn-0415:7:136,TEMPORAL,BEFORE,wn-0415,-1,0.3,1
wn-0415:2:33,wn-0415:11:218,TEMPORAL,AFTER,wn-0415,-1,0.7,1
wn-0415:7:136,wn-0415:11:218,TEMPORAL,BEFORE,wn-0415,-1,0.3,1
wn-0416:6:162,wn-0416:6:172,TEMPORAL,SIMULTANEOUS,wn-0416,-1,0.95,1
wn-0417:1:3,wn-0417:1:7,TEMPORAL,SIMULTANEOUS,wn-0417,-1,0.7,1
wn-0417:1:3,wn-0417:2:42,TEMPORAL,AFTER,wn-0417,-1,0.7,1
wn-0417:1:3,wn-0417:2:47,TEMPORAL,AFTER,wn-0417,-1,0.7,1
wn-0417:1:3,wn-0417:3:53,TEMPORAL,BEFORE,wn-0417,-1,0.3,1
wn-0417:1:3,wn-0417:4:97,TEMPORAL,BEFORE,wn-0417,-1,0.3,1
wn-0417:1:7,wn-0417:2:42,TEMPORAL,AFTER,wn-0417,-1,0.7,1
wn-0417:1:7,wn-0417:2:47,TEMPORAL,AFTER,wn-0417,-1,0.7,1
wn-0417:1:7,wn-0417:3:53,TEMPORAL,BEFORE,wn-0417,-1,0.3,1
wn-0417:1:7,wn-0417:4:97,TEMPORAL,BEFORE,wn-0417,-1,0.3,1
wn-0417:2:42,wn-0417:2:47,TEMPORAL,SIMULTANEOUS,wn-0417,-1,0.85,1
wn-0417:2:42,wn-0417:3:53,TEMPORAL,BEFORE,wn-0417,-1,0.3,1
wn-0417:2:42,wn-0417:4:97,TEMPORAL,BEFORE,wn-0417,-1,0.3,1
wn-0417:2:47,wn-0417:3:53,TEMPORAL,BEFORE,wn-0417,-1,0.3,1
wn-0417:2:47,wn-0417:4:97,TEMPORAL,BEFORE,wn-0417,-1,0.3,1
wn-0417:3:53,wn-0417:4:97,TEMPORAL,BEFORE,wn-0417,-1,0.3,1
wn-0419:2:34,wn-0419:3:60,TEMPORAL,BEFORE,wn-0419,-1,0.3,1
wn-0419:2:34,wn-0419:6:146,TEMPORAL,BEFORE,wn-0419,-1,0.3,1
wn-0419:3:60,wn-0419:6:146,TEMPORAL,BEFORE,wn-0419,-1,0.3,1
wn-0420:1:4,wn-0420:3:42,TEMPORAL,BEFORE,wn-0420,-1,0.3,1
wn-0420:1:4,wn-0420:4:68,TEMPORAL,BEFORE,wn-0420,-1,0.3,1
wn-0420:1:4,wn-0420:7:166,TEMPORAL,BEFORE,wn-0420,-1,0.3,1
wn-0420:1:4,wn-0420:8:184,TEMPORAL,BEFORE,wn-0420,-1,0.3,1
wn-0420:1:4,wn-0420:9:193,TEMPORAL,BEFORE,wn-0420,-1,0.3,1
wn-0420:1:4,wn-0420:10:214,TEMPORAL,BEFORE,wn-0420,-1,0.3,1
wn-0420:1:4,wn-0420:12:271,TEMPORAL,BEFORE,wn-0420,-1,0.3,1
wn-0420:1:4,wn-0420:12:286,TEMPORAL,BEFORE,wn-0420,-1,0.3,1
wn-0420:1:4,wn-0420:13:297,TEMPORAL,BEFORE,wn-0420,-1,0.3,1
wn-0420:1:4,wn-0420:13:302,TEMPORAL,BEFORE,wn-0420,-1,0.3,1
wn-0420:3:42,wn-0420:4:68,TEMPORAL,BEFORE,wn-0420,-1,0.3,1
wn-0420:3:42,wn-0420:7:166,TEMPORAL,BEFORE,wn-0420,-1,0.3,1
wn-0420:3:42,wn-0420:8:184,TEMPORAL,BEFORE,wn-0420,-1,0.3,1
wn-0420:3:42,wn-0420:9:193,TEMPORAL,BEFORE,wn-0420,-1,0.3,1
wn-0420:3:42,wn-0420:10:214,TEMPORAL,BEFORE,wn-0420,-1,0.3,1
wn-0420:3:42,wn-0420:12:271,TEMPORAL,BEFORE,wn-0420,-1,0.3,1
wn-0420:3:42,wn-0420:12:286,TEMPORAL,BEFORE,wn-0420,-1,0.3,1
wn-0420:3:42,wn-0420:13:297,TEMPORAL,BEFORE,wn-0420,-1,0.3,1
wn-0420:3:42,wn-0420:13:302,TEMPORAL,BEFORE,wn-0420,-1,0.3,1
wn-0420:4:68,wn-0420:7:166,TEMPORAL,BEFORE,wn-0420,-1,0.3,1
wn-0420:4:68,wn-0420:8:184,TEMPORAL,BEFORE,wn-0420,-1,0.3,1
wn-0420:4:68,wn-0420:9:193,TEMPORAL,BEFORE,wn-0420,-1,0.3,1
wn-0420:4:68,wn-0420:10:214,TEMPORAL,BEFORE,wn-0420,-1,0.3,1
wn-0420:4:68,wn-0420:12:271,TEMPORAL,BEFORE,wn-0420,-1,0.3,1
wn-0420:4:68,wn-0420:12:286,TEMPORAL,BEFORE,wn-0420,-1,0.3,1
wn-0420:4:68,wn-0420:13:297,TEMPORAL,BEFORE,wn-0420,-1,0.3,1
wn-0420:4:68,wn-0420:13:302,TEMPORAL,BEFORE,wn-0420,-1,0.3,1
wn-0420:7:166,wn-0420:8:184,TEMPORAL,BEFORE,wn-0420,-1,0.3,1
wn-0420:7:166,wn-0420:9:193,TEMPORAL,BEFORE,wn-0420,-1,0.3,1
wn-0420:7:166,wn-0420:10:214,TEMPORAL,BEFORE,wn-0420,-1,0.3,1
wn-0420:7:166,wn-0420:12:271,TEMPORAL,BEFORE,wn-0420,-1,0.3,1
wn-0420:7:166,wn-0420:12:286,TEMPORAL,BEFORE,wn-0420,-1,0.3,1
wn-0420:7:166,wn-0420:13:297,TEMPORAL,BEFORE,wn-0420,-1,0.3,1
wn-0420:7:166,wn-0420:13:302,TEMPORAL,BEFORE,wn-0420,-1,0.3,1
wn-0420:8:184,wn-0420:9:193,TEMPORAL,BEFORE,wn-0420,-1,0.3,1
wn-0420:8:184,wn-0420:10:214,TEMPORAL,BEFORE,wn-0420,-1,0.3,1
wn-0420:8:184,wn-0420:12:271,TEMPORAL,BEFORE,wn-0420,-1,0.3,1
wn-0420:8:184,wn-0420:12:286,TEMPORAL,BEFORE,wn-0420,-1,0.3,1
wn-0420:8:184,wn-0420:13:297,TEMPORAL,BEFORE,wn-0420,-1,0.3,1
wn-0420:8:184,wn-0420:13:302,TEMPORAL,BEFORE,wn-0420,-1,0.3,1
wn-0420:9:193,wn-0420:10:214,TEMPORAL,BEFORE,wn-0420,-1,0.3,1
wn-0420:9:193,wn-0420:12:271,TEMPORAL,BEFORE,wn-0420,-1,0.3,1
wn-0420:9:193,wn-0420:12:286,TEMPORAL,BEFORE,wn-0420,-1,0.3,1
wn-0420:9:193,wn-0420:13:297,TEMPORAL,BEFORE,wn-0420,-1,0.3,1
wn-0420:9:193,wn-0420:13:302,TEMPORAL,BEFORE,wn-0420,-1,0.3,1
wn-0420:10:214,wn-0420:12:271,TEMPORAL,BEFORE,wn-0420,-1,0.3,1
wn-0420:10:214,wn-0420:12:286,TEMPORAL,BEFORE,wn-0420,-1,0.3,1
wn-0420:10:214,wn-0420:13:297,TEMPORAL,BEFORE,wn-0420,-1,0.3,1
wn-0420:10:214,wn-0420:13:302,TEMPORAL,BEFORE,wn-0420,-1,0.3,1
wn-0420:12:271,wn-0420:12:286,TEMPORAL,SIMULTANEOUS,wn-0420,-1,0.5,1
wn-0420:12:271,wn-0420:13:297,TEMPORAL,BEFORE,wn-0420,-1,0.3,1
wn-0420:12:271,wn-0420:13:302,TEMPORAL,BEFORE,wn-0420,-1,0.3,1
wn-0420:12:286,wn-0420:13:297,TEMPORAL,BEFORE,wn-0420,-1,0.3,1
wn-0420:12:286,wn-0420:13:302,TEMPORAL,BEFORE,wn-0420,-1,0.3,1
wn-0421:3:57,wn-0421:6:127,TEMPORAL,BEFORE,wn-0421,-1,0.3,1
wn-0421:3:57,wn-0421:12:225,TEMPORAL,BEFORE,wn-0421,-1,0.3,1
wn-0421:3:57,wn-0421:13:256,TEMPORAL,BEFORE,wn-0421,-1,0.3,1
wn-0421:6:127,wn-0421:12:225,TEMPORAL,BEFORE,wn-0421,-1,0.3,1
wn-0421:6:127,wn-0421:13:256,TEMPORAL,BEFORE,wn-0421,-1,0.3,1
wn-0421:12:225,wn-0421:13:256,TEMPORAL,BEFORE,wn-0421,-1,0.3,1
wn-0422:3:55,wn-0422:7:160,TEMPORAL,BEFORE,wn-0422,-1,0.3,1
wn-0422:3:55,wn-0422:12:315,TEMPORAL,BEFORE,wn-0422,-1,0.3,1
wn-0422:7:160,wn-0422:12:315,TEMPORAL,BEFORE,wn-0422,-1,0.3,1
wn-0423:0:10,wn-0423:1:46,TEMPORAL,BEFORE,wn-0423,-1,0.3,1
wn-0423:0:10,wn-0423:4:149,TEMPORAL,BEFORE,wn-0423,-1,0.3,1
wn-0423:0:10,wn-0423:10:270,TEMPORAL,BEFORE,wn-0423,-1,0.3,1
wn-0423:0:10,wn-0423:10:276,TEMPORAL,BEFORE,wn-0423,-1,0.3,1
wn-0423:0:32,wn-0423:1:46,TEMPORAL,BEFORE,wn-0423,-1,0.3,1
wn-0423:0:32,wn-0423:4:149,TEMPORAL,BEFORE,wn-0423,-1,0.3,1
wn-0423:0:32,wn-0423:10:270,TEMPORAL,BEFORE,wn-0423,-1,0.3,1
wn-0423:0:32,wn-0423:10:276,TEMPORAL,BEFORE,wn-0423,-1,0.3,1
wn-0423:0:39,wn-0423:1:46,TEMPORAL,BEFORE,wn-0423,-1,0.3,1
wn-0423:0:39,wn-0423:4:149,TEMPORAL,BEFORE,wn-0423,-1,0.3,1
wn-0423:0:39,wn-0423:10:270,TEMPORAL,BEFORE,wn-0423,-1,0.3,1
wn-0423:0:39,wn-0423:10:276,TEMPORAL,BEFORE,wn-0423,-1,0.3,1
wn-0423:1:46,wn-0423:4:149,TEMPORAL,BEFORE,wn-0423,-1,0.3,1
wn-0423:1:46,wn-0423:10:270,TEMPORAL,BEFORE,wn-0423,-1,0.3,1
wn-0423:1:46,wn-0423:10:276,TEMPORAL,BEFORE,wn-0423,-1,0.3,1
wn-0423:4:149,wn-0423:10:270,TEMPORAL,BEFORE,wn-0423,-1,0.3,1
wn-0423:4:149,wn-0423:10:276,TEMPORAL,BEFORE,wn-0423,-1,0.3,1
wn-0423:10:270,wn-0423:10:276,TEMPORAL,BEFORE,wn-0423,-1,0.5,1
wn-0424:1:4,wn-0424:2:42,TEMPORAL,BEFORE,wn-0424,-1,0.3,1
wn-0424:1:4,wn-0424:3:71,TEMPORAL,BEFORE,wn-0424,-1,0.3,1
wn-0424:1:4,wn-0424:5:103,TEMPORAL,AFTER,wn-0424,-1,0.7,1
wn-0424:1:4,wn-0424:8:186,TEMPORAL,BEFORE,wn-0424,-1,0.3,1
wn-0424:2:42,wn-0424:3:71,TEMPORAL,BEFORE,wn-0424,-1,0.3,1
wn-0424:2:42,wn-0424:5:103,TEMPORAL,BEFORE,wn-0424,-1,0.3,1
wn-0424:2:42,wn-0424:8:186,TEMPORAL,BEFORE,wn-0424,-1,0.3,1
wn-0424:3:71,wn-0424:5:103,TEMPORAL,BEFORE,wn-0424,-1,0.3,1
wn-0424:3:71,wn-0424:8:186,TEMPORAL,BEFORE,wn-0424,-1,0.3,1
wn-0424:5:103,wn-0424:8:186,TEMPORAL,BEFORE,wn-0424,-1,0.3,1
wn-0425:0:11,wn-0425:1:43,TEMPORAL,BEFORE,wn-0425,-1,0.7,1
wn-0425:0:11,wn-0425:2:67,TEMPORAL,BEFORE,wn-0425,-1,0.3,1
wn-0425:1:43,wn-0425:2:67,TEMPORAL,BEFORE,wn-0425,-1,0.3,1
wn-0426:1:7,wn-0426:2:41,TEMPORAL,BEFORE,wn-0426,-1,0.7,1
wn-0426:1:7,wn-0426:3:62,TEMPORAL,BEFORE,wn-0426,-1,0.3,1
wn-0426:1:7,wn-0426:5:98,TEMPORAL,BEFORE,wn-0426,-1,0.7,1
wn-0426:2:41,wn-0426:3:62,TEMPORAL,BEFORE,wn-0426,-1,0.3,1
wn-0426:2:41,wn-0426:5:98,TEMPORAL,BEFORE,wn-0426,-1,0.8,1
wn-0426:3:62,wn-0426:5:98,TEMPORAL,BEFORE,wn-0426,-1,0.3,1
wn-0428:1:17,wn-0428:2:21,TEMPORAL,BEFORE,wn-0428,-1,0.3,1
wn-0428:1:17,wn-0428:3:38,TEMPORAL,BEFORE,wn-0428,-1,0.3,1
wn-0428:1:17,wn-0428:3:48,TEMPORAL,BEFORE,wn-0428,-1,0.3,1
wn-0428:1:17,wn-0428:3:60,TEMPORAL,BEFORE,wn-0428,-1,0.3,1
wn-0428:1:17,wn-0428:4:67,TEMPORAL,BEFORE,wn-0428,-1,0.3,1
wn-0428:1:17,wn-0428:7:127,TEMPORAL,BEFORE,wn-0428,-1,0.3,1
wn-0428:1:17,wn-0428:7:133,TEMPORAL,BEFORE,wn-0428,-1,0.3,1
wn-0428:1:3,wn-0428:2:21,TEMPORAL,BEFORE,wn-0428,-1,0.3,1
wn-0428:1:3,wn-0428:3:38,TEMPORAL,BEFORE,wn-0428,-1,0.3,1
wn-0428:1:3,wn-0428:3:48,TEMPORAL,BEFORE,wn-0428,-1,0.3,1
wn-0428:1:3,wn-0428:3:60,TEMPORAL,BEFORE,wn-0428,-1,0.3,1
wn-0428:1:3,wn-0428:4:67,TEMPORAL,BEFORE,wn-0428,-1,0.3,1
wn-0428:1:3,wn-0428:7:127,TEMPORAL,BEFORE,wn-0428,-1,0.3,1
wn-0428:1:3,wn-0428:7:133,TEMPORAL,BEFORE,wn-0428,-1,0.3,1
wn-0428:2:21,wn-0428:3:38,TEMPORAL,AFTER,wn-0428,-1,0.8,1
wn-0428:2:21,wn-0428:3:48,TEMPORAL,BEFORE,wn-0428,-1,0.8,1
wn-0428:2:21,wn-0428:3:60,TEMPORAL,BEFORE,wn-0428,-1,0.8,1
wn-0428:2:21,wn-0428:4:67,TEMPORAL,BEFORE,wn-0428,-1,0.3,1
wn-0428:2:21,wn-0428:7:127,TEMPORAL,BEFORE,wn-0428,-1,0.8,1
wn-0428:2:21,wn-0428:7:133,TEMPORAL,BEFORE,wn-0428,-1,0.8,1
wn-0428:3:38,wn-0428:3:48,TEMPORAL,BEFORE,wn-0428,-1,0.85,1
wn-0428:3:38,wn-0428:3:60,TEMPORAL,BEFORE,wn-0428,-1,0.85,1
wn-0428:3:38,wn-0428:4:67,TEMPORAL,BEFORE,wn-0428,-1,0.3,1
wn-0428:3:38,wn-0428:7:127,TEMPORAL,BEFORE,wn-0428,-1,0.85,1
wn-0428:3:38,wn-0428:7:133,TEMPORAL,BEFORE,wn-0428,-1,0.85,1
wn-0428:3:48,wn-0428:3:60,TEMPORAL,SIMULTANEOUS,wn-0428,-1,0.85,1
wn-0428:3:48,wn-0428:4:67,TEMPORAL,BEFORE,wn-0428,-1,0.3,1
wn-0428:3:48,wn-0428:7:127,TEMPORAL,BEFORE,wn-0428,-1,0.85,1
wn-0428:3:48,wn-0428:7:133,TEMPORAL,BEFORE,wn-0428,-1,0.85,1
wn-0428:3:60,wn-0428:4:67,TEMPORAL,BEFORE,wn-0428,-1,0.3,1
wn-0428:3:60,wn-0428:7:127,TEMPORAL,BEFORE,wn-0428,-1,0.85,1
wn-0428:3:60,wn-0428:7:133,TEMPORAL,BEFORE,wn-0428,-1,0.85,1
wn-0428:4:67,wn-0428:7:127,TEMPORAL,BEFORE,wn-0428,-1,0.3,1
wn-0428:4:67,wn-0428:7:133,TEMPORAL,BEFORE,wn-0428,-1,0.3,1
wn-0428:7:127,wn-0428:7:133,TEMPORAL,SIMULTANEOUS,wn-0428,-1,0.85,1
wn-0429:2:19,wn-0429:3:26,TEMPORAL,BEFORE,wn-0429,-1,0.3,1
wn-0429:2:19,wn-0429:4:39,TEMPORAL,BEFORE,wn-0429,-1,0.3,1
wn-0429:2:19,wn-0429:4:50,TEMPORAL,BEFORE,wn-0429,-1,0.3,1
wn-0429:2:19,wn-0429:5:72,TEMPORAL,BEFORE,wn-0429,-1,0.3,1
wn-0429:2:19,wn-0429:5:73,TEMPORAL,BEFORE,wn-0429,-1,0.3,1
wn-0429:2:19,wn-0429:6:97,TEMPORAL,BEFORE,wn-0429,-1,0.3,1
wn-0429:2:4,wn-0429:3:26,TEMPORAL,BEFORE,wn-0429,-1,0.3,1
wn-0429:2:4,wn-0429:4:39,TEMPORAL,BEFORE,wn-0429,-1,0.3,1
wn-0429:2:4,wn-0429:4:50,TEMPORAL,BEFORE,wn-0429,-1,0.3,1
wn-0429:2:4,wn-0429:5:72,TEMPORAL,BEFORE,wn-0429,-1,0.3,1
wn-0429:2:4,wn-0429:5:73,TEMPORAL,BEFORE,wn-0429,-1,0.3,1
wn-0429:2:4,wn-0429:6:97,TEMPORAL,BEFORE,wn-0429,-1,0.3,1
wn-0429:2:7,wn-0429:3:26,TEMPORAL,BEFORE,wn-0429,-1,0.3,1
wn-0429:2:7,wn-0429:4:39,TEMPORAL,BEFORE,wn-0429,-1,0.3,1
wn-0429:2:7,wn-0429:4:50,TEMPORAL,BEFORE,wn-0429,-1,0.3,1
wn-0429:2:7,wn-0429:5:72,TEMPORAL,BEFORE,wn-0429,-1,0.3,1
wn-0429:2:7,wn-0429:5:73,TEMPORAL,BEFORE,wn-0429,-1,0.3,1
wn-0429:2:7,wn-0429:6:97,TEMPORAL,BEFORE,wn-0429,-1,0.3,1
wn-0429:3:26,wn-0429:4:39,TEMPORAL,AFTER,wn-0429,-1,0.8,1
wn-0429:3:26,wn-0429:4:50,TEMPORAL,BEFORE,wn-0429,-1,0.3,1
wn-0429:3:26,wn-0429:5:72,TEMPORAL,AFTER,wn-0429,-1,0.8,1
wn-0429:3:26,wn-0429:5:73,TEMPORAL,AFTER,wn-0429,-1,0.8,1
wn-0429:3:26,wn-0429:6:97,TEMPORAL,BEFORE,wn-0429,-1,0.3,1
wn-0429:4:39,wn-0429:5:72,TEMPORAL,BEFORE,wn-0429,-1,0.85,1
wn-0429:4:39,wn-0429:5:73,TEMPORAL,BEFORE,wn-0429,-1,0.85,1
wn-0429:4:39,wn-0429:6:97,TEMPORAL,BEFORE,wn-0429,-1,0.3,1
wn-0429:4:50,wn-0429:5:72,TEMPORAL,BEFORE,wn-0429,-1,0.3,1
wn-0429:4:50,wn-0429:5:73,TEMPORAL,BEFORE,wn-0429,-1,0.3,1
wn-0429:4:50,wn-0429:6:97,TEMPORAL,BEFORE,wn-0429,-1,0.3,1
wn-0429:5:72,wn-0429:5:73,TEMPORAL,SIMULTANEOUS,wn-0429,-1,0.9,1
wn-0429:5:72,wn-0429:6:97,TEMPORAL,BEFORE,wn-0429,-1,0.3,1
wn-0429:5:73,wn-0429:6:97,TEMPORAL,BEFORE,wn-0429,-1,0.3,1
wn-0430:4:75,wn-0430:7:126,TEMPORAL,BEFORE,wn-0430,-1,0.3,1
wn-0430:4:75,wn-0430:8:139,TEMPORAL,BEFORE,wn-0430,-1,0.3,1
wn-0430:4:75,wn-0430:9:166,TEMPORAL,BEFORE,wn-0430,-1,0.3,1
wn-0430:4:75,wn-0430:9:173,TEMPORAL,BEFORE,wn-0430,-1,0.3,1
wn-0430:4:75,wn-0430:10:222,TEMPORAL,BEFORE,wn-0430,-1,0.3,1
wn-0430:7:126,wn-0430:8:139,TEMPORAL,BEFORE,wn-0430,-1,0.75,1
wn-0430:7:126,wn-0430:9:166,TEMPORAL,BEFORE,wn-0430,-1,0.3,1
wn-0430:7:126,wn-0430:9:173,TEMPORAL,BEFORE,wn-0430,-1,0.3,1
wn-0430:7:126,wn-0430:10:222,TEMPORAL,AFTER,wn-0430,-1,0.85,1
wn-0430:8:139,wn-0430:9:166,TEMPORAL,BEFORE,wn-0430,-1,0.3,1
wn-0430:8:139,wn-0430:9:173,TEMPORAL,BEFORE,wn-0430,-1,0.3,1
wn-0430:8:139,wn-0430:10:222,TEMPORAL,AFTER,wn-0430,-1,0.75,1
wn-0430:9:166,wn-0430:9:173,TEMPORAL,SIMULTANEOUS,wn-0430,-1,0.5,1
wn-0430:9:166,wn-0430:10:222,TEMPORAL,BEFORE,wn-0430,-1,0.3,1
wn-0430:9:173,wn-0430:10:222,TEMPORAL,BEFORE,wn-0430,-1,0.3,1
wn-0431:1:7,wn-0431:3:46,TEMPORAL,BEFORE,wn-0431,-1,0.8,1
wn-0431:1:7,wn-0431:4:76,TEMPORAL,AFTER,wn-0431,-1,0.85,1
wn-0431:1:7,wn-0431:6:109,TEMPORAL,BEFORE,wn-0431,-1,0.7,1
wn-0431:3:46,wn-0431:4:76,TEMPORAL,AFTER,wn-0431,-1,0.8,1
wn-0431:3:46,wn-0431:6:109,TEMPORAL,BEFORE,wn-0431,-1,0.7,1
wn-0431:4:76,wn-0431:6:109,TEMPORAL,BEFORE,wn-0431,-1,0.7,1
wn-0432:0:14,wn-0432:1:60,TEMPORAL,BEFORE,wn-0432,-1,0.7,1
wn-0432:0:14,wn-0432:1:67,TEMPORAL,BEFORE,wn-0432,-1,0.3,1
wn-0432:0:14,wn-0432:2:82,TEMPORAL,BEFORE,wn-0432,-1,0.3,1
wn-0432:0:14,wn-0432:2:99,TEMPORAL,BEFORE,wn-0432,-1,0.3,1
wn-0432:0:14,wn-0432:7:179,TEMPORAL,BEFORE,wn-0432,-1,0.3,1
wn-0432:0:14,wn-0432:8:191,TEMPORAL,BEFORE,wn-0432,-1,0.3,1
wn-0432:0:14,wn-0432:8:206,TEMPORAL,BEFORE,wn-0432,-1,0.3,1
wn-0432:0:14,wn-0432:8:213,TEMPORAL,BEFORE,wn-0432,-1,0.3,1
wn-0432:0:14,wn-0432:11:300,TEMPORAL,BEFORE,wn-0432,-1,0.3,1
wn-0432:0:14,wn-0432:12:303,TEMPORAL,BEFORE,wn-0432,-1,0.3,1
wn-0432:1:60,wn-0432:2:82,TEMPORAL,BEFORE,wn-0432,-1,0.3,1
wn-0432:1:60,wn-0432:2:99,TEMPORAL,BEFORE,wn-0432,-1,0.3,1
wn-0432:1:60,wn-0432:7:179,TEMPORAL,BEFORE,wn-0432,-1,0.3,1
wn-0432:1:60,wn-0432:8:191,TEMPORAL,BEFORE,wn-0432,-1,0.3,1
wn-0432:1:60,wn-0432:8:206,TEMPORAL,BEFORE,wn-0432,-1,0.3,1
wn-0432:1:60,wn-0432:8:213,TEMPORAL,BEFORE,wn-0432,-1,0.3,1
wn-0432:1:60,wn-0432:11:300,TEMPORAL,BEFORE,wn-0432,-1,0.3,1
wn-0432:1:60,wn-0432:12:303,TEMPORAL,BEFORE,wn-0432,-1,0.3,1
wn-0432:1:67,wn-0432:2:82,TEMPORAL,BEFORE,wn-0432,-1,0.3,1
wn-0432:1:67,wn-0432:2:99,TEMPORAL,BEFORE,wn-0432,-1,0.3,1
wn-0432:1:67,wn-0432:7:179,TEMPORAL,BEFORE,wn-0432,-1,0.3,1
wn-0432:1:67,wn-0432:8:191,TEMPORAL,BEFORE,wn-0432,-1,0.3,1
wn-0432:1:67,wn-0432:8:206,TEMPORAL,BEFORE,wn-0432,-1,0.3,1
wn-0432:1:67,wn-0432:8:213,TEMPORAL,BEFORE,wn-0432,-1,0.3,1
wn-0432:1:67,wn-0432:11:300,TEMPORAL,BEFORE,wn-0432,-1,0.3,1
wn-0432:1:67,wn-0432:12:303,TEMPORAL,BEFORE,wn-0432,-1,0.3,1
wn-0432:2:82,wn-0432:7:179,TEMPORAL,BEFORE,wn-0432,-1,0.3,1
wn-0432:2:82,wn-0432:8:191,TEMPORAL,BEFORE,wn-0432,-1,0.3,1
wn-0432:2:82,wn-0432:8:206,TEMPORAL,BEFORE,wn-0432,-1,0.3,1
wn-0432:2:82,wn-0432:8:213,TEMPORAL,BEFORE,wn-0432,-1,0.3,1
wn-0432:2:82,wn-0432:11:300,TEMPORAL,BEFORE,wn-0432,-1,0.3,1
wn-0432:2:82,wn-0432:12:303,TEMPORAL,BEFORE,wn-0432,-1,0.3,1
wn-0432:2:99,wn-0432:7:179,TEMPORAL,BEFORE,wn-0432,-1,0.3,1
wn-0432:2:99,wn-0432:8:191,TEMPORAL,BEFORE,wn-0432,-1,0.3,1
wn-0432:2:99,wn-0432:8:206,TEMPORAL,BEFORE,wn-0432,-1,0.3,1
wn-0432:2:99,wn-0432:8:213,TEMPORAL,BEFORE,wn-0432,-1,0.3,1
wn-0432:2:99,wn-0432:11:300,TEMPORAL,BEFORE,wn-0432,-1,0.3,1
wn-0432:2:99,wn-0432:12:303,TEMPORAL,BEFORE,wn-0432,-1,0.3,1
wn-0432:7:179,wn-0432:8:191,TEMPORAL,BEFORE,wn-0432,-1,0.3,1
wn-0432:7:179,wn-0432:8:206,TEMPORAL,BEFORE,wn-0432,-1,0.3,1
wn-0432:7:179,wn-0432:8:213,TEMPORAL,BEFORE,wn-0432,-1,0.3,1
wn-0432:7:179,wn-0432:11:300,TEMPORAL,BEFORE,wn-0432,-1,0.3,1
wn-0432:7:179,wn-0432:12:303,TEMPORAL,BEFORE,wn-0432,-1,0.3,1
wn-0432:8:191,wn-0432:8:206,TEMPORAL,SIMULTANEOUS,wn-0432,-1,0.5,1
wn-0432:8:191,wn-0432:8:213,TEMPORAL,SIMULTANEOUS,wn-0432,-1,0.5,1
wn-0432:8:191,wn-0432:11:300,TEMPORAL,BEFORE,wn-0432,-1,0.3,1
wn-0432:8:191,wn-0432:12:303,TEMPORAL,BEFORE,wn-0432,-1,0.3,1
wn-0432:8:206,wn-0432:8:213,TEMPORAL,SIMULTANEOUS,wn-0432,-1,0.5,1
wn-0432:8:206,wn-0432:11:300,TEMPORAL,BEFORE,wn-0432,-1,0.3,1
wn-0432:8:206,wn-0432:12:303,TEMPORAL,BEFORE,wn-0432,-1,0.3,1
wn-0432:8:213,wn-0432:11:300,TEMPORAL,BEFORE,wn-0432,-1,0.3,1
wn-0432:8:213,wn-0432:12:303,TEMPORAL,BEFORE,wn-0432,-1,0.3,1
wn-0432:11:300,wn-0432:12:303,TEMPORAL,BEFORE,wn-0432,-1,0.3,1
wn-0434:2:32,wn-0434:4:79,TEMPORAL,BEFORE,wn-0434,-1,0.3,1
wn-0434:2:32,wn-0434:6:129,TEMPORAL,BEFORE,wn-0434,-1,0.3,1
wn-0434:4:79,wn-0434:6:129,TEMPORAL,AFTER,wn-0434,-1,0.7,1
wn-0435:2:27,wn-0435:6:127,TEMPORAL,BEFORE,wn-0435,-1,0.3,1
wn-0435:2:27,wn-0435:9:189,TEMPORAL,BEFORE,wn-0435,-1,0.3,1
wn-0435:2:27,wn-0435:10:210,TEMPORAL,BEFORE,wn-0435,-1,0.3,1
wn-0435:2:27,wn-0435:10:217,TEMPORAL,BEFORE,wn-0435,-1,0.3,1
wn-0435:2:27,wn-0435:11:228,TEMPORAL,BEFORE,wn-0435,-1,0.3,1
wn-0435:6:127,wn-0435:9:189,TEMPORAL,BEFORE,wn-0435,-1,0.3,1
wn-0435:6:127,wn-0435:10:210,TEMPORAL,BEFORE,wn-0435,-1,0.3,1
wn-0435:6:127,wn-0435:10:217,TEMPORAL,BEFORE,wn-0435,-1,0.3,1
wn-0435:6:127,wn-0435:11:228,TEMPORAL,BEFORE,wn-0435,-1,0.3,1
wn-0435:9:189,wn-0435:10:210,TEMPORAL,BEFORE,wn-0435,-1,0.3,1
wn-0435:9:189,wn-0435:10:217,TEMPORAL,BEFORE,wn-0435,-1,0.3,1
wn-0435:9:189,wn-0435:11:228,TEMPORAL,BEFORE,wn-0435,-1,0.85,1
wn-0435:10:210,wn-0435:11:228,TEMPORAL,BEFORE,wn-0435,-1,0.3,1
wn-0435:10:217,wn-0435:11:228,TEMPORAL,BEFORE,wn-0435,-1,0.3,1
wn-0436:1:17,wn-0436:6:149,TEMPORAL,AFTER,wn-0436,-1,0.8,1
wn-0436:1:17,wn-0436:6:163,TEMPORAL,BEFORE,wn-0436,-1,0.3,1
wn-0436:1:17,wn-0436:7:195,TEMPORAL,BEFORE,wn-0436,-1,0.8,1
wn-0436:1:17,wn-0436:7:199,TEMPORAL,BEFORE,wn-0436,-1,0.8,1
wn-0436:1:17,wn-0436:8:237,TEMPORAL,BEFORE,wn-0436,-1,0.3,1
wn-0436:1:17,wn-0436:10:281,TEMPORAL,BEFORE,wn-0436,-1,0.3,1
wn-0436:1:17,wn-0436:10:295,TEMPORAL,BEFORE,wn-0436,-1,0.3,1
wn-0436:1:17,wn-0436:15:409,TEMPORAL,BEFORE,wn-0436,-1,0.3,1
wn-0436:1:17,wn-0436:15:422,TEMPORAL,BEFORE,wn-0436,-1,0.3,1
wn-0436:6:149,wn-0436:7:195,TEMPORAL,BEFORE,wn-0436,-1,0.8,1
wn-0436:6:149,wn-0436:7:199,TEMPORAL,BEFORE,wn-0436,-1,0.8,1
wn-0436:6:149,wn-0436:8:237,TEMPORAL,BEFORE,wn-0436,-1,0.3,1
wn-0436:6:149,wn-0436:10:281,TEMPORAL,BEFORE,wn-0436,-1,0.3,1
wn-0436:6:149,wn-0436:10:295,TEMPORAL,BEFORE,wn-0436,-1,0.3,1
wn-0436:6:149,wn-0436:15:409,TEMPORAL,BEFORE,wn-0436,-1,0.3,1
wn-0436:6:149,wn-0436:15:422,TEMPORAL,BEFORE,wn-0436,-1,0.3,1
wn-0436:6:163,wn-0436:7:195,TEMPORAL,BEFORE,wn-0436,-1,0.3,1
wn-0436:6:163,wn-0436:7:199,TEMPORAL,BEFORE,wn-0436,-1,0.3,1
wn-0436:6:163,wn-0436:8:237,TEMPORAL,BEFORE,wn-0436,-1,0.3,1
wn-0436:6:163,wn-0436:10:281,TEMPORAL,BEFORE,wn-0436,-1,0.3,1
wn-0436:6:163,wn-0436:10:295,TEMPORAL,BEFORE,wn-0436,-1,0.3,1
wn-0436:6:163,wn-0436:15:409,TEMPORAL,BEFORE,wn-0436,-1,0.3,1
wn-0436:6:163,wn-0436:15:422,TEMPORAL,BEFORE,wn-0436,-1,0.3,1
wn-0436:7:195,wn-0436:7:199,TEMPORAL,SIMULTANEOUS,wn-0436,-1,0.85,1
wn-0436:7:195,wn-0436:8:237,TEMPORAL,BEFORE,wn-0436,-1,0.3,1
wn-0436:7:195,wn-0436:10:281,TEMPORAL,BEFORE,wn-0436,-1,0.3,1
wn-0436:7:195,wn-0436:10:295,TEMPORAL,BEFORE,wn-0436,-1,0.3,1
wn-0436:7:195,wn-0436:15:409,TEMPORAL,BEFORE,wn-0436,-1,0.3,1
wn-0436:7:195,wn-0436:15:422,TEMPORAL,BEFORE,wn-0436,-1,0.3,1
wn-0436:7:199,wn-0436:8:237,TEMPORAL,BEFORE,wn-0436,-1,0.3,1
wn-0436:7:199,wn-0436:10:281,TEMPORAL,BEFORE,wn-0436,-1,0.3,1
wn-0436:7:199,wn-0436:10:295,TEMPORAL,BEFORE,wn-0436,-1,0.3,1
wn-0436:7:199,wn-0436:15:409,TEMPORAL,BEFORE,wn-0436,-1,0.3,1
wn-0436:7:199,wn-0436:15:422,TEMPORAL,BEFORE,wn-0436,-1,0.3,1
wn-0436:8:237,wn-0436:10:281,TEMPORAL,BEFORE,wn-0436,-1,0.3,1
wn-0436:8:237,wn-0436:10:295,TEMPORAL,BEFORE,wn-0436,-1,0.3,1
wn-0436:8:237,wn-0436:15:409,TEMPORAL,BEFORE,wn-0436,-1,0.3,1
wn-0436:8:237,wn-0436:15:422,TEMPORAL,BEFORE,wn-0436,-1,0.3,1
wn-0436:10:281,wn-0436:10:295,TEMPORAL,AFTER,wn-0436,-1,0.5,1
wn-0436:10:281,wn-0436:15:409,TEMPORAL,BEFORE,wn-0436,-1,0.3,1
wn-0436:10:281,wn-0436:15:422,TEMPORAL,BEFORE,wn-0436,-1,0.3,1
wn-0436:10:295,wn-0436:15:409,TEMPORAL,BEFORE,wn-0436,-1,0.3,1
wn-0436:10:295,wn-0436:15:422,TEMPORAL,BEFORE,wn-0436,-1,0.3,1
wn-0436:15:409,wn-0436:15:422,TEMPORAL,AFTER,wn-0436,-1,0.5,1
wn-0437:1:14,wn-0437:1:16,TEMPORAL,SIMULTANEOUS,wn-0437,-1,0.9,1
wn-0437:1:14,wn-0437:3:84,TEMPORAL,BEFORE,wn-0437,-1,0.3,1
wn-0437:1:14,wn-0437:3:91,TEMPORAL,BEFORE,wn-0437,-1,0.3,1
wn-0437:1:14,wn-0437:7:230,TEMPORAL,BEFORE,wn-0437,-1,0.3,1
wn-0437:1:14,wn-0437:7:233,TEMPORAL,BEFORE,wn-0437,-1,0.3,1
wn-0437:1:14,wn-0437:7:246,TEMPORAL,BEFORE,wn-0437,-1,0.3,1
wn-0437:1:14,wn-0437:7:266,TEMPORAL,BEFORE,wn-0437,-1,0.3,1
wn-0437:1:14,wn-0437:8:279,TEMPORAL,BEFORE,wn-0437,-1,0.3,1
wn-0437:1:14,wn-0437:9:293,TEMPORAL,BEFORE,wn-0437,-1,0.3,1
wn-0437:1:14,wn-0437:11:374,TEMPORAL,BEFORE,wn-0437,-1,0.3,1
wn-0437:1:16,wn-0437:3:84,TEMPORAL,BEFORE,wn-0437,-1,0.3,1
wn-0437:1:16,wn-0437:3:91,TEMPORAL,BEFORE,wn-0437,-1,0.3,1
wn-0437:1:16,wn-0437:7:230,TEMPORAL,BEFORE,wn-0437,-1,0.3,1
wn-0437:1:16,wn-0437:7:233,TEMPORAL,BEFORE,wn-0437,-1,0.3,1
wn-0437:1:16,wn-0437:7:246,TEMPORAL,BEFORE,wn-0437,-1,0.3,1
wn-0437:1:16,wn-0437:7:266,TEMPORAL,BEFORE,wn-0437,-1,0.3,1
wn-0437:1:16,wn-0437:8:279,TEMPORAL,BEFORE,wn-0437,-1,0.3,1
wn-0437:1:16,wn-0437:9:293,TEMPORAL,BEFORE,wn-0437,-1,0.3,1
wn-0437:1:16,wn-0437:11:374,TEMPORAL,BEFORE,wn-0437,-1,0.3,1
wn-0437:3:84,wn-0437:3:91,TEMPORAL,BEFORE,wn-0437,-1,0.5,1
wn-0437:3:84,wn-0437:7:230,TEMPORAL,BEFORE,wn-0437,-1,0.3,1
wn-0437:3:84,wn-0437:7:233,TEMPORAL,BEFORE,wn-0437,-1,0.3,1
wn-0437:3:84,wn-0437:7:246,TEMPORAL,BEFORE,wn-0437,-1,0.3,1
wn-0437:3:84,wn-0437:7:266,TEMPORAL,BEFORE,wn-0437,-1,0.3,1
wn-0437:3:84,wn-0437:8:279,TEMPORAL,BEFORE,wn-0437,-1,0.3,1
wn-0437:3:84,wn-0437:9:293,TEMPORAL,BEFORE,wn-0437,-1,0.3,1
wn-0437:3:84,wn-0437:11:374,TEMPORAL,BEFORE,wn-0437,-1,0.3,1
wn-0437:3:91,wn-0437:7:230,TEMPORAL,BEFORE,wn-0437,-1,0.3,1
wn-0437:3:91,wn-0437:7:233,TEMPORAL,BEFORE,wn-0437,-1,0.3,1
wn-0437:3:91,wn-0437:7:246,TEMPORAL,BEFORE,wn-0437,-1,0.3,1
wn-0437:3:91,wn-0437:7:266,TEMPORAL,BEFORE,wn-0437,-1,0.3,1
wn-0437:3:91,wn-0437:8:279,TEMPORAL,BEFORE,wn-0437,-1,0.3,1
wn-0437:3:91,wn-0437:9:293,TEMPORAL,BEFORE,wn-0437,-1,0.3,1
wn-0437:3:91,wn-0437:11:374,TEMPORAL,BEFORE,wn-0437,-1,0.3,1
wn-0437:7:230,wn-0437:7:233,TEMPORAL,SIMULTANEOUS,wn-0437,-1,0.5,1
wn-0437:7:230,wn-0437:7:246,TEMPORAL,SIMULTANEOUS,wn-0437,-1,0.5,1
wn-0437:7:230,wn-0437:7:266,TEMPORAL,SIMULTANEOUS,wn-0437,-1,0.5,1
wn-0437:7:230,wn-0437:8:279,TEMPORAL,BEFORE,wn-0437,-1,0.3,1
wn-0437:7:230,wn-0437:9:293,TEMPORAL,BEFORE,wn-0437,-1,0.3,1
wn-0437:7:230,wn-0437:11:374,TEMPORAL,BEFORE,wn-0437,-1,0.3,1
wn-0437:7:233,wn-0437:7:246,TEMPORAL,SIMULTANEOUS,wn-0437,-1,0.5,1
wn-0437:7:233,wn-0437:7:266,TEMPORAL,SIMULTANEOUS,wn-0437,-1,0.5,1
wn-0437:7:233,wn-0437:8:279,TEMPORAL,BEFORE,wn-0437,-1,0.3,1
wn-0437:7:233,wn-0437:9:293,TEMPORAL,BEFORE,wn-0437,-1,0.3,1
wn-0437:7:233,wn-0437:11:374,TEMPORAL,BEFORE,wn-0437,-1,0.3,1
wn-0437:7:246,wn-0437:7:266,TEMPORAL,SIMULTANEOUS,wn-0437,-1,0.5,1
wn-0437:7:246,wn-0437:8:279,TEMPORAL,BEFORE,wn-0437,-1,0.3,1
wn-0437:7:246,wn-0437:9:293,TEMPORAL,BEFORE,wn-0437,-1,0.3,1
wn-0437:7:246,wn-0437:11:374,TEMPORAL,BEFORE,wn-0437,-1,0.3,1
wn-0437:7:266,wn-0437:8:279,TEMPORAL,BEFORE,wn-0437,-1,0.3,1
wn-0437:7:266,wn-0437:9:293,TEMPORAL,BEFORE,wn-0437,-1,0.3,1
wn-0437:7:266,wn-0437:11:374,TEMPORAL,BEFORE,wn-0437,-1,0.3,1
wn-0437:8:279,wn-0437:9:293,TEMPORAL,BEFORE,wn-0437,-1,0.3,1
wn-0437:8:279,wn-0437:11:374,TEMPORAL,BEFORE,wn-0437,-1,0.3,1
wn-0437:9:293,wn-0437:11:374,TEMPORAL,BEFORE,wn-0437,-1,0.3,1
wn-0438:0:6,wn-0438:1:39,TEMPORAL,BEFORE,wn-0438,-1,0.3,1
wn-0438:0:6,wn-0438:2:65,TEMPORAL,BEFORE,wn-0438,-1,0.7,1
wn-0438:0:6,wn-0438:2:72,TEMPORAL,BEFORE,wn-0438,-1,0.7,1
wn-0438:0:6,wn-0438:2:73,TEMPORAL,BEFORE,wn-0438,-1,0.7,1
wn-0438:0:6,wn-0438:7:215,TEMPORAL,BEFORE,wn-0438,-1,0.3,1
wn-0438:0:6,wn-0438:7:240,TEMPORAL,BEFORE,wn-0438,-1,0.3,1
wn-0438:0:6,wn-0438:12:368,TEMPORAL,AFTER,wn-0438,-1,0.7,1
wn-0438:1:39,wn-0438:2:65,TEMPORAL,BEFORE,wn-0438,-1,0.3,1
wn-0438:1:39,wn-0438:2:72,TEMPORAL,BEFORE,wn-0438,-1,0.3,1
wn-0438:1:39,wn-0438:2:73,TEMPORAL,BEFORE,wn-0438,-1,0.3,1
wn-0438:1:39,wn-0438:7:215,TEMPORAL,BEFORE,wn-0438,-1,0.3,1
wn-0438:1:39,wn-0438:7:240,TEMPORAL,BEFORE,wn-0438,-1,0.3,1
wn-0438:1:39,wn-0438:12:368,TEMPORAL,BEFORE,wn-0438,-1,0.3,1
wn-0438:2:65,wn-0438:2:72,TEMPORAL,AFTER,wn-0438,-1,0.75,1
wn-0438:2:65,wn-0438:2:73,TEMPORAL,AFTER,wn-0438,-1,0.75,1
wn-0438:2:65,wn-0438:7:215,TEMPORAL,BEFORE,wn-0438,-1,0.3,1
wn-0438:2:65,wn-0438:7:240,TEMPORAL,BEFORE,wn-0438,-1,0.3,1
wn-0438:2:65,wn-0438:12:368,TEMPORAL,AFTER,wn-0438,-1,0.7,1
wn-0438:2:72,wn-0438:2:73,TEMPORAL,SIMULTANEOUS,wn-0438,-1,0.75,1
wn-0438:2:72,wn-0438:7:215,TEMPORAL,BEFORE,wn-0438,-1,0.3,1
wn-0438:2:72,wn-0438:7:240,TEMPORAL,BEFORE,wn-0438,-1,0.3,1
wn-0438:2:72,wn-0438:12:368,TEMPORAL,AFTER,wn-0438,-1,0.7,1
wn-0438:2:73,wn-0438:7:215,TEMPORAL,BEFORE,wn-0438,-1,0.3,1
wn-0438:2:73,wn-0438:7:240,TEMPORAL,BEFORE,wn-0438,-1,0.3,1
wn-0438:2:73,wn-0438:12:368,TEMPORAL,AFTER,wn-0438,-1,0.7,1
wn-0438:7:215,wn-0438:7:240,TEMPORAL,AFTER,wn-0438,-1,0.5,1
wn-0438:7:215,wn-0438:12:368,TEMPORAL,BEFORE,wn-0438,-1,0.3,1
wn-0438:7:240,wn-0438:12:368,TEMPORAL,BEFORE,wn-0438,-1,0.3,1
wn-0440:2:35,wn-0440:3:60,TEMPORAL,BEFORE,wn-0440,-1,0.3,1
wn-0440:2:35,wn-0440:3:70,TEMPORAL,BEFORE,wn-0440,-1,0.3,1
wn-0440:2:35,wn-0440:4:110,TEMPORAL,BEFORE,wn-0440,-1,0.3,1
wn-0440:2:35,wn-0440:4:84,TEMPORAL,BEFORE,wn-0440,-1,0.3,1
wn-0440:2:35,wn-0440:6:137,TEMPORAL,BEFORE,wn-0440,-1,0.3,1
wn-0440:2:35,wn-0440:7:172,TEMPORAL,BEFORE,wn-0440,-1,0.3,1
wn-0440:2:35,wn-0440:8:179,TEMPORAL,BEFORE,wn-0440,-1,0.3,1
wn-0440:2:35,wn-0440:8:193,TEMPORAL,BEFORE,wn-0440,-1,0.3,1
wn-0440:2:35,wn-0440:8:203,TEMPORAL,BEFORE,wn-0440,-1,0.3,1
wn-0440:3:60,wn-0440:4:110,TEMPORAL,BEFORE,wn-0440,-1,0.3,1
wn-0440:3:60,wn-0440:4:84,TEMPORAL,BEFORE,wn-0440,-1,0.3,1
wn-0440:3:60,wn-0440:6:137,TEMPORAL,BEFORE,wn-0440,-1,0.3,1
wn-0440:3:60,wn-0440:7:172,TEMPORAL,BEFORE,wn-0440,-1,0.3,1
wn-0440:3:60,wn-0440:8:179,TEMPORAL,BEFORE,wn-0440,-1,0.3,1
wn-0440:3:60,wn-0440:8:193,TEMPORAL,BEFORE,wn-0440,-1,0.3,1
wn-0440:3:60,wn-0440:8:203,TEMPORAL,BEFORE,wn-0440,-1,0.3,1
wn-0440:3:70,wn-0440:4:110,TEMPORAL,BEFORE,wn-0440,-1,0.3,1
wn-0440:3:70,wn-0440:4:84,TEMPORAL,BEFORE,wn-0440,-1,0.3,1
wn-0440:3:70,wn-0440:6:137,TEMPORAL,BEFORE,wn-0440,-1,0.3,1
wn-0440:3:70,wn-0440:7:172,TEMPORAL,BEFORE,wn-0440,-1,0.3,1
wn-0440:3:70,wn-0440:8:179,TEMPORAL,BEFORE,wn-0440,-1,0.3,1
wn-0440:3:70,wn-0440:8:193,TEMPORAL,BEFORE,wn-0440,-1,0.3,1
wn-0440:3:70,wn-0440:8:203,TEMPORAL,BEFORE,wn-0440,-1,0.3,1
wn-0440:4:110,wn-0440:4:84,TEMPORAL,AFTER,wn-0440,-1,0.5,1
wn-0440:4:110,wn-0440:6:137,TEMPORAL,BEFORE,wn-0440,-1,0.3,1
wn-0440:4:110,wn-0440:7:172,TEMPORAL,BEFORE,wn-0440,-1,0.3,1
wn-0440:4:110,wn-0440:8:179,TEMPORAL,BEFORE,wn-0440,-1,0.3,1
wn-0440:4:110,wn-0440:8:193,TEMPORAL,BEFORE,wn-0440,-1,0.3,1
wn-0440:4:110,wn-0440:8:203,TEMPORAL,BEFORE,wn-0440,-1,0.3,1
wn-0440:4:84,wn-0440:6:137,TEMPORAL,BEFORE,wn-0440,-1,0.3,1
wn-0440:4:84,wn-0440:7:172,TEMPORAL,BEFORE,wn-0440,-1,0.3,1
wn-0440:4:84,wn-0440:8:179,TEMPORAL,BEFORE,wn-0440,-1,0.3,1
wn-0440:4:84,wn-0440:8:193,TEMPORAL,BEFORE,wn-0440,-1,0.3,1
wn-0440:4:84,wn-0440:8:203,TEMPORAL,BEFORE,wn-0440,-1,0.3,1
wn-0440:6:137,wn-0440:7:172,TEMPORAL,BEFORE,wn-0440,-1,0.3,1
wn-0440:6:137,wn-0440:8:179,TEMPORAL,BEFORE,wn-0440,-1,0.3,1
wn-0440:6:137,wn-0440:8:193,TEMPORAL,BEFORE,wn-0440,-1,0.3,1
wn-0440:6:137,wn-0440:8:203,TEMPORAL,BEFORE,wn-0440,-1,0.3,1
wn-0440:7:172,wn-0440:8:179,TEMPORAL,BEFORE,wn-0440,-1,0.3,1
wn-0440:7:172,wn-0440:8:193,TEMPORAL,BEFORE,wn-0440,-1,0.3,1
wn-0440:7:172,wn-0440:8:203,TEMPORAL,BEFORE,wn-0440,-1,0.3,1
wn-0441:0:5,wn-0441:3:77,TEMPORAL,BEFORE,wn-0441,-1,0.3,1
wn-0442:4:87,wn-0442:11:238,TEMPORAL,BEFORE,wn-0442,-1,0.85,1
wn-0443:1:12,wn-0443:4:97,TEMPORAL,BEFORE,wn-0443,-1,0.97,1
wn-0443:1:12,wn-0443:7:163,TEMPORAL,BEFORE,wn-0443,-1,0.3,1
wn-0443:4:97,wn-0443:7:163,TEMPORAL,BEFORE,wn-0443,-1,0.3,1
wn-0444:0:3,wn-0444:1:36,TEMPORAL,AFTER,wn-0444,-1,0.7,1
wn-0444:0:3,wn-0444:8:231,TEMPORAL,BEFORE,wn-0444,-1,0.3,1
wn-0444:0:3,wn-0444:9:282,TEMPORAL,BEFORE,wn-0444,-1,0.7,1
wn-0444:0:3,wn-0444:10:289,TEMPORAL,AFTER,wn-0444,-1,0.7,1
wn-0444:0:3,wn-0444:10:299,TEMPORAL,AFTER,wn-0444,-1,0.7,1
wn-0444:0:3,wn-0444:11:314,TEMPORAL,BEFORE,wn-0444,-1,0.3,1
wn-0444:0:3,wn-0444:11:317,TEMPORAL,BEFORE,wn-0444,-1,0.3,1
wn-0444:0:3,wn-0444:26:723,TEMPORAL,BEFORE,wn-0444,-1,0.3,1
wn-0444:0:3,wn-0444:37:1058,TEMPORAL,BEFORE,wn-0444,-1,0.3,1
wn-0444:1:36,wn-0444:8:231,TEMPORAL,BEFORE,wn-0444,-1,0.3,1
wn-0444:1:36,wn-0444:9:282,TEMPORAL,BEFORE,wn-0444,-1,0.85,1
wn-0444:1:36,wn-0444:10:289,TEMPORAL,BEFORE,wn-0444,-1,0.97,1
wn-0444:1:36,wn-0444:10:299,TEMPORAL,BEFORE,wn-0444,-1,0.97,1
wn-0444:1:36,wn-0444:11:314,TEMPORAL,BEFORE,wn-0444,-1,0.3,1
wn-0444:1:36,wn-0444:11:317,TEMPORAL,BEFORE,wn-0444,-1,0.3,1
wn-0444:1:36,wn-0444:26:723,TEMPORAL,BEFORE,wn-0444,-1,0.3,1
wn-0444:1:36,wn-0444:37:1058,TEMPORAL,BEFORE,wn-0444,-1,0.3,1
wn-0444:8:231,wn-0444:9:282,TEMPORAL,BEFORE,wn-0444,-1,0.3,1
wn-0444:8:231,wn-0444:10:289,TEMPORAL,BEFORE,wn-0444,-1,0.3,1
wn-0444:8:231,wn-0444:10:299,TEMPORAL,BEFORE,wn-0444,-1,0.3,1
wn-0444:8:231,wn-0444:11:314,TEMPORAL,BEFORE,wn-0444,-1,0.3,1
wn-0444:8:231,wn-0444:11:317,TEMPORAL,BEFORE,wn-0444,-1,0.3,1
wn-0444:8:231,wn-0444:26:723,TEMPORAL,BEFORE,wn-0444,-1,0.3,1
wn-0444:8:231,wn-0444:37:1058,TEMPORAL,BEFORE,wn-0444,-1,0.3,1
wn-0444:9:282,wn-0444:10:289,TEMPORAL,AFTER,wn-0444,-1,0.85,1
wn-0444:9:282,wn-0444:10:299,TEMPORAL,AFTER,wn-0444,-1,0.85,1
wn-0444:9:282,wn-0444:11:314,TEMPORAL,BEFORE,wn-0444,-1,0.3,1
wn-0444:9:282,wn-0444:11:317,TEMPORAL,BEFORE,wn-0444,-1,0.3,1
wn-0444:9:282,wn-0444:26:723,TEMPORAL,BEFORE,wn-0444,-1,0.3,1
wn-0444:9:282,wn-0444:37:1058,TEMPORAL,BEFORE,wn-0444,-1,0.3,1
wn-0444:10:289,wn-0444:10:299,TEMPORAL,SIMULTANEOUS,wn-0444,-1,0.97,1
wn-0444:10:289,wn-0444:11:314,TEMPORAL,BEFORE,wn-0444,-1,0.3,1
wn-0444:10:289,wn-0444:11:317,TEMPORAL,BEFORE,wn-0444,-1,0.3,1
wn-0444:10:289,wn-0444:26:723,TEMPORAL,BEFORE,wn-0444,-1,0.3,1
wn-0444:10:289,wn-0444:37:1058,TEMPORAL,BEFORE,wn-0444,-1,0.3,1
wn-0444:10:299,wn-0444:11:314,TEMPORAL,BEFORE,wn-0444,-1,0.3,1
wn-0444:10:299,wn-0444:11:317,TEMPORAL,BEFORE,wn-0444,-1,0.3,1
wn-0444:10:299,wn-0444:26:723,TEMPORAL,BEFORE,wn-0444,-1,0.3,1
wn-0444:10:299,wn-0444:37:1058,TEMPORAL,BEFORE,wn-0444,-1,0.3,1
wn-0444:11:314,wn-0444:11:317,TEMPORAL,AFTER,wn-0444,-1,0.5,1
wn-0444:11:314,wn-0444:26:723,TEMPORAL,BEFORE,wn-0444,-1,0.3,1
wn-0444:11:314,wn-0444:37:1058,TEMPORAL,BEFORE,wn-0444,-1,0.3,1
wn-0444:11:317,wn-0444:26:723,TEMPORAL,BEFORE,wn-0444,-1,0.3,1
wn-0444:11:317,wn-0444:37:1058,TEMPORAL,BEFORE,wn-0444,-1,0.3,1
wn-0444:26:723,wn-0444:37:1058,TEMPORAL,BEFORE,wn-0444,-1,0.3,1
wn-0445:1:6,wn-0445:3:58,TEMPORAL,BEFORE,wn-0445,-1,0.3,1
wn-0445:1:6,wn-0445:4:102,TEMPORAL,BEFORE,wn-0445,-1,0.7,1
wn-0445:1:6,wn-0445:6:159,TEMPORAL,BEFORE,wn-0445,-1,0.8,1
wn-0445:1:6,wn-0445:8:201,TEMPORAL,BEFORE,wn-0445,-1,0.3,1
wn-0445:1:6,wn-0445:9:205,TEMPORAL,BEFORE,wn-0445,-1,0.8,1
wn-0445:1:6,wn-0445:9:215,TEMPORAL,BEFORE,wn-0445,-1,0.3,1
wn-0445:1:6,wn-0445:9:219,TEMPORAL,BEFORE,wn-0445,-1,0.3,1
wn-0445:1:6,wn-0445:9:222,TEMPORAL,BEFORE,wn-0445,-1,0.3,1
wn-0445:1:6,wn-0445:9:231,TEMPORAL,BEFORE,wn-0445,-1,0.3,1
wn-0445:1:6,wn-0445:9:233,TEMPORAL,BEFORE,wn-0445,-1,0.3,1
wn-0445:1:6,wn-0445:10:242,TEMPORAL,BEFORE,wn-0445,-1,0.3,1
wn-0445:1:6,wn-0445:16:332,TEMPORAL,BEFORE,wn-0445,-1,0.3,1
wn-0445:1:6,wn-0445:18:406,TEMPORAL,AFTER,wn-0445,-1,0.8,1
wn-0445:1:6,wn-0445:18:417,TEMPORAL,AFTER,wn-0445,-1,0.8,1
wn-0445:1:6,wn-0445:21:465,TEMPORAL,BEFORE,wn-0445,-1,0.75,1
wn-0445:1:6,wn-0445:22:472,TEMPORAL,AFTER,wn-0445,-1,0.8,1
wn-0445:1:6,wn-0445:24:556,TEMPORAL,BEFORE,wn-0445,-1,0.3,1
wn-0445:3:58,wn-0445:4:102,TEMPORAL,BEFORE,wn-0445,-1,0.3,1
wn-0445:3:58,wn-0445:6:159,TEMPORAL,BEFORE,wn-0445,-1,0.3,1
wn-0445:3:58,wn-0445:8:201,TEMPORAL,BEFORE,wn-0445,-1,0.3,1
wn-0445:3:58,wn-0445:9:205,TEMPORAL,BEFORE,wn-0445,-1,0.3,1
wn-0445:3:58,wn-0445:9:215,TEMPORAL,BEFORE,wn-0445,-1,0.3,1
wn-0445:3:58,wn-0445:9:219,TEMPORAL,BEFORE,wn-0445,-1,0.3,1
wn-0445:3:58,wn-0445:9:222,TEMPORAL,BEFORE,wn-0445,-1,0.3,1
wn-0445:3:58,wn-0445:9:231,TEMPORAL,BEFORE,wn-0445,-1,0.3,1
wn-0445:3:58,wn-0445:9:233,TEMPORAL,BEFORE,wn-0445,-1,0.3,1
wn-0445:3:58,wn-0445:10:242,TEMPORAL,BEFORE,wn-0445,-1,0.3,1
wn-0445:3:58,wn-0445:16:332,TEMPORAL,BEFORE,wn-0445,-1,0.3,1
wn-0445:3:58,wn-0445:18:406,TEMPORAL,BEFORE,wn-0445,-1,0.3,1
wn-0445:3:58,wn-0445:18:417,TEMPORAL,BEFORE,wn-0445,-1,0.3,1
wn-0445:3:58,wn-0445:21:465,TEMPORAL,BEFORE,wn-0445,-1,0.3,1
wn-0445:3:58,wn-0445:22:472,TEMPORAL,BEFORE,wn-0445,-1,0.3,1
wn-0445:3:58,wn-0445:24:556,TEMPORAL,BEFORE,wn-0445,-1,0.3,1
wn-0445:4:102,wn-0445:6:159,TEMPORAL,BEFORE,wn-0445,-1,0.7,1
wn-0445:4:102,wn-0445:8:201,TEMPORAL,BEFORE,wn-0445,-1,0.3,1
wn-0445:4:102,wn-0445:9:205,TEMPORAL,BEFORE,wn-0445,-1,0.7,1
wn-0445:4:102,wn-0445:9:215,TEMPORAL,BEFORE,wn-0445,-1,0.3,1
wn-0445:4:102,wn-0445:9:219,TEMPORAL,BEFORE,wn-0445,-1,0.3,1
wn-0445:4:102,wn-0445:9:222,TEMPORAL,BEFORE,wn-0445,-1,0.3,1
wn-0445:4:102,wn-0445:9:231,TEMPORAL,BEFORE,wn-0445,-1,0.3,1
wn-0445:4:102,wn-0445:9:233,TEMPORAL,BEFORE,wn-0445,-1,0.3,1
wn-0445:4:102,wn-0445:10:242,TEMPORAL,BEFORE,wn-0445,-1,0.3,1
wn-0445:4:102,wn-0445:16:332,TEMPORAL,BEFORE,wn-0445,-1,0.3,1
wn-0445:4:102,wn-0445:18:406,TEMPORAL,AFTER,wn-0445,-1,0.7,1
wn-0445:4:102,wn-0445:18:417,TEMPORAL,AFTER,wn-0445,-1,0.7,1
wn-0445:4:102,wn-0445:21:465,TEMPORAL,BEFORE,wn-0445,-1,0.7,1
wn-0445:4:102,wn-0445:22:472,TEMPORAL,AFTER,wn-0445,-1,0.7,1
wn-0445:4:102,wn-0445:24:556,TEMPORAL,BEFORE,wn-0445,-1,0.3,1
wn-0445:6:159,wn-0445:8:201,TEMPORAL,BEFORE,wn-0445,-1,0.3,1
wn-0445:6:159,wn-0445:9:205,TEMPORAL,BEFORE,wn-0445,-1,0.85,1
wn-0445:6:159,wn-0445:9:215,TEMPORAL,BEFORE,wn-0445,-1,0.3,1
wn-0445:6:159,wn-0445:9:219,TEMPORAL,BEFORE,wn-0445,-1,0.3,1
wn-0445:6:159,wn-0445:9:222,TEMPORAL,BEFORE,wn-0445,-1,0.3,1
wn-0445:6:159,wn-0445:9:231,TEMPORAL,BEFORE,wn-0445,-1,0.3,1
wn-0445:6:159,wn-0445:9:233,TEMPORAL,BEFORE,wn-0445,-1,0.3,1
wn-0445:6:159,wn-0445:10:242,TEMPORAL,BEFORE,wn-0445,-1,0.3,1
wn-0445:6:159,wn-0445:16:332,TEMPORAL,BEFORE,wn-0445,-1,0.3,1
wn-0445:6:159,wn-0445:18:406,TEMPORAL,AFTER,wn-0445,-1,0.85,1
wn-0445:6:159,wn-0445:18:417,TEMPORAL,AFTER,wn-0445,-1,0.85,1
wn-0445:6:159,wn-0445:21:465,TEMPORAL,BEFORE,wn-0445,-1,0.75,1
wn-0445:6:159,wn-0445:22:472,TEMPORAL,AFTER,wn-0445,-1,0.85,1
wn-0445:6:159,wn-0445:24:556,TEMPORAL,BEFORE,wn-0445,-1,0.3,1
wn-0445:8:201,wn-0445:9:205,TEMPORAL,BEFORE,wn-0445,-1,0.3,1
wn-0445:8:201,wn-0445:9:215,TEMPORAL,BEFORE,wn-0445,-1,0.3,1
wn-0445:8:201,wn-0445:9:219,TEMPORAL,BEFORE,wn-0445,-1,0.3,1
wn-0445:8:201,wn-0445:9:222,TEMPORAL,BEFORE,wn-0445,-1,0.3,1
wn-0445:8:201,wn-0445:9:231,TEMPORAL,BEFORE,wn-0445,-1,0.3,1
wn-0445:8:201,wn-0445:9:233,TEMPORAL,BEFORE,wn-0445,-1,0.3,1
wn-0445:8:201,wn-0445:10:242,TEMPORAL,BEFORE,wn-0445,-1,0.3,1
wn-0445:8:201,wn-0445:16:332,TEMPORAL,BEFORE,wn-0445,-1,0.3,1
wn-0445:8:201,wn-0445:18:406,TEMPORAL,BEFORE,wn-0445,-1,0.3,1
wn-0445:8:201,wn-0445:18:417,TEMPORAL,BEFORE,wn-0445,-1,0.3,1
wn-0445:8:201,wn-0445:21:465,TEMPORAL,BEFORE,wn-0445,-1,0.3,1
wn-0445:8:201,wn-0445:22:472,TEMPORAL,BEFORE,wn-0445,-1,0.3,1
wn-0445:8:201,wn-0445:24:556,TEMPORAL,BEFORE,wn-0445,-1,0.3,1
wn-0445:9:205,wn-0445:9:215,TEMPORAL,AFTER,wn-0445,-1,0.5,1
wn-0445:9:205,wn-0445:9:219,TEMPORAL,AFTER,wn-0445,-1,0.5,1
wn-0445:9:205,wn-0445:9:222,TEMPORAL,AFTER,wn-0445,-1,0.5,1
wn-0445:9:205,wn-0445:9:231,TEMPORAL,AFTER,wn-0445,-1,0.5,1
wn-0445:9:205,wn-0445:9:233,TEMPORAL,AFTER,wn-0445,-1,0.5,1
wn-0445:9:205,wn-0445:10:242,TEMPORAL,BEFORE,wn-0445,-1,0.3,1
wn-0445:9:205,wn-0445:16:332,TEMPORAL,BEFORE,wn-0445,-1,0.3,1
wn-0445:9:205,wn-0445:18:406,TEMPORAL,AFTER,wn-0445,-1,0.85,1
wn-0445:9:205,wn-0445:18:417,TEMPORAL,AFTER,wn-0445,-1,0.85,1
wn-0445:9:205,wn-0445:21:465,TEMPORAL,AFTER,wn-0445,-1,0.75,1
wn-0445:9:205,wn-0445:22:472,TEMPORAL,AFTER,wn-0445,-1,0.85,1
wn-0445:9:205,wn-0445:24:556,TEMPORAL,BEFORE,wn-0445,-1,0.3,1
wn-0445:9:215,wn-0445:9:219,TEMPORAL,AFTER,wn-0445,-1,0.5,1
wn-0445:9:215,wn-0445:9:222,TEMPORAL,AFTER,wn-0445,-1,0.5,1
wn-0445:9:215,wn-0445:9:231,TEMPORAL,AFTER,wn-0445,-1,0.5,1
wn-0445:9:215,wn-0445:9:233,TEMPORAL,AFTER,wn-0445,-1,0.5,1
wn-0445:9:215,wn-0445:10:242,TEMPORAL,BEFORE,wn-0445,-1,0.3,1
wn-0445:9:215,wn-0445:16:332,TEMPORAL,BEFORE,wn-0445,-1,0.3,1
wn-0445:9:215,wn-0445:18:406,TEMPORAL,BEFORE,wn-0445,-1,0.3,1
wn-0445:9:215,wn-0445:18:417,TEMPORAL,BEFORE,wn-0445,-1,0.3,1
wn-0445:9:215,wn-0445:21:465,TEMPORAL,BEFORE,wn-0445,-1,0.3,1
wn-0445:9:215,wn-0445:22:472,TEMPORAL,BEFORE,wn-0445,-1,0.3,1
wn-0445:9:215,wn-0445:24:556,TEMPORAL,BEFORE,wn-0445,-1,0.3,1
wn-0445:9:219,wn-0445:9:222,TEMPORAL,AFTER,wn-0445,-1,0.5,1
wn-0445:9:219,wn-0445:9:231,TEMPORAL,AFTER,wn-0445,-1,0.5,1
wn-0445:9:219,wn-0445:9:233,TEMPORAL,AFTER,wn-0445,-1,0.5,1
wn-0445:9:219,wn-0445:10:242,TEMPORAL,BEFORE,wn-0445,-1,0.3,1
wn-0445:9:219,wn-0445:16:332,TEMPORAL,BEFORE,wn-0445,-1,0.3,1
wn-0445:9:219,wn-0445:18:406,TEMPORAL,BEFORE,wn-0445,-1,0.3,1
wn-0445:9:219,wn-0445:18:417,TEMPORAL,BEFORE,wn-0445,-1,0.3,1
wn-0445:9:219,wn-0445:21:465,TEMPORAL,BEFORE,wn-0445,-1,0.3,1
wn-0445:9:219,wn-0445:22:472,TEMPORAL,BEFORE,wn-0445,-1,0.3,1
wn-0445:9:219,wn-0445:24:556,TEMPORAL,BEFORE,wn-0445,-1,0.3,1
wn-0445:9:222,wn-0445:9:231,TEMPORAL,AFTER,wn-0445,-1,0.5,1
wn-0445:9:222,wn-0445:9:233,TEMPORAL,AFTER,wn-0445,-1,0.5,1
wn-0445:9:222,wn-0445:10:242,TEMPORAL,BEFORE,wn-0445,-1,0.3,1
wn-0445:9:222,wn-0445:16:332,TEMPORAL,BEFORE,wn-0445,-1,0.3,1
wn-0445:9:222,wn-0445:18:406,TEMPORAL,BEFORE,wn-0445,-1,0.3,1
wn-0445:9:222,wn-0445:18:417,TEMPORAL,BEFORE,wn-0445,-1,0.3,1
wn-0445:9:222,wn-0445:21:465,TEMPORAL,BEFORE,wn-0445,-1,0.3,1
wn-0445:9:222,wn-0445:22:472,TEMPORAL,BEFORE,wn-0445,-1,0.3,1
wn-0445:9:222,wn-0445:24:556,TEMPORAL,BEFORE,wn-0445,-1,0.3,1
wn-0445:9:231,wn-0445:9:233,TEMPORAL,AFTER,wn-0445,-1,0.5,1
wn-0445:9:231,wn-0445:10:242,TEMPORAL,BEFORE,wn-0445,-1,0.3,1
wn-0445:9:231,wn-0445:16:332,TEMPORAL,BEFORE,wn-0445,-1,0.3,1
wn-0445:9:231,wn-0445:18:406,TEMPORAL,BEFORE,wn-0445,-1,0.3,1
wn-0445:9:231,wn-0445:18:417,TEMPORAL,BEFORE,wn-0445,-1,0.3,1
wn-0445:9:231,wn-0445:21:465,TEMPORAL,BEFORE,wn-0445,-1,0.3,1
wn-0445:9:231,wn-0445:22:472,TEMPORAL,BEFORE,wn-0445,-1,0.3,1
wn-0445:9:231,wn-0445:24:556,TEMPORAL,BEFORE,wn-0445,-1,0.3,1
wn-0445:9:233,wn-0445:10:242,TEMPORAL,BEFORE,wn-0445,-1,0.3,1
wn-0445:9:233,wn-0445:16:332,TEMPORAL,BEFORE,wn-0445,-1,0.3,1
wn-0445:9:233,wn-0445:18:406,TEMPORAL,BEFORE,wn-0445,-1,0.3,1
wn-0445:9:233,wn-0445:18:417,TEMPORAL,BEFORE,wn-0445,-1,0.3,1
wn-0445:9:233,wn-0445:21:465,TEMPORAL,BEFORE,wn-0445,-1,0.3,1
wn-0445:9:233,wn-0445:22:472,TEMPORAL,BEFORE,wn-0445,-1,0.3,1
wn-0445:9:233,wn-0445:24:556,TEMPORAL,BEFORE,wn-0445,-1,0.3,1
wn-0445:10:242,wn-0445:16:332,TEMPORAL,BEFORE,wn-0445,-1,0.3,1
wn-0445:10:242,wn-0445:18:406,TEMPORAL,BEFORE,wn-0445,-1,0.3,1
wn-0445:10:242,wn-0445:18:417,TEMPORAL,BEFORE,wn-0445,-1,0.3,1
wn-0445:10:242,wn-0445:21:465,TEMPORAL,BEFORE,wn-0445,-1,0.3,1
wn-0445:10:242,wn-0445:22:472,TEMPORAL,BEFORE,wn-0445,-1,0.3,1
wn-0445:10:242,wn-0445:24:556,TEMPORAL,BEFORE,wn-0445,-1,0.3,1
wn-0445:16:332,wn-0445:18:406,TEMPORAL,BEFORE,wn-0445,-1,0.3,1
wn-0445:16:332,wn-0445:18:417,TEMPORAL,BEFORE,wn-0445,-1,0.3,1
wn-0445:16:332,wn-0445:21:465,TEMPORAL,BEFORE,wn-0445,-1,0.3,1
wn-0445:16:332,wn-0445:22:472,TEMPORAL,BEFORE,wn-0445,-1,0.3,1
wn-0445:16:332,wn-0445:24:556,TEMPORAL,BEFORE,wn-0445,-1,0.3,1
wn-0445:18:406,wn-0445:18:417,TEMPORAL,SIMULTANEOUS,wn-0445,-1,0.9,1
wn-0445:18:406,wn-0445:21:465,TEMPORAL,BEFORE,wn-0445,-1,0.75,1
wn-0445:18:406,wn-0445:22:472,TEMPORAL,BEFORE,wn-0445,-1,0.9,1
wn-0445:18:406,wn-0445:24:556,TEMPORAL,BEFORE,wn-0445,-1,0.3,1
wn-0445:18:417,wn-0445:21:465,TEMPORAL,BEFORE,wn-0445,-1,0.75,1
wn-0445:18:417,wn-0445:22:472,TEMPORAL,BEFORE,wn-0445,-1,0.9,1
wn-0445:18:417,wn-0445:24:556,TEMPORAL,BEFORE,wn-0445,-1,0.3,1
wn-0445:21:465,wn-0445:22:472,TEMPORAL,AFTER,wn-0445,-1,0.75,1
wn-0445:21:465,wn-0445:24:556,TEMPORAL,BEFORE,wn-0445,-1,0.3,1
wn-0445:22:472,wn-0445:24:556,TEMPORAL,BEFORE,wn-0445,-1,0.3,1
wn-0447:2:22,wn-0447:2:35,TEMPORAL,SIMULTANEOUS,wn-0447,-1,0.75,1
wn-0447:2:22,wn-0447:4:70,TEMPORAL,BEFORE,wn-0447,-1,0.3,1
wn-0447:2:22,wn-0447:9:210,TEMPORAL,BEFORE,wn-0447,-1,0.75,1
wn-0447:2:35,wn-0447:4:70,TEMPORAL,BEFORE,wn-0447,-1,0.3,1
wn-0447:2:35,wn-0447:9:210,TEMPORAL,BEFORE,wn-0447,-1,0.75,1
wn-0447:4:70,wn-0447:9:210,TEMPORAL,BEFORE,wn-0447,-1,0.3,1
wn-0448:5:84,wn-0448:7:154,TEMPORAL,BEFORE,wn-0448,-1,0.9,1
wn-0448:5:84,wn-0448:8:201,TEMPORAL,BEFORE,wn-0448,-1,0.9,1
wn-0448:7:154,wn-0448:8:201,TEMPORAL,AFTER,wn-0448,-1,0.95,1
wn-0449:0:4,wn-0449:2:80,TEMPORAL,BEFORE,wn-0449,-1,0.3,1
wn-0449:0:4,wn-0449:3:107,TEMPORAL,AFTER,wn-0449,-1,0.8,1
wn-0449:0:4,wn-0449:8:235,TEMPORAL,AFTER,wn-0449,-1,0.8,1
wn-0449:0:4,wn-0449:8:255,TEMPORAL,BEFORE,wn-0449,-1,0.3,1
wn-0449:0:4,wn-0449:14:452,TEMPORAL,AFTER,wn-0449,-1,0.8,1
wn-0449:0:4,wn-0449:14:455,TEMPORAL,AFTER,wn-0449,-1,0.8,1
wn-0449:0:4,wn-0449:14:470,TEMPORAL,AFTER,wn-0449,-1,0.8,1
wn-0449:0:4,wn-0449:15:473,TEMPORAL,AFTER,wn-0449,-1,0.8,1
wn-0449:0:4,wn-0449:25:697,TEMPORAL,BEFORE,wn-0449,-1,0.8,1
wn-0449:2:80,wn-0449:3:107,TEMPORAL,BEFORE,wn-0449,-1,0.3,1
wn-0449:2:80,wn-0449:8:235,TEMPORAL,BEFORE,wn-0449,-1,0.3,1
wn-0449:2:80,wn-0449:8:255,TEMPORAL,BEFORE,wn-0449,-1,0.3,1
wn-0449:2:80,wn-0449:14:452,TEMPORAL,BEFORE,wn-0449,-1,0.3,1
wn-0449:2:80,wn-0449:14:455,TEMPORAL,BEFORE,wn-0449,-1,0.3,1
wn-0449:2:80,wn-0449:14:470,TEMPORAL,BEFORE,wn-0449,-1,0.3,1
wn-0449:2:80,wn-0449:15:473,TEMPORAL,BEFORE,wn-0449,-1,0.3,1
wn-0449:2:80,wn-0449:25:697,TEMPORAL,BEFORE,wn-0449,-1,0.3,1
wn-0449:3:107,wn-0449:8:235,TEMPORAL,AFTER,wn-0449,-1,0.85,1
wn-0449:3:107,wn-0449:8:255,TEMPORAL,BEFORE,wn-0449,-1,0.3,1
wn-0449:3:107,wn-0449:14:452,TEMPORAL,AFTER,wn-0449,-1,0.85,1
wn-0449:3:107,wn-0449:14:455,TEMPORAL,AFTER,wn-0449,-1,0.85,1
wn-0449:3:107,wn-0449:14:470,TEMPORAL,AFTER,wn-0449,-1,0.85,1
wn-0449:3:107,wn-0449:15:473,TEMPORAL,AFTER,wn-0449,-1,0.85,1
wn-0449:3:107,wn-0449:25:697,TEMPORAL,BEFORE,wn-0449,-1,0.85,1
wn-0449:8:235,wn-0449:8:255,TEMPORAL,SIMULTANEOUS,wn-0449,-1,0.5,1
wn-0449:8:235,wn-0449:14:452,TEMPORAL,AFTER,wn-0449,-1,0.85,1
wn-0449:8:235,wn-0449:14:455,TEMPORAL,AFTER,wn-0449,-1,0.85,1
wn-0449:8:235,wn-0449:14:470,TEMPORAL,AFTER,wn-0449,-1,0.85,1
wn-0449:8:235,wn-0449:15:473,TEMPORAL,AFTER,wn-0449,-1,0.85,1
wn-0449:8:235,wn-0449:25:697,TEMPORAL,BEFORE,wn-0449,-1,0.85,1
wn-0449:8:255,wn-0449:14:452,TEMPORAL,BEFORE,wn-0449,-1,0.3,1
wn-0449:8:255,wn-0449:14:455,TEMPORAL,BEFORE,wn-0449,-1,0.3,1
wn-0449:8:255,wn-0449:14:470,TEMPORAL,BEFORE,wn-0449,-1,0.3,1
wn-0449:8:255,wn-0449:15:473,TEMPORAL,BEFORE,wn-0449,-1,0.3,1
wn-0449:8:255,wn-0449:25:697,TEMPORAL,BEFORE,wn-0449,-1,0.3,1
wn-0449:14:452,wn-0449:14:455,TEMPORAL,SIMULTANEOUS,wn-0449,-1,0.9,1
wn-0449:14:452,wn-0449:14:470,TEMPORAL,SIMULTANEOUS,wn-0449,-1,0.9,1
wn-0449:14:452,wn-0449:15:473,TEMPORAL,BEFORE,wn-0449,-1,0.9,1
wn-0449:14:452,wn-0449:25:697,TEMPORAL,BEFORE,wn-0449,-1,0.85,1
wn-0449:14:455,wn-0449:14:470,TEMPORAL,SIMULTANEOUS,wn-0449,-1,0.9,1
wn-0449:14:455,wn-0449:15:473,TEMPORAL,BEFORE,wn-0449,-1,0.9,1
wn-0449:14:455,wn-0449:25:697,TEMPORAL,BEFORE,wn-0449,-1,0.85,1
wn-0449:14:470,wn-0449:15:473,TEMPORAL,BEFORE,wn-0449,-1,0.9,1
wn-0449:14:470,wn-0449:25:697,TEMPORAL,BEFORE,wn-0449,-1,0.85,1
wn-0449:15:473,wn-0449:25:697,TEMPORAL,BEFORE,wn-0449,-1,0.85,1
wn-0450:4:122,wn-0450:6:173,TEMPORAL,BEFORE,wn-0450,-1,0.3,1
wn-0451:1:9,wn-0451:5:109,TEMPORAL,BEFORE,wn-0451,-1,0.3,1
wn-0451:1:9,wn-0451:10:250,TEMPORAL,BEFORE,wn-0451,-1,0.3,1
wn-0451:1:9,wn-0451:10:258,TEMPORAL,BEFORE,wn-0451,-1,0.3,1
wn-0451:1:9,wn-0451:16:465,TEMPORAL,BEFORE,wn-0451,-1,0.3,1
wn-0451:1:9,wn-0451:16:476,TEMPORAL,BEFORE,wn-0451,-1,0.3,1
wn-0451:1:9,wn-0451:19:539,TEMPORAL,BEFORE,wn-0451,-1,0.3,1
wn-0451:1:9,wn-0451:20:565,TEMPORAL,BEFORE,wn-0451,-1,0.3,1
wn-0451:1:9,wn-0451:21:591,TEMPORAL,BEFORE,wn-0451,-1,0.3,1
wn-0451:1:9,wn-0451:22:615,TEMPORAL,BEFORE,wn-0451,-1,0.3,1
wn-0451:1:9,wn-0451:26:739,TEMPORAL,BEFORE,wn-0451,-1,0.3,1
wn-0451:5:109,wn-0451:10:250,TEMPORAL,BEFORE,wn-0451,-1,0.3,1
wn-0451:5:109,wn-0451:10:258,TEMPORAL,BEFORE,wn-0451,-1,0.3,1
wn-0451:5:109,wn-0451:16:465,TEMPORAL,BEFORE,wn-0451,-1,0.3,1
wn-0451:5:109,wn-0451:16:476,TEMPORAL,BEFORE,wn-0451,-1,0.3,1
wn-0451:5:109,wn-0451:19:539,TEMPORAL,BEFORE,wn-0451,-1,0.3,1
wn-0451:5:109,wn-0451:20:565,TEMPORAL,BEFORE,wn-0451,-1,0.3,1
wn-0451:5:109,wn-0451:21:591,TEMPORAL,BEFORE,wn-0451,-1,0.3,1
wn-0451:5:109,wn-0451:22:615,TEMPORAL,BEFORE,wn-0451,-1,0.3,1
wn-0451:5:109,wn-0451:26:739,TEMPORAL,BEFORE,wn-0451,-1,0.3,1
wn-0451:10:250,wn-0451:10:258,TEMPORAL,SIMULTANEOUS,wn-0451,-1,0.9,1
wn-0451:10:250,wn-0451:16:465,TEMPORAL,BEFORE,wn-0451,-1,0.3,1
wn-0451:10:250,wn-0451:16:476,TEMPORAL,BEFORE,wn-0451,-1,0.3,1
wn-0451:10:250,wn-0451:19:539,TEMPORAL,AFTER,wn-0451,-1,0.9,1
wn-0451:10:250,wn-0451:20:565,TEMPORAL,AFTER,wn-0451,-1,0.9,1
wn-0451:10:250,wn-0451:21:591,TEMPORAL,AFTER,wn-0451,-1,0.9,1
wn-0451:10:250,wn-0451:22:615,TEMPORAL,AFTER,wn-0451,-1,0.9,1
wn-0451:10:250,wn-0451:26:739,TEMPORAL,BEFORE,wn-0451,-1,0.3,1
wn-0451:10:258,wn-0451:16:465,TEMPORAL,BEFORE,wn-0451,-1,0.3,1
wn-0451:10:258,wn-0451:16:476,TEMPORAL,BEFORE,wn-0451,-1,0.3,1
wn-0451:10:258,wn-0451:19:539,TEMPORAL,AFTER,wn-0451,-1,0.9,1
wn-0451:10:258,wn-0451:20:565,TEMPORAL,AFTER,wn-0451,-1,0.9,1
wn-0451:10:258,wn-0451:21:591,TEMPORAL,AFTER,wn-0451,-1,0.9,1
wn-0451:10:258,wn-0451:22:615,TEMPORAL,AFTER,wn-0451,-1,0.9,1
wn-0451:10:258,wn-0451:26:739,TEMPORAL,BEFORE,wn-0451,-1,0.3,1
wn-0451:16:465,wn-0451:16:476,TEMPORAL,SIMULTANEOUS,wn-0451,-1,0.5,1
wn-0451:16:465,wn-0451:19:539,TEMPORAL,BEFORE,wn-0451,-1,0.3,1
wn-0451:16:465,wn-0451:20:565,TEMPORAL,BEFORE,wn-0451,-1,0.3,1
wn-0451:16:465,wn-0451:21:591,TEMPORAL,BEFORE,wn-0451,-1,0.3,1
wn-0451:16:465,wn-0451:22:615,TEMPORAL,BEFORE,wn-0451,-1,0.3,1
wn-0451:16:465,wn-0451:26:739,TEMPORAL,BEFORE,wn-0451,-1,0.3,1
wn-0451:16:476,wn-0451:19:539,TEMPORAL,BEFORE,wn-0451,-1,0.3,1
wn-0451:16:476,wn-0451:20:565,TEMPORAL,BEFORE,wn-0451,-1,0.3,1
wn-0451:16:476,wn-0451:21:591,TEMPORAL,BEFORE,wn-0451,-1,0.3,1
wn-0451:16:476,wn-0451:22:615,TEMPORAL,BEFORE,wn-0451,-1,0.3,1
wn-0451:16:476,wn-0451:26:739,TEMPORAL,BEFORE,wn-0451,-1,0.3,1
wn-0451:19:539,wn-0451:20:565,TEMPORAL,BEFORE,wn-0451,-1,0.9,1
wn-0451:19:539,wn-0451:21:591,TEMPORAL,BEFORE,wn-0451,-1,0.9,1
wn-0451:19:539,wn-0451:22:615,TEMPORAL,BEFORE,wn-0451,-1,0.9,1
wn-0451:19:539,wn-0451:26:739,TEMPORAL,BEFORE,wn-0451,-1,0.3,1
wn-0451:20:565,wn-0451:21:591,TEMPORAL,AFTER,wn-0451,-1,0.9,1
wn-0451:20:565,wn-0451:22:615,TEMPORAL,AFTER,wn-0451,-1,0.9,1
wn-0451:20:565,wn-0451:26:739,TEMPORAL,BEFORE,wn-0451,-1,0.3,1
wn-0451:21:591,wn-0451:22:615,TEMPORAL,SIMULTANEOUS,wn-0451,-1,0.9,1
wn-0451:21:591,wn-0451:26:739,TEMPORAL,BEFORE,wn-0451,-1,0.3,1
wn-0451:22:615,wn-0451:26:739,TEMPORAL,BEFORE,wn-0451,-1,0.3,1
wn-0453:4:112,wn-0453:9:237,TEMPORAL,BEFORE,wn-0453,-1,0.3,1
wn-0454:3:57,wn-0454:4:84,TEMPORAL,BEFORE,wn-0454,-1,0.9,1
wn-0454:3:57,wn-0454:6:131,TEMPORAL,BEFORE,wn-0454,-1,0.3,1
wn-0454:3:57,wn-0454:10:189,TEMPORAL,BEFORE,wn-0454,-1,0.7,1
wn-0454:4:84,wn-0454:6:131,TEMPORAL,BEFORE,wn-0454,-1,0.3,1
wn-0454:4:84,wn-0454:10:189,TEMPORAL,BEFORE,wn-0454,-1,0.7,1
wn-0454:6:131,wn-0454:10:189,TEMPORAL,BEFORE,wn-0454,-1,0.3,1
wn-0455:0:11,wn-0455:2:96,TEMPORAL,BEFORE,wn-0455,-1,0.3,1
wn-0455:0:11,wn-0455:3:134,TEMPORAL,BEFORE,wn-0455,-1,0.3,1
wn-0455:0:11,wn-0455:3:137,TEMPORAL,BEFORE,wn-0455,-1,0.3,1
wn-0455:0:11,wn-0455:4:148,TEMPORAL,BEFORE,wn-0455,-1,0.3,1
wn-0455:0:11,wn-0455:12:359,TEMPORAL,BEFORE,wn-0455,-1,0.3,1
wn-0455:0:11,wn-0455:13:394,TEMPORAL,AFTER,wn-0455,-1,0.9,1
wn-0455:0:11,wn-0455:14:411,TEMPORAL,BEFORE,wn-0455,-1,0.3,1
wn-0455:0:11,wn-0455:15:421,TEMPORAL,AFTER,wn-0455,-1,0.9,1
wn-0455:0:11,wn-0455:18:491,TEMPORAL,AFTER,wn-0455,-1,0.9,1
wn-0455:0:11,wn-0455:18:506,TEMPORAL,AFTER,wn-0455,-1,0.9,1
wn-0455:0:11,wn-0455:19:546,TEMPORAL,BEFORE,wn-0455,-1,0.3,1
wn-0455:0:11,wn-0455:20:575,TEMPORAL,BEFORE,wn-0455,-1,0.3,1
wn-0455:2:96,wn-0455:3:134,TEMPORAL,BEFORE,wn-0455,-1,0.3,1
wn-0455:2:96,wn-0455:3:137,TEMPORAL,BEFORE,wn-0455,-1,0.3,1
wn-0455:2:96,wn-0455:4:148,TEMPORAL,BEFORE,wn-0455,-1,0.3,1
wn-0455:2:96,wn-0455:12:359,TEMPORAL,BEFORE,wn-0455,-1,0.3,1
wn-0455:2:96,wn-0455:13:394,TEMPORAL,BEFORE,wn-0455,-1,0.3,1
wn-0455:2:96,wn-0455:14:411,TEMPORAL,BEFORE,wn-0455,-1,0.3,1
wn-0455:2:96,wn-0455:15:421,TEMPORAL,BEFORE,wn-0455,-1,0.3,1
wn-0455:2:96,wn-0455:18:491,TEMPORAL,BEFORE,wn-0455,-1,0.3,1
wn-0455:2:96,wn-0455:18:506,TEMPORAL,BEFORE,wn-0455,-1,0.3,1
wn-0455:2:96,wn-0455:19:546,TEMPORAL,BEFORE,wn-0455,-1,0.3,1
wn-0455:2:96,wn-0455:20:575,TEMPORAL,BEFORE,wn-0455,-1,0.3,1
wn-0455:3:134,wn-0455:3:137,TEMPORAL,SIMULTANEOUS,wn-0455,-1,0.5,1
wn-0455:3:134,wn-0455:4:148,TEMPORAL,BEFORE,wn-0455,-1,0.3,1
wn-0455:3:134,wn-0455:12:359,TEMPORAL,BEFORE,wn-0455,-1,0.3,1
wn-0455:3:134,wn-0455:13:394,TEMPORAL,BEFORE,wn-0455,-1,0.3,1
wn-0455:3:134,wn-0455:14:411,TEMPORAL,BEFORE,wn-0455,-1,0.3,1
wn-0455:3:134,wn-0455:15:421,TEMPORAL,BEFORE,wn-0455,-1,0.3,1
wn-0455:3:134,wn-0455:18:491,TEMPORAL,BEFORE,wn-0455,-1,0.3,1
wn-0455:3:134,wn-0455:18:506,TEMPORAL,BEFORE,wn-0455,-1,0.3,1
wn-0455:3:134,wn-0455:19:546,TEMPORAL,BEFORE,wn-0455,-1,0.3,1
wn-0455:3:134,wn-0455:20:575,TEMPORAL,BEFORE,wn-0455,-1,0.3,1
wn-0455:3:137,wn-0455:4:148,TEMPORAL,BEFORE,wn-0455,-1,0.3,1
wn-0455:3:137,wn-0455:12:359,TEMPORAL,BEFORE,wn-0455,-1,0.3,1
wn-0455:3:137,wn-0455:13:394,TEMPORAL,BEFORE,wn-0455,-1,0.3,1
wn-0455:3:137,wn-0455:14:411,TEMPORAL,BEFORE,wn-0455,-1,0.3,1
wn-0455:3:137,wn-0455:15:421,TEMPORAL,BEFORE,wn-0455,-1,0.3,1
wn-0455:3:137,wn-0455:18:491,TEMPORAL,BEFORE,wn-0455,-1,0.3,1
wn-0455:3:137,wn-0455:18:506,TEMPORAL,BEFORE,wn-0455,-1,0.3,1
wn-0455:3:137,wn-0455:19:546,TEMPORAL,BEFORE,wn-0455,-1,0.3,1
wn-0455:3:137,wn-0455:20:575,TEMPORAL,BEFORE,wn-0455,-1,0.3,1
wn-0455:4:148,wn-0455:12:359,TEMPORAL,BEFORE,wn-0455,-1,0.3,1
wn-0455:4:148,wn-0455:13:394,TEMPORAL,BEFORE,wn-0455,-1,0.3,1
wn-0455:4:148,wn-0455:14:411,TEMPORAL,BEFORE,wn-0455,-1,0.3,1
wn-0455:4:148,wn-0455:15:421,TEMPORAL,BEFORE,wn-0455,-1,0.3,1
wn-0455:4:148,wn-0455:18:491,TEMPORAL,BEFORE,wn-0455,-1,0.3,1
wn-0455:4:148,wn-0455:18:506,TEMPORAL,BEFORE,wn-0455,-1,0.3,1
wn-0455:4:148,wn-0455:19:546,TEMPORAL,BEFORE,wn-0455,-1,0.3,1
wn-0455:4:148,wn-0455:20:575,TEMPORAL,BEFORE,wn-0455,-1,0.3,1
wn-0455:12:359,wn-0455:13:394,TEMPORAL,BEFORE,wn-0455,-1,0.3,1
wn-0455:12:359,wn-0455:14:411,TEMPORAL,BEFORE,wn-0455,-1,0.3,1
wn-0455:12:359,wn-0455:15:421,TEMPORAL,BEFORE,wn-0455,-1,0.3,1
wn-0455:12:359,wn-0455:18:491,TEMPORAL,BEFORE,wn-0455,-1,0.3,1
wn-0455:12:359,wn-0455:18:506,TEMPORAL,BEFORE,wn-0455,-1,0.3,1
wn-0455:12:359,wn-0455:19:546,TEMPORAL,BEFORE,wn-0455,-1,0.3,1
wn-0455:12:359,wn-0455:20:575,TEMPORAL,BEFORE,wn-0455,-1,0.3,1
wn-0455:13:394,wn-0455:14:411,TEMPORAL,BEFORE,wn-0455,-1,0.3,1
wn-0455:13:394,wn-0455:15:421,TEMPORAL,BEFORE,wn-0455,-1,0.95,1
wn-0455:13:394,wn-0455:18:491,TEMPORAL,BEFORE,wn-0455,-1,0.95,1
wn-0455:13:394,wn-0455:18:506,TEMPORAL,BEFORE,wn-0455,-1,0.95,1
wn-0455:13:394,wn-0455:19:546,TEMPORAL,BEFORE,wn-0455,-1,0.3,1
wn-0455:13:394,wn-0455:20:575,TEMPORAL,BEFORE,wn-0455,-1,0.3,1
wn-0455:14:411,wn-0455:15:421,TEMPORAL,BEFORE,wn-0455,-1,0.3,1
wn-0455:14:411,wn-0455:18:491,TEMPORAL,BEFORE,wn-0455,-1,0.3,1
wn-0455:14:411,wn-0455:18:506,TEMPORAL,BEFORE,wn-0455,-1,0.3,1
wn-0455:14:411,wn-0455:19:546,TEMPORAL,BEFORE,wn-0455,-1,0.3,1
wn-0455:14:411,wn-0455:20:575,TEMPORAL,BEFORE,wn-0455,-1,0.3,1
wn-0455:15:421,wn-0455:18:491,TEMPORAL,BEFORE,wn-0455,-1,0.95,1
wn-0455:15:421,wn-0455:18:506,TEMPORAL,BEFORE,wn-0455,-1,0.95,1
wn-0455:15:421,wn-0455:19:546,TEMPORAL,BEFORE,wn-0455,-1,0.3,1
wn-0455:15:421,wn-0455:20:575,TEMPORAL,BEFORE,wn-0455,-1,0.3,1
wn-0455:18:491,wn-0455:18:506,TEMPORAL,SIMULTANEOUS,wn-0455,-1,0.95,1
wn-0455:18:491,wn-0455:19:546,TEMPORAL,BEFORE,wn-0455,-1,0.3,1
wn-0455:18:491,wn-0455:20:575,TEMPORAL,BEFORE,wn-0455,-1,0.3,1
wn-0455:18:506,wn-0455:19:546,TEMPORAL,BEFORE,wn-0455,-1,0.3,1
wn-0455:18:506,wn-0455:20:575,TEMPORAL,BEFORE,wn-0455,-1,0.3,1
wn-0455:19:546,wn-0455:20:575,TEMPORAL,BEFORE,wn-0455,-1,0.3,1
wn-0456:0:11,wn-0456:1:37,TEMPORAL,BEFORE,wn-0456,-1,0.3,1
wn-0456:0:11,wn-0456:2:50,TEMPORAL,BEFORE,wn-0456,-1,0.3,1
wn-0456:0:11,wn-0456:4:99,TEMPORAL,BEFORE,wn-0456,-1,0.3,1
wn-0456:0:11,wn-0456:5:144,TEMPORAL,BEFORE,wn-0456,-1,0.3,1
wn-0456:0:11,wn-0456:6:170,TEMPORAL,BEFORE,wn-0456,-1,0.3,1
wn-0456:0:11,wn-0456:7:205,TEMPORAL,BEFORE,wn-0456,-1,0.3,1
wn-0456:0:11,wn-0456:11:305,TEMPORAL,BEFORE,wn-0456,-1,0.3,1
wn-0456:1:37,wn-0456:2:50,TEMPORAL,BEFORE,wn-0456,-1,0.3,1
wn-0456:1:37,wn-0456:4:99,TEMPORAL,BEFORE,wn-0456,-1,0.3,1
wn-0456:1:37,wn-0456:5:144,TEMPORAL,BEFORE,wn-0456,-1,0.3,1
wn-0456:1:37,wn-0456:6:170,TEMPORAL,BEFORE,wn-0456,-1,0.3,1
wn-0456:1:37,wn-0456:7:205,TEMPORAL,AFTER,wn-0456,-1,0.85,1
wn-0456:1:37,wn-0456:11:305,TEMPORAL,BEFORE,wn-0456,-1,0.3,1
wn-0456:2:50,wn-0456:4:99,TEMPORAL,BEFORE,wn-0456,-1,0.3,1
wn-0456:2:50,wn-0456:5:144,TEMPORAL,BEFORE,wn-0456,-1,0.3,1
wn-0456:2:50,wn-0456:6:170,TEMPORAL,BEFORE,wn-0456,-1,0.3,1
wn-0456:2:50,wn-0456:7:205,TEMPORAL,BEFORE,wn-0456,-1,0.3,1
wn-0456:2:50,wn-0456:11:305,TEMPORAL,BEFORE,wn-0456,-1,0.3,1
wn-0456:4:99,wn-0456:5:144,TEMPORAL,BEFORE,wn-0456,-1,0.3,1
wn-0456:4:99,wn-0456:6:170,TEMPORAL,BEFORE,wn-0456,-1,0.3,1
wn-0456:4:99,wn-0456:7:205,TEMPORAL,BEFORE,wn-0456,-1,0.3,1
wn-0456:4:99,wn-0456:11:305,TEMPORAL,BEFORE,wn-0456,-1,0.3,1
wn-0456:5:144,wn-0456:6:170,TEMPORAL,BEFORE,wn-0456,-1,0.3,1
wn-0456:5:144,wn-0456:7:205,TEMPORAL,BEFORE,wn-0456,-1,0.3,1
wn-0456:5:144,wn-0456:11:305,TEMPORAL,BEFORE,wn-0456,-1,0.3,1
wn-0456:6:170,wn-0456:7:205,TEMPORAL,BEFORE,wn-0456,-1,0.3,1
wn-0456:6:170,wn-0456:11:305,TEMPORAL,BEFORE,wn-0456,-1,0.3,1
wn-0456:7:205,wn-0456:11:305,TEMPORAL,BEFORE,wn-0456,-1,0.3,1
wn-0458:1:57,wn-0458:2:96,TEMPORAL,BEFORE,wn-0458,-1,0.3,1
wn-0458:1:57,wn-0458:3:121,TEMPORAL,BEFORE,wn-0458,-1,0.3,1
wn-0458:1:57,wn-0458:4:141,TEMPORAL,BEFORE,wn-0458,-1,0.3,1
wn-0458:1:57,wn-0458:4:155,TEMPORAL,BEFORE,wn-0458,-1,0.3,1
wn-0458:2:96,wn-0458:3:121,TEMPORAL,BEFORE,wn-0458,-1,0.3,1
wn-0458:2:96,wn-0458:4:141,TEMPORAL,BEFORE,wn-0458,-1,0.3,1
wn-0458:2:96,wn-0458:4:155,TEMPORAL,BEFORE,wn-0458,-1,0.3,1
wn-0458:3:121,wn-0458:4:141,TEMPORAL,BEFORE,wn-0458,-1,0.3,1
wn-0458:3:121,wn-0458:4:155,TEMPORAL,BEFORE,wn-0458,-1,0.3,1
wn-0460:4:137,wn-0460:10:288,TEMPORAL,BEFORE,wn-0460,-1,0.3,1
wn-0460:4:137,wn-0460:17:544,TEMPORAL,BEFORE,wn-0460,-1,0.3,1
wn-0460:4:137,wn-0460:21:646,TEMPORAL,BEFORE,wn-0460,-1,0.3,1
wn-0460:4:137,wn-0460:28:861,TEMPORAL,BEFORE,wn-0460,-1,0.3,1
wn-0460:4:137,wn-0460:28:885,TEMPORAL,BEFORE,wn-0460,-1,0.3,1
wn-0460:4:137,wn-0460:33:957,TEMPORAL,BEFORE,wn-0460,-1,0.3,1
wn-0460:4:137,wn-0460:37:1044,TEMPORAL,BEFORE,wn-0460,-1,0.3,1
wn-0460:4:137,wn-0460:44:1262,TEMPORAL,BEFORE,wn-0460,-1,0.3,1
wn-0460:4:137,wn-0460:47:1348,TEMPORAL,BEFORE,wn-0460,-1,0.3,1
wn-0460:4:137,wn-0460:47:1358,TEMPORAL,BEFORE,wn-0460,-1,0.3,1
wn-0460:10:288,wn-0460:17:544,TEMPORAL,BEFORE,wn-0460,-1,0.3,1
wn-0460:10:288,wn-0460:21:646,TEMPORAL,BEFORE,wn-0460,-1,0.3,1
wn-0460:10:288,wn-0460:28:861,TEMPORAL,BEFORE,wn-0460,-1,0.3,1
wn-0460:10:288,wn-0460:28:885,TEMPORAL,BEFORE,wn-0460,-1,0.3,1
wn-0460:10:288,wn-0460:33:957,TEMPORAL,BEFORE,wn-0460,-1,0.3,1
wn-0460:10:288,wn-0460:37:1044,TEMPORAL,BEFORE,wn-0460,-1,0.3,1
wn-0460:10:288,wn-0460:44:1262,TEMPORAL,BEFORE,wn-0460,-1,0.3,1
wn-0460:10:288,wn-0460:47:1348,TEMPORAL,BEFORE,wn-0460,-1,0.3,1
wn-0460:10:288,wn-0460:47:1358,TEMPORAL,BEFORE,wn-0460,-1,0.3,1
wn-0460:17:544,wn-0460:21:646,TEMPORAL,BEFORE,wn-0460,-1,0.3,1
wn-0460:17:544,wn-0460:28:861,TEMPORAL,BEFORE,wn-0460,-1,0.3,1
wn-0460:17:544,wn-0460:28:885,TEMPORAL,BEFORE,wn-0460,-1,0.3,1
wn-0460:17:544,wn-0460:33:957,TEMPORAL,BEFORE,wn-0460,-1,0.3,1
wn-0460:17:544,wn-0460:37:1044,TEMPORAL,BEFORE,wn-0460,-1,0.3,1
wn-0460:17:544,wn-0460:44:1262,TEMPORAL,BEFORE,wn-0460,-1,0.3,1
wn-0460:17:544,wn-0460:47:1348,TEMPORAL,BEFORE,wn-0460,-1,0.3,1
wn-0460:17:544,wn-0460:47:1358,TEMPORAL,BEFORE,wn-0460,-1,0.3,1
wn-0460:21:646,wn-0460:28:861,TEMPORAL,BEFORE,wn-0460,-1,0.3,1
wn-0460:21:646,wn-0460:28:885,TEMPORAL,BEFORE,wn-0460,-1,0.3,1
wn-0460:21:646,wn-0460:33:957,TEMPORAL,BEFORE,wn-0460,-1,0.3,1
wn-0460:21:646,wn-0460:37:1044,TEMPORAL,BEFORE,wn-0460,-1,0.3,1
wn-0460:21:646,wn-0460:44:1262,TEMPORAL,BEFORE,wn-0460,-1,0.3,1
wn-0460:21:646,wn-0460:47:1348,TEMPORAL,BEFORE,wn-0460,-1,0.3,1
wn-0460:21:646,wn-0460:47:1358,TEMPORAL,BEFORE,wn-0460,-1,0.3,1
wn-0460:28:861,wn-0460:33:957,TEMPORAL,BEFORE,wn-0460,-1,0.3,1
wn-0460:28:861,wn-0460:37:1044,TEMPORAL,BEFORE,wn-0460,-1,0.3,1
wn-0460:28:861,wn-0460:44:1262,TEMPORAL,BEFORE,wn-0460,-1,0.3,1
wn-0460:28:861,wn-0460:47:1348,TEMPORAL,BEFORE,wn-0460,-1,0.3,1
wn-0460:28:861,wn-0460:47:1358,TEMPORAL,BEFORE,wn-0460,-1,0.3,1
wn-0460:28:885,wn-0460:33:957,TEMPORAL,BEFORE,wn-0460,-1,0.3,1
wn-0460:28:885,wn-0460:37:1044,TEMPORAL,BEFORE,wn-0460,-1,0.3,1
wn-0460:28:885,wn-0460:44:1262,TEMPORAL,BEFORE,wn-0460,-1,0.3,1
wn-0460:28:885,wn-0460:47:1348,TEMPORAL,BEFORE,wn-0460,-1,0.3,1
wn-0460:28:885,wn-0460:47:1358,TEMPORAL,BEFORE,wn-0460,-1,0.3,1
wn-0460:33:957,wn-0460:37:1044,TEMPORAL,BEFORE,wn-0460,-1,0.3,1
wn-0460:33:957,wn-0460:44:1262,TEMPORAL,BEFORE,wn-0460,-1,0.3,1
wn-0460:33:957,wn-0460:47:1348,TEMPORAL,BEFORE,wn-0460,-1,0.3,1
wn-0460:33:957,wn-0460:47:1358,TEMPORAL,BEFORE,wn-0460,-1,0.3,1
wn-0460:37:1044,wn-0460:44:1262,TEMPORAL,BEFORE,wn-0460,-1,0.3,1
wn-0460:37:1044,wn-0460:47:1348,TEMPORAL,BEFORE,wn-0460,-1,0.3,1
wn-0460:37:1044,wn-0460:47:1358,TEMPORAL,BEFORE,wn-0460,-1,0.3,1
wn-0460:44:1262,wn-0460:47:1348,TEMPORAL,BEFORE,wn-0460,-1,0.3,1
wn-0460:44:1262,wn-0460:47:1358,TEMPORAL,BEFORE,wn-0460,-1,0.3,1
wn-0460:47:1348,wn-0460:47:1358,TEMPORAL,BEFORE,wn-0460,-1,0.5,1
wn-0461:1:49,wn-0461:6:157,TEMPORAL,BEFORE,wn-0461,-1,0.3,1
wn-0461:1:49,wn-0461:7:160,TEMPORAL,BEFORE,wn-0461,-1,0.3,1
wn-0461:6:157,wn-0461:7:160,TEMPORAL,BEFORE,wn-0461,-1,0.3,1
wn-0462:2:26,wn-0462:3:59,TEMPORAL,BEFORE,wn-0462,-1,0.3,1
wn-0462:2:26,wn-0462:8:173,TEMPORAL,BEFORE,wn-0462,-1,0.3,1
wn-0462:2:26,wn-0462:10:211,TEMPORAL,BEFORE,wn-0462,-1,0.3,1
wn-0462:3:59,wn-0462:8:173,TEMPORAL,BEFORE,wn-0462,-1,0.3,1
wn-0462:3:59,wn-0462:10:211,TEMPORAL,BEFORE,wn-0462,-1,0.3,1
wn-0462:8:173,wn-0462:10:211,TEMPORAL,BEFORE,wn-0462,-1,0.3,1
wn-0463:1:9,wn-0463:2:35,TEMPORAL,SIMULTANEOUS,wn-0463,-1,0.7,1
wn-0463:1:9,wn-0463:4:92,TEMPORAL,BEFORE,wn-0463,-1,0.3,1
wn-0463:1:9,wn-0463:5:99,TEMPORAL,BEFORE,wn-0463,-1,0.3,1
wn-0463:2:35,wn-0463:4:92,TEMPORAL,BEFORE,wn-0463,-1,0.3,1
wn-0463:2:35,wn-0463:5:99,TEMPORAL,BEFORE,wn-0463,-1,0.3,1
wn-0463:4:92,wn-0463:5:99,TEMPORAL,BEFORE,wn-0463,-1,0.3,1
wn-0464:1:10,wn-0464:2:30,TEMPORAL,BEFORE,wn-0464,-1,0.3,1
wn-0464:1:10,wn-0464:2:54,TEMPORAL,BEFORE,wn-0464,-1,0.3,1
wn-0464:1:10,wn-0464:5:140,TEMPORAL,BEFORE,wn-0464,-1,0.3,1
wn-0464:2:30,wn-0464:5:140,TEMPORAL,BEFORE,wn-0464,-1,0.3,1
wn-0464:2:54,wn-0464:5:140,TEMPORAL,BEFORE,wn-0464,-1,0.3,1
wn-0466:5:121,wn-0466:8:174,TEMPORAL,BEFORE,wn-0466,-1,0.3,1
wn-0466:5:121,wn-0466:9:189,TEMPORAL,BEFORE,wn-0466,-1,0.9,1
wn-0466:5:121,wn-0466:10:207,TEMPORAL,BEFORE,wn-0466,-1,0.3,1
wn-0466:5:121,wn-0466:13:247,TEMPORAL,BEFORE,wn-0466,-1,0.3,1
wn-0466:8:174,wn-0466:9:189,TEMPORAL,BEFORE,wn-0466,-1,0.3,1
wn-0466:8:174,wn-0466:10:207,TEMPORAL,BEFORE,wn-0466,-1,0.3,1
wn-0466:8:174,wn-0466:13:247,TEMPORAL,BEFORE,wn-0466,-1,0.3,1
wn-0466:9:189,wn-0466:10:207,TEMPORAL,BEFORE,wn-0466,-1,0.3,1
wn-0466:9:189,wn-0466:13:247,TEMPORAL,BEFORE,wn-0466,-1,0.3,1
wn-0466:10:207,wn-0466:13:247,TEMPORAL,BEFORE,wn-0466,-1,0.3,1
wn-0467:0:15,wn-0467:0:39,TEMPORAL,AFTER,wn-0467,-1,0.7,1
wn-0467:0:15,wn-0467:0:56,TEMPORAL,AFTER,wn-0467,-1,0.7,1
wn-0467:0:15,wn-0467:1:82,TEMPORAL,BEFORE,wn-0467,-1,0.3,1
wn-0467:0:15,wn-0467:2:139,TEMPORAL,SIMULTANEOUS,wn-0467,-1,0.7,1
wn-0467:0:15,wn-0467:6:218,TEMPORAL,AFTER,wn-0467,-1,0.7,1
wn-0467:0:15,wn-0467:7:244,TEMPORAL,BEFORE,wn-0467,-1,0.3,1
wn-0467:0:15,wn-0467:9:341,TEMPORAL,BEFORE,wn-0467,-1,0.7,1
wn-0467:0:39,wn-0467:0:56,TEMPORAL,SIMULTANEOUS,wn-0467,-1,0.7,1
wn-0467:0:39,wn-0467:1:82,TEMPORAL,BEFORE,wn-0467,-1,0.3,1
wn-0467:0:39,wn-0467:2:139,TEMPORAL,BEFORE,wn-0467,-1,0.7,1
wn-0467:0:39,wn-0467:6:218,TEMPORAL,SIMULTANEOUS,wn-0467,-1,0.7,1
wn-0467:0:39,wn-0467:7:244,TEMPORAL,BEFORE,wn-0467,-1,0.3,1
wn-0467:0:39,wn-0467:9:341,TEMPORAL,BEFORE,wn-0467,-1,0.7,1
wn-0467:0:56,wn-0467:1:82,TEMPORAL,BEFORE,wn-0467,-1,0.3,1
wn-0467:0:56,wn-0467:2:139,TEMPORAL,BEFORE,wn-0467,-1,0.7,1
wn-0467:0:56,wn-0467:6:218,TEMPORAL,SIMULTANEOUS,wn-0467,-1,0.7,1
wn-0467:0:56,wn-0467:7:244,TEMPORAL,BEFORE,wn-0467,-1,0.3,1
wn-0467:0:56,wn-0467:9:341,TEMPORAL,BEFORE,wn-0467,-1,0.7,1
wn-0467:1:82,wn-0467:2:139,TEMPORAL,BEFORE,wn-0467,-1,0.3,1
wn-0467:1:82,wn-0467:6:218,TEMPORAL,BEFORE,wn-0467,-1,0.3,1
wn-0467:1:82,wn-0467:7:244,TEMPORAL,BEFORE,wn-0467,-1,0.3,1
wn-0467:1:82,wn-0467:9:341,TEMPORAL,BEFORE,wn-0467,-1,0.3,1
wn-0467:2:139,wn-0467:6:218,TEMPORAL,AFTER,wn-0467,-1,0.7,1
wn-0467:2:139,wn-0467:7:244,TEMPORAL,BEFORE,wn-0467,-1,0.3,1
wn-0467:2:139,wn-0467:9:341,TEMPORAL,BEFORE,wn-0467,-1,0.7,1
wn-0467:6:218,wn-0467:7:244,TEMPORAL,BEFORE,wn-0467,-1,0.3,1
wn-0467:6:218,wn-0467:9:341,TEMPORAL,BEFORE,wn-0467,-1,0.7,1
wn-0467:7:244,wn-0467:9:341,TEMPORAL,BEFORE,wn-0467,-1,0.3,1
wn-0469:2:25,wn-0469:4:61,TEMPORAL,BEFORE,wn-0469,-1,0.3,1
wn-0469:2:25,wn-0469:4:76,TEMPORAL,BEFORE,wn-0469,-1,0.3,1
wn-0469:2:25,wn-0469:6:117,TEMPORAL,BEFORE,wn-0469,-1,0.3,1
wn-0469:2:25,wn-0469:9:187,TEMPORAL,BEFORE,wn-0469,-1,0.3,1
wn-0469:2:25,wn-0469:10:235,TEMPORAL,BEFORE,wn-0469,-1,0.3,1
wn-0469:2:25,wn-0469:17:400,TEMPORAL,BEFORE,wn-0469,-1,0.3,1
wn-0469:2:25,wn-0469:19:440,TEMPORAL,BEFORE,wn-0469,-1,0.3,1
wn-0469:2:25,wn-0469:23:535,TEMPORAL,BEFORE,wn-0469,-1,0.3,1
wn-0469:2:25,wn-0469:27:640,TEMPORAL,BEFORE,wn-0469,-1,0.3,1
wn-0469:2:25,wn-0469:40:962,TEMPORAL,BEFORE,wn-0469,-1,0.3,1
wn-0469:2:25,wn-0469:56:1431,TEMPORAL,BEFORE,wn-0469,-1,0.3,1
wn-0469:2:25,wn-0469:56:1439,TEMPORAL,BEFORE,wn-0469,-1,0.3,1
wn-0469:2:25,wn-0469:60:1533,TEMPORAL,BEFORE,wn-0469,-1,0.3,1
wn-0469:2:25,wn-0469:74:1969,TEMPORAL,BEFORE,wn-0469,-1,0.3,1
wn-0469:2:25,wn-0469:78:2034,TEMPORAL,BEFORE,wn-0469,-1,0.3,1
wn-0469:4:61,wn-0469:4:76,TEMPORAL,BEFORE,wn-0469,-1,0.5,1
wn-0469:4:61,wn-0469:6:117,TEMPORAL,BEFORE,wn-0469,-1,0.3,1
wn-0469:4:61,wn-0469:9:187,TEMPORAL,BEFORE,wn-0469,-1,0.3,1
wn-0469:4:61,wn-0469:10:235,TEMPORAL,BEFORE,wn-0469,-1,0.3,1
wn-0469:4:61,wn-0469:17:400,TEMPORAL,BEFORE,wn-0469,-1,0.3,1
wn-0469:4:61,wn-0469:19:440,TEMPORAL,BEFORE,wn-0469,-1,0.3,1
wn-0469:4:61,wn-0469:23:535,TEMPORAL,BEFORE,wn-0469,-1,0.3,1
wn-0469:4:61,wn-0469:27:640,TEMPORAL,BEFORE,wn-0469,-1,0.3,1
wn-0469:4:61,wn-0469:40:962,TEMPORAL,BEFORE,wn-0469,-1,0.3,1
wn-0469:4:61,wn-0469:56:1431,TEMPORAL,BEFORE,wn-0469,-1,0.3,1
wn-0469:4:61,wn-0469:56:1439,TEMPORAL,BEFORE,wn-0469,-1,0.3,1
wn-0469:4:61,wn-0469:60:1533,TEMPORAL,BEFORE,wn-0469,-1,0.3,1
wn-0469:4:61,wn-0469:74:1969,TEMPORAL,BEFORE,wn-0469,-1,0.3,1
wn-0469:4:61,wn-0469:78:2034,TEMPORAL,BEFORE,wn-0469,-1,0.3,1
wn-0469:4:76,wn-0469:6:117,TEMPORAL,BEFORE,wn-0469,-1,0.3,1
wn-0469:4:76,wn-0469:9:187,TEMPORAL,BEFORE,wn-0469,-1,0.3,1
wn-0469:4:76,wn-0469:10:235,TEMPORAL,BEFORE,wn-0469,-1,0.3,1
wn-0469:4:76,wn-0469:17:400,TEMPORAL,BEFORE,wn-0469,-1,0.3,1
wn-0469:4:76,wn-0469:19:440,TEMPORAL,BEFORE,wn-0469,-1,0.3,1
wn-0469:4:76,wn-0469:23:535,TEMPORAL,BEFORE,wn-0469,-1,0.3,1
wn-0469:4:76,wn-0469:27:640,TEMPORAL,BEFORE,wn-0469,-1,0.3,1
wn-0469:4:76,wn-0469:40:962,TEMPORAL,BEFORE,wn-0469,-1,0.3,1
wn-0469:4:76,wn-0469:56:1431,TEMPORAL,BEFORE,wn-0469,-1,0.3,1
wn-0469:4:76,wn-0469:56:1439,TEMPORAL,BEFORE,wn-0469,-1,0.3,1
wn-0469:4:76,wn-0469:60:1533,TEMPORAL,BEFORE,wn-0469,-1,0.3,1
wn-0469:4:76,wn-0469:74:1969,TEMPORAL,BEFORE,wn-0469,-1,0.3,1
wn-0469:4:76,wn-0469:78:2034,TEMPORAL,BEFORE,wn-0469,-1,0.3,1
wn-0469:6:117,wn-0469:9:187,TEMPORAL,BEFORE,wn-0469,-1,0.3,1
wn-0469:6:117,wn-0469:10:235,TEMPORAL,BEFORE,wn-0469,-1,0.3,1
wn-0469:6:117,wn-0469:17:400,TEMPORAL,BEFORE,wn-0469,-1,0.3,1
wn-0469:6:117,wn-0469:19:440,TEMPORAL,BEFORE,wn-0469,-1,0.3,1
wn-0469:6:117,wn-0469:23:535,TEMPORAL,BEFORE,wn-0469,-1,0.3,1
wn-0469:6:117,wn-0469:27:640,TEMPORAL,BEFORE,wn-0469,-1,0.3,1
wn-0469:6:117,wn-0469:40:962,TEMPORAL,BEFORE,wn-0469,-1,0.3,1
wn-0469:6:117,wn-0469:56:1431,TEMPORAL,BEFORE,wn-0469,-1,0.3,1
wn-0469:6:117,wn-0469:56:1439,TEMPORAL,BEFORE,wn-0469,-1,0.3,1
wn-0469:6:117,wn-0469:60:1533,TEMPORAL,BEFORE,wn-0469,-1,0.3,1
wn-0469:6:117,wn-0469:74:1969,TEMPORAL,BEFORE,wn-0469,-1,0.3,1
wn-0469:6:117,wn-0469:78:2034,TEMPORAL,BEFORE,wn-0469,-1,0.3,1
wn-0469:9:187,wn-0469:10:235,TEMPORAL,BEFORE,wn-0469,-1,0.3,1
wn-0469:9:187,wn-0469:17:400,TEMPORAL,BEFORE,wn-0469,-1,0.3,1
wn-0469:9:187,wn-0469:19:440,TEMPORAL,BEFORE,wn-0469,-1,0.3,1
wn-0469:9:187,wn-0469:23:535,TEMPORAL,BEFORE,wn-0469,-1,0.3,1
wn-0469:9:187,wn-0469:27:640,TEMPORAL,BEFORE,wn-0469,-1,0.3,1
wn-0469:9:187,wn-0469:40:962,TEMPORAL,BEFORE,wn-0469,-1,0.3,1
wn-0469:9:187,wn-0469:56:1431,TEMPORAL,BEFORE,wn-0469,-1,0.3,1
wn-0469:9:187,wn-0469:56:1439,TEMPORAL,BEFORE,wn-0469,-1,0.3,1
wn-0469:9:187,wn-0469:60:1533,TEMPORAL,BEFORE,wn-0469,-1,0.3,1
wn-0469:9:187,wn-0469:74:1969,TEMPORAL,BEFORE,wn-0469,-1,0.3,1
wn-0469:9:187,wn-0469:78:2034,TEMPORAL,BEFORE,wn-0469,-1,0.3,1
wn-0469:10:235,wn-0469:17:400,TEMPORAL,BEFORE,wn-0469,-1,0.3,1
wn-0469:10:235,wn-0469:19:440,TEMPORAL,BEFORE,wn-0469,-1,0.3,1
wn-0469:10:235,wn-0469:23:535,TEMPORAL,BEFORE,wn-0469,-1,0.3,1
wn-0469:10:235,wn-0469:27:640,TEMPORAL,BEFORE,wn-0469,-1,0.3,1
wn-0469:10:235,wn-0469:40:962,TEMPORAL,BEFORE,wn-0469,-1,0.3,1
wn-0469:10:235,wn-0469:56:1431,TEMPORAL,BEFORE,wn-0469,-1,0.3,1
wn-0469:10:235,wn-0469:56:1439,TEMPORAL,BEFORE,wn-0469,-1,0.3,1
wn-0469:10:235,wn-0469:60:1533,TEMPORAL,BEFORE,wn-0469,-1,0.3,1
wn-0469:10:235,wn-0469:74:1969,TEMPORAL,BEFORE,wn-0469,-1,0.3,1
wn-0469:10:235,wn-0469:78:2034,TEMPORAL,BEFORE,wn-0469,-1,0.3,1
wn-0469:17:400,wn-0469:19:440,TEMPORAL,BEFORE,wn-0469,-1,0.3,1
wn-0469:17:400,wn-0469:23:535,TEMPORAL,BEFORE,wn-0469,-1,0.3,1
wn-0469:17:400,wn-0469:27:640,TEMPORAL,BEFORE,wn-0469,-1,0.3,1
wn-0469:17:400,wn-0469:40:962,TEMPORAL,BEFORE,wn-0469,-1,0.3,1
wn-0469:17:400,wn-0469:56:1431,TEMPORAL,BEFORE,wn-0469,-1,0.3,1
wn-0469:17:400,wn-0469:56:1439,TEMPORAL,BEFORE,wn-0469,-1,0.3,1
wn-0469:17:400,wn-0469:60:1533,TEMPORAL,BEFORE,wn-0469,-1,0.3,1
wn-0469:17:400,wn-0469:74:1969,TEMPORAL,BEFORE,wn-0469,-1,0.3,1
wn-0469:17:400,wn-0469:78:2034,TEMPORAL,BEFORE,wn-0469,-1,0.3,1
wn-0469:19:440,wn-0469:23:535,TEMPORAL,BEFORE,wn-0469,-1,0.3,1
wn-0469:19:440,wn-0469:27:640,TEMPORAL,BEFORE,wn-0469,-1,0.3,1
wn-0469:19:440,wn-0469:40:962,TEMPORAL,BEFORE,wn-0469,-1,0.3,1
wn-0469:19:440,wn-0469:56:1431,TEMPORAL,BEFORE,wn-0469,-1,0.3,1
wn-0469:19:440,wn-0469:56:1439,TEMPORAL,BEFORE,wn-0469,-1,0.3,1
wn-0469:19:440,wn-0469:60:1533,TEMPORAL,BEFORE,wn-0469,-1,0.3,1
wn-0469:19:440,wn-0469:74:1969,TEMPORAL,BEFORE,wn-0469,-1,0.3,1
wn-0469:19:440,wn-0469:78:2034,TEMPORAL,BEFORE,wn-0469,-1,0.3,1
wn-0469:23:535,wn-0469:27:640,TEMPORAL,BEFORE,wn-0469,-1,0.3,1
wn-0469:23:535,wn-0469:40:962,TEMPORAL,BEFORE,wn-0469,-1,0.3,1
wn-0469:23:535,wn-0469:56:1431,TEMPORAL,BEFORE,wn-0469,-1,0.3,1
wn-0469:23:535,wn-0469:56:1439,TEMPORAL,BEFORE,wn-0469,-1,0.3,1
wn-0469:23:535,wn-0469:60:1533,TEMPORAL,BEFORE,wn-0469,-1,0.3,1
wn-0469:23:535,wn-0469:74:1969,TEMPORAL,BEFORE,wn-0469,-1,0.3,1
wn-0469:23:535,wn-0469:78:2034,TEMPORAL,BEFORE,wn-0469,-1,0.3,1
wn-0469:27:640,wn-0469:40:962,TEMPORAL,BEFORE,wn-0469,-1,0.3,1
wn-0469:27:640,wn-0469:56:1431,TEMPORAL,BEFORE,wn-0469,-1,0.3,1
wn-0469:27:640,wn-0469:56:1439,TEMPORAL,BEFORE,wn-0469,-1,0.3,1
wn-0469:27:640,wn-0469:60:1533,TEMPORAL,BEFORE,wn-0469,-1,0.3,1
wn-0469:27:640,wn-0469:74:1969,TEMPORAL,BEFORE,wn-0469,-1,0.3,1
wn-0469:27:640,wn-0469:78:2034,TEMPORAL,BEFORE,wn-0469,-1,0.3,1
wn-0469:40:962,wn-0469:56:1431,TEMPORAL,BEFORE,wn-0469,-1,0.3,1
wn-0469:40:962,wn-0469:56:1439,TEMPORAL,BEFORE,wn-0469,-1,0.3,1
wn-0469:40:962,wn-0469:60:1533,TEMPORAL,BEFORE,wn-0469,-1,0.3,1
wn-0469:40:962,wn-0469:74:1969,TEMPORAL,BEFORE,wn-0469,-1,0.3,1
wn-0469:40:962,wn-0469:78:2034,TEMPORAL,BEFORE,wn-0469,-1,0.3,1
wn-0469:56:1431,wn-0469:56:1439,TEMPORAL,BEFORE,wn-0469,-1,0.5,1
wn-0469:56:1431,wn-0469:60:1533,TEMPORAL,BEFORE,wn-0469,-1,0.3,1
wn-0469:56:1431,wn-0469:74:1969,TEMPORAL,BEFORE,wn-0469,-1,0.3,1
wn-0469:56:1431,wn-0469:78:2034,TEMPORAL,BEFORE,wn-0469,-1,0.3,1
wn-0469:56:1439,wn-0469:60:1533,TEMPORAL,BEFORE,wn-0469,-1,0.3,1
wn-0469:56:1439,wn-0469:74:1969,TEMPORAL,BEFORE,wn-0469,-1,0.3,1
wn-0469:56:1439,wn-0469:78:2034,TEMPORAL,BEFORE,wn-0469,-1,0.3,1
wn-0469:60:1533,wn-0469:74:1969,TEMPORAL,BEFORE,wn-0469,-1,0.3,1
wn-0469:60:1533,wn-0469:78:2034,TEMPORAL,BEFORE,wn-0469,-1,0.3,1
wn-0469:74:1969,wn-0469:78:2034,TEMPORAL,BEFORE,wn-0469,-1,0.3,1
wn-0470:2:40,wn-0470:3:69,TEMPORAL,BEFORE,wn-0470,-1,0.3,1
wn-0470:2:40,wn-0470:5:123,TEMPORAL,BEFORE,wn-0470,-1,0.3,1
wn-0470:2:40,wn-0470:6:149,TEMPORAL,BEFORE,wn-0470,-1,0.3,1
wn-0470:2:40,wn-0470:8:186,TEMPORAL,BEFORE,wn-0470,-1,0.3,1
wn-0470:2:43,wn-0470:3:69,TEMPORAL,BEFORE,wn-0470,-1,0.75,1
wn-0470:2:43,wn-0470:5:123,TEMPORAL,BEFORE,wn-0470,-1,0.3,1
wn-0470:2:43,wn-0470:6:149,TEMPORAL,BEFORE,wn-0470,-1,0.7,1
wn-0470:2:43,wn-0470:8:186,TEMPORAL,BEFORE,wn-0470,-1,0.3,1
wn-0470:3:69,wn-0470:5:123,TEMPORAL,BEFORE,wn-0470,-1,0.3,1
wn-0470:3:69,wn-0470:6:149,TEMPORAL,BEFORE,wn-0470,-1,0.7,1
wn-0470:3:69,wn-0470:8:186,TEMPORAL,BEFORE,wn-0470,-1,0.3,1
wn-0470:5:123,wn-0470:6:149,TEMPORAL,BEFORE,wn-0470,-1,0.3,1
wn-0470:5:123,wn-0470:8:186,TEMPORAL,BEFORE,wn-0470,-1,0.3,1
wn-0470:6:149,wn-0470:8:186,TEMPORAL,BEFORE,wn-0470,-1,0.3,1
wn-0471:0:19,wn-0471:0:23,TEMPORAL,SIMULTANEOUS,wn-0471,-1,0.7,1
wn-0471:0:19,wn-0471:1:48,TEMPORAL,BEFORE,wn-0471,-1,0.3,1
wn-0471:0:19,wn-0471:3:114,TEMPORAL,BEFORE,wn-0471,-1,0.3,1
wn-0471:0:19,wn-0471:5:202,TEMPORAL,AFTER,wn-0471,-1,0.7,1
wn-0471:0:19,wn-0471:7:222,TEMPORAL,BEFORE,wn-0471,-1,0.3,1
wn-0471:0:23,wn-0471:1:48,TEMPORAL,BEFORE,wn-0471,-1,0.3,1
wn-0471:0:23,wn-0471:3:114,TEMPORAL,BEFORE,wn-0471,-1,0.3,1
wn-0471:0:23,wn-0471:5:202,TEMPORAL,AFTER,wn-0471,-1,0.7,1
wn-0471:0:23,wn-0471:7:222,TEMPORAL,BEFORE,wn-0471,-1,0.3,1
wn-0471:1:48,wn-0471:3:114,TEMPORAL,BEFORE,wn-0471,-1,0.3,1
wn-0471:1:48,wn-0471:5:202,TEMPORAL,BEFORE,wn-0471,-1,0.3,1
wn-0471:1:48,wn-0471:7:222,TEMPORAL,BEFORE,wn-0471,-1,0.3,1
wn-0471:3:114,wn-0471:5:202,TEMPORAL,BEFORE,wn-0471,-1,0.3,1
wn-0471:3:114,wn-0471:7:222,TEMPORAL,BEFORE,wn-0471,-1,0.3,1
wn-0471:5:202,wn-0471:7:222,TEMPORAL,BEFORE,wn-0471,-1,0.3,1
wn-0472:0:8,wn-0472:1:33,TEMPORAL,BEFORE,wn-0472,-1,0.3,1
wn-0472:0:8,wn-0472:2:58,TEMPORAL,BEFORE,wn-0472,-1,0.3,1
wn-0472:0:8,wn-0472:3:85,TEMPORAL,BEFORE,wn-0472,-1,0.3,1
wn-0472:0:8,wn-0472:5:132,TEMPORAL,BEFORE,wn-0472,-1,0.3,1
wn-0472:0:8,wn-0472:6:160,TEMPORAL,BEFORE,wn-0472,-1,0.3,1
wn-0472:0:8,wn-0472:8:233,TEMPORAL,BEFORE,wn-0472,-1,0.3,1
wn-0472:0:8,wn-0472:9:237,TEMPORAL,BEFORE,wn-0472,-1,0.7,1
wn-0472:1:33,wn-0472:2:58,TEMPORAL,BEFORE,wn-0472,-1,0.3,1
wn-0472:1:33,wn-0472:3:85,TEMPORAL,BEFORE,wn-0472,-1,0.3,1
wn-0472:1:33,wn-0472:5:132,TEMPORAL,BEFORE,wn-0472,-1,0.3,1
wn-0472:1:33,wn-0472:6:160,TEMPORAL,BEFORE,wn-0472,-1,0.3,1
wn-0472:1:33,wn-0472:8:233,TEMPORAL,BEFORE,wn-0472,-1,0.3,1
wn-0472:1:33,wn-0472:9:237,TEMPORAL,BEFORE,wn-0472,-1,0.3,1
wn-0472:2:58,wn-0472:3:85,TEMPORAL,BEFORE,wn-0472,-1,0.3,1
wn-0472:2:58,wn-0472:5:132,TEMPORAL,BEFORE,wn-0472,-1,0.3,1
wn-0472:2:58,wn-0472:6:160,TEMPORAL,BEFORE,wn-0472,-1,0.3,1
wn-0472:2:58,wn-0472:8:233,TEMPORAL,BEFORE,wn-0472,-1,0.3,1
wn-0472:2:58,wn-0472:9:237,TEMPORAL,BEFORE,wn-0472,-1,0.3,1
wn-0472:3:85,wn-0472:5:132,TEMPORAL,BEFORE,wn-0472,-1,0.3,1
wn-0472:3:85,wn-0472:6:160,TEMPORAL,BEFORE,wn-0472,-1,0.3,1
wn-0472:3:85,wn-0472:8:233,TEMPORAL,BEFORE,wn-0472,-1,0.3,1
wn-0472:3:85,wn-0472:9:237,TEMPORAL,BEFORE,wn-0472,-1,0.3,1
wn-0472:5:132,wn-0472:6:160,TEMPORAL,BEFORE,wn-0472,-1,0.3,1
wn-0472:5:132,wn-0472:8:233,TEMPORAL,BEFORE,wn-0472,-1,0.3,1
wn-0472:5:132,wn-0472:9:237,TEMPORAL,BEFORE,wn-0472,-1,0.3,1
wn-0472:6:160,wn-0472:8:233,TEMPORAL,BEFORE,wn-0472,-1,0.3,1
wn-0472:6:160,wn-0472:9:237,TEMPORAL,BEFORE,wn-0472,-1,0.3,1
wn-0472:8:233,wn-0472:9:237,TEMPORAL,BEFORE,wn-0472,-1,0.3,1
wn-0473:0:34,wn-0473:0:36,TEMPORAL,SIMULTANEOUS,wn-0473,-1,0.7,1
wn-0473:0:34,wn-0473:1:45,TEMPORAL,BEFORE,wn-0473,-1,0.3,1
wn-0473:0:34,wn-0473:1:70,TEMPORAL,BEFORE,wn-0473,-1,0.7,1
wn-0473:0:34,wn-0473:2:111,TEMPORAL,AFTER,wn-0473,-1,0.7,1
wn-0473:0:34,wn-0473:2:116,TEMPORAL,AFTER,wn-0473,-1,0.7,1
wn-0473:0:34,wn-0473:3:146,TEMPORAL,BEFORE,wn-0473,-1,0.3,1
wn-0473:0:34,wn-0473:4:154,TEMPORAL,AFTER,wn-0473,-1,0.7,1
wn-0473:0:34,wn-0473:4:183,TEMPORAL,BEFORE,wn-0473,-1,0.3,1
wn-0473:0:34,wn-0473:4:188,TEMPORAL,BEFORE,wn-0473,-1,0.3,1
wn-0473:0:34,wn-0473:6:225,TEMPORAL,AFTER,wn-0473,-1,0.7,1
wn-0473:0:34,wn-0473:11:361,TEMPORAL,AFTER,wn-0473,-1,0.7,1
wn-0473:0:36,wn-0473:1:45,TEMPORAL,BEFORE,wn-0473,-1,0.3,1
wn-0473:0:36,wn-0473:1:70,TEMPORAL,BEFORE,wn-0473,-1,0.7,1
wn-0473:0:36,wn-0473:2:111,TEMPORAL,AFTER,wn-0473,-1,0.7,1
wn-0473:0:36,wn-0473:2:116,TEMPORAL,AFTER,wn-0473,-1,0.7,1
wn-0473:0:36,wn-0473:3:146,TEMPORAL,BEFORE,wn-0473,-1,0.3,1
wn-0473:0:36,wn-0473:4:154,TEMPORAL,AFTER,wn-0473,-1,0.7,1
wn-0473:0:36,wn-0473:4:183,TEMPORAL,BEFORE,wn-0473,-1,0.3,1
wn-0473:0:36,wn-0473:4:188,TEMPORAL,BEFORE,wn-0473,-1,0.3,1
wn-0473:0:36,wn-0473:6:225,TEMPORAL,AFTER,wn-0473,-1,0.7,1
wn-0473:0:36,wn-0473:11:361,TEMPORAL,AFTER,wn-0473,-1,0.7,1
wn-0473:1:45,wn-0473:2:111,TEMPORAL,BEFORE,wn-0473,-1,0.3,1
wn-0473:1:45,wn-0473:2:116,TEMPORAL,BEFORE,wn-0473,-1,0.3,1
wn-0473:1:45,wn-0473:3:146,TEMPORAL,BEFORE,wn-0473,-1,0.3,1
wn-0473:1:45,wn-0473:4:154,TEMPORAL,BEFORE,wn-0473,-1,0.3,1
wn-0473:1:45,wn-0473:4:183,TEMPORAL,BEFORE,wn-0473,-1,0.3,1
wn-0473:1:45,wn-0473:4:188,TEMPORAL,BEFORE,wn-0473,-1,0.3,1
wn-0473:1:45,wn-0473:6:225,TEMPORAL,BEFORE,wn-0473,-1,0.3,1
wn-0473:1:45,wn-0473:11:361,TEMPORAL,BEFORE,wn-0473,-1,0.3,1
wn-0473:1:70,wn-0473:2:111,TEMPORAL,AFTER,wn-0473,-1,0.7,1
wn-0473:1:70,wn-0473:2:116,TEMPORAL,AFTER,wn-0473,-1,0.7,1
wn-0473:1:70,wn-0473:3:146,TEMPORAL,BEFORE,wn-0473,-1,0.3,1
wn-0473:1:70,wn-0473:4:154,TEMPORAL,AFTER,wn-0473,-1,0.7,1
wn-0473:1:70,wn-0473:4:183,TEMPORAL,BEFORE,wn-0473,-1,0.3,1
wn-0473:1:70,wn-0473:4:188,TEMPORAL,BEFORE,wn-0473,-1,0.3,1
wn-0473:1:70,wn-0473:6:225,TEMPORAL,AFTER,wn-0473,-1,0.7,1
wn-0473:1:70,wn-0473:11:361,TEMPORAL,AFTER,wn-0473,-1,0.7,1
wn-0473:2:111,wn-0473:2:116,TEMPORAL,BEFORE,wn-0473,-1,0.85,1
wn-0473:2:111,wn-0473:3:146,TEMPORAL,BEFORE,wn-0473,-1,0.3,1
wn-0473:2:111,wn-0473:4:154,TEMPORAL,BEFORE,wn-0473,-1,0.7,1
wn-0473:2:111,wn-0473:4:183,TEMPORAL,BEFORE,wn-0473,-1,0.3,1
wn-0473:2:111,wn-0473:4:188,TEMPORAL,BEFORE,wn-0473,-1,0.3,1
wn-0473:2:111,wn-0473:6:225,TEMPORAL,BEFORE,wn-0473,-1,0.85,1
wn-0473:2:111,wn-0473:11:361,TEMPORAL,SIMULTANEOUS,wn-0473,-1,0.85,1
wn-0473:2:116,wn-0473:3:146,TEMPORAL,BEFORE,wn-0473,-1,0.3,1
wn-0473:2:116,wn-0473:4:154,TEMPORAL,AFTER,wn-0473,-1,0.7,1
wn-0473:2:116,wn-0473:4:183,TEMPORAL,BEFORE,wn-0473,-1,0.3,1
wn-0473:2:116,wn-0473:4:188,TEMPORAL,BEFORE,wn-0473,-1,0.3,1
wn-0473:2:116,wn-0473:6:225,TEMPORAL,SIMULTANEOUS,wn-0473,-1,0.9,1
wn-0473:2:116,wn-0473:11:361,TEMPORAL,AFTER,wn-0473,-1,0.85,1
wn-0473:3:146,wn-0473:4:154,TEMPORAL,BEFORE,wn-0473,-1,0.3,1
wn-0473:3:146,wn-0473:4:183,TEMPORAL,BEFORE,wn-0473,-1,0.3,1
wn-0473:3:146,wn-0473:4:188,TEMPORAL,BEFORE,wn-0473,-1,0.3,1
wn-0473:3:146,wn-0473:6:225,TEMPORAL,BEFORE,wn-0473,-1,0.3,1
wn-0473:3:146,wn-0473:11:361,TEMPORAL,BEFORE,wn-0473,-1,0.3,1
wn-0473:4:154,wn-0473:4:183,TEMPORAL,AFTER,wn-0473,-1,0.5,1
wn-0473:4:154,wn-0473:4:188,TEMPORAL,AFTER,wn-0473,-1,0.5,1
wn-0473:4:154,wn-0473:6:225,TEMPORAL,BEFORE,wn-0473,-1,0.7,1
wn-0473:4:154,wn-0473:11:361,TEMPORAL,AFTER,wn-0473,-1,0.7,1
wn-0473:4:183,wn-0473:4:188,TEMPORAL,AFTER,wn-0473,-1,0.5,1
wn-0473:4:183,wn-0473:6:225,TEMPORAL,BEFORE,wn-0473,-1,0.3,1
wn-0473:4:183,wn-0473:11:361,TEMPORAL,BEFORE,wn-0473,-1,0.3,1
wn-0473:4:188,wn-0473:6:225,TEMPORAL,BEFORE,wn-0473,-1,0.3,1
wn-0473:4:188,wn-0473:11:361,TEMPORAL,BEFORE,wn-0473,-1,0.3,1
wn-0473:6:225,wn-0473:11:361,TEMPORAL,AFTER,wn-0473,-1,0.85,1
wn-0474:0:5,wn-0474:2:51,TEMPORAL,BEFORE,wn-0474,-1,0.3,1
wn-0474:0:5,wn-0474:3:93,TEMPORAL,BEFORE,wn-0474,-1,0.3,1
wn-0474:0:5,wn-0474:5:164,TEMPORAL,BEFORE,wn-0474,-1,0.3,1
wn-0474:0:5,wn-0474:6:169,TEMPORAL,BEFORE,wn-0474,-1,0.3,1
wn-0474:0:5,wn-0474:10:263,TEMPORAL,BEFORE,wn-0474,-1,0.3,1
wn-0474:2:51,wn-0474:3:93,TEMPORAL,BEFORE,wn-0474,-1,0.3,1
wn-0474:2:51,wn-0474:5:164,TEMPORAL,BEFORE,wn-0474,-1,0.3,1
wn-0474:2:51,wn-0474:6:169,TEMPORAL,BEFORE,wn-0474,-1,0.3,1
wn-0474:2:51,wn-0474:10:263,TEMPORAL,BEFORE,wn-0474,-1,0.3,1
wn-0474:3:93,wn-0474:5:164,TEMPORAL,BEFORE,wn-0474,-1,0.3,1
wn-0474:3:93,wn-0474:6:169,TEMPORAL,BEFORE,wn-0474,-1,0.3,1
wn-0474:3:93,wn-0474:10:263,TEMPORAL,BEFORE,wn-0474,-1,0.3,1
wn-0474:5:164,wn-0474:6:169,TEMPORAL,BEFORE,wn-0474,-1,0.3,1
wn-0474:5:164,wn-0474:10:263,TEMPORAL,BEFORE,wn-0474,-1,0.3,1
wn-0474:6:169,wn-0474:10:263,TEMPORAL,BEFORE,wn-0474,-1,0.3,1
wn-0475:1:14,wn-0475:2:41,TEMPORAL,BEFORE,wn-0475,-1,0.3,1
wn-0475:1:14,wn-0475:4:101,TEMPORAL,BEFORE,wn-0475,-1,0.3,1
wn-0475:1:14,wn-0475:4:91,TEMPORAL,BEFORE,wn-0475,-1,0.3,1
wn-0475:1:14,wn-0475:5:119,TEMPORAL,BEFORE,wn-0475,-1,0.3,1
wn-0475:1:14,wn-0475:6:150,TEMPORAL,BEFORE,wn-0475,-1,0.3,1
wn-0475:1:14,wn-0475:8:170,TEMPORAL,BEFORE,wn-0475,-1,0.3,1
wn-0475:1:14,wn-0475:8:180,TEMPORAL,BEFORE,wn-0475,-1,0.3,1
wn-0475:1:14,wn-0475:9:194,TEMPORAL,BEFORE,wn-0475,-1,0.3,1
wn-0475:1:14,wn-0475:10:203,TEMPORAL,BEFORE,wn-0475,-1,0.3,1
wn-0475:1:14,wn-0475:12:265,TEMPORAL,BEFORE,wn-0475,-1,0.3,1
wn-0475:1:14,wn-0475:12:273,TEMPORAL,BEFORE,wn-0475,-1,0.3,1
wn-0475:1:31,wn-0475:2:41,TEMPORAL,BEFORE,wn-0475,-1,0.3,1
wn-0475:1:31,wn-0475:4:101,TEMPORAL,BEFORE,wn-0475,-1,0.3,1
wn-0475:1:31,wn-0475:4:91,TEMPORAL,BEFORE,wn-0475,-1,0.3,1
wn-0475:1:31,wn-0475:5:119,TEMPORAL,BEFORE,wn-0475,-1,0.3,1
wn-0475:1:31,wn-0475:6:150,TEMPORAL,BEFORE,wn-0475,-1,0.3,1
wn-0475:1:31,wn-0475:8:170,TEMPORAL,BEFORE,wn-0475,-1,0.3,1
wn-0475:1:31,wn-0475:8:180,TEMPORAL,BEFORE,wn-0475,-1,0.3,1
wn-0475:1:31,wn-0475:9:194,TEMPORAL,BEFORE,wn-0475,-1,0.3,1
wn-0475:1:31,wn-0475:10:203,TEMPORAL,BEFORE,wn-0475,-1,0.3,1
wn-0475:1:31,wn-0475:12:265,TEMPORAL,BEFORE,wn-0475,-1,0.3,1
wn-0475:1:31,wn-0475:12:273,TEMPORAL,BEFORE,wn-0475,-1,0.3,1
wn-0475:2:41,wn-0475:4:101,TEMPORAL,BEFORE,wn-0475,-1,0.3,1
wn-0475:2:41,wn-0475:4:91,TEMPORAL,BEFORE,wn-0475,-1,0.3,1
wn-0475:2:41,wn-0475:5:119,TEMPORAL,BEFORE,wn-0475,-1,0.3,1
wn-0475:2:41,wn-0475:6:150,TEMPORAL,BEFORE,wn-0475,-1,0.3,1
wn-0475:2:41,wn-0475:8:170,TEMPORAL,BEFORE,wn-0475,-1,0.3,1
wn-0475:2:41,wn-0475:8:180,TEMPORAL,BEFORE,wn-0475,-1,0.3,1
wn-0475:2:41,wn-0475:9:194,TEMPORAL,BEFORE,wn-0475,-1,0.3,1
wn-0475:2:41,wn-0475:10:203,TEMPORAL,BEFORE,wn-0475,-1,0.3,1
wn-0475:2:41,wn-0475:12:265,TEMPORAL,BEFORE,wn-0475,-1,0.3,1
wn-0475:2:41,wn-0475:12:273,TEMPORAL,BEFORE,wn-0475,-1,0.3,1
wn-0475:4:101,wn-0475:4:91,TEMPORAL,BEFORE,wn-0475,-1,0.5,1
wn-0475:4:101,wn-0475:5:119,TEMPORAL,BEFORE,wn-0475,-1,0.3,1
wn-0475:4:101,wn-0475:6:150,TEMPORAL,BEFORE,wn-0475,-1,0.3,1
wn-0475:4:101,wn-0475:8:170,TEMPORAL,BEFORE,wn-0475,-1,0.3,1
wn-0475:4:101,wn-0475:8:180,TEMPORAL,BEFORE,wn-0475,-1,0.3,1
wn-0475:4:101,wn-0475:9:194,TEMPORAL,BEFORE,wn-0475,-1,0.3,1
wn-0475:4:101,wn-0475:10:203,TEMPORAL,BEFORE,wn-0475,-1,0.3,1
wn-0475:4:101,wn-0475:12:265,TEMPORAL,BEFORE,wn-0475,-1,0.3,1
wn-0475:4:101,wn-0475:12:273,TEMPORAL,BEFORE,wn-0475,-1,0.3,1
wn-0475:4:91,wn-0475:5:119,TEMPORAL,BEFORE,wn-0475,-1,0.3,1
wn-0475:4:91,wn-0475:6:150,TEMPORAL,BEFORE,wn-0475,-1,0.3,1
wn-0475:4:91,wn-0475:8:170,TEMPORAL,AFTER,wn-0475,-1,0.8,1
wn-0475:4:91,wn-0475:8:180,TEMPORAL,AFTER,wn-0475,-1,0.8,1
wn-0475:4:91,wn-0475:9:194,TEMPORAL,BEFORE,wn-0475,-1,0.3,1
wn-0475:4:91,wn-0475:10:203,TEMPORAL,BEFORE,wn-0475,-1,0.3,1
wn-0475:4:91,wn-0475:12:265,TEMPORAL,BEFORE,wn-0475,-1,0.3,1
wn-0475:4:91,wn-0475:12:273,TEMPORAL,BEFORE,wn-0475,-1,0.3,1
wn-0475:5:119,wn-0475:6:150,TEMPORAL,BEFORE,wn-0475,-1,0.3,1
wn-0475:5:119,wn-0475:8:170,TEMPORAL,BEFORE,wn-0475,-1,0.3,1
wn-0475:5:119,wn-0475:8:180,TEMPORAL,BEFORE,wn-0475,-1,0.3,1
wn-0475:5:119,wn-0475:9:194,TEMPORAL,BEFORE,wn-0475,-1,0.3,1
wn-0475:5:119,wn-0475:10:203,TEMPORAL,BEFORE,wn-0475,-1,0.3,1
wn-0475:5:119,wn-0475:12:265,TEMPORAL,BEFORE,wn-0475,-1,0.3,1
wn-0475:5:119,wn-0475:12:273,TEMPORAL,BEFORE,wn-0475,-1,0.3,1
wn-0475:6:150,wn-0475:8:170,TEMPORAL,BEFORE,wn-0475,-1,0.3,1
wn-0475:6:150,wn-0475:8:180,TEMPORAL,BEFORE,wn-0475,-1,0.3,1
wn-0475:6:150,wn-0475:9:194,TEMPORAL,BEFORE,wn-0475,-1,0.3,1
wn-0475:6:150,wn-0475:10:203,TEMPORAL,BEFORE,wn-0475,-1,0.3,1
wn-0475:6:150,wn-0475:12:265,TEMPORAL,BEFORE,wn-0475,-1,0.3,1
wn-0475:6:150,wn-0475:12:273,TEMPORAL,BEFORE,wn-0475,-1,0.3,1
wn-0475:8:170,wn-0475:8:180,TEMPORAL,SIMULTANEOUS,wn-0475,-1,0.85,1
wn-0475:8:170,wn-0475:9:194,TEMPORAL,BEFORE,wn-0475,-1,0.3,1
wn-0475:8:170,wn-0475:10:203,TEMPORAL,BEFORE,wn-0475,-1,0.3,1
wn-0475:8:170,wn-0475:12:265,TEMPORAL,BEFORE,wn-0475,-1,0.3,1
wn-0475:8:170,wn-0475:12:273,TEMPORAL,BEFORE,wn-0475,-1,0.3,1
wn-0475:8:180,wn-0475:9:194,TEMPORAL,BEFORE,wn-0475,-1,0.3,1
wn-0475:8:180,wn-0475:10:203,TEMPORAL,BEFORE,wn-0475,-1,0.3,1
wn-0475:8:180,wn-0475:12:265,TEMPORAL,BEFORE,wn-0475,-1,0.3,1
wn-0475:8:180,wn-0475:12:273,TEMPORAL,BEFORE,wn-0475,-1,0.3,1
wn-0475:9:194,wn-0475:10:203,TEMPORAL,BEFORE,wn-0475,-1,0.3,1
wn-0475:9:194,wn-0475:12:265,TEMPORAL,BEFORE,wn-0475,-1,0.3,1
wn-0475:9:194,wn-0475:12:273,TEMPORAL,BEFORE,wn-0475,-1,0.3,1
wn-0475:10:203,wn-0475:12:265,TEMPORAL,BEFORE,wn-0475,-1,0.3,1
wn-0475:10:203,wn-0475:12:273,TEMPORAL,BEFORE,wn-0475,-1,0.3,1
wn-0476:5:94,wn-0476:6:153,TEMPORAL,BEFORE,wn-0476,-1,0.3,1
wn-0476:5:94,wn-0476:7:181,TEMPORAL,BEFORE,wn-0476,-1,0.3,1
wn-0476:5:94,wn-0476:9:212,TEMPORAL,BEFORE,wn-0476,-1,0.3,1
wn-0476:5:94,wn-0476:12:301,TEMPORAL,BEFORE,wn-0476,-1,0.3,1
wn-0476:5:94,wn-0476:13:333,TEMPORAL,BEFORE,wn-0476,-1,0.3,1
wn-0476:5:94,wn-0476:15:422,TEMPORAL,BEFORE,wn-0476,-1,0.3,1
wn-0476:5:94,wn-0476:17:446,TEMPORAL,BEFORE,wn-0476,-1,0.3,1
wn-0476:5:94,wn-0476:18:475,TEMPORAL,BEFORE,wn-0476,-1,0.3,1
wn-0476:5:94,wn-0476:22:580,TEMPORAL,BEFORE,wn-0476,-1,0.3,1
wn-0476:5:94,wn-0476:25:650,TEMPORAL,BEFORE,wn-0476,-1,0.3,1
wn-0476:5:94,wn-0476:27:707,TEMPORAL,BEFORE,wn-0476,-1,0.3,1
wn-0476:5:94,wn-0476:35:926,TEMPORAL,BEFORE,wn-0476,-1,0.3,1
wn-0476:6:153,wn-0476:7:181,TEMPORAL,BEFORE,wn-0476,-1,0.3,1
wn-0476:6:153,wn-0476:9:212,TEMPORAL,BEFORE,wn-0476,-1,0.3,1
wn-0476:6:153,wn-0476:12:301,TEMPORAL,BEFORE,wn-0476,-1,0.3,1
wn-0476:6:153,wn-0476:13:333,TEMPORAL,BEFORE,wn-0476,-1,0.3,1
wn-0476:6:153,wn-0476:15:422,TEMPORAL,BEFORE,wn-0476,-1,0.3,1
wn-0476:6:153,wn-0476:17:446,TEMPORAL,BEFORE,wn-0476,-1,0.3,1
wn-0476:6:153,wn-0476:18:475,TEMPORAL,BEFORE,wn-0476,-1,0.3,1
wn-0476:6:153,wn-0476:22:580,TEMPORAL,BEFORE,wn-0476,-1,0.3,1
wn-0476:6:153,wn-0476:25:650,TEMPORAL,BEFORE,wn-0476,-1,0.3,1
wn-0476:6:153,wn-0476:27:707,TEMPORAL,BEFORE,wn-0476,-1,0.3,1
wn-0476:6:153,wn-0476:35:926,TEMPORAL,BEFORE,wn-0476,-1,0.3,1
wn-0476:7:181,wn-0476:9:212,TEMPORAL,BEFORE,wn-0476,-1,0.3,1
wn-0476:7:181,wn-0476:12:301,TEMPORAL,BEFORE,wn-0476,-1,0.3,1
wn-0476:7:181,wn-0476:13:333,TEMPORAL,BEFORE,wn-0476,-1,0.3,1
wn-0476:7:181,wn-0476:15:422,TEMPORAL,BEFORE,wn-0476,-1,0.3,1
wn-0476:7:181,wn-0476:17:446,TEMPORAL,BEFORE,wn-0476,-1,0.3,1
wn-0476:7:181,wn-0476:18:475,TEMPORAL,BEFORE,wn-0476,-1,0.3,1
wn-0476:7:181,wn-0476:22:580,TEMPORAL,BEFORE,wn-0476,-1,0.3,1
wn-0476:7:181,wn-0476:25:650,TEMPORAL,BEFORE,wn-0476,-1,0.3,1
wn-0476:7:181,wn-0476:27:707,TEMPORAL,BEFORE,wn-0476,-1,0.3,1
wn-0476:7:181,wn-0476:35:926,TEMPORAL,BEFORE,wn-0476,-1,0.3,1
wn-0476:9:212,wn-0476:12:301,TEMPORAL,BEFORE,wn-0476,-1,0.3,1
wn-0476:9:212,wn-0476:13:333,TEMPORAL,BEFORE,wn-0476,-1,0.3,1
wn-0476:9:212,wn-0476:15:422,TEMPORAL,BEFORE,wn-0476,-1,0.3,1
wn-0476:9:212,wn-0476:17:446,TEMPORAL,BEFORE,wn-0476,-1,0.3,1
wn-0476:9:212,wn-0476:18:475,TEMPORAL,BEFORE,wn-0476,-1,0.3,1
wn-0476:9:212,wn-0476:22:580,TEMPORAL,BEFORE,wn-0476,-1,0.3,1
wn-0476:9:212,wn-0476:25:650,TEMPORAL,BEFORE,wn-0476,-1,0.3,1
wn-0476:9:212,wn-0476:27:707,TEMPORAL,BEFORE,wn-0476,-1,0.3,1
wn-0476:9:212,wn-0476:35:926,TEMPORAL,BEFORE,wn-0476,-1,0.3,1
wn-0476:12:301,wn-0476:13:333,TEMPORAL,BEFORE,wn-0476,-1,0.3,1
wn-0476:12:301,wn-0476:15:422,TEMPORAL,BEFORE,wn-0476,-1,0.3,1
wn-0476:12:301,wn-0476:17:446,TEMPORAL,BEFORE,wn-0476,-1,0.3,1
wn-0476:12:301,wn-0476:18:475,TEMPORAL,BEFORE,wn-0476,-1,0.3,1
wn-0476:12:301,wn-0476:22:580,TEMPORAL,BEFORE,wn-0476,-1,0.3,1
wn-0476:12:301,wn-0476:25:650,TEMPORAL,BEFORE,wn-0476,-1,0.3,1
wn-0476:12:301,wn-0476:27:707,TEMPORAL,BEFORE,wn-0476,-1,0.3,1
wn-0476:12:301,wn-0476:35:926,TEMPORAL,BEFORE,wn-0476,-1,0.3,1
wn-0476:13:333,wn-0476:15:422,TEMPORAL,BEFORE,wn-0476,-1,0.3,1
wn-0476:13:333,wn-0476:17:446,TEMPORAL,BEFORE,wn-0476,-1,0.3,1
wn-0476:13:333,wn-0476:18:475,TEMPORAL,BEFORE,wn-0476,-1,0.3,1
wn-0476:13:333,wn-0476:22:580,TEMPORAL,BEFORE,wn-0476,-1,0.3,1
wn-0476:13:333,wn-0476:25:650,TEMPORAL,BEFORE,wn-0476,-1,0.3,1
wn-0476:13:333,wn-0476:27:707,TEMPORAL,BEFORE,wn-0476,-1,0.3,1
wn-0476:13:333,wn-0476:35:926,TEMPORAL,BEFORE,wn-0476,-1,0.3,1
wn-0476:15:422,wn-0476:17:446,TEMPORAL,BEFORE,wn-0476,-1,0.3,1
wn-0476:15:422,wn-0476:18:475,TEMPORAL,BEFORE,wn-0476,-1,0.3,1
wn-0476:15:422,wn-0476:22:580,TEMPORAL,BEFORE,wn-0476,-1,0.3,1
wn-0476:15:422,wn-0476:25:650,TEMPORAL,BEFORE,wn-0476,-1,0.3,1
wn-0476:15:422,wn-0476:27:707,TEMPORAL,BEFORE,wn-0476,-1,0.3,1
wn-0476:15:422,wn-0476:35:926,TEMPORAL,BEFORE,wn-0476,-1,0.3,1
wn-0476:17:446,wn-0476:18:475,TEMPORAL,BEFORE,wn-0476,-1,0.3,1
wn-0476:17:446,wn-0476:22:580,TEMPORAL,BEFORE,wn-0476,-1,0.3,1
wn-0476:17:446,wn-0476:25:650,TEMPORAL,BEFORE,wn-0476,-1,0.3,1
wn-0476:17:446,wn-0476:27:707,TEMPORAL,BEFORE,wn-0476,-1,0.3,1
wn-0476:17:446,wn-0476:35:926,TEMPORAL,BEFORE,wn-0476,-1,0.3,1
wn-0476:18:475,wn-0476:22:580,TEMPORAL,BEFORE,wn-0476,-1,0.3,1
wn-0476:18:475,wn-0476:25:650,TEMPORAL,BEFORE,wn-0476,-1,0.3,1
wn-0476:18:475,wn-0476:27:707,TEMPORAL,BEFORE,wn-0476,-1,0.3,1
wn-0476:18:475,wn-0476:35:926,TEMPORAL,BEFORE,wn-0476,-1,0.3,1
wn-0476:22:580,wn-0476:25:650,TEMPORAL,BEFORE,wn-0476,-1,0.3,1
wn-0476:22:580,wn-0476:27:707,TEMPORAL,BEFORE,wn-0476,-1,0.3,1
wn-0476:22:580,wn-0476:35:926,TEMPORAL,BEFORE,wn-0476,-1,0.3,1
wn-0476:25:650,wn-0476:27:707,TEMPORAL,BEFORE,wn-0476,-1,0.3,1
wn-0476:25:650,wn-0476:35:926,TEMPORAL,BEFORE,wn-0476,-1,0.3,1
wn-0476:27:707,wn-0476:35:926,TEMPORAL,BEFORE,wn-0476,-1,0.3,1
wn-0477:1:3,wn-0477:1:4,TEMPORAL,SIMULTANEOUS,wn-0477,-1,0.7,1
wn-0477:1:3,wn-0477:2:19,TEMPORAL,BEFORE,wn-0477,-1,0.7,1
wn-0477:1:3,wn-0477:2:46,TEMPORAL,BEFORE,wn-0477,-1,0.7,1
wn-0477:1:3,wn-0477:2:48,TEMPORAL,BEFORE,wn-0477,-1,0.7,1
wn-0477:1:3,wn-0477:3:73,TEMPORAL,BEFORE,wn-0477,-1,0.3,1
wn-0477:1:3,wn-0477:3:79,TEMPORAL,BEFORE,wn-0477,-1,0.3,1
wn-0477:1:3,wn-0477:5:96,TEMPORAL,BEFORE,wn-0477,-1,0.7,1
wn-0477:1:3,wn-0477:6:142,TEMPORAL,BEFORE,wn-0477,-1,0.3,1
wn-0477:1:3,wn-0477:8:170,TEMPORAL,AFTER,wn-0477,-1,0.7,1
wn-0477:1:3,wn-0477:8:183,TEMPORAL,BEFORE,wn-0477,-1,0.3,1
wn-0477:1:3,wn-0477:8:185,TEMPORAL,BEFORE,wn-0477,-1,0.3,1
wn-0477:1:3,wn-0477:9:196,TEMPORAL,BEFORE,wn-0477,-1,0.3,1
wn-0477:1:4,wn-0477:2:19,TEMPORAL,BEFORE,wn-0477,-1,0.7,1
wn-0477:1:4,wn-0477:2:46,TEMPORAL,BEFORE,wn-0477,-1,0.7,1
wn-0477:1:4,wn-0477:2:48,TEMPORAL,BEFORE,wn-0477,-1,0.7,1
wn-0477:1:4,wn-0477:3:73,TEMPORAL,BEFORE,wn-0477,-1,0.3,1
wn-0477:1:4,wn-0477:3:79,TEMPORAL,BEFORE,wn-0477,-1,0.3,1
wn-0477:1:4,wn-0477:5:96,TEMPORAL,BEFORE,wn-0477,-1,0.7,1
wn-0477:1:4,wn-0477:6:142,TEMPORAL,BEFORE,wn-0477,-1,0.3,1
wn-0477:1:4,wn-0477:8:170,TEMPORAL,AFTER,wn-0477,-1,0.7,1
wn-0477:1:4,wn-0477:8:183,TEMPORAL,BEFORE,wn-0477,-1,0.3,1
wn-0477:1:4,wn-0477:8:185,TEMPORAL,BEFORE,wn-0477,-1,0.3,1
wn-0477:1:4,wn-0477:9:196,TEMPORAL,BEFORE,wn-0477,-1,0.3,1
wn-0477:2:19,wn-0477:2:46,TEMPORAL,SIMULTANEOUS,wn-0477,-1,0.8,1
wn-0477:2:19,wn-0477:2:48,TEMPORAL,SIMULTANEOUS,wn-0477,-1,0.8,1
wn-0477:2:19,wn-0477:3:73,TEMPORAL,BEFORE,wn-0477,-1,0.3,1
wn-0477:2:19,wn-0477:3:79,TEMPORAL,BEFORE,wn-0477,-1,0.3,1
wn-0477:2:19,wn-0477:5:96,TEMPORAL,BEFORE,wn-0477,-1,0.7,1
wn-0477:2:19,wn-0477:6:142,TEMPORAL,BEFORE,wn-0477,-1,0.3,1
wn-0477:2:19,wn-0477:8:170,TEMPORAL,AFTER,wn-0477,-1,0.7,1
wn-0477:2:19,wn-0477:8:183,TEMPORAL,BEFORE,wn-0477,-1,0.3,1
wn-0477:2:19,wn-0477:8:185,TEMPORAL,BEFORE,wn-0477,-1,0.3,1
wn-0477:2:19,wn-0477:9:196,TEMPORAL,BEFORE,wn-0477,-1,0.3,1
wn-0477:2:46,wn-0477:2:48,TEMPORAL,SIMULTANEOUS,wn-0477,-1,0.8,1
wn-0477:2:46,wn-0477:3:73,TEMPORAL,BEFORE,wn-0477,-1,0.3,1
wn-0477:2:46,wn-0477:3:79,TEMPORAL,BEFORE,wn-0477,-1,0.3,1
wn-0477:2:46,wn-0477:5:96,TEMPORAL,BEFORE,wn-0477,-1,0.7,1
wn-0477:2:46,wn-0477:6:142,TEMPORAL,BEFORE,wn-0477,-1,0.3,1
wn-0477:2:46,wn-0477:8:170,TEMPORAL,AFTER,wn-0477,-1,0.7,1
wn-0477:2:46,wn-0477:8:183,TEMPORAL,BEFORE,wn-0477,-1,0.3,1
wn-0477:2:46,wn-0477:8:185,TEMPORAL,BEFORE,wn-0477,-1,0.3,1
wn-0477:2:46,wn-0477:9:196,TEMPORAL,BEFORE,wn-0477,-1,0.3,1
wn-0477:2:48,wn-0477:3:73,TEMPORAL,BEFORE,wn-0477,-1,0.3,1
wn-0477:2:48,wn-0477:3:79,TEMPORAL,BEFORE,wn-0477,-1,0.3,1
wn-0477:2:48,wn-0477:5:96,TEMPORAL,BEFORE,wn-0477,-1,0.7,1
wn-0477:2:48,wn-0477:6:142,TEMPORAL,BEFORE,wn-0477,-1,0.3,1
wn-0477:2:48,wn-0477:8:170,TEMPORAL,AFTER,wn-0477,-1,0.7,1
wn-0477:2:48,wn-0477:8:183,TEMPORAL,BEFORE,wn-0477,-1,0.3,1
wn-0477:2:48,wn-0477:8:185,TEMPORAL,BEFORE,wn-0477,-1,0.3,1
wn-0477:2:48,wn-0477:9:196,TEMPORAL,BEFORE,wn-0477,-1,0.3,1
wn-0477:3:73,wn-0477:3:79,TEMPORAL,SIMULTANEOUS,wn-0477,-1,0.5,1
wn-0477:3:73,wn-0477:5:96,TEMPORAL,BEFORE,wn-0477,-1,0.3,1
wn-0477:3:73,wn-0477:6:142,TEMPORAL,BEFORE,wn-0477,-1,0.3,1
wn-0477:3:73,wn-0477:8:170,TEMPORAL,BEFORE,wn-0477,-1,0.3,1
wn-0477:3:73,wn-0477:8:183,TEMPORAL,BEFORE,wn-0477,-1,0.3,1
wn-0477:3:73,wn-0477:8:185,TEMPORAL,BEFORE,wn-0477,-1,0.3,1
wn-0477:3:73,wn-0477:9:196,TEMPORAL,BEFORE,wn-0477,-1,0.3,1
wn-0477:3:79,wn-0477:5:96,TEMPORAL,BEFORE,wn-0477,-1,0.3,1
wn-0477:3:79,wn-0477:6:142,TEMPORAL,BEFORE,wn-0477,-1,0.3,1
wn-0477:3:79,wn-0477:8:170,TEMPORAL,BEFORE,wn-0477,-1,0.3,1
wn-0477:3:79,wn-0477:8:183,TEMPORAL,BEFORE,wn-0477,-1,0.3,1
wn-0477:3:79,wn-0477:8:185,TEMPORAL,BEFORE,wn-0477,-1,0.3,1
wn-0477:3:79,wn-0477:9:196,TEMPORAL,BEFORE,wn-0477,-1,0.3,1
wn-0477:5:96,wn-0477:6:142,TEMPORAL,BEFORE,wn-0477,-1,0.3,1
wn-0477:5:96,wn-0477:8:170,TEMPORAL,AFTER,wn-0477,-1,0.7,1
wn-0477:5:96,wn-0477:8:183,TEMPORAL,BEFORE,wn-0477,-1,0.3,1
wn-0477:5:96,wn-0477:8:185,TEMPORAL,BEFORE,wn-0477,-1,0.3,1
wn-0477:5:96,wn-0477:9:196,TEMPORAL,BEFORE,wn-0477,-1,0.3,1
wn-0477:6:142,wn-0477:8:170,TEMPORAL,BEFORE,wn-0477,-1,0.3,1
wn-0477:6:142,wn-0477:8:183,TEMPORAL,BEFORE,wn-0477,-1,0.3,1
wn-0477:6:142,wn-0477:8:185,TEMPORAL,BEFORE,wn-0477,-1,0.3,1
wn-0477:6:142,wn-0477:9:196,TEMPORAL,BEFORE,wn-0477,-1,0.3,1
wn-0477:8:170,wn-0477:8:183,TEMPORAL,AFTER,wn-0477,-1,0.5,1
wn-0477:8:170,wn-0477:8:185,TEMPORAL,AFTER,wn-0477,-1,0.5,1
wn-0477:8:170,wn-0477:9:196,TEMPORAL,BEFORE,wn-0477,-1,0.3,1
wn-0477:8:183,wn-0477:8:185,TEMPORAL,AFTER,wn-0477,-1,0.5,1
wn-0477:8:183,wn-0477:9:196,TEMPORAL,BEFORE,wn-0477,-1,0.3,1
wn-0477:8:185,wn-0477:9:196,TEMPORAL,BEFORE,wn-0477,-1,0.3,1
wn-0478:1:26,wn-0478:2:46,TEMPORAL,BEFORE,wn-0478,-1,0.3,1
wn-0478:1:26,wn-0478:3:68,TEMPORAL,BEFORE,wn-0478,-1,0.3,1
wn-0478:1:26,wn-0478:4:78,TEMPORAL,BEFORE,wn-0478,-1,0.3,1
wn-0478:2:46,wn-0478:3:68,TEMPORAL,BEFORE,wn-0478,-1,0.3,1
wn-0478:2:46,wn-0478:4:78,TEMPORAL,BEFORE,wn-0478,-1,0.3,1
wn-0478:3:68,wn-0478:4:78,TEMPORAL,BEFORE,wn-0478,-1,0.3,1
wn-0479:3:52,wn-0479:4:91,TEMPORAL,BEFORE,wn-0479,-1,0.3,1
wn-0479:3:52,wn-0479:12:316,TEMPORAL,BEFORE,wn-0479,-1,0.3,1
wn-0479:4:91,wn-0479:12:316,TEMPORAL,BEFORE,wn-0479,-1,0.3,1
wn-0480:2:40,wn-0480:3:96,TEMPORAL,BEFORE,wn-0480,-1,0.3,1
wn-0480:2:40,wn-0480:5:171,TEMPORAL,BEFORE,wn-0480,-1,0.3,1
wn-0480:3:96,wn-0480:5:171,TEMPORAL,BEFORE,wn-0480,-1,0.3,1
wn-0481:0:6,wn-0481:1:48,TEMPORAL,BEFORE,wn-0481,-1,0.9,1
wn-0481:0:6,wn-0481:2:60,TEMPORAL,AFTER,wn-0481,-1,0.7,1
wn-0481:0:6,wn-0481:2:62,TEMPORAL,AFTER,wn-0481,-1,0.7,1
wn-0481:0:6,wn-0481:3:89,TEMPORAL,AFTER,wn-0481,-1,0.75,1
wn-0481:0:6,wn-0481:3:92,TEMPORAL,AFTER,wn-0481,-1,0.75,1
wn-0481:0:6,wn-0481:3:93,TEMPORAL,AFTER,wn-0481,-1,0.75,1
wn-0481:0:6,wn-0481:5:111,TEMPORAL,BEFORE,wn-0481,-1,0.3,1
wn-0481:0:6,wn-0481:6:131,TEMPORAL,BEFORE,wn-0481,-1,0.3,1
wn-0481:0:6,wn-0481:7:141,TEMPORAL,BEFORE,wn-0481,-1,0.3,1
wn-0481:0:6,wn-0481:11:205,TEMPORAL,AFTER,wn-0481,-1,0.85,1
wn-0481:1:48,wn-0481:2:60,TEMPORAL,AFTER,wn-0481,-1,0.7,1
wn-0481:1:48,wn-0481:2:62,TEMPORAL,AFTER,wn-0481,-1,0.7,1
wn-0481:1:48,wn-0481:3:89,TEMPORAL,AFTER,wn-0481,-1,0.75,1
wn-0481:1:48,wn-0481:3:92,TEMPORAL,AFTER,wn-0481,-1,0.75,1
wn-0481:1:48,wn-0481:3:93,TEMPORAL,AFTER,wn-0481,-1,0.75,1
wn-0481:1:48,wn-0481:5:111,TEMPORAL,BEFORE,wn-0481,-1,0.3,1
wn-0481:1:48,wn-0481:6:131,TEMPORAL,BEFORE,wn-0481,-1,0.3,1
wn-0481:1:48,wn-0481:7:141,TEMPORAL,BEFORE,wn-0481,-1,0.3,1
wn-0481:1:48,wn-0481:11:205,TEMPORAL,AFTER,wn-0481,-1,0.85,1
wn-0481:2:60,wn-0481:2:62,TEMPORAL,SIMULTANEOUS,wn-0481,-1,0.7,1
wn-0481:2:60,wn-0481:3:89,TEMPORAL,AFTER,wn-0481,-1,0.7,1
wn-0481:2:60,wn-0481:3:92,TEMPORAL,AFTER,wn-0481,-1,0.7,1
wn-0481:2:60,wn-0481:3:93,TEMPORAL,AFTER,wn-0481,-1,0.7,1
wn-0481:2:60,wn-0481:5:111,TEMPORAL,BEFORE,wn-0481,-1,0.3,1
wn-0481:2:60,wn-0481:6:131,TEMPORAL,BEFORE,wn-0481,-1,0.3,1
wn-0481:2:60,wn-0481:7:141,TEMPORAL,BEFORE,wn-0481,-1,0.3,1
wn-0481:2:60,wn-0481:11:205,TEMPORAL,AFTER,wn-0481,-1,0.7,1
wn-0481:2:62,wn-0481:3:89,TEMPORAL,AFTER,wn-0481,-1,0.7,1
wn-0481:2:62,wn-0481:3:92,TEMPORAL,AFTER,wn-0481,-1,0.7,1
wn-0481:2:62,wn-0481:3:93,TEMPORAL,AFTER,wn-0481,-1,0.7,1
wn-0481:2:62,wn-0481:5:111,TEMPORAL,BEFORE,wn-0481,-1,0.3,1
wn-0481:2:62,wn-0481:6:131,TEMPORAL,BEFORE,wn-0481,-1,0.3,1
wn-0481:2:62,wn-0481:7:141,TEMPORAL,BEFORE,wn-0481,-1,0.3,1
wn-0481:2:62,wn-0481:11:205,TEMPORAL,AFTER,wn-0481,-1,0.7,1
wn-0481:3:89,wn-0481:3:92,TEMPORAL,SIMULTANEOUS,wn-0481,-1,0.75,1
wn-0481:3:89,wn-0481:3:93,TEMPORAL,SIMULTANEOUS,wn-0481,-1,0.75,1
wn-0481:3:89,wn-0481:5:111,TEMPORAL,BEFORE,wn-0481,-1,0.3,1
wn-0481:3:89,wn-0481:6:131,TEMPORAL,BEFORE,wn-0481,-1,0.3,1
wn-0481:3:89,wn-0481:7:141,TEMPORAL,BEFORE,wn-0481,-1,0.3,1
wn-0481:3:89,wn-0481:11:205,TEMPORAL,AFTER,wn-0481,-1,0.75,1
wn-0481:3:92,wn-0481:3:93,TEMPORAL,SIMULTANEOUS,wn-0481,-1,0.75,1
wn-0481:3:92,wn-0481:5:111,TEMPORAL,BEFORE,wn-0481,-1,0.3,1
wn-0481:3:92,wn-0481:6:131,TEMPORAL,BEFORE,wn-0481,-1,0.3,1
wn-0481:3:92,wn-0481:7:141,TEMPORAL,BEFORE,wn-0481,-1,0.3,1
wn-0481:3:92,wn-0481:11:205,TEMPORAL,AFTER,wn-0481,-1,0.75,1
wn-0481:3:93,wn-0481:5:111,TEMPORAL,BEFORE,wn-0481,-1,0.3,1
wn-0481:3:93,wn-0481:6:131,TEMPORAL,BEFORE,wn-0481,-1,0.3,1
wn-0481:3:93,wn-0481:7:141,TEMPORAL,BEFORE,wn-0481,-1,0.3,1
wn-0481:3:93,wn-0481:11:205,TEMPORAL,AFTER,wn-0481,-1,0.75,1
wn-0481:5:111,wn-0481:6:131,TEMPORAL,BEFORE,wn-0481,-1,0.3,1
wn-0481:5:111,wn-0481:7:141,TEMPORAL,BEFORE,wn-0481,-1,0.3,1
wn-0481:5:111,wn-0481:11:205,TEMPORAL,BEFORE,wn-0481,-1,0.3,1
wn-0481:6:131,wn-0481:7:141,TEMPORAL,BEFORE,wn-0481,-1,0.3,1
wn-0481:6:131,wn-0481:11:205,TEMPORAL,BEFORE,wn-0481,-1,0.3,1
wn-0481:7:141,wn-0481:11:205,TEMPORAL,BEFORE,wn-0481,-1,0.3,1
wn-0482:0:11,wn-0482:2:40,TEMPORAL,BEFORE,wn-0482,-1,0.3,1
wn-0482:0:11,wn-0482:8:205,TEMPORAL,AFTER,wn-0482,-1,0.7,1
wn-0482:2:40,wn-0482:8:205,TEMPORAL,BEFORE,wn-0482,-1,0.3,1
wn-0483:3:21,wn-0483:4:51,TEMPORAL,BEFORE,wn-0483,-1,0.7,1
wn-0483:3:21,wn-0483:8:111,TEMPORAL,BEFORE,wn-0483,-1,0.7,1
wn-0483:3:21,wn-0483:9:125,TEMPORAL,BEFORE,wn-0483,-1,0.3,1
wn-0483:3:21,wn-0483:14:197,TEMPORAL,BEFORE,wn-0483,-1,0.95,1
wn-0483:4:51,wn-0483:8:111,TEMPORAL,BEFORE,wn-0483,-1,0.7,1
wn-0483:4:51,wn-0483:9:125,TEMPORAL,BEFORE,wn-0483,-1,0.3,1
wn-0483:4:51,wn-0483:14:197,TEMPORAL,AFTER,wn-0483,-1,0.7,1
wn-0483:8:111,wn-0483:9:125,TEMPORAL,BEFORE,wn-0483,-1,0.3,1
wn-0483:8:111,wn-0483:14:197,TEMPORAL,AFTER,wn-0483,-1,0.7,1
wn-0483:9:125,wn-0483:14:197,TEMPORAL,BEFORE,wn-0483,-1,0.3,1
wn-0485:1:21,wn-0485:2:30,TEMPORAL,BEFORE,wn-0485,-1,0.3,1
wn-0485:1:21,wn-0485:4:103,TEMPORAL,BEFORE,wn-0485,-1,0.3,1
wn-0485:1:21,wn-0485:11:236,TEMPORAL,BEFORE,wn-0485,-1,0.3,1
wn-0485:1:21,wn-0485:12:261,TEMPORAL,BEFORE,wn-0485,-1,0.3,1
wn-0485:1:21,wn-0485:15:297,TEMPORAL,BEFORE,wn-0485,-1,0.3,1
wn-0485:1:21,wn-0485:16:308,TEMPORAL,BEFORE,wn-0485,-1,0.3,1
wn-0485:2:30,wn-0485:4:103,TEMPORAL,BEFORE,wn-0485,-1,0.3,1
wn-0485:2:30,wn-0485:11:236,TEMPORAL,BEFORE,wn-0485,-1,0.3,1
wn-0485:2:30,wn-0485:12:261,TEMPORAL,BEFORE,wn-0485,-1,0.3,1
wn-0485:2:30,wn-0485:15:297,TEMPORAL,BEFORE,wn-0485,-1,0.3,1
wn-0485:2:30,wn-0485:16:308,TEMPORAL,BEFORE,wn-0485,-1,0.3,1
wn-0485:4:103,wn-0485:11:236,TEMPORAL,BEFORE,wn-0485,-1,0.3,1
wn-0485:4:103,wn-0485:12:261,TEMPORAL,BEFORE,wn-0485,-1,0.3,1
wn-0485:4:103,wn-0485:15:297,TEMPORAL,BEFORE,wn-0485,-1,0.3,1
wn-0485:4:103,wn-0485:16:308,TEMPORAL,BEFORE,wn-0485,-1,0.3,1
wn-0485:11:236,wn-0485:12:261,TEMPORAL,BEFORE,wn-0485,-1,0.3,1
wn-0485:11:236,wn-0485:15:297,TEMPORAL,BEFORE,wn-0485,-1,0.3,1
wn-0485:11:236,wn-0485:16:308,TEMPORAL,BEFORE,wn-0485,-1,0.3,1
wn-0485:12:261,wn-0485:15:297,TEMPORAL,BEFORE,wn-0485,-1,0.3,1
wn-0485:12:261,wn-0485:16:308,TEMPORAL,BEFORE,wn-0485,-1,0.3,1
wn-0485:15:297,wn-0485:16:308,TEMPORAL,BEFORE,wn-0485,-1,0.3,1
wn-0487:4:148,wn-0487:5:182,TEMPORAL,BEFORE,wn-0487,-1,0.3,1
wn-0488:4:105,wn-0488:15:353,TEMPORAL,BEFORE,wn-0488,-1,0.3,1
wn-0488:4:105,wn-0488:16:389,TEMPORAL,BEFORE,wn-0488,-1,0.3,1
wn-0488:15:353,wn-0488:16:389,TEMPORAL,BEFORE,wn-0488,-1,0.3,1
wn-0489:1:15,wn-0489:12:216,TEMPORAL,AFTER,wn-0489,-1,0.85,1
wn-0489:1:15,wn-0489:12:220,TEMPORAL,AFTER,wn-0489,-1,0.85,1
wn-0489:12:216,wn-0489:12:220,TEMPORAL,SIMULTANEOUS,wn-0489,-1,0.9,1
wn-0490:0:17,wn-0490:4:123,TEMPORAL,AFTER,wn-0490,-1,0.7,1
wn-0490:0:17,wn-0490:5:150,TEMPORAL,BEFORE,wn-0490,-1,0.3,1
wn-0490:0:17,wn-0490:6:165,TEMPORAL,BEFORE,wn-0490,-1,0.3,1
wn-0490:4:123,wn-0490:5:150,TEMPORAL,BEFORE,wn-0490,-1,0.3,1
wn-0490:4:123,wn-0490:6:165,TEMPORAL,BEFORE,wn-0490,-1,0.3,1
wn-0490:5:150,wn-0490:6:165,TEMPORAL,BEFORE,wn-0490,-1,0.3,1
wn-0491:4:105,wn-0491:6:146,TEMPORAL,BEFORE,wn-0491,-1,0.9,1
wn-0491:4:105,wn-0491:6:151,TEMPORAL,BEFORE,wn-0491,-1,0.9,1
wn-0491:4:105,wn-0491:6:158,TEMPORAL,BEFORE,wn-0491,-1,0.9,1
wn-0491:4:105,wn-0491:7:176,TEMPORAL,BEFORE,wn-0491,-1,0.3,1
wn-0491:4:105,wn-0491:10:268,TEMPORAL,BEFORE,wn-0491,-1,0.3,1
wn-0491:6:146,wn-0491:6:151,TEMPORAL,SIMULTANEOUS,wn-0491,-1,0.9,1
wn-0491:6:146,wn-0491:6:158,TEMPORAL,SIMULTANEOUS,wn-0491,-1,0.9,1
wn-0491:6:146,wn-0491:7:176,TEMPORAL,BEFORE,wn-0491,-1,0.3,1
wn-0491:6:146,wn-0491:10:268,TEMPORAL,BEFORE,wn-0491,-1,0.3,1
wn-0491:6:151,wn-0491:6:158,TEMPORAL,SIMULTANEOUS,wn-0491,-1,0.9,1
wn-0491:6:151,wn-0491:7:176,TEMPORAL,BEFORE,wn-0491,-1,0.3,1
wn-0491:6:151,wn-0491:10:268,TEMPORAL,BEFORE,wn-0491,-1,0.3,1
wn-0491:6:158,wn-0491:7:176,TEMPORAL,BEFORE,wn-0491,-1,0.3,1
wn-0491:6:158,wn-0491:10:268,TEMPORAL,BEFORE,wn-0491,-1,0.3,1
wn-0491:7:176,wn-0491:10:268,TEMPORAL,BEFORE,wn-0491,-1,0.3,1
wn-0492:0:15,wn-0492:0:45,TEMPORAL,SIMULTANEOUS,wn-0492,-1,0.7,1
wn-0492:0:15,wn-0492:1:49,TEMPORAL,BEFORE,wn-0492,-1,0.3,1
wn-0492:0:15,wn-0492:8:220,TEMPORAL,BEFORE,wn-0492,-1,0.3,1
wn-0492:0:15,wn-0492:9:256,TEMPORAL,BEFORE,wn-0492,-1,0.3,1
wn-0492:0:15,wn-0492:11:316,TEMPORAL,AFTER,wn-0492,-1,0.7,1
wn-0492:0:15,wn-0492:15:439,TEMPORAL,BEFORE,wn-0492,-1,0.3,1
wn-0492:0:15,wn-0492:19:540,TEMPORAL,BEFORE,wn-0492,-1,0.3,1
wn-0492:0:45,wn-0492:1:49,TEMPORAL,BEFORE,wn-0492,-1,0.3,1
wn-0492:0:45,wn-0492:8:220,TEMPORAL,BEFORE,wn-0492,-1,0.3,1
wn-0492:0:45,wn-0492:9:256,TEMPORAL,BEFORE,wn-0492,-1,0.3,1
wn-0492:0:45,wn-0492:11:316,TEMPORAL,AFTER,wn-0492,-1,0.7,1
wn-0492:0:45,wn-0492:15:439,TEMPORAL,BEFORE,wn-0492,-1,0.3,1
wn-0492:0:45,wn-0492:19:540,TEMPORAL,BEFORE,wn-0492,-1,0.3,1
wn-0492:1:49,wn-0492:8:220,TEMPORAL,BEFORE,wn-0492,-1,0.3,1
wn-0492:1:49,wn-0492:9:256,TEMPORAL,BEFORE,wn-0492,-1,0.3,1
wn-0492:1:49,wn-0492:11:316,TEMPORAL,BEFORE,wn-0492,-1,0.3,1
wn-0492:1:49,wn-0492:15:439,TEMPORAL,BEFORE,wn-0492,-1,0.3,1
wn-0492:1:49,wn-0492:19:540,TEMPORAL,BEFORE,wn-0492,-1,0.3,1
wn-0492:8:220,wn-0492:9:256,TEMPORAL,BEFORE,wn-0492,-1,0.3,1
wn-0492:8:220,wn-0492:11:316,TEMPORAL,BEFORE,wn-0492,-1,0.3,1
wn-0492:8:220,wn-0492:15:439,TEMPORAL,BEFORE,wn-0492,-1,0.3,1
wn-0492:8:220,wn-0492:19:540,TEMPORAL,BEFORE,wn-0492,-1,0.3,1
wn-0492:9:256,wn-0492:11:316,TEMPORAL,BEFORE,wn-0492,-1,0.3,1
wn-0492:9:256,wn-0492:15:439,TEMPORAL,BEFORE,wn-0492,-1,0.3,1
wn-0492:9:256,wn-0492:19:540,TEMPORAL,BEFORE,wn-0492,-1,0.3,1
wn-0492:11:316,wn-0492:15:439,TEMPORAL,BEFORE,wn-0492,-1,0.3,1
wn-0492:11:316,wn-0492:19:540,TEMPORAL,BEFORE,wn-0492,-1,0.3,1
wn-0492:15:439,wn-0492:19:540,TEMPORAL,BEFORE,wn-0492,-1,0.3,1
wn-0493:0:1,wn-0493:1:44,TEMPORAL,BEFORE,wn-0493,-1,0.3,1
wn-0493:0:1,wn-0493:11:295,TEMPORAL,BEFORE,wn-0493,-1,0.3,1
wn-0493:0:1,wn-0493:11:317,TEMPORAL,BEFORE,wn-0493,-1,0.3,1
wn-0493:1:44,wn-0493:11:295,TEMPORAL,BEFORE,wn-0493,-1,0.3,1
wn-0493:1:44,wn-0493:11:317,TEMPORAL,BEFORE,wn-0493,-1,0.3,1
wn-0493:11:295,wn-0493:11:317,TEMPORAL,BEFORE,wn-0493,-1,0.5,1
wn-0494:0:17,wn-0494:4:115,TEMPORAL,BEFORE,wn-0494,-1,0.3,1
wn-0494:0:17,wn-0494:10:316,TEMPORAL,BEFORE,wn-0494,-1,0.3,1
wn-0494:0:17,wn-0494:10:322,TEMPORAL,BEFORE,wn-0494,-1,0.3,1
wn-0494:0:17,wn-0494:11:329,TEMPORAL,BEFORE,wn-0494,-1,0.3,1
wn-0494:0:17,wn-0494:12:377,TEMPORAL,BEFORE,wn-0494,-1,0.3,1
wn-0494:0:17,wn-0494:14:474,TEMPORAL,AFTER,wn-0494,-1,0.8,1
wn-0494:0:17,wn-0494:16:509,TEMPORAL,BEFORE,wn-0494,-1,0.3,1
wn-0494:0:17,wn-0494:16:523,TEMPORAL,BEFORE,wn-0494,-1,0.3,1
wn-0494:0:17,wn-0494:17:546,TEMPORAL,BEFORE,wn-0494,-1,0.3,1
wn-0494:4:115,wn-0494:10:316,TEMPORAL,BEFORE,wn-0494,-1,0.3,1
wn-0494:4:115,wn-0494:10:322,TEMPORAL,BEFORE,wn-0494,-1,0.3,1
wn-0494:4:115,wn-0494:11:329,TEMPORAL,BEFORE,wn-0494,-1,0.3,1
wn-0494:4:115,wn-0494:12:377,TEMPORAL,BEFORE,wn-0494,-1,0.3,1
wn-0494:4:115,wn-0494:14:474,TEMPORAL,BEFORE,wn-0494,-1,0.3,1
wn-0494:4:115,wn-0494:16:509,TEMPORAL,BEFORE,wn-0494,-1,0.3,1
wn-0494:4:115,wn-0494:16:523,TEMPORAL,BEFORE,wn-0494,-1,0.3,1
wn-0494:4:115,wn-0494:17:546,TEMPORAL,BEFORE,wn-0494,-1,0.3,1
wn-0494:10:316,wn-0494:10:322,TEMPORAL,AFTER,wn-0494,-1,0.5,1
wn-0494:10:316,wn-0494:11:329,TEMPORAL,BEFORE,wn-0494,-1,0.3,1
wn-0494:10:316,wn-0494:12:377,TEMPORAL,BEFORE,wn-0494,-1,0.3,1
wn-0494:10:316,wn-0494:14:474,TEMPORAL,BEFORE,wn-0494,-1,0.3,1
wn-0494:10:316,wn-0494:16:509,TEMPORAL,BEFORE,wn-0494,-1,0.3,1
wn-0494:10:316,wn-0494:16:523,TEMPORAL,BEFORE,wn-0494,-1,0.3,1
wn-0494:10:316,wn-0494:17:546,TEMPORAL,BEFORE,wn-0494,-1,0.3,1
wn-0494:10:322,wn-0494:11:329,TEMPORAL,BEFORE,wn-0494,-1,0.3,1
wn-0494:10:322,wn-0494:12:377,TEMPORAL,BEFORE,wn-0494,-1,0.3,1
wn-0494:10:322,wn-0494:14:474,TEMPORAL,BEFORE,wn-0494,-1,0.3,1
wn-0494:10:322,wn-0494:16:509,TEMPORAL,BEFORE,wn-0494,-1,0.3,1
wn-0494:10:322,wn-0494:16:523,TEMPORAL,BEFORE,wn-0494,-1,0.3,1
wn-0494:10:322,wn-0494:17:546,TEMPORAL,BEFORE,wn-0494,-1,0.3,1
wn-0494:11:329,wn-0494:12:377,TEMPORAL,BEFORE,wn-0494,-1,0.3,1
wn-0494:11:329,wn-0494:14:474,TEMPORAL,BEFORE,wn-0494,-1,0.3,1
wn-0494:11:329,wn-0494:16:509,TEMPORAL,BEFORE,wn-0494,-1,0.3,1
wn-0494:11:329,wn-0494:16:523,TEMPORAL,BEFORE,wn-0494,-1,0.3,1
wn-0494:11:329,wn-0494:17:546,TEMPORAL,BEFORE,wn-0494,-1,0.3,1
wn-0494:12:377,wn-0494:14:474,TEMPORAL,BEFORE,wn-0494,-1,0.3,1
wn-0494:12:377,wn-0494:16:509,TEMPORAL,BEFORE,wn-0494,-1,0.3,1
wn-0494:12:377,wn-0494:16:523,TEMPORAL,BEFORE,wn-0494,-1,0.3,1
wn-0494:12:377,wn-0494:17:546,TEMPORAL,BEFORE,wn-0494,-1,0.3,1
wn-0494:14:474,wn-0494:16:509,TEMPORAL,BEFORE,wn-0494,-1,0.3,1
wn-0494:14:474,wn-0494:16:523,TEMPORAL,BEFORE,wn-0494,-1,0.3,1
wn-0494:14:474,wn-0494:17:546,TEMPORAL,BEFORE,wn-0494,-1,0.3,1
wn-0494:16:509,wn-0494:16:523,TEMPORAL,SIMULTANEOUS,wn-0494,-1,0.5,1
wn-0494:16:509,wn-0494:17:546,TEMPORAL,BEFORE,wn-0494,-1,0.3,1
wn-0494:16:523,wn-0494:17:546,TEMPORAL,BEFORE,wn-0494,-1,0.3,1
wn-0495:0:9,wn-0495:1:22,TEMPORAL,BEFORE,wn-0495,-1,0.3,1
wn-0495:0:9,wn-0495:2:52,TEMPORAL,BEFORE,wn-0495,-1,0.3,1
wn-0495:0:9,wn-0495:2:59,TEMPORAL,BEFORE,wn-0495,-1,0.3,1
wn-0495:0:9,wn-0495:3:78,TEMPORAL,BEFORE,wn-0495,-1,0.3,1
wn-0495:0:9,wn-0495:4:107,TEMPORAL,BEFORE,wn-0495,-1,0.3,1
wn-0495:0:9,wn-0495:4:160,TEMPORAL,BEFORE,wn-0495,-1,0.3,1
wn-0495:0:9,wn-0495:5:170,TEMPORAL,BEFORE,wn-0495,-1,0.3,1
wn-0495:0:9,wn-0495:7:221,TEMPORAL,BEFORE,wn-0495,-1,0.3,1
wn-0495:0:9,wn-0495:7:229,TEMPORAL,BEFORE,wn-0495,-1,0.3,1
wn-0495:0:9,wn-0495:8:247,TEMPORAL,BEFORE,wn-0495,-1,0.3,1
wn-0495:0:9,wn-0495:9:267,TEMPORAL,BEFORE,wn-0495,-1,0.3,1
wn-0495:0:9,wn-0495:10:295,TEMPORAL,BEFORE,wn-0495,-1,0.3,1
wn-0495:0:9,wn-0495:11:325,TEMPORAL,BEFORE,wn-0495,-1,0.3,1
wn-0495:0:9,wn-0495:11:344,TEMPORAL,BEFORE,wn-0495,-1,0.3,1
wn-0495:0:9,wn-0495:12:359,TEMPORAL,BEFORE,wn-0495,-1,0.3,1
wn-0495:0:9,wn-0495:15:490,TEMPORAL,BEFORE,wn-0495,-1,0.3,1
wn-0495:0:9,wn-0495:15:504,TEMPORAL,BEFORE,wn-0495,-1,0.3,1
wn-0495:0:9,wn-0495:17:534,TEMPORAL,BEFORE,wn-0495,-1,0.3,1
wn-0495:0:9,wn-0495:22:659,TEMPORAL,BEFORE,wn-0495,-1,0.3,1
wn-0495:1:22,wn-0495:2:52,TEMPORAL,BEFORE,wn-0495,-1,0.3,1
wn-0495:1:22,wn-0495:2:59,TEMPORAL,BEFORE,wn-0495,-1,0.3,1
wn-0495:1:22,wn-0495:3:78,TEMPORAL,BEFORE,wn-0495,-1,0.3,1
wn-0495:1:22,wn-0495:4:107,TEMPORAL,AFTER,wn-0495,-1,0.7,1
wn-0495:1:22,wn-0495:4:160,TEMPORAL,AFTER,wn-0495,-1,0.7,1
wn-0495:1:22,wn-0495:5:170,TEMPORAL,BEFORE,wn-0495,-1,0.3,1
wn-0495:1:22,wn-0495:7:221,TEMPORAL,BEFORE,wn-0495,-1,0.3,1
wn-0495:1:22,wn-0495:7:229,TEMPORAL,BEFORE,wn-0495,-1,0.3,1
wn-0495:1:22,wn-0495:8:247,TEMPORAL,BEFORE,wn-0495,-1,0.3,1
wn-0495:1:22,wn-0495:9:267,TEMPORAL,BEFORE,wn-0495,-1,0.3,1
wn-0495:1:22,wn-0495:10:295,TEMPORAL,BEFORE,wn-0495,-1,0.3,1
wn-0495:1:22,wn-0495:11:325,TEMPORAL,BEFORE,wn-0495,-1,0.3,1
wn-0495:1:22,wn-0495:11:344,TEMPORAL,BEFORE,wn-0495,-1,0.3,1
wn-0495:1:22,wn-0495:12:359,TEMPORAL,BEFORE,wn-0495,-1,0.3,1
wn-0495:1:22,wn-0495:15:490,TEMPORAL,BEFORE,wn-0495,-1,0.3,1
wn-0495:1:22,wn-0495:15:504,TEMPORAL,BEFORE,wn-0495,-1,0.3,1
wn-0495:1:22,wn-0495:17:534,TEMPORAL,AFTER,wn-0495,-1,0.7,1
wn-0495:1:22,wn-0495:22:659,TEMPORAL,BEFORE,wn-0495,-1,0.7,1
wn-0495:2:52,wn-0495:3:78,TEMPORAL,BEFORE,wn-0495,-1,0.3,1
wn-0495:2:52,wn-0495:4:107,TEMPORAL,BEFORE,wn-0495,-1,0.3,1
wn-0495:2:52,wn-0495:4:160,TEMPORAL,BEFORE,wn-0495,-1,0.3,1
wn-0495:2:52,wn-0495:5:170,TEMPORAL,BEFORE,wn-0495,-1,0.3,1
wn-0495:2:52,wn-0495:7:221,TEMPORAL,BEFORE,wn-0495,-1,0.3,1
wn-0495:2:52,wn-0495:7:229,TEMPORAL,BEFORE,wn-0495,-1,0.3,1
wn-0495:2:52,wn-0495:8:247,TEMPORAL,BEFORE,wn-0495,-1,0.3,1
wn-0495:2:52,wn-0495:9:267,TEMPORAL,BEFORE,wn-0495,-1,0.3,1
wn-0495:2:52,wn-0495:10:295,TEMPORAL,BEFORE,wn-0495,-1,0.3,1
wn-0495:2:52,wn-0495:11:325,TEMPORAL,BEFORE,wn-0495,-1,0.3,1
wn-0495:2:52,wn-0495:11:344,TEMPORAL,BEFORE,wn-0495,-1,0.3,1
wn-0495:2:52,wn-0495:12:359,TEMPORAL,BEFORE,wn-0495,-1,0.3,1
wn-0495:2:52,wn-0495:15:490,TEMPORAL,BEFORE,wn-0495,-1,0.3,1
wn-0495:2:52,wn-0495:15:504,TEMPORAL,BEFORE,wn-0495,-1,0.3,1
wn-0495:2:52,wn-0495:17:534,TEMPORAL,BEFORE,wn-0495,-1,0.3,1
wn-0495:2:52,wn-0495:22:659,TEMPORAL,BEFORE,wn-0495,-1,0.3,1
wn-0495:2:59,wn-0495:3:78,TEMPORAL,BEFORE,wn-0495,-1,0.3,1
wn-0495:2:59,wn-0495:4:107,TEMPORAL,BEFORE,wn-0495,-1,0.3,1
wn-0495:2:59,wn-0495:4:160,TEMPORAL,BEFORE,wn-0495,-1,0.3,1
wn-0495:2:59,wn-0495:5:170,TEMPORAL,BEFORE,wn-0495,-1,0.3,1
wn-0495:2:59,wn-0495:7:221,TEMPORAL,BEFORE,wn-0495,-1,0.3,1
wn-0495:2:59,wn-0495:7:229,TEMPORAL,BEFORE,wn-0495,-1,0.3,1
wn-0495:2:59,wn-0495:8:247,TEMPORAL,BEFORE,wn-0495,-1,0.3,1
wn-0495:2:59,wn-0495:9:267,TEMPORAL,BEFORE,wn-0495,-1,0.3,1
wn-0495:2:59,wn-0495:10:295,TEMPORAL,BEFORE,wn-0495,-1,0.3,1
wn-0495:2:59,wn-0495:11:325,TEMPORAL,BEFORE,wn-0495,-1,0.3,1
wn-0495:2:59,wn-0495:11:344,TEMPORAL,BEFORE,wn-0495,-1,0.3,1
wn-0495:2:59,wn-0495:12:359,TEMPORAL,BEFORE,wn-0495,-1,0.3,1
wn-0495:2:59,wn-0495:15:490,TEMPORAL,BEFORE,wn-0495,-1,0.3,1
wn-0495:2:59,wn-0495:15:504,TEMPORAL,BEFORE,wn-0495,-1,0.3,1
wn-0495:2:59,wn-0495:17:534,TEMPORAL,BEFORE,wn-0495,-1,0.3,1
wn-0495:2:59,wn-0495:22:659,TEMPORAL,BEFORE,wn-0495,-1,0.3,1
wn-0495:3:78,wn-0495:4:107,TEMPORAL,BEFORE,wn-0495,-1,0.3,1
wn-0495:3:78,wn-0495:4:160,TEMPORAL,BEFORE,wn-0495,-1,0.3,1
wn-0495:3:78,wn-0495:5:170,TEMPORAL,BEFORE,wn-0495,-1,0.3,1
wn-0495:3:78,wn-0495:7:221,TEMPORAL,BEFORE,wn-0495,-1,0.3,1
wn-0495:3:78,wn-0495:7:229,TEMPORAL,BEFORE,wn-0495,-1,0.3,1
wn-0495:3:78,wn-0495:8:247,TEMPORAL,BEFORE,wn-0495,-1,0.3,1
wn-0495:3:78,wn-0495:9:267,TEMPORAL,BEFORE,wn-0495,-1,0.3,1
wn-0495:3:78,wn-0495:10:295,TEMPORAL,BEFORE,wn-0495,-1,0.3,1
wn-0495:3:78,wn-0495:11:325,TEMPORAL,BEFORE,wn-0495,-1,0.3,1
wn-0495:3:78,wn-0495:11:344,TEMPORAL,BEFORE,wn-0495,-1,0.3,1
wn-0495:3:78,wn-0495:12:359,TEMPORAL,BEFORE,wn-0495,-1,0.3,1
wn-0495:3:78,wn-0495:15:490,TEMPORAL,BEFORE,wn-0495,-1,0.3,1
wn-0495:3:78,wn-0495:15:504,TEMPORAL,BEFORE,wn-0495,-1,0.3,1
wn-0495:3:78,wn-0495:17:534,TEMPORAL,BEFORE,wn-0495,-1,0.3,1
wn-0495:3:78,wn-0495:22:659,TEMPORAL,BEFORE,wn-0495,-1,0.3,1
wn-0495:4:107,wn-0495:4:160,TEMPORAL,SIMULTANEOUS,wn-0495,-1,0.9,1
wn-0495:4:107,wn-0495:5:170,TEMPORAL,BEFORE,wn-0495,-1,0.3,1
wn-0495:4:107,wn-0495:7:221,TEMPORAL,BEFORE,wn-0495,-1,0.3,1
wn-0495:4:107,wn-0495:7:229,TEMPORAL,BEFORE,wn-0495,-1,0.3,1
wn-0495:4:107,wn-0495:8:247,TEMPORAL,BEFORE,wn-0495,-1,0.3,1
wn-0495:4:107,wn-0495:9:267,TEMPORAL,BEFORE,wn-0495,-1,0.3,1
wn-0495:4:107,wn-0495:10:295,TEMPORAL,BEFORE,wn-0495,-1,0.3,1
wn-0495:4:107,wn-0495:11:325,TEMPORAL,BEFORE,wn-0495,-1,0.3,1
wn-0495:4:107,wn-0495:11:344,TEMPORAL,BEFORE,wn-0495,-1,0.3,1
wn-0495:4:107,wn-0495:12:359,TEMPORAL,BEFORE,wn-0495,-1,0.3,1
wn-0495:4:107,wn-0495:15:490,TEMPORAL,BEFORE,wn-0495,-1,0.3,1
wn-0495:4:107,wn-0495:15:504,TEMPORAL,BEFORE,wn-0495,-1,0.3,1
wn-0495:4:107,wn-0495:17:534,TEMPORAL,BEFORE,wn-0495,-1,0.9,1
wn-0495:4:107,wn-0495:22:659,TEMPORAL,BEFORE,wn-0495,-1,0.85,1
wn-0495:4:160,wn-0495:5:170,TEMPORAL,BEFORE,wn-0495,-1,0.3,1
wn-0495:4:160,wn-0495:7:221,TEMPORAL,BEFORE,wn-0495,-1,0.3,1
wn-0495:4:160,wn-0495:7:229,TEMPORAL,BEFORE,wn-0495,-1,0.3,1
wn-0495:4:160,wn-0495:8:247,TEMPORAL,BEFORE,wn-0495,-1,0.3,1
wn-0495:4:160,wn-0495:9:267,TEMPORAL,BEFORE,wn-0495,-1,0.3,1
wn-0495:4:160,wn-0495:10:295,TEMPORAL,BEFORE,wn-0495,-1,0.3,1
wn-0495:4:160,wn-0495:11:325,TEMPORAL,BEFORE,wn-0495,-1,0.3,1
wn-0495:4:160,wn-0495:11:344,TEMPORAL,BEFORE,wn-0495,-1,0.3,1
wn-0495:4:160,wn-0495:12:359,TEMPORAL,BEFORE,wn-0495,-1,0.3,1
wn-0495:4:160,wn-0495:15:490,TEMPORAL,BEFORE,wn-0495,-1,0.3,1
wn-0495:4:160,wn-0495:15:504,TEMPORAL,BEFORE,wn-0495,-1,0.3,1
wn-0495:4:160,wn-0495:17:534,TEMPORAL,BEFORE,wn-0495,-1,0.9,1
wn-0495:4:160,wn-0495:22:659,TEMPORAL,BEFORE,wn-0495,-1,0.85,1
wn-0495:5:170,wn-0495:7:221,TEMPORAL,BEFORE,wn-0495,-1,0.3,1
wn-0495:5:170,wn-0495:7:229,TEMPORAL,BEFORE,wn-0495,-1,0.3,1
wn-0495:5:170,wn-0495:8:247,TEMPORAL,BEFORE,wn-0495,-1,0.3,1
wn-0495:5:170,wn-0495:9:267,TEMPORAL,BEFORE,wn-0495,-1,0.3,1
wn-0495:5:170,wn-0495:10:295,TEMPORAL,BEFORE,wn-0495,-1,0.3,1
wn-0495:5:170,wn-0495:11:325,TEMPORAL,BEFORE,wn-0495,-1,0.3,1
wn-0495:5:170,wn-0495:11:344,TEMPORAL,BEFORE,wn-0495,-1,0.3,1
wn-0495:5:170,wn-0495:12:359,TEMPORAL,BEFORE,wn-0495,-1,0.3,1
wn-0495:5:170,wn-0495:15:490,TEMPORAL,BEFORE,wn-0495,-1,0.3,1
wn-0495:5:170,wn-0495:15:504,TEMPORAL,BEFORE,wn-0495,-1,0.3,1
wn-0495:5:170,wn-0495:17:534,TEMPORAL,BEFORE,wn-0495,-1,0.3,1
wn-0495:5:170,wn-0495:22:659,TEMPORAL,BEFORE,wn-0495,-1,0.3,1
wn-0495:7:221,wn-0495:8:247,TEMPORAL,BEFORE,wn-0495,-1,0.3,1
wn-0495:7:221,wn-0495:9:267,TEMPORAL,BEFORE,wn-0495,-1,0.3,1
wn-0495:7:221,wn-0495:10:295,TEMPORAL,BEFORE,wn-0495,-1,0.3,1
wn-0495:7:221,wn-0495:11:325,TEMPORAL,BEFORE,wn-0495,-1,0.3,1
wn-0495:7:221,wn-0495:11:344,TEMPORAL,BEFORE,wn-0495,-1,0.3,1
wn-0495:7:221,wn-0495:12:359,TEMPORAL,BEFORE,wn-0495,-1,0.3,1
wn-0495:7:221,wn-0495:15:490,TEMPORAL,BEFORE,wn-0495,-1,0.3,1
wn-0495:7:221,wn-0495:15:504,TEMPORAL,BEFORE,wn-0495,-1,0.3,1
wn-0495:7:221,wn-0495:17:534,TEMPORAL,BEFORE,wn-0495,-1,0.3,1
wn-0495:7:221,wn-0495:22:659,TEMPORAL,BEFORE,wn-0495,-1,0.3,1
wn-0495:7:229,wn-0495:8:247,TEMPORAL,BEFORE,wn-0495,-1,0.3,1
wn-0495:7:229,wn-0495:9:267,TEMPORAL,BEFORE,wn-0495,-1,0.3,1
wn-0495:7:229,wn-0495:10:295,TEMPORAL,BEFORE,wn-0495,-1,0.3,1
wn-0495:7:229,wn-0495:11:325,TEMPORAL,BEFORE,wn-0495,-1,0.3,1
wn-0495:7:229,wn-0495:11:344,TEMPORAL,BEFORE,wn-0495,-1,0.3,1
wn-0495:7:229,wn-0495:12:359,TEMPORAL,BEFORE,wn-0495,-1,0.3,1
wn-0495:7:229,wn-0495:15:490,TEMPORAL,BEFORE,wn-0495,-1,0.3,1
wn-0495:7:229,wn-0495:15:504,TEMPORAL,BEFORE,wn-0495,-1,0.3,1
wn-0495:7:229,wn-0495:17:534,TEMPORAL,BEFORE,wn-0495,-1,0.3,1
wn-0495:7:229,wn-0495:22:659,TEMPORAL,BEFORE,wn-0495,-1,0.3,1
wn-0495:8:247,wn-0495:9:267,TEMPORAL,BEFORE,wn-0495,-1,0.3,1
wn-0495:8:247,wn-0495:10:295,TEMPORAL,BEFORE,wn-0495,-1,0.3,1
wn-0495:8:247,wn-0495:11:325,TEMPORAL,BEFORE,wn-0495,-1,0.3,1
wn-0495:8:247,wn-0495:11:344,TEMPORAL,BEFORE,wn-0495,-1,0.3,1
wn-0495:8:247,wn-0495:12:359,TEMPORAL,BEFORE,wn-0495,-1,0.3,1
wn-0495:8:247,wn-0495:15:490,TEMPORAL,BEFORE,wn-0495,-1,0.3,1
wn-0495:8:247,wn-0495:15:504,TEMPORAL,BEFORE,wn-0495,-1,0.3,1
wn-0495:8:247,wn-0495:17:534,TEMPORAL,BEFORE,wn-0495,-1,0.3,1
wn-0495:8:247,wn-0495:22:659,TEMPORAL,BEFORE,wn-0495,-1,0.3,1
wn-0495:9:267,wn-0495:10:295,TEMPORAL,BEFORE,wn-0495,-1,0.3,1
wn-0495:9:267,wn-0495:11:325,TEMPORAL,BEFORE,wn-0495,-1,0.3,1
wn-0495:9:267,wn-0495:11:344,TEMPORAL,BEFORE,wn-0495,-1,0.3,1
wn-0495:9:267,wn-0495:12:359,TEMPORAL,BEFORE,wn-0495,-1,0.3,1
wn-0495:9:267,wn-0495:15:490,TEMPORAL,BEFORE,wn-0495,-1,0.3,1
wn-0495:9:267,wn-0495:15:504,TEMPORAL,BEFORE,wn-0495,-1,0.3,1
wn-0495:9:267,wn-0495:17:534,TEMPORAL,BEFORE,wn-0495,-1,0.3,1
wn-0495:9:267,wn-0495:22:659,TEMPORAL,BEFORE,wn-0495,-1,0.3,1
wn-0495:10:295,wn-0495:11:325,TEMPORAL,BEFORE,wn-0495,-1,0.3,1
wn-0495:10:295,wn-0495:11:344,TEMPORAL,BEFORE,wn-0495,-1,0.3,1
wn-0495:10:295,wn-0495:12:359,TEMPORAL,BEFORE,wn-0495,-1,0.3,1
wn-0495:10:295,wn-0495:15:490,TEMPORAL,BEFORE,wn-0495,-1,0.3,1
wn-0495:10:295,wn-0495:15:504,TEMPORAL,BEFORE,wn-0495,-1,0.3,1
wn-0495:10:295,wn-0495:17:534,TEMPORAL,BEFORE,wn-0495,-1,0.3,1
wn-0495:10:295,wn-0495:22:659,TEMPORAL,BEFORE,wn-0495,-1,0.3,1
wn-0495:11:325,wn-0495:12:359,TEMPORAL,BEFORE,wn-0495,-1,0.3,1
wn-0495:11:325,wn-0495:15:490,TEMPORAL,BEFORE,wn-0495,-1,0.3,1
wn-0495:11:325,wn-0495:15:504,TEMPORAL,BEFORE,wn-0495,-1,0.3,1
wn-0495:11:325,wn-0495:17:534,TEMPORAL,BEFORE,wn-0495,-1,0.3,1
wn-0495:11:325,wn-0495:22:659,TEMPORAL,BEFORE,wn-0495,-1,0.3,1
wn-0495:11:344,wn-0495:12:359,TEMPORAL,BEFORE,wn-0495,-1,0.3,1
wn-0495:11:344,wn-0495:15:490,TEMPORAL,BEFORE,wn-0495,-1,0.3,1
wn-0495:11:344,wn-0495:15:504,TEMPORAL,BEFORE,wn-0495,-1,0.3,1
wn-0495:11:344,wn-0495:17:534,TEMPORAL,BEFORE,wn-0495,-1,0.3,1
wn-0495:11:344,wn-0495:22:659,TEMPORAL,BEFORE,wn-0495,-1,0.3,1
wn-0495:12:359,wn-0495:15:490,TEMPORAL,BEFORE,wn-0495,-1,0.3,1
wn-0495:12:359,wn-0495:15:504,TEMPORAL,BEFORE,wn-0495,-1,0.3,1
wn-0495:12:359,wn-0495:17:534,TEMPORAL,BEFORE,wn-0495,-1,0.3,1
wn-0495:12:359,wn-0495:22:659,TEMPORAL,BEFORE,wn-0495,-1,0.3,1
wn-0495:15:490,wn-0495:15:504,TEMPORAL,AFTER,wn-0495,-1,0.5,1
wn-0495:15:490,wn-0495:17:534,TEMPORAL,BEFORE,wn-0495,-1,0.3,1
wn-0495:15:490,wn-0495:22:659,TEMPORAL,BEFORE,wn-0495,-1,0.3,1
wn-0495:15:504,wn-0495:17:534,TEMPORAL,BEFORE,wn-0495,-1,0.3,1
wn-0495:15:504,wn-0495:22:659,TEMPORAL,BEFORE,wn-0495,-1,0.3,1
wn-0495:17:534,wn-0495:22:659,TEMPORAL,BEFORE,wn-0495,-1,0.85,1
wn-0496:0:21,wn-0496:1:31,TEMPORAL,BEFORE,wn-0496,-1,0.3,1
wn-0496:0:21,wn-0496:2:48,TEMPORAL,SIMULTANEOUS,wn-0496,-1,0.7,1
wn-0496:0:21,wn-0496:4:107,TEMPORAL,AFTER,wn-0496,-1,0.7,1
wn-0496:0:21,wn-0496:6:138,TEMPORAL,BEFORE,wn-0496,-1,0.3,1
wn-0496:0:21,wn-0496:11:232,TEMPORAL,BEFORE,wn-0496,-1,0.3,1
wn-0496:0:21,wn-0496:11:239,TEMPORAL,BEFORE,wn-0496,-1,0.3,1
wn-0496:0:21,wn-0496:15:335,TEMPORAL,BEFORE,wn-0496,-1,0.3,1
wn-0496:1:31,wn-0496:2:48,TEMPORAL,BEFORE,wn-0496,-1,0.3,1
wn-0496:1:31,wn-0496:4:107,TEMPORAL,BEFORE,wn-0496,-1,0.3,1
wn-0496:1:31,wn-0496:6:138,TEMPORAL,BEFORE,wn-0496,-1,0.3,1
wn-0496:1:31,wn-0496:11:232,TEMPORAL,BEFORE,wn-0496,-1,0.3,1
wn-0496:1:31,wn-0496:11:239,TEMPORAL,BEFORE,wn-0496,-1,0.3,1
wn-0496:1:31,wn-0496:15:335,TEMPORAL,BEFORE,wn-0496,-1,0.3,1
wn-0496:2:48,wn-0496:4:107,TEMPORAL,AFTER,wn-0496,-1,0.7,1
wn-0496:2:48,wn-0496:6:138,TEMPORAL,BEFORE,wn-0496,-1,0.3,1
wn-0496:2:48,wn-0496:11:232,TEMPORAL,BEFORE,wn-0496,-1,0.3,1
wn-0496:2:48,wn-0496:11:239,TEMPORAL,BEFORE,wn-0496,-1,0.3,1
wn-0496:2:48,wn-0496:15:335,TEMPORAL,BEFORE,wn-0496,-1,0.3,1
wn-0496:4:107,wn-0496:6:138,TEMPORAL,BEFORE,wn-0496,-1,0.3,1
wn-0496:4:107,wn-0496:11:232,TEMPORAL,BEFORE,wn-0496,-1,0.3,1
wn-0496:4:107,wn-0496:11:239,TEMPORAL,BEFORE,wn-0496,-1,0.3,1
wn-0496:4:107,wn-0496:15:335,TEMPORAL,BEFORE,wn-0496,-1,0.3,1
wn-0496:6:138,wn-0496:11:232,TEMPORAL,BEFORE,wn-0496,-1,0.3,1
wn-0496:6:138,wn-0496:11:239,TEMPORAL,BEFORE,wn-0496,-1,0.3,1
wn-0496:6:138,wn-0496:15:335,TEMPORAL,BEFORE,wn-0496,-1,0.3,1
wn-0496:11:232,wn-0496:11:239,TEMPORAL,BEFORE,wn-0496,-1,0.5,1
wn-0496:11:232,wn-0496:15:335,TEMPORAL,BEFORE,wn-0496,-1,0.3,1
wn-0496:11:239,wn-0496:15:335,TEMPORAL,BEFORE,wn-0496,-1,0.3,1
wn-0497:3:71,wn-0497:8:202,TEMPORAL,BEFORE,wn-0497,-1,0.3,1
wn-0498:0:28,wn-0498:0:33,TEMPORAL,BEFORE,wn-0498,-1,0.5,1
wn-0498:0:28,wn-0498:1:59,TEMPORAL,BEFORE,wn-0498,-1,0.3,1
wn-0498:0:28,wn-0498:2:69,TEMPORAL,BEFORE,wn-0498,-1,0.3,1
wn-0498:0:28,wn-0498:3:120,TEMPORAL,BEFORE,wn-0498,-1,0.3,1
wn-0498:0:28,wn-0498:3:139,TEMPORAL,BEFORE,wn-0498,-1,0.3,1
wn-0498:0:28,wn-0498:4:144,TEMPORAL,BEFORE,wn-0498,-1,0.3,1
wn-0498:0:28,wn-0498:5:174,TEMPORAL,BEFORE,wn-0498,-1,0.3,1
wn-0498:0:28,wn-0498:5:188,TEMPORAL,BEFORE,wn-0498,-1,0.3,1
wn-0498:0:28,wn-0498:6:215,TEMPORAL,BEFORE,wn-0498,-1,0.3,1
wn-0498:0:28,wn-0498:7:262,TEMPORAL,BEFORE,wn-0498,-1,0.3,1
wn-0498:0:28,wn-0498:7:272,TEMPORAL,BEFORE,wn-0498,-1,0.3,1
wn-0498:0:28,wn-0498:8:279,TEMPORAL,BEFORE,wn-0498,-1,0.3,1
wn-0498:0:28,wn-0498:9:303,TEMPORAL,BEFORE,wn-0498,-1,0.3,1
wn-0498:0:28,wn-0498:9:318,TEMPORAL,BEFORE,wn-0498,-1,0.3,1
wn-0498:0:28,wn-0498:9:319,TEMPORAL,BEFORE,wn-0498,-1,0.3,1
wn-0498:0:28,wn-0498:10:337,TEMPORAL,BEFORE,wn-0498,-1,0.3,1
wn-0498:0:28,wn-0498:12:370,TEMPORAL,BEFORE,wn-0498,-1,0.3,1
wn-0498:0:28,wn-0498:16:427,TEMPORAL,BEFORE,wn-0498,-1,0.3,1
wn-0498:0:28,wn-0498:16:451,TEMPORAL,BEFORE,wn-0498,-1,0.3,1
wn-0498:0:33,wn-0498:1:59,TEMPORAL,BEFORE,wn-0498,-1,0.3,1
wn-0498:0:33,wn-0498:2:69,TEMPORAL,BEFORE,wn-0498,-1,0.3,1
wn-0498:0:33,wn-0498:3:120,TEMPORAL,BEFORE,wn-0498,-1,0.3,1
wn-0498:0:33,wn-0498:3:139,TEMPORAL,BEFORE,wn-0498,-1,0.3,1
wn-0498:0:33,wn-0498:4:144,TEMPORAL,BEFORE,wn-0498,-1,0.3,1
wn-0498:0:33,wn-0498:5:174,TEMPORAL,BEFORE,wn-0498,-1,0.3,1
wn-0498:0:33,wn-0498:5:188,TEMPORAL,BEFORE,wn-0498,-1,0.3,1
wn-0498:0:33,wn-0498:6:215,TEMPORAL,BEFORE,wn-0498,-1,0.3,1
wn-0498:0:33,wn-0498:7:262,TEMPORAL,BEFORE,wn-0498,-1,0.3,1
wn-0498:0:33,wn-0498:7:272,TEMPORAL,BEFORE,wn-0498,-1,0.3,1
wn-0498:0:33,wn-0498:8:279,TEMPORAL,BEFORE,wn-0498,-1,0.3,1
wn-0498:0:33,wn-0498:9:303,TEMPORAL,BEFORE,wn-0498,-1,0.3,1
wn-0498:0:33,wn-0498:9:318,TEMPORAL,BEFORE,wn-0498,-1,0.3,1
wn-0498:0:33,wn-0498:9:319,TEMPORAL,BEFORE,wn-0498,-1,0.3,1
wn-0498:0:33,wn-0498:10:337,TEMPORAL,BEFORE,wn-0498,-1,0.3,1
wn-0498:0:33,wn-0498:12:370,TEMPORAL,BEFORE,wn-0498,-1,0.3,1
wn-0498:0:33,wn-0498:16:427,TEMPORAL,BEFORE,wn-0498,-1,0.3,1
wn-0498:0:33,wn-0498:16:451,TEMPORAL,BEFORE,wn-0498,-1,0.3,1
wn-0498:1:59,wn-0498:2:69,TEMPORAL,BEFORE,wn-0498,-1,0.3,1
wn-0498:1:59,wn-0498:3:120,TEMPORAL,BEFORE,wn-0498,-1,0.3,1
wn-0498:1:59,wn-0498:3:139,TEMPORAL,BEFORE,wn-0498,-1,0.3,1
wn-0498:1:59,wn-0498:4:144,TEMPORAL,BEFORE,wn-0498,-1,0.3,1
wn-0498:1:59,wn-0498:5:174,TEMPORAL,BEFORE,wn-0498,-1,0.3,1
wn-0498:1:59,wn-0498:5:188,TEMPORAL,BEFORE,wn-0498,-1,0.3,1
wn-0498:1:59,wn-0498:6:215,TEMPORAL,BEFORE,wn-0498,-1,0.3,1
wn-0498:1:59,wn-0498:7:262,TEMPORAL,BEFORE,wn-0498,-1,0.3,1
wn-0498:1:59,wn-0498:7:272,TEMPORAL,BEFORE,wn-0498,-1,0.3,1
wn-0498:1:59,wn-0498:8:279,TEMPORAL,BEFORE,wn-0498,-1,0.3,1
wn-0498:1:59,wn-0498:9:303,TEMPORAL,BEFORE,wn-0498,-1,0.3,1
wn-0498:1:59,wn-0498:9:318,TEMPORAL,BEFORE,wn-0498,-1,0.3,1
wn-0498:1:59,wn-0498:9:319,TEMPORAL,BEFORE,wn-0498,-1,0.3,1
wn-0498:1:59,wn-0498:10:337,TEMPORAL,BEFORE,wn-0498,-1,0.3,1
wn-0498:1:59,wn-0498:12:370,TEMPORAL,BEFORE,wn-0498,-1,0.3,1
wn-0498:1:59,wn-0498:16:427,TEMPORAL,BEFORE,wn-0498,-1,0.3,1
wn-0498:1:59,wn-0498:16:451,TEMPORAL,BEFORE,wn-0498,-1,0.3,1
wn-0498:2:69,wn-0498:3:120,TEMPORAL,BEFORE,wn-0498,-1,0.3,1
wn-0498:2:69,wn-0498:3:139,TEMPORAL,BEFORE,wn-0498,-1,0.3,1
wn-0498:2:69,wn-0498:4:144,TEMPORAL,BEFORE,wn-0498,-1,0.3,1
wn-0498:2:69,wn-0498:5:174,TEMPORAL,BEFORE,wn-0498,-1,0.3,1
wn-0498:2:69,wn-0498:5:188,TEMPORAL,BEFORE,wn-0498,-1,0.3,1
wn-0498:2:69,wn-0498:6:215,TEMPORAL,BEFORE,wn-0498,-1,0.3,1
wn-0498:2:69,wn-0498:7:262,TEMPORAL,BEFORE,wn-0498,-1,0.3,1
wn-0498:2:69,wn-0498:7:272,TEMPORAL,BEFORE,wn-0498,-1,0.3,1
wn-0498:2:69,wn-0498:8:279,TEMPORAL,BEFORE,wn-0498,-1,0.3,1
wn-0498:2:69,wn-0498:9:303,TEMPORAL,BEFORE,wn-0498,-1,0.3,1
wn-0498:2:69,wn-0498:9:318,TEMPORAL,BEFORE,wn-0498,-1,0.3,1
wn-0498:2:69,wn-0498:9:319,TEMPORAL,BEFORE,wn-0498,-1,0.3,1
wn-0498:2:69,wn-0498:10:337,TEMPORAL,BEFORE,wn-0498,-1,0.3,1
wn-0498:2:69,wn-0498:12:370,TEMPORAL,BEFORE,wn-0498,-1,0.3,1
wn-0498:2:69,wn-0498:16:427,TEMPORAL,BEFORE,wn-0498,-1,0.3,1
wn-0498:2:69,wn-0498:16:451,TEMPORAL,BEFORE,wn-0498,-1,0.3,1
wn-0498:3:120,wn-0498:3:139,TEMPORAL,SIMULTANEOUS,wn-0498,-1,0.5,1
wn-0498:3:120,wn-0498:4:144,TEMPORAL,BEFORE,wn-0498,-1,0.3,1
wn-0498:3:120,wn-0498:5:174,TEMPORAL,BEFORE,wn-0498,-1,0.3,1
wn-0498:3:120,wn-0498:5:188,TEMPORAL,BEFORE,wn-0498,-1,0.3,1
wn-0498:3:120,wn-0498:6:215,TEMPORAL,BEFORE,wn-0498,-1,0.3,1
wn-0498:3:120,wn-0498:7:262,TEMPORAL,BEFORE,wn-0498,-1,0.3,1
wn-0498:3:120,wn-0498:7:272,TEMPORAL,BEFORE,wn-0498,-1,0.3,1
wn-0498:3:120,wn-0498:8:279,TEMPORAL,BEFORE,wn-0498,-1,0.3,1
wn-0498:3:120,wn-0498:9:303,TEMPORAL,BEFORE,wn-0498,-1,0.3,1
wn-0498:3:120,wn-0498:9:318,TEMPORAL,BEFORE,wn-0498,-1,0.3,1
wn-0498:3:120,wn-0498:9:319,TEMPORAL,BEFORE,wn-0498,-1,0.3,1
wn-0498:3:120,wn-0498:10:337,TEMPORAL,BEFORE,wn-0498,-1,0.3,1
wn-0498:3:120,wn-0498:12:370,TEMPORAL,BEFORE,wn-0498,-1,0.3,1
wn-0498:3:120,wn-0498:16:427,TEMPORAL,BEFORE,wn-0498,-1,0.3,1
wn-0498:3:120,wn-0498:16:451,TEMPORAL,BEFORE,wn-0498,-1,0.3,1
wn-0498:3:139,wn-0498:4:144,TEMPORAL,BEFORE,wn-0498,-1,0.3,1
wn-0498:3:139,wn-0498:5:174,TEMPORAL,BEFORE,wn-0498,-1,0.3,1
wn-0498:3:139,wn-0498:5:188,TEMPORAL,BEFORE,wn-0498,-1,0.3,1
wn-0498:3:139,wn-0498:6:215,TEMPORAL,BEFORE,wn-0498,-1,0.3,1
wn-0498:3:139,wn-0498:7:262,TEMPORAL,BEFORE,wn-0498,-1,0.3,1
wn-0498:3:139,wn-0498:7:272,TEMPORAL,BEFORE,wn-0498,-1,0.3,1
wn-0498:3:139,wn-0498:8:279,TEMPORAL,BEFORE,wn-0498,-1,0.3,1
wn-0498:3:139,wn-0498:9:303,TEMPORAL,BEFORE,wn-0498,-1,0.3,1
wn-0498:3:139,wn-0498:9:318,TEMPORAL,BEFORE,wn-0498,-1,0.3,1
wn-0498:3:139,wn-0498:9:319,TEMPORAL,BEFORE,wn-0498,-1,0.3,1
wn-0498:3:139,wn-0498:10:337,TEMPORAL,BEFORE,wn-0498,-1,0.3,1
wn-0498:3:139,wn-0498:12:370,TEMPORAL,BEFORE,wn-0498,-1,0.3,1
wn-0498:3:139,wn-0498:16:427,TEMPORAL,BEFORE,wn-0498,-1,0.3,1
wn-0498:3:139,wn-0498:16:451,TEMPORAL,BEFORE,wn-0498,-1,0.3,1
wn-0498:4:144,wn-0498:5:174,TEMPORAL,BEFORE,wn-0498,-1,0.3,1
wn-0498:4:144,wn-0498:5:188,TEMPORAL,BEFORE,wn-0498,-1,0.3,1
wn-0498:4:144,wn-0498:6:215,TEMPORAL,BEFORE,wn-0498,-1,0.3,1
wn-0498:4:144,wn-0498:7:262,TEMPORAL,BEFORE,wn-0498,-1,0.3,1
wn-0498:4:144,wn-0498:7:272,TEMPORAL,BEFORE,wn-0498,-1,0.3,1
wn-0498:4:144,wn-0498:8:279,TEMPORAL,BEFORE,wn-0498,-1,0.3,1
wn-0498:4:144,wn-0498:9:303,TEMPORAL,BEFORE,wn-0498,-1,0.3,1
wn-0498:4:144,wn-0498:9:318,TEMPORAL,BEFORE,wn-0498,-1,0.3,1
wn-0498:4:144,wn-0498:9:319,TEMPORAL,BEFORE,wn-0498,-1,0.3,1
wn-0498:4:144,wn-0498:10:337,TEMPORAL,BEFORE,wn-0498,-1,0.3,1
wn-0498:4:144,wn-0498:12:370,TEMPORAL,BEFORE,wn-0498,-1,0.3,1
wn-0498:4:144,wn-0498:16:427,TEMPORAL,BEFORE,wn-0498,-1,0.3,1
wn-0498:4:144,wn-0498:16:451,TEMPORAL,BEFORE,wn-0498,-1,0.3,1
wn-0498:5:174,wn-0498:5:188,TEMPORAL,AFTER,wn-0498,-1,0.5,1
wn-0498:5:174,wn-0498:6:215,TEMPORAL,BEFORE,wn-0498,-1,0.3,1
wn-0498:5:174,wn-0498:7:262,TEMPORAL,BEFORE,wn-0498,-1,0.3,1
wn-0498:5:174,wn-0498:7:272,TEMPORAL,BEFORE,wn-0498,-1,0.3,1
wn-0498:5:174,wn-0498:8:279,TEMPORAL,BEFORE,wn-0498,-1,0.3,1
wn-0498:5:174,wn-0498:9:303,TEMPORAL,BEFORE,wn-0498,-1,0.3,1
wn-0498:5:174,wn-0498:9:318,TEMPORAL,BEFORE,wn-0498,-1,0.3,1
wn-0498:5:174,wn-0498:9:319,TEMPORAL,BEFORE,wn-0498,-1,0.3,1
wn-0498:5:174,wn-0498:10:337,TEMPORAL,BEFORE,wn-0498,-1,0.3,1
wn-0498:5:174,wn-0498:12:370,TEMPORAL,BEFORE,wn-0498,-1,0.3,1
wn-0498:5:174,wn-0498:16:427,TEMPORAL,BEFORE,wn-0498,-1,0.3,1
wn-0498:5:174,wn-0498:16:451,TEMPORAL,BEFORE,wn-0498,-1,0.3,1
wn-0498:5:188,wn-0498:6:215,TEMPORAL,BEFORE,wn-0498,-1,0.3,1
wn-0498:5:188,wn-0498:7:262,TEMPORAL,BEFORE,wn-0498,-1,0.3,1
wn-0498:5:188,wn-0498:7:272,TEMPORAL,BEFORE,wn-0498,-1,0.3,1
wn-0498:5:188,wn-0498:8:279,TEMPORAL,BEFORE,wn-0498,-1,0.3,1
wn-0498:5:188,wn-0498:9:303,TEMPORAL,BEFORE,wn-0498,-1,0.3,1
wn-0498:5:188,wn-0498:9:318,TEMPORAL,BEFORE,wn-0498,-1,0.3,1
wn-0498:5:188,wn-0498:9:319,TEMPORAL,BEFORE,wn-0498,-1,0.3,1
wn-0498:5:188,wn-0498:10:337,TEMPORAL,BEFORE,wn-0498,-1,0.3,1
wn-0498:5:188,wn-0498:12:370,TEMPORAL,BEFORE,wn-0498,-1,0.3,1
wn-0498:5:188,wn-0498:16:427,TEMPORAL,BEFORE,wn-0498,-1,0.3,1
wn-0498:5:188,wn-0498:16:451,TEMPORAL,BEFORE,wn-0498,-1,0.3,1
wn-0498:6:215,wn-0498:7:262,TEMPORAL,BEFORE,wn-0498,-1,0.3,1
wn-0498:6:215,wn-0498:7:272,TEMPORAL,BEFORE,wn-0498,-1,0.3,1
wn-0498:6:215,wn-0498:8:279,TEMPORAL,BEFORE,wn-0498,-1,0.3,1
wn-0498:6:215,wn-0498:9:303,TEMPORAL,BEFORE,wn-0498,-1,0.3,1
wn-0498:6:215,wn-0498:9:318,TEMPORAL,BEFORE,wn-0498,-1,0.3,1
wn-0498:6:215,wn-0498:9:319,TEMPORAL,BEFORE,wn-0498,-1,0.3,1
wn-0498:6:215,wn-0498:10:337,TEMPORAL,BEFORE,wn-0498,-1,0.3,1
wn-0498:6:215,wn-0498:12:370,TEMPORAL,BEFORE,wn-0498,-1,0.3,1
wn-0498:6:215,wn-0498:16:427,TEMPORAL,BEFORE,wn-0498,-1,0.3,1
wn-0498:6:215,wn-0498:16:451,TEMPORAL,BEFORE,wn-0498,-1,0.3,1
wn-0498:7:262,wn-0498:7:272,TEMPORAL,AFTER,wn-0498,-1,0.5,1
wn-0498:7:262,wn-0498:8:279,TEMPORAL,BEFORE,wn-0498,-1,0.3,1
wn-0498:7:262,wn-0498:9:303,TEMPORAL,BEFORE,wn-0498,-1,0.3,1
wn-0498:7:262,wn-0498:9:318,TEMPORAL,BEFORE,wn-0498,-1,0.3,1
wn-0498:7:262,wn-0498:9:319,TEMPORAL,BEFORE,wn-0498,-1,0.3,1
wn-0498:7:262,wn-0498:10:337,TEMPORAL,BEFORE,wn-0498,-1,0.3,1
wn-0498:7:262,wn-0498:12:370,TEMPORAL,BEFORE,wn-0498,-1,0.3,1
wn-0498:7:262,wn-0498:16:427,TEMPORAL,BEFORE,wn-0498,-1,0.3,1
wn-0498:7:262,wn-0498:16:451,TEMPORAL,BEFORE,wn-0498,-1,0.3,1
wn-0498:7:272,wn-0498:8:279,TEMPORAL,BEFORE,wn-0498,-1,0.3,1
wn-0498:7:272,wn-0498:9:303,TEMPORAL,BEFORE,wn-0498,-1,0.3,1
wn-0498:7:272,wn-0498:9:318,TEMPORAL,BEFORE,wn-0498,-1,0.3,1
wn-0498:7:272,wn-0498:9:319,TEMPORAL,BEFORE,wn-0498,-1,0.3,1
wn-0498:7:272,wn-0498:10:337,TEMPORAL,BEFORE,wn-0498,-1,0.3,1
wn-0498:7:272,wn-0498:12:370,TEMPORAL,BEFORE,wn-0498,-1,0.3,1
wn-0498:7:272,wn-0498:16:427,TEMPORAL,BEFORE,wn-0498,-1,0.3,1
wn-0498:7:272,wn-0498:16:451,TEMPORAL,BEFORE,wn-0498,-1,0.3,1
wn-0498:8:279,wn-0498:9:303,TEMPORAL,BEFORE,wn-0498,-1,0.3,1
wn-0498:8:279,wn-0498:9:318,TEMPORAL,BEFORE,wn-0498,-1,0.3,1
wn-0498:8:279,wn-0498:9:319,TEMPORAL,BEFORE,wn-0498,-1,0.3,1
wn-0498:8:279,wn-0498:10:337,TEMPORAL,BEFORE,wn-0498,-1,0.3,1
wn-0498:8:279,wn-0498:12:370,TEMPORAL,BEFORE,wn-0498,-1,0.3,1
wn-0498:8:279,wn-0498:16:427,TEMPORAL,BEFORE,wn-0498,-1,0.3,1
wn-0498:8:279,wn-0498:16:451,TEMPORAL,BEFORE,wn-0498,-1,0.3,1
wn-0498:9:303,wn-0498:9:318,TEMPORAL,SIMULTANEOUS,wn-0498,-1,0.7,1
wn-0498:9:303,wn-0498:9:319,TEMPORAL,SIMULTANEOUS,wn-0498,-1,0.7,1
wn-0498:9:303,wn-0498:10:337,TEMPORAL,BEFORE,wn-0498,-1,0.3,1
wn-0498:9:303,wn-0498:12:370,TEMPORAL,BEFORE,wn-0498,-1,0.3,1
wn-0498:9:303,wn-0498:16:427,TEMPORAL,BEFORE,wn-0498,-1,0.7,1
wn-0498:9:303,wn-0498:16:451,TEMPORAL,BEFORE,wn-0498,-1,0.7,1
wn-0498:9:318,wn-0498:9:319,TEMPORAL,SIMULTANEOUS,wn-0498,-1,0.7,1
wn-0498:9:318,wn-0498:10:337,TEMPORAL,BEFORE,wn-0498,-1,0.3,1
wn-0498:9:318,wn-0498:12:370,TEMPORAL,BEFORE,wn-0498,-1,0.3,1
wn-0498:9:318,wn-0498:16:427,TEMPORAL,BEFORE,wn-0498,-1,0.7,1
wn-0498:9:318,wn-0498:16:451,TEMPORAL,BEFORE,wn-0498,-1,0.7,1
wn-0498:9:319,wn-0498:10:337,TEMPORAL,BEFORE,wn-0498,-1,0.3,1
wn-0498:9:319,wn-0498:12:370,TEMPORAL,BEFORE,wn-0498,-1,0.3,1
wn-0498:9:319,wn-0498:16:427,TEMPORAL,BEFORE,wn-0498,-1,0.7,1
wn-0498:9:319,wn-0498:16:451,TEMPORAL,BEFORE,wn-0498,-1,0.7,1
wn-0498:10:337,wn-0498:12:370,TEMPORAL,BEFORE,wn-0498,-1,0.3,1
wn-0498:10:337,wn-0498:16:427,TEMPORAL,BEFORE,wn-0498,-1,0.3,1
wn-0498:10:337,wn-0498:16:451,TEMPORAL,BEFORE,wn-0498,-1,0.3,1
wn-0498:12:370,wn-0498:16:427,TEMPORAL,BEFORE,wn-0498,-1,0.3,1
wn-0498:12:370,wn-0498:16:451,TEMPORAL,BEFORE,wn-0498,-1,0.3,1
wn-0498:16:427,wn-0498:16:451,TEMPORAL,SIMULTANEOUS,wn-0498,-1,0.75,1
wn-0499:12:342,wn-0499:13:362,TEMPORAL,BEFORE,wn-0499,-1,0.3,1
