doc_id,n_sentences,n_tokens,n_words,dct,title,n_chars,n_paragraphs,mean_words_per_sentence,n_entities,categories,cache_file
wn-0000,15,471,406,2005-01-06,Astronomer proposes Hubble replacement,2532,9,27.07,40,hubble space telescope|north america|united states|university of melbourne|astronomy|dark matter|space|nasa|science and technology,wn-0000.spacy
wn-0001,16,411,354,2005-01-07,Heavy Lift Delta IV Rocket Launches,2138,8,22.12,45,space|united states,wn-0001.spacy
wn-0002,16,411,353,2005-01-08,Heavy lift Delta IV rocket launch problems,2141,8,22.06,45,space|united states,wn-0002.spacy
wn-0003,10,217,182,2005-01-09,Extraordinary feature found on Saturn's moon Iapetus,1116,5,18.2,37,science and technology|saturn (planet)|space|geology|published|astronomy,wn-0003.spacy
wn-0004,12,327,290,2005-01-09,NASA schedules launch date for comet-chasing probe,1608,4,24.17,19,north america|comets|space|united states|nasa,wn-0004.spacy
wn-0005,17,298,253,2005-01-13,Huygens moon probe to land on Titan,1508,8,14.88,49,saturn (planet)|chemistry|titan (moon)|space|nasa|science and technology,wn-0005.spacy
wn-0006,15,332,284,2005-01-14,"Huygens probe lands on Saturn's moon Titan, returns pictures",1777,7,18.93,53,saturn (planet)|european space agency|titan (moon)|space|jet propulsion laboratory|published,wn-0006.spacy
wn-0007,6,182,153,2005-01-20,China Plans Next Manned Space Mission,925,4,25.5,23,china|space|science and technology|asia,wn-0007.spacy
wn-0008,6,146,126,2005-01-20,Rover finds meteorite on Mars,825,4,21.0,18,cornell university|mars|north america|space|united states|nasa|science and technology,wn-0008.spacy
wn-0009,31,602,498,2005-01-21,NASA's Swift detects possible birth of black hole,2920,9,16.06,53,black holes|swift gamma-ray burst mission|space|pennsylvania state university|nasa|science and technology,wn-0009.spacy
wn-0010,11,188,161,2005-01-25,Mars Rover tracks viewed from orbit,947,6,14.64,14,mars|north america|space|united states|nasa|science and technology,wn-0010.spacy
wn-0011,12,286,255,2005-01-26,ESA's Smart-1 takes its first close-up images of the Moon,1453,6,21.25,15,space|europe|published|the moon,wn-0011.spacy
wn-0012,13,249,222,2005-01-26,Expedition 10 completes first spacewalk,1433,5,17.08,30,extra-vehicular activity|international space station|science and technology|space|published,wn-0012.spacy
wn-0013,18,494,439,2005-01-26,White House cuts Hubble from budget,2636,10,24.39,53,politics and conflicts|hubble space telescope|north america|space|united states|nasa|published,wn-0013.spacy
wn-0014,11,284,241,2005-02-02,Swift satellite goes fully on-line,1428,6,21.91,31,black holes|swift gamma-ray burst mission|space|pennsylvania state university|science and technology,wn-0014.spacy
wn-0015,16,483,420,2005-02-04,Chandra telescope finds missing baryonic matter,2602,7,26.25,32,space,wn-0015.spacy
wn-0016,9,255,228,2005-02-08,Hubble Space Telescope to be burnt up; Jupiter Icy Moons Orbiter cancelled,1292,4,25.33,26,hubble space telescope|nasa|nuclear power|north america|united states|international space station|space|jupiter|science and technology,wn-0016.spacy
wn-0017,10,315,268,2005-02-08,Tiny planet discovered in mini solar system,1672,6,26.8,31,space,wn-0017.spacy
wn-0018,12,337,290,2005-02-09,Star ousted from galaxy by black hole,1716,5,24.17,20,"arizona|north america|united states|supermassive black holes|black holes|astronomy|the astrophysical journal|tucson, arizona|space",wn-0018.spacy
wn-0019,6,142,125,2005-02-13,New Ariane 5 ECA rocket launch a success,806,5,20.83,19,europe|science and technology|south america|space|published|french guiana,wn-0019.spacy
wn-0020,11,254,219,2005-02-20,Starburst across galaxy impacts Earth's ionosphere,1277,7,19.91,15,space|physics|science and technology|earth,wn-0020.spacy
wn-0021,11,264,231,2005-02-23,Dark matter galaxy discovered,1399,8,21.0,24,"europe|university of cardiff|astronomy|united kingdom|dark matter|wales|cardiff, wales|space|physics|science and technology",wn-0021.spacy
wn-0022,28,660,582,2005-03-11,Atlas V rocket launches with Inmarsat satellite,3392,10,20.79,49,published|space|united states|science and technology,wn-0022.spacy
wn-0023,8,181,160,2005-03-13,Bright object falls from sky over northwest United States,916,4,20.0,17,"oregon|north america|california|canada|united states|portland, oregon|british columbia|space|science and technology",wn-0023.spacy
wn-0024,24,604,553,2005-03-17,Mars studies find water,3321,9,23.04,50,europe|european space agency|mars|north america|brown university|united states|published|chemistry|extraterrestrial water|space|nasa|science and technology,wn-0024.spacy
wn-0025,13,326,286,2005-03-19,Cassini discovers Saturn moon atmosphere,1810,7,22.0,46,jet propulsion laboratory|geology|chemistry|published|imperial college london|saturn (planet)|space|physics|science and technology,wn-0025.spacy
wn-0026,10,226,194,2005-03-22,India and Europe team up for moon mission,1227,4,19.4,29,published|space|science and technology|the moon,wn-0026.spacy
wn-0027,13,324,279,2005-03-22,Volunteers endure bed-rest study,1821,8,21.46,31,health|space|published,wn-0027.spacy
wn-0028,23,477,401,2005-03-23,NASA's Spitzer space telescope views alien worlds,2629,12,17.43,55,the astrophysical journal|space|jet propulsion laboratory|science and technology|astronomy,wn-0028.spacy
wn-0029,24,562,496,2005-03-26,Deep Impact cruising for comet crash,2983,10,20.67,43,hubble space telescope|jet propulsion laboratory|north america|comets|space|united states|nasa|published,wn-0029.spacy
wn-0030,16,425,374,2005-03-26,Massive star cluster found in Milky Way,2244,6,23.38,45,european southern observatory|science and technology|south america|chile|space|published|astronomy,wn-0030.spacy
wn-0031,15,335,290,2005-03-28,Space station crew perform successful spacewalk,1819,7,19.33,38,extra-vehicular activity|international space station|science and technology|space|published,wn-0031.spacy
wn-0032,16,402,350,2005-04-02,Telescope takes first image of planet outside our solar system,2079,6,21.88,30,european southern observatory|very large telescope|south america|chile|space|astronomy,wn-0032.spacy
wn-0033,13,408,344,2005-04-04,Voyager space probes face shutdown,2054,7,26.46,45,space|nasa|science and technology,wn-0033.spacy
wn-0034,19,386,330,2005-04-06,Japan announces moon program,1873,9,17.37,34,robotics|the moon|japan|space|science and technology|asia,wn-0034.spacy
wn-0035,14,366,311,2005-04-06,NASA's Mars rovers exceed all expectations,1934,7,22.21,36,cornell university|mars|space|jet propulsion laboratory|nasa|published,wn-0035.spacy
wn-0036,9,254,226,2005-04-06,Space Shuttle Discovery resumes rollout to launch pad,1279,6,25.11,28,florida|space|north america|united states|kennedy space center|international space station|space shuttle discovery|nasa|science and technology,wn-0036.spacy
wn-0037,27,694,593,2005-04-06,Swift mission measures distance to star explosions,3609,11,21.96,86,black holes|swift gamma-ray burst mission|space|pennsylvania state university|nasa|science and technology|university college london,wn-0037.spacy
wn-0038,16,325,279,2005-04-11,NASA announces daily video feed for new Discovery mission,1747,9,17.44,52,europe|baikonur cosmodrome|european space agency|north america|space shuttle discovery|united states|soyuz programme|asia|international space station|russia|kazakhstan|space|roscosmos|nasa,wn-0038.spacy
wn-0039,10,265,230,2005-04-13,NASA rethinks abandoning Hubble,1419,4,23.0,20,space|black holes|north america|hubble space telescope|united states|nasa|published,wn-0039.spacy
wn-0040,10,249,216,2005-04-15,Two astronauts blast off to their new home--International Space Station,1315,6,21.6,35,europe|european space agency|baikonur cosmodrome|north america|united states|soyuz programme|asia|international space station|russia|kazakhstan|space|nasa|science and technology,wn-0040.spacy
wn-0041,19,599,521,2005-04-16,Senate unanimously confirms Michael Griffin as new NASA head,3384,8,27.42,53,international space station|north america|space|united states|nasa|science and technology,wn-0041.spacy
wn-0042,12,284,247,2005-04-17,Russian Soyuz docks with International Space Station for crew change,1559,6,20.58,44,international space station|russia|esa|space|nasa|published|soyuz programme,wn-0042.spacy
wn-0043,13,330,298,2005-04-22,NASA study: warming and snow melt chokes sea life 1000 miles distant,1851,7,22.92,26,arabian sea|published|space|marine science|biology|nasa|science and technology|fish,wn-0043.spacy
wn-0044,19,427,380,2005-04-25,ISS Expedition 10 returns to Earth,2392,7,20.0,64,europe|european space agency|baikonur cosmodrome|north america|united states|italy|soyuz programme|asia|international space station|kazakhstan|russia|space|roscosmos|nasa|science and technology,wn-0044.spacy
wn-0045,12,402,349,2005-04-30,First photo of a planet that orbits another sun,2055,8,29.08,24,europe|astronomy|exoplanets|european southern observatory|south america|chile|space|physics|science and technology,wn-0045.spacy
wn-0046,17,429,381,2005-05-04,New Mars Orbiter arrives for launch,2416,8,22.41,48,mars|north america|mars reconnaissance orbiter|united states|jet propulsion laboratory|published|chemistry|space|nasa|science and technology,wn-0046.spacy
wn-0047,14,347,293,2005-05-04,Romanian student wins NASA Space Settlement Design Contest,1779,4,20.93,45,europe|science and technology|romania|the moon|space|published,wn-0047.spacy
wn-0048,8,211,190,2005-05-04,Twelve more moons of Saturn discovered,1167,3,23.75,31,north america|hawaii|united states|astronomy|saturn (planet)|university of hawai'i|space|jupiter|science and technology,wn-0048.spacy
wn-0049,10,244,213,2005-05-06,Mars Exploration Rover Opportunity gets stuck in a small sand dune,1144,4,21.3,18,cornell university|mars|space|nasa|science and technology,wn-0049.spacy
wn-0050,9,235,202,2005-05-07,"CARTOSAT-I and HAMSAT satellites launched precisely by PSLV-C6, will have longer life",1262,5,22.44,26,published|india|economy and business|space|science and technology|asia,wn-0050.spacy
wn-0051,17,596,522,2005-05-08,Mars rover engineers build test sandbox,2997,6,30.71,37,nasa|mars|north america|united states|jet propulsion laboratory|published|cornell university|space|physics|science and technology,wn-0051.spacy
wn-0052,20,490,432,2005-05-24,Voyager 1 enters heliosheath at edge of solar system,2547,11,21.6,33,published|space|united states|science and technology,wn-0052.spacy
wn-0053,12,303,264,2005-06-02,NASA solar sail passes first major test,1600,4,22.0,16,space|united states|physics|science and technology,wn-0053.spacy
wn-0054,22,479,415,2005-06-06,Mars rover Opportunity successfully escapes sand trap,2434,8,18.86,38,cornell university|mars|space|united states|nasa|science and technology,wn-0054.spacy
wn-0055,15,401,346,2005-06-14,New rocky planet discovered in orbit around nearby star,1968,6,23.07,42,published|space|united states|world|science and technology|astronomy,wn-0055.spacy
wn-0056,10,270,244,2005-06-23,Solar sail craft may have made orbit,1370,6,24.4,21,published|space|science and technology,wn-0056.spacy
wn-0057,27,722,626,2005-07-04,NASA's Deep Impact probe strikes comet successfully,3701,8,23.19,64,european space agency|physics|jet propulsion laboratory|geology|chemistry|stardust mission|rosetta mission|comets|nasa|science and technology,wn-0057.spacy
wn-0058,5,198,168,2005-07-04,Russian astrologist sues NASA for Deep Impact test,1040,5,33.6,16,wackynews|nasa|russia|comets|crime and law|science and technology,wn-0058.spacy
wn-0059,16,391,345,2005-07-13,Shuttle launch called off due to faulty fuel tank sensor,1983,7,21.56,26,north america|space|united states,wn-0059.spacy
wn-0060,9,242,215,2005-07-13,Shuttle launch on schedule despite launch pad accident,1207,5,23.89,22,north america|space|united states,wn-0060.spacy
wn-0061,10,193,165,2005-07-16,Space Shuttle Discovery launch on indefinite hold,922,5,16.5,12,north america|space shuttle discovery|space|united states|nasa,wn-0061.spacy
wn-0062,8,191,172,2005-07-25,Rules may be bent to launch Discovery,988,3,21.5,24,international space station|north america|space shuttle discovery|space|united states|nasa|science and technology,wn-0062.spacy
wn-0063,11,260,227,2005-07-26,Space Shuttle Discovery launches,1368,5,20.64,19,atlantic ocean|florida|space|north america|united states|kennedy space center|space shuttle discovery|nasa|science and technology,wn-0063.spacy
wn-0064,6,215,187,2005-07-27,Crew of Discovery inspect Shuttle for launch damage,1137,4,31.17,10,north america|space shuttle discovery|space|united states|science and technology,wn-0064.spacy
wn-0065,8,251,224,2005-07-28,NASA: Discovery appears safe to return to Earth,1265,6,28.0,20,international space station|north america|space|united states|nasa|science and technology,wn-0065.spacy
wn-0066,47,1141,989,2005-07-30,"Bigger than Pluto, possible 10th planet found",5590,22,21.04,97,spain|europe|north america|united states|world|pluto|kuiper belt|space|science and technology,wn-0066.spacy
wn-0067,13,267,232,2005-08-08,Space Shuttle Discovery STS-114 landing postponed for weather,1364,5,17.85,24,space shuttle discovery|space|united states,wn-0067.spacy
wn-0068,6,165,135,2005-08-09,Space Shuttle Discovery lands safely in California,835,4,22.5,19,space shuttle discovery|space|united states|nasa|science and technology,wn-0068.spacy
wn-0069,10,272,238,2005-08-16,New record time spent in space,1500,3,23.8,24,world records|europe|north america|united states|international space station|russia|space|roscosmos|science and technology,wn-0069.spacy
wn-0070,7,207,182,2005-08-18,Chandra X-Ray Observatory illuminates Supernova 1987A,1115,3,26.0,8,space|physics|north america|hubble space telescope|united states|nasa|science and technology|astronomy,wn-0070.spacy
wn-0071,7,185,163,2005-08-19,Next Shuttle flight delayed to next year; ISS crew begin spacewalk,1022,4,23.29,15,extra-vehicular activity|space|nasa|science and technology,wn-0071.spacy
wn-0072,9,228,199,2005-09-06,"Manned mission to Mars at least 20 years away, easier than first trip to Moon",1114,5,22.11,24,malaysia|neil armstrong|mars|north america|united states|kuala lumpur|asia|apollo program|space|nasa|science and technology,wn-0072.spacy
wn-0073,9,248,220,2005-09-07,Astronomers find changes in Saturn's rings,1322,5,24.44,26,saturn (planet)|space|physics|science and technology|astronomy,wn-0073.spacy
wn-0074,20,503,456,2005-09-09,NASA announces Shuttle delay due to Hurricane Katrina,2752,7,22.8,53,"florida|north america|new orleans disaster|united states|gulf of mexico|mississippi|hurricane season, 2005|space|louisiana|science and technology",wn-0074.spacy
wn-0075,10,246,223,2005-09-13,Volcanic bulge found in Oregon,1283,3,22.3,25,united states geological survey|north america|space|united states|oregon|environment,wn-0075.spacy
wn-0076,15,320,277,2005-09-17,Hubble Space Telescope running on two gyroscopes,1760,6,18.47,36,hubble space telescope|north america|space|united states|nasa|science and technology,wn-0076.spacy
wn-0077,43,684,580,2005-09-19,NASA plans for future moon missions,3408,6,13.49,59,robotics|mars|north america|united states|apollo program|the moon|space|nasa|science and technology,wn-0077.spacy
wn-0078,6,159,139,2005-10-12,China successfully launches Shenzhou VI manned rocket,849,3,23.17,20,mental health|china|space|science and technology|asia,wn-0078.spacy
wn-0079,11,257,221,2005-10-17,Chinese astronauts in Shenzhou VI return safely,1337,9,20.09,36,china|space,wn-0079.spacy
wn-0080,9,185,161,2005-11-09,European Venus probe launched successfully,973,3,17.89,25,europe|european space agency|baikonur cosmodrome|weather|venus|chemistry|soyuz programme|asia|kazakhstan|space|science and technology,wn-0080.spacy
wn-0081,12,244,214,2005-11-12,"Paul McCartney to be ""beamed up"" in first live concert to be broadcast in space",1228,3,17.83,24,international space station|culture and entertainment|music|north america|california|space|united states,wn-0081.spacy
wn-0082,8,191,169,2005-11-13,Ariane 5 rocket launch postponed,965,3,21.12,23,space|science and technology|south america|french guiana,wn-0082.spacy
wn-0083,5,153,142,2005-11-26,Japanese probe snatches first asteroid sample,803,3,28.4,6,japan|space|asia,wn-0083.spacy
wn-0084,14,357,314,2005-11-28,SpaceX scrubs Falcon I rocket launch,1814,5,22.43,27,falcon 1|elon musk|north america|california|space|united states|spacex|science and technology,wn-0084.spacy
wn-0085,20,392,355,2005-12-19,China has extensive plans for space exploration,2139,5,17.75,40,science and technology|china|space|the moon|asia,wn-0085.spacy
wn-0086,9,258,219,2006-01-08,"""Hyperspace drive"" paper gains interest, AIAA award",1460,4,24.33,23,space|united states|physics|science and technology,wn-0086.spacy
wn-0087,14,320,275,2006-01-10,Murdoch's News Corp. Ends Automated Censorship of MySpace,1752,4,19.64,27,myspace|free speech|north america|pornography|united states|internet|youtube,wn-0087.spacy
wn-0088,20,540,472,2006-01-11,Comet Wild samples near home,2709,8,23.6,50,stardust mission|comets|space|united states|nasa,wn-0088.spacy
wn-0089,52,1419,1234,2006-01-11,"Distributed computing to get ""interstellar project""",7267,28,23.73,110,stardust@home|north america|united states|computing|chemistry|astronomy|stardust mission|comets|space|physics|science and technology,wn-0089.spacy
wn-0090,49,874,761,2006-01-11,Exclusive: David Anderson talks about the Stardust@home project,4361,21,15.53,47,world records|stardust@home|united states|astronomy|stardust mission|apollo program|comets|space|science and technology,wn-0090.spacy
wn-0091,25,453,376,2006-01-11,"Stardust comet samples ""visible to the naked eye""",2215,11,15.04,31,stardust mission|comets|space|united states|science and technology,wn-0091.spacy
wn-0092,24,565,480,2006-01-11,Stardust lands in Utah successfully,2872,14,20.0,44,stardust mission|utah|comets|space|united states|science and technology,wn-0092.spacy
wn-0093,25,739,646,2006-01-14,Huge star cluster discovered in neighbourhood of Milky Way,3824,9,25.84,61,pennsylvania|the astrophysical journal|space|united states|physics|science and technology|astronomy,wn-0093.spacy
wn-0094,14,389,338,2006-01-19,New Horizons probe bound for Pluto on nine year journey,1932,6,24.14,41,nuclear power|north america|united states|geology|chemistry|pluto|astronomy|charon|kuiper belt|nuclear accidents|new horizons|space|nasa|science and technology,wn-0094.spacy
wn-0095,75,1645,1396,2006-01-27,Bloggers investigate social networking websites,8824,24,18.61,137,myspace|facebook|north america|united states|internet|science and technology,wn-0095.spacy
wn-0096,16,391,344,2006-02-09,George Deutsch resigns NASA post after Texas A&amp;M refutes his resume,2055,6,21.5,34,politics and conflicts|north america|space|united states|nasa|science and technology|george w. bush,wn-0096.spacy
wn-0097,7,145,125,2006-02-18,Japanese H-IIA rocket launches satellite into orbit,748,3,17.86,15,weather|japan|space|aviation|science and technology|asia,wn-0097.spacy
wn-0098,6,187,172,2006-02-21,SpaceX delays Falcon 1 launch again,1020,3,28.67,8,falcon 1|elon musk|north america|california|space|united states|spacex|science and technology,wn-0098.spacy
wn-0099,7,187,156,2006-03-10,Daisuke Enomoto will be the fourth space tourist at the ISS,1010,4,22.29,29,europe|north america|japan|united states|soyuz programme|asia|international space station|russia|space|roscosmos|science and technology,wn-0099.spacy
wn-0100,9,182,160,2006-03-10,Mars Reconnaissance Orbiter enters Martian orbit,1019,4,17.78,26,mars reconnaissance orbiter|jet propulsion laboratory|mars|north america|space|united states|nasa|science and technology,wn-0100.spacy
wn-0101,11,284,245,2006-03-12,NASA spacecraft enters Mars orbit,1453,5,22.27,20,mars|mars reconnaissance orbiter|space|nasa|science and technology,wn-0101.spacy
wn-0102,9,248,213,2006-03-13,Google launches Google Mars,1301,5,23.67,33,google|mars|space|nasa|science and technology,wn-0102.spacy
wn-0103,7,213,187,2006-03-14,Geysers of water on one of Saturn's moons,1146,2,26.71,14,saturn (planet)|extraterrestrial water|space|biology|geology|science and technology|astronomy,wn-0103.spacy
wn-0104,16,405,357,2006-04-10,NASA plans to send probe into Moon's surface,1996,5,22.31,32,the moon|north america|chemistry|space|united states|science and technology,wn-0104.spacy
wn-0105,8,177,153,2006-04-10,Voyager 1 signal received by radio amateurs,885,3,19.12,28,space|science and technology|nuclear technology,wn-0105.spacy
wn-0106,16,385,341,2006-04-29,Shuttle will launch in July: NASA,1855,9,21.31,23,international space station|north america|space|united states|nasa|science and technology,wn-0106.spacy
wn-0107,17,458,395,2006-04-30,London Planetarium closes to make way for celebrity-themed show,2348,6,23.24,41,england|art|europe|visual art|culture and entertainment|space|london,wn-0107.spacy
wn-0108,5,138,123,2006-05-01,First pictures from the Israeli photo/spy satellite Eros B,765,2,24.6,18,politics and conflicts|space|middle east|israel,wn-0108.spacy
wn-0109,12,308,273,2006-05-19,Space shuttle Discovery safely arrives at launch pad,1631,5,22.75,41,international space station|florida|north america|space shuttle discovery|space|united states|science and technology,wn-0109.spacy
wn-0110,165,3260,2813,2006-05-28,Keep your eyes peeled for cosmic debris: Andrew Westphal about Stardust@home,16028,49,17.05,115,stardust mission|stardust@home|comets|space|science and technology,wn-0110.spacy
wn-0111,9,244,214,2006-06-03,Researchers discover giant asteroid impact crater in Antarctica,1280,5,23.78,15,species endangerment|geology|world|antarctica|ohio state university|space|biology|science and technology|dinosaurs,wn-0111.spacy
wn-0112,16,301,254,2006-06-12,Large meteorite strikes in Norway,1487,7,15.88,27,"norway|europe|oslo, norway|space|science and technology",wn-0112.spacy
wn-0113,13,365,319,2006-06-15,Russia launches new civil remote sensing satellite,1993,6,24.54,32,dark matter|europe|international space station|russia|baikonur cosmodrome|space|science and technology|soyuz programme,wn-0113.spacy
wn-0114,9,237,208,2006-06-23,Pluto's moons named,1260,4,23.11,38,hubble space telescope|north america|united states|pluto|astronomy|charon|space|nasa|science and technology,wn-0114.spacy
wn-0115,17,332,289,2006-06-25,Hubble Space Telescope's main camera stops working,1702,8,17.0,29,space|north america|hubble space telescope|united states|nasa|science and technology,wn-0115.spacy
wn-0116,5,137,101,2006-07-01,Discovery going for second launch since 2003 Columbia loss,644,3,20.2,19,north america|space shuttle discovery|space|united states|science and technology,wn-0116.spacy
wn-0117,15,377,322,2006-07-02,"""Armageddon"" rock misses Earth by Moon's distance",1819,10,21.47,48,space|jet propulsion laboratory|earth,wn-0117.spacy
wn-0118,15,359,318,2006-07-04,NASA to launch Discovery despite crack in insulation foam,1814,6,21.2,35,international space station|north america|space shuttle discovery|space|united states|science and technology,wn-0118.spacy
wn-0119,9,190,165,2006-07-04,Space Shuttle Discovery launches for mission STS-121,956,5,18.33,17,north america|space shuttle discovery|space|united states|nasa|science and technology,wn-0119.spacy
wn-0120,17,399,337,2006-07-18,Discovery lands at Kennedy Space Center,1959,12,19.82,29,international space station|north america|space shuttle discovery|space|united states|nasa|science and technology,wn-0120.spacy
wn-0121,8,180,160,2006-07-24,Atlantis departs hangar ahead of August 28 launch,905,4,20.0,20,space shuttle atlantis|north america|space|united states|science and technology,wn-0121.spacy
wn-0122,9,280,246,2006-07-25,Jewel in King Tut's necklace created by possible asteroid impact,1376,5,27.33,23,jewellery|physics|archaeology|space|world|science and technology,wn-0122.spacy
wn-0123,11,287,243,2006-07-30,"Cassini photographs possible lakes on Saturn's moon, Titan",1390,6,22.09,22,europe|titan (moon)|united states|geology|university of arizona|united states geological survey|saturn (planet)|space|science and technology,wn-0123.spacy
wn-0124,20,457,387,2006-08-05,Apollo Moon landings tapes reported missing,2228,12,19.35,34,apollo program|the moon|north america|space|united states|nasa|science and technology,wn-0124.spacy
wn-0125,15,494,439,2006-08-14,Erroneous newspaper report garners publicity for Moon landing tapes,2549,5,29.27,37,australia|the sydney morning herald|north america|united states|oceania|apollo program|space|nasa|the moon,wn-0125.spacy
wn-0126,22,747,629,2006-08-16,Astronomers to vote on potential new planets,3771,7,28.59,59,europe|pluto|astronomy|czech republic|charon|kuiper belt|space|physics|science and technology,wn-0126.spacy
wn-0127,18,369,316,2006-08-18,"Cape Breton, Nova Scotia to have launch pad",1977,9,17.56,42,international space station|space|north america|canada|united states|nasa|nova scotia,wn-0127.spacy
wn-0128,25,516,446,2006-08-21,"NASA chooses Woomera, South Australia for rocket launch site",2695,8,17.84,63,australia|south australia|spacex|oceania|international space station|falcon 1|science and technology|space|elon musk,wn-0128.spacy
wn-0129,12,354,311,2006-08-21,NASA discovers new evidence of dark matter,1927,7,25.92,15,"nasa|hubble space telescope|arizona|north america|united states|dark matter|university of arizona|european southern observatory|very large telescope|the astrophysical journal|tucson, arizona|space|physics|science and technology",wn-0129.spacy
wn-0130,21,543,468,2006-08-22,Scientists discover Earth-like planet,2775,12,22.29,36,princeton university|exoplanets|space|physics|science and technology|astronomy,wn-0130.spacy
wn-0131,23,500,418,2006-08-24,Pluto loses planet status,2550,9,18.17,43,europe|czech republic|prague|charon|space|science and technology|pluto|astronomy,wn-0131.spacy
wn-0132,11,257,229,2006-08-25,NASA announces official search for the missing Apollo tapes,1360,3,20.82,20,australia|the sydney morning herald|north america|united states|oceania|apollo program|space|nasa|the moon,wn-0132.spacy
wn-0133,13,296,256,2006-08-31,Astronomers witness supernova,1527,7,19.69,29,hubble space telescope|nasa|north america|california|united states|astronomy|swift gamma-ray burst mission|space|physics|science and technology,wn-0133.spacy
wn-0134,11,171,143,2006-08-31,Space shuttle Atlantis set to launch on September 6,847,6,13.0,19,space shuttle atlantis|florida|north america|space|united states|science and technology,wn-0134.spacy
wn-0135,15,325,283,2006-09-05,Smart-1 probe ends mission with planned crash into the Moon,1675,4,18.87,19,the times (uk)|europe|european space agency|the moon|chemistry|space|science and technology,wn-0135.spacy
wn-0136,14,300,258,2006-09-07,MySpace to take on iTunes,1501,6,18.43,15,computing|culture and entertainment|music|myspace|california|united states|internet|science and technology,wn-0136.spacy
wn-0137,15,282,241,2006-09-07,NASA delays launch of Atlantis,1316,7,16.07,23,space|space shuttle atlantis|nasa|science and technology,wn-0137.spacy
wn-0138,9,221,206,2006-09-07,STS-115 launch delayed,1145,4,22.89,26,international space station|space shuttle atlantis|north america|united states|nasa|science and technology,wn-0138.spacy
wn-0139,6,137,122,2006-09-09,Successful launch of Space Shuttle Atlantis,773,3,20.33,14,international space station|space shuttle atlantis|north america|space|united states|nasa|science and technology,wn-0139.spacy
wn-0140,19,481,400,2006-09-14,NASA: Arctic Sea's icecap is melting,2243,8,21.05,45,nasa|climate change|jet propulsion laboratory|marine science|world|environment|arctic|physics|science and technology,wn-0140.spacy
wn-0141,23,418,354,2006-09-15,Astronaut Steve MacLean talks with Canadian PM over phone,2014,6,15.39,38,"international space station|ottawa, ontario|canada|north america|stephen harper|space",wn-0141.spacy
wn-0142,10,296,244,2006-09-15,Statistics say websites with user-generated content are the fastest growing,1486,4,24.4,19,myspace|bebo|economy and business|internet|computing,wn-0142.spacy
wn-0143,12,289,242,2006-09-18,Ethane clouds found on Titan,1507,7,20.17,27,arizona|north america|titan (moon)|united states|chemistry|university of arizona|saturn (planet)|space|science and technology,wn-0143.spacy
wn-0144,12,328,298,2006-09-19,Unidentified object contributes to delay of shuttle landing,1789,5,24.83,29,space shuttle atlantis|north america|space|united states|nasa|science and technology,wn-0144.spacy
wn-0145,13,243,206,2006-09-21,Space shuttle Atlantis cleared for landing,1148,6,15.85,11,space|space shuttle atlantis|nasa|science and technology,wn-0145.spacy
wn-0146,11,266,243,2006-10-03,2006 Nobel Prize in physics awarded for microwave map of the universe,1533,5,22.09,20,europe|physics|north america|space|united states|nasa|science and technology|sweden,wn-0146.spacy
wn-0147,22,535,469,2006-10-04,Hubble discovers 16 new planets,2783,5,21.32,44,hubble space telescope|nasa|north america|united states|astronomy|exoplanets|very large telescope|space|physics|science and technology,wn-0147.spacy
wn-0148,6,159,139,2006-10-06,Small hole found in Space Shuttle Atlantis,778,3,23.17,9,space shuttle atlantis|north america|space|united states|orbital debris|science and technology,wn-0148.spacy
wn-0149,30,641,579,2006-10-11,Dark matter lacks extra gravitational force,3428,5,19.3,24,dark matter|new york university|north america|space|united states|physics|science and technology,wn-0149.spacy
wn-0150,32,862,741,2006-10-19,US declares vital interest in space,4496,10,23.16,82,politics and conflicts|the times (uk)|donald rumsfeld|north america|space|united states,wn-0150.spacy
wn-0151,7,223,192,2006-10-29,India successfully tests cryogenic rocket engine,1190,5,27.43,21,india|space|tamil nadu|physics|science and technology|asia,wn-0151.spacy
wn-0152,11,253,223,2006-11-07,No injuries reported after NASA Orbiter hangars evacuated after hydrazine leak,1262,6,20.27,20,florida|disasters and accidents|space|united states|nasa|science and technology,wn-0152.spacy
wn-0153,18,399,357,2006-11-08,Planet Mercury to blaze across Sun today,2031,6,19.83,38,mercury (planet)|physics|space|nasa|science and technology|astronomy,wn-0153.spacy
wn-0154,9,194,174,2006-11-11,Massive hurricane spotted on Saturn,959,4,19.33,16,saturn (planet)|physics|weather|space|nasa|science and technology,wn-0154.spacy
wn-0155,19,357,291,2006-11-16,Two Brampton residents announce 2010 Ontario mayoral intentions,1746,8,15.32,33,"politics and conflicts|wackynews|brampton, ontario|myspace|north america|ontario|canada|internet",wn-0155.spacy
wn-0156,10,226,184,2006-12-02,Stephen Hawking believes going to other planets is necessary for human survival,1081,5,18.4,6,star trek|space|science and technology|stephen hawking,wn-0156.spacy
wn-0157,9,262,228,2006-12-05,NASA unveils plans for moon base,1321,5,25.33,30,mars|north america|the moon|space|united states|nasa|science and technology,wn-0157.spacy
wn-0158,21,633,558,2006-12-07,NASA: Signs of liquid water found on surface of Mars,3472,8,26.57,40,mars|chemistry|extraterrestrial water|space|jet propulsion laboratory|nasa|science and technology,wn-0158.spacy
wn-0159,7,164,145,2006-12-08,STS-116 launch scrubbed,847,4,20.71,14,international space station|north america|space|united states|nasa,wn-0159.spacy
wn-0160,8,194,167,2006-12-10,"Planets Jupiter, Mercury and Mars line up, visible to naked eye",918,4,20.88,21,"mars|north america|miami, florida|united states|massachusetts|astronomy|mercury (planet)|space|jupiter|science and technology",wn-0160.spacy
wn-0161,12,265,235,2006-12-11,Discovery docks with International Space Station,1374,5,19.58,23,international space station|north america|space shuttle discovery|space|united states|nasa|science and technology,wn-0161.spacy
wn-0162,9,263,228,2006-12-12,Convicted sex offenders in US targeted for on-line identity registration,1449,4,25.33,20,virginia|myspace|north america|united states|crime and law|internet,wn-0162.spacy
wn-0163,18,421,359,2006-12-27,European telescope searches for planets,2153,9,19.94,23,europe|france|baikonur cosmodrome|space|world|science and technology|soyuz programme|astronomy,wn-0163.spacy
wn-0164,16,367,307,2007-01-04,Saturn's moon Titan hosts liquid lakes and rivers,1693,6,19.19,23,university college london|saturn (planet)|titan (moon)|space|geology|science and technology|astronomy,wn-0164.spacy
wn-0165,7,199,170,2007-01-06,Meteorite falls through roof of house in New Jersey,944,3,24.29,7,new jersey|north america|space|united states|orbital debris|science and technology,wn-0165.spacy
wn-0166,6,177,158,2007-01-10,Iranian news agency reports UFO has crashed in Kerman province,904,4,26.33,12,wackynews|middle east|iran|ufo|space|science and technology|asia,wn-0166.spacy
wn-0167,13,341,304,2007-01-18,China shoots down weather satellite with ballistic missile,1772,7,23.38,32,australia|china|north america|canada|united states|oceania|weather|asia|politics and conflicts|military|space,wn-0167.spacy
wn-0168,14,282,246,2007-01-19,US air force colonel claims he spotted UFOs over Arkansas,1408,4,17.57,22,wackynews|arkansas|ufo|north america|space|united states,wn-0168.spacy
wn-0169,18,386,334,2007-01-20,Kuiper Belt object to become comet in approx. 2 million years,1746,8,18.56,21,comets|kuiper belt|california|space|physics|science and technology|astronomy,wn-0169.spacy
wn-0170,20,462,406,2007-01-24,MySpace to display AMBER Alerts,2497,10,20.3,27,myspace|missing persons|north america|united states|internet|computing,wn-0170.spacy
wn-0171,29,383,304,2007-01-26,"Locals and officer claim to have seen a UFO in Charlotte, North Carolina",1642,4,10.48,16,wackynews|north carolina|ufo|north america|space|united states|science and technology,wn-0171.spacy
wn-0172,13,320,282,2007-01-30,MySpace shares its database of sex offenders,1775,5,21.69,23,myspace|united states|internet|computing,wn-0172.spacy
wn-0173,17,427,375,2007-01-30,Primary camera on Hubble Space Telescope shut down,2214,4,22.06,31,space|north america|hubble space telescope|united states|nasa|science and technology,wn-0173.spacy
wn-0174,7,157,137,2007-01-30,Zenit rocket explodes on launch pad,813,3,19.57,14,europe|netherlands|disasters and accidents|north america|space|united states|science and technology,wn-0174.spacy
wn-0175,21,321,286,2007-02-02,Locals claim to have witnessed multiple UFOs over north London,1563,3,13.62,17,wackynews|united kingdom|europe|england|ufo|space|london|science and technology,wn-0175.spacy
wn-0176,28,660,560,2007-02-08,New stars found in Southern Cross,3252,10,20.0,69,australia|oceania|papua new guinea|astronomy|melanesia|south america|space|brazil|physics|science and technology|new zealand,wn-0176.spacy
wn-0177,9,205,181,2007-02-17,NASA launches satellites to study northern lights,1183,4,20.11,16,nasa|university of alberta|north america|canada|united states|university of calgary|space|physics|science and technology,wn-0177.spacy
wn-0178,22,600,522,2007-02-17,Reconnaissance Orbiter finds more evidence of water on the planet Mars,3114,8,23.73,23,"arizona|north america|mars reconnaissance orbiter|united states|geology|university of arizona|tucson, arizona|space|nasa|science and technology",wn-0178.spacy
wn-0179,22,552,479,2007-02-23,"NASA detects dry, dusty atmospheres on extrasolar planets",2746,8,21.77,41,nasa|united_states|north_america|jet propulsion laboratory|chemistry|astronomy|science_and_technology|exoplanets|the astrophysical journal|space|physics,wn-0179.spacy
wn-0180,18,387,343,2007-02-25,Iranian TV station announces first space rocket launch,2099,5,19.06,29,politics and conflicts|mahmoud ahmadinejad|middle east|iran|nuclear proliferation|space|nuclear weapons|science and technology,wn-0180.spacy
wn-0181,12,187,166,2007-03-03,"Full lunar eclipse due on March 3, 2007",912,6,13.83,22,space|world|culture and entertainment|the moon,wn-0181.spacy
wn-0182,44,876,793,2007-03-09,Rocketeers find possible impact crater in Nevada,4714,11,18.02,29,nevada|north america|space|united states|science and technology|environment,wn-0182.spacy
wn-0183,16,548,480,2007-03-13,"Saturn's moon Enceladus may host ""internal life""",2757,9,30.0,25,saturn (planet)|jet propulsion laboratory|chemistry|space|biology|nasa|science and technology,wn-0183.spacy
wn-0184,11,315,281,2007-03-16,Massive ice deposits found on Mars,1512,6,25.55,20,europe|mars|jet propulsion laboratory|chemistry|extraterrestrial water|education|environment|space|nasa|science and technology,wn-0184.spacy
wn-0185,12,207,177,2007-03-19,Former Arizona Governor says he saw a UFO during the 1997 Phoenix Lights,1017,4,14.75,14,wackynews|arizona|ufo|north america|space|united states|science and technology,wn-0185.spacy
wn-0186,8,144,125,2007-03-21,SpaceX Falcon I launches from Kwajalein Atoll,721,4,15.62,14,falcon 1|north america|california|space|united states|spacex|science and technology,wn-0186.spacy
wn-0187,7,166,144,2007-03-21,SpaceX Falcon I rocket fails to orbit test satellite,817,3,20.57,17,space|falcon 1|spacex|science and technology,wn-0187.spacy
wn-0188,14,398,340,2007-03-22,"Oil exploration in California, USA reveals giant impact crater",2034,7,24.29,27,"north america|california|space|united states|geology|science and technology|san diego, california",wn-0188.spacy
wn-0189,13,283,238,2007-03-23,French Space Agency CNES releases UFO files,1461,8,18.31,23,europe|france|ufo|space|science and technology,wn-0189.spacy
wn-0190,12,345,308,2007-04-12,Plants on other planets may not be green,1882,6,25.67,16,nasa|science and technology|space|united states|biology|chemistry,wn-0190.spacy
wn-0191,12,272,234,2007-04-14,Canada contributes weather station to NASA Mars mission,1476,6,19.5,37,mars|north america|weather|phoenix mission|canada|united states|space|nasa|science and technology,wn-0191.spacy
wn-0192,14,405,356,2007-04-14,NASA: Series of errors led to loss of Mars Global Surveyor,2205,8,25.43,35,disasters and accidents|mars|north america|united states|jet propulsion laboratory|computing|chemistry|space|nasa|science and technology,wn-0192.spacy
wn-0193,22,591,506,2007-04-20,Gunman kills self and hostage in Texas NASA building,3000,10,23.0,65,texas|north america|crime and law|united states|nasa,wn-0193.spacy
wn-0194,10,263,226,2007-04-21,Space tourist returns to Earth after 14 day trip,1329,3,22.6,27,hungary|international space station|europe|kazakhstan|space|science and technology|soyuz programme|asia,wn-0194.spacy
wn-0195,6,161,143,2007-04-23,India's first commercial satellite launch,925,3,23.83,20,india|space|italy|science and technology|asia,wn-0195.spacy
wn-0196,12,315,267,2007-04-24,Newly discovered extra-solar planet may be Earth-like,1542,9,22.25,37,europe|france|portugal|switzerland|world|astronomy|european southern observatory|south america|chile|space|science and technology,wn-0196.spacy
wn-0197,11,278,227,2007-05-03,Gay not an option on MySpace profiles,1316,6,20.64,18,culture and entertainment|lgbt|same-sex marriage|myspace|world|science and technology|internet,wn-0197.spacy
wn-0198,9,239,215,2007-05-08,NASA observes largest supernova on record,1214,2,23.89,14,physics|space|nasa|science and technology|astronomy,wn-0198.spacy
wn-0199,7,182,154,2007-05-11,Hottest planet to date found in the constellation Hercules,895,5,22.0,17,exoplanets|physics|space|nasa|science and technology|astronomy,wn-0199.spacy
wn-0200,8,210,185,2007-05-11,Hubble Space Telescope successor unveiled by NASA,1065,5,23.12,28,hubble space telescope|northrop grumman|north america|space|united states|nasa|science and technology,wn-0200.spacy
wn-0201,12,239,204,2007-05-12,Object that fell through roof of New Jersey home not a meteorite,1148,5,17.0,9,new jersey|disasters and accidents|north america|united states|rutgers university|orbital debris|wackynews|space|science and technology,wn-0201.spacy
wn-0202,7,226,185,2007-05-14,"User-generated content, other high-bandwidth websites blocked for U.S. soldiers",1191,4,26.43,26,politics and conflicts|mtv|myspace|north america|media|united states|internet|youtube,wn-0202.spacy
wn-0203,15,378,324,2007-05-17,Recently discovered planet may contain 'hot ice',1799,7,21.6,32,europe|science and technology|extraterrestrial water|space|physics|chemistry|astronomy,wn-0203.spacy
wn-0204,22,524,455,2007-05-22,Spirit Rover on Mars finds water made 'silica-rich soil',2632,9,20.68,42,cornell university|mars|extraterrestrial water|space|jet propulsion laboratory|nasa|science and technology,wn-0204.spacy
wn-0205,10,286,250,2007-06-03,Space Shuttle Atlantis set for June 8 launch despite worker strike,1530,6,25.0,28,international space station|space shuttle atlantis|north america|space|united states|nasa|science and technology,wn-0205.spacy
wn-0206,16,389,331,2007-06-09,"Atlantis launched, heads for International Space Station",1981,8,20.69,41,international space station|space shuttle atlantis|world|space|united states|nasa|science and technology,wn-0206.spacy
wn-0207,9,245,211,2007-06-09,Heat protection system on Space Shuttle Atlantis damaged during liftoff,1186,7,23.44,27,international space station|space shuttle atlantis|disasters and accidents|north america|space|united states|nasa|science and technology,wn-0207.spacy
wn-0208,9,201,167,2007-06-11,"Atlantis docks, astronauts ready for spacewalk",1021,6,18.56,26,extra-vehicular activity|international space station|space shuttle atlantis|space|united states|nasa,wn-0208.spacy
wn-0209,10,266,241,2007-06-12,Left wing of Atlantis may have been damaged,1333,5,24.1,21,space shuttle atlantis|disasters and accidents|space|nasa|science and technology,wn-0209.spacy
wn-0210,7,197,174,2007-06-12,NASA extends Space Shuttle Atlantis' mission,966,5,24.86,21,nasa|space|world|science and technology,wn-0210.spacy
wn-0211,18,457,402,2007-06-12,Recent 'Earth-like planet' found in April 'too hot' for life say some scientists,2251,8,22.33,27,germany|space|united states|physics|science and technology|astronomy,wn-0211.spacy
wn-0212,13,472,422,2007-06-13,"Mars was once covered by oceans, study says",2394,9,32.46,46,marine science|mars|california|space|united states|geology|science and technology,wn-0212.spacy
wn-0213,15,421,367,2007-06-14,Shuttle mission may be extended further due to ISS computer failure,2108,9,24.47,31,international space station|space shuttle atlantis|space|nasa|science and technology,wn-0213.spacy
wn-0214,9,204,179,2007-06-15,Astronauts fix thermal blanket on Atlantis,998,6,19.89,14,space|space shuttle atlantis|nasa|science and technology,wn-0214.spacy
wn-0215,18,354,303,2007-06-16,ISS crew bypass faulty switch to power-up computers,1802,10,16.83,32,europe|north america|united states|international space station|space shuttle atlantis|russia|space|nasa|science and technology,wn-0215.spacy
wn-0216,16,335,301,2007-06-21,Landing of Space Shuttle Atlantis postponed due to bad weather,1833,5,18.81,30,international space station|space shuttle atlantis|iain macdonald (wikinewsie)|north america|weather|space|united states|nasa,wn-0216.spacy
wn-0217,17,548,493,2007-06-22,Space Shuttle Atlantis lands in California,2976,6,29.0,53,iain macdonald (wikinewsie)|north america|weather|california|united states|international space station|space shuttle atlantis|space|nasa,wn-0217.spacy
wn-0218,9,210,190,2007-06-28,European Space Agency seeks volunteers for Mars simulation,1066,5,21.11,27,space|europe|science and technology|mars,wn-0218.spacy
wn-0219,13,320,292,2007-07-10,NASA readies Mars lander for launch,1705,4,22.46,38,phoenix mission|mars|chemistry|space|united states|nasa|science and technology,wn-0219.spacy
wn-0220,9,250,219,2007-07-11,Police investigate Youtube video of two year old 'on ecstacy',1187,4,24.33,11,myspace|north america|united states|crime and law|mdma|youtube,wn-0220.spacy
wn-0221,8,263,223,2007-07-12,NASA says water found on exoplanet,1392,6,27.88,23,hubble space telescope|exoplanets|european space agency|extraterrestrial water|chemistry|space|nasa|science and technology,wn-0221.spacy
wn-0222,11,191,163,2007-07-26,NASA says worker tried to sabotage ISS,961,5,14.82,14,nasa|international space station|north america|space|united states|crime and law|science and technology,wn-0222.spacy
wn-0223,9,214,182,2007-07-27,"Blast kills three at Mojave Spaceport, California",1149,6,20.22,25,northrop grumman|disasters and accidents|california|space|united states|science and technology,wn-0223.spacy
wn-0224,7,170,153,2007-07-31,Alan Turing Building opens at University of Manchester,937,4,21.86,9,united kingdom|europe|mathematics|alan turing|astronomy|physics|science and technology|education,wn-0224.spacy
wn-0225,10,270,232,2007-08-07,Largest exoplanet so far is discovered,1344,4,23.2,25,exoplanets|arizona|space|united states|physics|science and technology|astronomy,wn-0225.spacy
wn-0226,15,368,330,2007-08-11,'Gouge' found on wing of Space Shuttle Endeavour,1792,6,22.0,25,international space station|disasters and accidents|north america|space|united states|nasa|science and technology,wn-0226.spacy
wn-0227,11,231,206,2007-08-11,Home video captures alleged UFOs in Haiti,1155,4,18.73,15,wackynews|haiti|space|world|science and technology,wn-0227.spacy
wn-0228,9,190,171,2007-08-13,Annual Perseids meteor shower visible in northern hemisphere,1000,4,19.0,13,space|world|environment,wn-0228.spacy
wn-0229,9,249,222,2007-08-21,Space Shuttle Endeavour to return to Earth on Tuesday,1269,5,24.67,30,north america|weather|united states|nasa|science and technology,wn-0229.spacy
wn-0230,10,243,214,2007-09-05,Proton rocket fails during launch of JCSAT-11 satellite,1395,5,21.4,24,russia|environment|disasters and accidents|kazakhstan|baikonur cosmodrome|space|science and technology|asia,wn-0230.spacy
wn-0231,10,212,192,2007-09-10,Cassini space probe to flyby Saturn's moon Iapetus,1145,4,19.2,25,geology|saturn (planet)|space|nasa|science and technology,wn-0231.spacy
wn-0232,5,159,144,2007-09-13,$20 million prize offered in lunar rover contest,794,3,28.8,19,space|robotics|science and technology|the moon,wn-0232.spacy
wn-0233,8,243,214,2007-09-19,Japan's lunar probe performing 'smoothly' after successful launch,1223,5,26.75,29,the moon|chemistry|japan|space|science and technology|asia,wn-0233.spacy
wn-0234,23,594,500,2007-09-19,NASA prepares to launch mission to nearby asteroids,2891,5,21.74,67,north america|united states|oceania|astronomy|marshall islands|micronesia|space|nasa|science and technology,wn-0234.spacy
wn-0235,18,477,415,2007-09-20,Meteorite blamed for mysterious illness in Peru,2510,5,23.06,31,peru|south america|health|space|jet propulsion laboratory,wn-0235.spacy
wn-0236,6,155,135,2007-09-21,Peruvian crater caused by meteor,808,4,22.5,16,natural disasters|peru|disasters and accidents|geology|university of arizona|south america|health|space|science and technology,wn-0236.spacy
wn-0237,11,359,314,2007-09-24,Seven caves found on Mars: NASA,1831,5,28.55,28,united states geological survey|mars|space|united states|nasa|science and technology,wn-0237.spacy
wn-0238,16,445,380,2007-10-04,NASA says star system contains 'earth-like planet' in the making,2222,6,23.75,24,physics|space|nasa|science and technology|astronomy,wn-0238.spacy
wn-0239,15,424,365,2007-10-05,Construction on massive radio telescope array to begin in 2012,2213,6,24.33,43,united kingdom|south africa|australia|space|science and technology|astronomy,wn-0239.spacy
wn-0240,15,362,328,2007-10-24,China launches space probe to the moon,1882,6,21.87,48,science and technology|the moon|china|space|physics|chemistry|asia,wn-0240.spacy
wn-0241,10,308,273,2007-10-24,Evidence of 'shattered moon' found inside rings of Saturn,1577,5,27.3,19,geology|colorado|saturn (planet)|space|united states|nasa|science and technology|astronomy,wn-0241.spacy
wn-0242,15,407,355,2007-10-27,Unexpected comet 'outburst' could be visible for weeks,1982,7,23.67,27,comets|space|world|science and technology,wn-0242.spacy
wn-0243,9,194,175,2007-11-05,Space Shuttle Discovery to return to Earth,1037,5,19.44,16,international space station|north america|space shuttle discovery|space|united states|nasa|science and technology,wn-0243.spacy
wn-0244,14,397,358,2007-11-20,International Space Station astronauts complete spacewalk,2116,4,25.57,40,extra-vehicular activity|international space station|north america|space|united states|nasa|science and technology,wn-0244.spacy
wn-0245,20,366,321,2007-11-28,NASA unveils detailed map of Antarctica,2011,6,16.05,35,nasa|antarctica|science and technology|national science foundation,wn-0245.spacy
wn-0246,14,390,337,2007-11-29,Venus was once more Earth-like than previously thought,2029,5,24.07,35,europe|university of oxford|space|venus|science and technology|environment,wn-0246.spacy
wn-0247,9,178,154,2007-12-05,GOES-12 weather satellite fails during adjustment,981,3,17.11,14,disasters and accidents|north america|weather|united states|environment|amazon rainforest|south america|space|science and technology,wn-0247.spacy
wn-0248,8,238,207,2007-12-09,Space Shuttle Atlantis launch delayed until 2008,1244,3,25.88,26,international space station|space shuttle atlantis|european space agency|north america|space|united states|nasa|science and technology,wn-0248.spacy
wn-0249,11,340,303,2007-12-13,Saturn's rings are much older than previously thought,1789,7,27.55,25,saturn (planet)|physics|space|nasa|science and technology|astronomy,wn-0249.spacy
wn-0250,7,157,140,2007-12-18,Brazilian-Argentine rocket successfully launched,844,2,20.0,21,buenos aires|atlantic ocean|south america|argentina|space|brazil|science and technology,wn-0250.spacy
wn-0251,9,272,239,2007-12-24,Astronomers say asteroid could hit Mars,1350,6,26.56,27,mars|space|jet propulsion laboratory|nasa|science and technology|astronomy,wn-0251.spacy
wn-0252,13,355,316,2008-01-04,Launch of Space Shuttle Atlantis once again delayed,1828,6,24.31,23,international space station|europe|european space agency|north america|space|united states|nasa|science and technology,wn-0252.spacy
wn-0253,12,309,269,2008-01-08,Sun begins Solar Cycle 24,1591,5,22.42,26,alaska|north america|space|united states|world|science and technology,wn-0253.spacy
wn-0254,19,492,433,2008-01-13,Hydrogen gas cloud to smash into Milky Way galaxy,2378,6,22.79,30,space|physics|science and technology|astronomy,wn-0254.spacy
wn-0255,20,447,392,2008-01-14,NASA spacecraft to begin collecting data on Mercury,2391,6,19.6,55,geology|messenger|science and technology|mercury (planet)|space|nasa|chemistry,wn-0255.spacy
wn-0256,15,363,313,2008-01-21,Israeli spy satellite launched by Indian rocket,1917,4,20.87,44,india|israel|nuclear proliferation|space|science and technology,wn-0256.spacy
wn-0257,12,341,300,2008-01-24,Asteroid to fly by Earth,1695,5,25.0,35,earth|physics|space|nasa|science and technology,wn-0257.spacy
wn-0258,18,369,316,2008-01-27,Disabled U.S. spy satellite to fall to Earth,1941,6,17.56,17,north america|space|united states,wn-0258.spacy
wn-0259,9,208,176,2008-01-28,Proton rocket launches Ekspress AM-33 comsat,1059,4,19.56,24,europe|russia|kazakhstan|baikonur cosmodrome|space|science and technology|asia,wn-0259.spacy
wn-0260,31,579,492,2008-02-02,NASA holds ceremony to commemorate anniversary of Space Shuttle Columbia disaster,2933,9,15.87,62,florida|israel|north america|disasters and accidents|iain macdonald (wikinewsie)|united states|texas|india|space|nasa,wn-0260.spacy
wn-0261,13,277,237,2008-02-02,NASA to beam Beatles song into deep space,1370,8,18.23,34,wackynews|spain|culture and entertainment|music|the beatles|space|nasa|science and technology,wn-0261.spacy
wn-0262,9,241,210,2008-02-05,Progress M-63 freighter en route to International Space Station,1293,5,23.33,34,europe|international space station|kazakhstan|russia|baikonur cosmodrome|space|soyuz programme|asia,wn-0262.spacy
wn-0263,8,233,203,2008-02-06,Space shuttle Atlantis set for launch with Columbus module,1197,4,25.38,24,europe|international space station|european space agency|space|united states|nasa,wn-0263.spacy
wn-0264,13,318,277,2008-02-07,Space Shuttle Atlantis launches on mission STS-122,1696,6,21.31,47,nasa|europe|north america|united states|international space station|space shuttle atlantis|space|rex walheim|science and technology,wn-0264.spacy
wn-0265,13,290,253,2008-02-09,Space Shuttle Atlantis docks with International Space Station,1532,8,19.46,33,europe|international space station|north america|space|united states,wn-0265.spacy
wn-0266,12,335,292,2008-02-11,Columbus module added to ISS during spacewalk,1780,4,24.33,40,europe|germany|european space agency|north america|united states|rex walheim|extra-vehicular activity|international space station|space|nasa|science and technology,wn-0266.spacy
wn-0267,9,234,201,2008-02-11,Proton rocket launches Thor 5 satellite,1215,4,22.33,27,norway|europe|russia|kazakhstan|baikonur cosmodrome|space|science and technology|asia,wn-0267.spacy
wn-0268,7,155,135,2008-02-13,'Bright' idea lights its way to win NASA contest,843,2,19.29,6,physics|north america|united states|nasa|science and technology,wn-0268.spacy
wn-0269,10,272,237,2008-02-13,Astronauts replace ISS nitrogen tank in spacewalk,1474,4,23.7,33,europe|germany|north america|united states|rex walheim|extra-vehicular activity|international space station|space|nasa|science and technology,wn-0269.spacy
wn-0270,11,254,217,2008-02-15,STS-122 astronauts perform third spacewalk,1372,4,19.73,25,extra-vehicular activity|europe|international space station|space shuttle atlantis|north america|space|united states|rex walheim,wn-0270.spacy
wn-0271,20,505,449,2008-02-15,US military to shoot down errant spy satellite,2699,5,22.45,15,space|united states|nasa|science and technology,wn-0271.spacy
wn-0272,14,378,335,2008-02-18,Shuttle Atlantis departs ISS as Endeavour rolls out for next launch,2037,4,23.93,43,europe|international space station|space|north america|japan|canada|united states|asia,wn-0272.spacy
wn-0273,14,360,306,2008-02-20,Space Shuttle Atlantis completes mission STS-122,1904,5,21.86,57,europe|international space station|space shuttle atlantis|north america|space|united states|rex walheim,wn-0273.spacy
wn-0274,14,380,331,2008-02-21,US Navy successfully destroys disabled spy satellite,2002,3,23.64,26,military|space|united states,wn-0274.spacy
wn-0275,7,249,213,2008-03-04,U.S. accuses China of developing space warfare,1282,5,30.43,29,politics and conflicts|military|china|space|united states|science and technology|north america|asia,wn-0275.spacy
wn-0276,7,181,158,2008-03-05,China delays newest rocket design to 2014,949,5,22.57,19,china|space|science and technology|asia,wn-0276.spacy
wn-0277,29,705,608,2008-03-09,Ariane 5 rocket launches first Automated Transfer Vehicle,3591,7,20.97,89,international space station|europe|space|european space agency,wn-0277.spacy
wn-0278,30,736,634,2008-03-11,Space Shuttle Endeavour launches for mission STS-123,3813,9,21.13,85,north america|japan|canada|united states|asia|international space station|space|nasa|science and technology,wn-0278.spacy
wn-0279,16,392,332,2008-03-13,Atlas V successfully launches spy satellite,1985,5,20.75,45,boeing|space|united states,wn-0279.spacy
wn-0280,13,336,287,2008-03-14,Proton rocket fails to launch AMC-14 satellite,1721,3,22.08,34,europe|russia|kazakhstan|baikonur cosmodrome|north america|space|united states|asia,wn-0280.spacy
wn-0281,14,388,341,2008-03-15,Cassini spacecraft collects sample from geyser on Saturn's moon Enceladus,2068,5,24.36,28,saturn (planet)|extraterrestrial water|chemistry|space|united states|nasa|science and technology,wn-0281.spacy
wn-0282,7,172,142,2008-03-15,Delta II launches GPS IIR-19 satellite,816,3,20.29,23,space|united states|science and technology,wn-0282.spacy
wn-0283,19,695,618,2008-03-18,NASA: Old Arctic sea ice continues to melt,3516,9,32.53,76,climate change|arctic|weather|world|nasa|environment,wn-0283.spacy
wn-0284,19,569,489,2008-03-19,Hubble detects methane on distant planet,2941,11,25.74,39,hubble space telescope|north america|united states|chemistry|university of arizona|exoplanets|space|nasa|science and technology,wn-0284.spacy
wn-0285,19,471,405,2008-03-20,Zenit rocket launches DirecTV-11 satellite,2438,7,21.32,55,norway|ukraine|russia|baikonur cosmodrome|television|space|united states|science and technology,wn-0285.spacy
wn-0286,18,468,412,2008-03-21,Scientists say that a 'global layer of water' exists on Saturn's moon Titan,2432,7,22.89,49,titan (moon)|jet propulsion laboratory|geology|marine science|extraterrestrial water|saturn (planet)|space|nasa|science and technology,wn-0286.spacy
wn-0287,12,226,189,2008-03-27,Kosmos-3M rocket launches fourth SAR-Lupe satellite,1131,4,15.75,28,military|europe|russia|germany|space|science and technology|northwestern federal district,wn-0287.spacy
wn-0288,17,340,291,2008-03-27,Space Shuttle Endeavour completes STS-123 mission,1767,5,17.12,55,europe|france|florida|north america|japan|canada|united states|soyuz programme|asia|international space station|space|science and technology,wn-0288.spacy
wn-0289,15,410,352,2008-03-28,Cassini discovers organic material on Saturn moon,2154,6,23.47,46,north america|united states|geology|chemistry|jet propulsion laboratory|saturn (planet)|space|nasa|science and technology,wn-0289.spacy
wn-0290,7,183,158,2008-04-02,US Air Force tests Minuteman III missile,946,3,22.57,19,military|united states air force|nuclear weapons|marshall islands|micronesia|california|space|united states,wn-0290.spacy
wn-0291,7,231,205,2008-04-04,UK sex offenders to be banned from some websites,1242,6,29.29,13,europe|sex crimes|jacqui smith|internet|united kingdom|politics and conflicts|myspace|bebo|facebook|crime and law,wn-0291.spacy
wn-0292,14,346,299,2008-04-08,Soyuz TMA-12 launches,1785,5,21.36,66,europe|south korea|baikonur cosmodrome|soyuz programme|asia|korean peninsula|international space station|russia|kazakhstan|space,wn-0292.spacy
wn-0293,19,512,443,2008-04-14,Atlas rocket launches ICO G1 satellite,2665,5,23.32,55,space|united states|science and technology,wn-0293.spacy
wn-0294,8,188,163,2008-04-16,Pegasus rocket launches C/NOFS satellite,976,3,20.38,25,marshall islands|micronesia|north america|space|united states|oceania|science and technology,wn-0294.spacy
wn-0295,23,576,492,2008-04-18,Ariane rocket launches Vietnam's first satellite,2982,6,21.39,61,europe|france|space|vietnam,wn-0295.spacy
wn-0296,12,284,241,2008-04-19,Soyuz TMA-11 spacecraft lands,1453,3,20.08,25,europe|south korea|north america|united states|soyuz programme|asia|korean peninsula|international space station|russia|kazakhstan|space,wn-0296.spacy
wn-0297,10,274,242,2008-04-25,Long March 3C rocket launches Tianlian-1 satellite,1402,3,24.2,32,china|space|science and technology|asia,wn-0297.spacy
wn-0298,6,223,185,2008-04-26,Shuttle Discovery moved to VAB ahead of May launch,1129,3,30.83,33,north america|japan|space shuttle discovery|united states|asia|international space station|space|nasa|science and technology,wn-0298.spacy
wn-0299,14,371,318,2008-04-27,Last Titan launch complex at Cape Canaveral demolished,1937,3,22.71,54,falcon 9|florida|dragon (spacecraft)|space|united states|spacex,wn-0299.spacy
wn-0300,9,224,188,2008-04-27,Soyuz rocket launches GIOVE-B satellite,1126,3,20.89,35,europe|international space station|russia|kazakhstan|baikonur cosmodrome|space|soyuz programme|asia,wn-0300.spacy
wn-0301,12,307,256,2008-04-28,PSLV rocket launches ten satellites,1588,3,21.33,47,europe|germany|north america|japan|canada|asia|sriharikota|netherlands|india|space|andhra pradesh|denmark,wn-0301.spacy
wn-0302,11,254,228,2008-04-28,Zenit rocket launches AMOS-3 satellite,1363,3,20.73,38,norway|ukraine|middle east|europe|baikonur cosmodrome|israel|north america|united states|asia|russia|kazakhstan|space,wn-0302.spacy
wn-0303,11,270,236,2008-05-15,Russia launches Progress spacecraft to resupply Space Station,1417,4,21.45,45,europe|international space station|russia|kazakhstan|baikonur cosmodrome|space|soyuz programme|asia,wn-0303.spacy
wn-0304,11,225,195,2008-05-21,Zenit rocket launches Galaxy 18 satellite,1187,4,17.73,28,norway|ukraine|russia|space|mexico|canada|united states,wn-0304.spacy
wn-0305,12,317,277,2008-05-22,First supernova seen during explosion breakout,1631,5,23.08,31,princeton university|space|physics|north america|united states|astronomy|swift gamma-ray burst mission|hubble space telescope|nasa|science and technology,wn-0305.spacy
wn-0306,21,521,468,2008-05-22,Signs of ancient hydrothermal vents found on Mars,2619,8,22.29,42,cornell university|science and technology|mars|space|extraterrestrial water,wn-0306.spacy
wn-0307,16,354,307,2008-05-23,Rokot launches three Gonets satellites,1849,5,19.19,43,ukraine|space|science and technology|russia,wn-0307.spacy
wn-0308,35,811,710,2008-05-26,NASA's Phoenix spacecraft lands safely on Mars,4346,12,20.29,100,mars|mars reconnaissance orbiter|phoenix mission|united states|jet propulsion laboratory|chemistry|space|nasa|science and technology,wn-0308.spacy
wn-0309,11,220,192,2008-05-27,Long March rocket launches first Fengyun-3 weather satellite,1138,4,17.45,29,china|weather|space,wn-0309.spacy
wn-0310,7,185,163,2008-05-28,Toilet on International Space Station breaks,913,4,23.29,16,international space station|space|nasa|science and technology|soyuz programme,wn-0310.spacy
wn-0311,103,2427,2079,2008-05-31,Space Shuttle Discovery launches on mission STS-124,12386,20,20.18,246,space shuttle discovery|international space station|florida|north america|japan|space|united states|asia,wn-0311.spacy
wn-0312,17,378,340,2008-06-01,NASA says Phoenix spacecraft may have landed on ice,1896,6,20.0,25,"arizona|mars|north america|phoenix mission|united states|chemistry|extraterrestrial water|university of arizona|tucson, arizona|space|nasa|science and technology",wn-0312.spacy
wn-0313,14,363,324,2008-06-02,Phoenix spacecraft makes first 'impression' on Mars,1851,6,23.14,30,phoenix mission|mars|chemistry|jet propulsion laboratory|space|biology|nasa|science and technology,wn-0313.spacy
wn-0314,14,412,375,2008-06-08,NASA's Phoenix spacecraft having trouble analyzing soil samples,2141,5,26.79,27,phoenix mission|mars|chemistry|space|nasa|science and technology,wn-0314.spacy
wn-0315,13,314,278,2008-06-09,Long March 3B rocket launches Chinasat-9 satellite,1709,4,21.38,32,china|space|france,wn-0315.spacy
wn-0316,16,339,293,2008-06-11,Delta II rocket launches GLAST observatory,1690,4,18.31,46,france|germany|japan|united states|black holes|italy|sweden|supermassive black holes|space,wn-0316.spacy
wn-0317,23,588,518,2008-06-11,NASA's Phoenix Lander has an oven full of Martian soil,2912,8,22.52,34,"arizona|mars|north america|phoenix mission|united states|chemistry|university of arizona|tucson, arizona|space|nasa|science and technology",wn-0317.spacy
wn-0318,22,553,477,2008-06-12,Ariane rocket launches Skynet and Turksat spacecraft,2924,6,21.68,62,united kingdom|europe|france|turkey|space|asia,wn-0318.spacy
wn-0319,9,204,179,2008-06-19,Kosmos-3M rocket launches six Orbcomm satellites,1096,3,19.89,26,southern federal district|europe|russia|germany|space|united states|science and technology|soyuz programme,wn-0319.spacy
wn-0320,10,216,186,2008-06-20,Jason-2 satellite launched to measure sea levels,1105,3,18.6,27,france|physics|california|space|united states|marine science|science and technology,wn-0320.spacy
wn-0321,11,260,223,2008-06-20,NASA: White substance photographed by Phoenix lander on Mars 'must have been ice',1304,5,20.27,22,"arizona|mars|north america|phoenix mission|united states|chemistry|university of arizona|tucson, arizona|space|nasa|science and technology",wn-0321.spacy
wn-0322,14,432,385,2008-06-23,Phoenix lander confirms presence of water ice on Mars,2196,7,27.5,39,"europe|arizona|european space agency|mars|north america|phoenix mission|united states|chemistry|university of arizona|tucson, arizona|space|nasa|science and technology",wn-0322.spacy
wn-0323,10,220,188,2008-06-26,NASA says Martian soil could sustain life,1121,6,18.8,16,europe|european space agency|mars|north america|phoenix mission|united states|chemistry|space|nasa|science and technology,wn-0323.spacy
wn-0324,4,143,128,2008-06-27,Asteroid slammed into Mars' northern hemisphere,780,4,32.0,16,mars reconnaissance orbiter|physics|mars|north america|space|united states|nasa|science and technology,wn-0324.spacy
wn-0325,12,313,270,2008-06-27,Proton rocket launches Prognoz satellite,1552,4,22.5,33,europe|russia|kazakhstan|baikonur cosmodrome|space|nuclear weapons|asia,wn-0325.spacy
wn-0326,13,329,285,2008-07-01,Ulysses spacecraft retires after 17 year mission,1737,4,21.92,33,europe|european space agency|space|united states|nasa|nuclear technology,wn-0326.spacy
wn-0327,26,650,555,2008-07-07,40th Ariane 5 rocket launches ProtoStar-1 and Badr-6 satellites,3405,6,21.35,69,europe|france|bermuda|atlantic ocean|european space agency|north america|united states|saudi arabia|asia|south america|space|french guiana,wn-0327.spacy
wn-0328,21,436,374,2008-07-16,Zenit-3SL rocket launches Echostar XI satellite,2274,5,17.81,53,norway|ukraine|russia|baikonur cosmodrome|north america|space|united states,wn-0328.spacy
wn-0329,73,2225,1960,2008-07-18,"Searching for asteroids, extraterrestrial life a little more rocky: Budget cuts threaten to close Arecibo, world's largest radio telescope",11926,25,26.85,222,puerto rico|cornell university|astronomy|national science foundation|space|science and technology|education,wn-0329.spacy
wn-0330,10,237,208,2008-07-22,Kosmos-3M launches final SAR-Lupe satellite,1218,3,20.8,28,europe|russia|germany|space|science and technology|northwestern federal district,wn-0330.spacy
wn-0331,18,482,426,2008-08-01,NASA to extend the Phoenix probe mission by 5 weeks,2381,7,23.67,43,phoenix mission|mars|chemistry|space|united states|science and technology,wn-0331.spacy
wn-0332,34,983,867,2008-08-03,Falcon 1 rocket fails during third launch attempt,5188,8,25.5,98,malaysia|falcon 9|canada|united states|spacex|star trek|falcon 1|apollo program|marshall islands|micronesia|elon musk|space|science and technology,wn-0332.spacy
wn-0333,28,693,602,2008-08-05,NASA denies rumors of finding life on Mars,3606,9,21.5,63,mars|north america|phoenix mission|united states|biology|chemistry|space|nasa|science and technology,wn-0333.spacy
wn-0334,22,486,424,2008-08-14,Ariane 5 rocket launches Superbird 7 and AMC-21 satellites,2530,7,19.27,53,europe|france|luxembourg|north america|japan|united states|asia|south america|space,wn-0334.spacy
wn-0335,19,458,394,2008-08-21,Iran tries to launch satellite with Safir carrier rocket,2377,8,20.74,45,space|iran,wn-0335.spacy
wn-0336,9,320,291,2008-08-31,NASA considers continuing shuttle use after 2010,1722,4,32.33,33,north america|united states|oceania|soyuz programme|international space station|marshall islands|micronesia|space|nasa|science and technology,wn-0336.spacy
wn-0337,11,262,222,2008-09-27,Chinese astronaut walks in space,1241,5,20.18,23,extra-vehicular activity|china|space|science and technology|asia,wn-0337.spacy
wn-0338,30,846,756,2008-09-29,SpaceX rocket successfully orbits on fourth attempt,4512,10,25.2,77,falcon 9|north america|united states|spacex|dragon (spacecraft)|international space station|falcon 1|science and technology|space|elon musk,wn-0338.spacy
wn-0339,15,409,362,2008-10-19,NASA mission to map the boundary of solar system,2213,5,24.13,33,boston university|physics|north america|united states|nasa|science and technology,wn-0339.spacy
wn-0340,11,311,278,2008-10-22,India's first lunar mission launched,1690,4,25.27,36,geology|chemistry|asia|sriharikota|india|the moon|space|andhra pradesh|science and technology,wn-0340.spacy
wn-0341,20,433,384,2008-10-29,Mars orbiter finds widespread evidence of water-bearing minerals,2368,7,19.2,41,mars|mars reconnaissance orbiter|united states|jet propulsion laboratory|chemistry|extraterrestrial water|space|nasa|science and technology,wn-0341.spacy
wn-0342,13,292,256,2008-11-09,Indian spacecraft Chandrayaan-1 enters moon orbit,1512,4,19.69,39,sriharikota|india|the moon|space|science and technology|asia,wn-0342.spacy
wn-0343,12,282,246,2008-11-11,NASA calls end to Mars Phoenix mission,1509,7,20.5,32,"arizona|mars|north america|phoenix mission|united states|chemistry|university of arizona|tucson, arizona|space|nasa|science and technology",wn-0343.spacy
wn-0344,21,534,467,2008-11-15,India's flag lands on Moon,2799,7,22.24,64,india|the moon|chemistry|space|geology|science and technology|asia,wn-0344.spacy
wn-0345,18,529,461,2008-11-24,SpaceX successfully test fires Falcon 9 rocket in Texas,2691,5,25.61,61,"waco, texas|falcon 9|north america|united states|spacex|texas|dragon (spacecraft)|science and technology|space|elon musk",wn-0345.spacy
wn-0346,11,214,178,2008-12-01,Space Shuttle Endeavour lands in California,1130,6,16.18,24,international space station|north america|california|space|united states|nasa|science and technology,wn-0346.spacy
wn-0347,21,327,275,2008-12-05,"Wikinews Shorts: December 6, 2008",1635,15,13.1,37,nasa|europe|france|jewellery|germany|mars|north america|canada|afghanistan|asia|nato|2008 financial crisis|economy and business|space|crime and law,wn-0347.spacy
wn-0348,18,446,398,2008-12-07,Launch of NASA's Mars Science Laboratory rover delayed until 2011,2300,3,22.11,41,space|nasa|science and technology|mars,wn-0348.spacy
wn-0349,19,454,398,2009-01-02,NASA issues survivability report on Columbia crash,2473,7,20.95,14,iain macdonald (wikinewsie)|disasters and accidents|north america|space|united states|nasa,wn-0349.spacy
wn-0350,8,198,179,2009-02-05,"MySpace removes 90,000 sex offenders",1180,4,22.38,18,myspace|united states|richard blumenthal|world|crime and law|science and technology|internet,wn-0350.spacy
wn-0351,10,241,214,2009-02-13,Russian and US satellites collide,1349,5,21.4,27,iain macdonald (wikinewsie)|russia|orbital debris|disasters and accidents|space|united states|nasa|siberia,wn-0351.spacy
wn-0352,26,622,535,2009-02-15,Burning debris from satellites spotted over several US cities,3225,8,20.58,59,"waco, texas|disasters and accidents|north america|new mexico|kentucky|united states|texas|orbital debris|houston|russia|space|science and technology",wn-0352.spacy
wn-0353,8,254,227,2009-02-16,"North Korea says it's preparing to launch space program, denies preparations to test missile",1339,5,28.38,17,politics and conflicts|korean peninsula|north korea|korean central news agency|space|science and technology|asia,wn-0353.spacy
wn-0354,33,826,702,2009-02-16,US military says 'fireballs' spotted over Texas are not related to satellite collision,4247,12,21.27,78,"waco, texas|europe|disasters and accidents|north america|new mexico|kentucky|united states|texas|orbital debris|houston|russia|space|federal aviation administration|science and technology",wn-0354.spacy
wn-0355,12,447,406,2009-02-17,General relativity effect confirmed: satellite experiment,2507,6,33.83,23,space|nasa|science and technology|physics,wn-0355.spacy
wn-0356,15,405,350,2009-02-22,Launch of space shuttle Discovery delayed indefinitely,2103,5,23.33,45,international space station|north america|space shuttle discovery|space|united states|nasa|science and technology,wn-0356.spacy
wn-0357,13,356,316,2009-02-23,New comet to be visible to naked eye for several days,1733,6,24.31,34,comets|taiwan|swift gamma-ray burst mission|space|world|science and technology|astronomy,wn-0357.spacy
wn-0358,13,296,254,2009-02-24,Rocket carrying NASA carbon dioxide satellite crashes into ocean,1595,5,19.54,23,disasters and accidents|climate change|north america|southern ocean|united states|pacific ocean|chemistry|space|nasa|science and technology,wn-0358.spacy
wn-0359,17,437,377,2009-03-07,NASA sets launch date for Space Shuttle Discovery,2258,6,22.18,50,international space station|north america|space shuttle discovery|space|united states|nasa|science and technology,wn-0359.spacy
wn-0360,17,445,390,2009-03-07,NASA successfully launches Kepler Telescope,2328,8,22.94,45,kepler telescope|physics|space|united states|nasa|science and technology|astronomy,wn-0360.spacy
wn-0361,8,255,228,2009-03-10,North Korea warns airlines over satellite fears,1430,6,28.5,28,south korea|asia|politics and conflicts|korean peninsula|north korea|air canada|space|aviation|science and technology|asiana airlines,wn-0361.spacy
wn-0362,16,362,314,2009-03-12,Launch of Space Shuttle Discovery further delayed,1859,6,19.62,42,international space station|space shuttle discovery|space|nasa|science and technology,wn-0362.spacy
wn-0363,7,200,165,2009-03-12,"Space debris threatened International Space Station, astronauts temporarily evacuated",1017,5,23.57,22,international space station|disasters and accidents|space|orbital debris|science and technology|soyuz programme,wn-0363.spacy
wn-0364,14,382,329,2009-03-15,Space Shuttle Discovery successfully launches after a month of delays,1923,5,23.5,44,international space station|north america|space shuttle discovery|space|united states|nasa|science and technology,wn-0364.spacy
wn-0365,15,390,318,2009-03-25,Comedian Stephen Colbert wins NASA space station name contest,1853,10,21.2,42,comedy|north america|television|united states|media|politics and conflicts|comedy central|international space station|culture and entertainment|space|nasa|science and technology,wn-0365.spacy
wn-0366,16,375,312,2009-03-27,New Jersey teen faces child porn charges for posting nude photos of herself online,1868,10,19.5,29,new jersey|free speech|sex crimes|north america|united states|internet|myspace|child pornography|university of pennsylvania|pornography|crime and law,wn-0366.spacy
wn-0367,11,276,247,2009-03-27,North Korea missile launch looks imminent,1462,7,22.45,24,south korea|japan|united states|asia|politics and conflicts|korean peninsula|north korea|space|science and technology,wn-0367.spacy
wn-0368,9,212,184,2009-03-29,Space Shuttle Discovery lands in Florida,1110,4,20.44,19,international space station|florida|north america|space shuttle discovery|space|united states|nasa,wn-0368.spacy
wn-0369,15,261,220,2009-03-31,Fireball lights up sky across Canadian prairies,1340,6,14.67,16,canada|north america|space|saskatchewan|science and technology|alberta|university of calgary,wn-0369.spacy
wn-0370,8,218,185,2009-04-05,Massive ice shelf expected to break away from Antarctica,1105,5,23.12,24,antarctica|european space agency|climate change,wn-0370.spacy
wn-0371,15,398,338,2009-04-05,North Korea launches rocket,2059,7,22.53,52,south korea|china|japan|nuclear proliferation|nuclear weapons|united states|north america|asia|korean peninsula|north korea|space,wn-0371.spacy
wn-0372,14,323,275,2009-04-21,Discovery of smallest exoplanet yields 'extraordinary' find,1596,5,19.64,30,exoplanets|space|physics|science and technology|astronomy,wn-0372.spacy
wn-0373,14,387,345,2009-04-29,Aurora Borealis caused by electrical space tornadoes,2220,7,24.64,25,tornadoes|canada|physics|north america|space|united states|nasa|science and technology,wn-0373.spacy
wn-0374,16,382,337,2009-05-12,NASA launches Space Shuttle Atlantis,2032,5,21.06,42,hubble space telescope|florida|north america|space|united states|nasa|science and technology,wn-0374.spacy
wn-0375,19,517,432,2009-05-15,ESA launches Herschel Space Observatory and Planck Satellite,2656,8,22.74,62,europe|france|european space agency|physics|astronomy|united kingdom|south america|comets|space|nasa|science and technology,wn-0375.spacy
wn-0376,15,285,256,2009-05-24,Space Shuttle Atlantis lands safely at Edwards Air Force Base,1510,5,17.07,33,space|north america|hubble space telescope|united states|nasa|science and technology,wn-0376.spacy
wn-0377,12,347,287,2009-05-28,Soyuz TMA-15 launches crew to International Space Station,1754,7,23.92,53,europe|south korea|baikonur cosmodrome|north america|canada|soyuz programme|korean peninsula|international space station|belgium|russia|kazakhstan|space|nasa|science and technology,wn-0377.spacy
wn-0378,18,398,355,2009-06-13,NASA cancels launch of Space Shuttle Endeavour,2146,6,19.72,53,tim kopra|international space station|north america|space|united states|nasa|science and technology,wn-0378.spacy
wn-0379,10,326,288,2009-06-18,NASA launches two space probes to the moon,1660,5,28.8,37,north america|weather|united states|chemistry|astronomy|the moon|space|nasa|science and technology,wn-0379.spacy
wn-0380,7,217,199,2009-06-25,Saturn moon may contain liquid water,1186,4,28.43,9,science and technology|saturn (planet)|extraterrestrial water|space|biology|chemistry,wn-0380.spacy
wn-0381,11,222,190,2009-07-03,ESA launches largest commercial telecom satellite,1198,3,17.27,27,europe|france|european space agency|united states|united kingdom|south america|space|nasa|science and technology,wn-0381.spacy
wn-0382,13,321,279,2009-07-11,Space Shuttle Endeavour's launchpad struck by lightning delaying launch,1646,5,21.46,29,weather|space|nasa|science and technology,wn-0382.spacy
wn-0383,12,281,245,2009-07-17,Delayed Endeavour carries Japanese lab to International Space Station,1510,8,20.42,37,florida|physics|north america|japan|united states|asia|international space station|space|nasa|science and technology,wn-0383.spacy
wn-0384,20,403,355,2009-07-20,Fortieth anniversary of first manned Moon landing,2040,5,17.75,51,buzz aldrin|michael collins (astronaut)|neil armstrong|australia|mars|north america|united states|oceania|barack obama|apollo program|culture and entertainment|australian capital territory|space|nasa|the moon|canberra,wn-0384.spacy
wn-0385,17,404,351,2009-07-21,"Black spot on Jupiter is impact site, says NASA",2017,6,20.65,44,australia|new south wales|north america|hawaii|united states|oceania|jet propulsion laboratory|jupiter|space|nasa,wn-0385.spacy
wn-0386,18,271,241,2009-08-27,Extrasolar planet will most probably fall into its star,1388,5,13.39,29,united kingdom|exoplanets|science and technology|space|physics|university of st andrews|astronomy,wn-0386.spacy
wn-0387,15,338,296,2009-09-22,Images show new dimension to Saturn's rings,1671,7,19.73,38,geology|saturn (planet)|space|nasa|science and technology|astronomy,wn-0387.spacy
wn-0388,31,576,493,2009-10-07,"New ring discovered around Saturn, could explain dark side of its moon",2759,9,15.9,55,saturn (planet)|comets|space|physics|science and technology|astronomy,wn-0388.spacy
wn-0389,12,331,296,2009-10-18,IBEX satellite releases first all sky map,1791,4,24.67,22,physics|space|united states|nasa|science and technology|astronomy,wn-0389.spacy
wn-0390,13,359,314,2009-10-29,NASA completes successful test flight of new Ares IX rocket,1874,4,24.15,40,international space station|physics|north america|orion spacecraft|united states|nasa|science and technology|george w. bush,wn-0390.spacy
wn-0391,11,236,211,2009-11-10,Prospects for a space elevator rise,1217,6,19.18,15,space|robotics|nasa,wn-0391.spacy
wn-0392,37,787,692,2009-11-14,NASA mission finds water on the Moon,3943,8,18.7,66,buzz aldrin|neil armstrong|iain macdonald (wikinewsie)|north america|mars|united states|chemistry|extraterrestrial water|the moon|space|nasa|science and technology,wn-0392.spacy
wn-0393,9,217,193,2009-11-18,"Russia may delay launch of ""Angara"" rocket due to funding cuts",1131,4,21.44,16,space|russia|science and technology,wn-0393.spacy
wn-0394,9,190,166,2009-11-22,Astronaut's baby born 200 miles below him,989,5,18.44,28,international space station|north america|space|united states|nasa|science and technology,wn-0394.spacy
wn-0395,24,516,445,2009-12-10,Hubble telescope spots oldest galaxies ever seen,2593,12,18.54,47,europe|space|european space agency|north america|united states|astronomy|hubble space telescope|university of edinburgh|nasa|science and technology,wn-0395.spacy
wn-0396,21,434,373,2009-12-19,NASA flyby of Saturn moon Titan produces first image of liquid on another world,2130,7,17.76,42,iain macdonald (wikinewsie)|titan (moon)|united states|jet propulsion laboratory|chemistry|astronomy|saturn (planet)|space|nasa|science and technology,wn-0396.spacy
wn-0397,17,416,353,2010-01-14,Cocaine found at Kennedy Space Center,2120,9,20.76,25,drugs|florida|north america|crime and law|space|united states|nasa|cocaine,wn-0397.spacy
wn-0398,15,398,344,2010-03-02,"NASA scientist: Chile earthquake may have shifted Earth's axis, shortened day",2035,6,22.93,43,writing contest 2010|bloomberg news|earth|tempodivalse (wwc2010)|jet propulsion laboratory|2010 chile earthquake|chile|space|nasa|earthquakes,wn-0398.spacy
wn-0399,15,369,331,2010-03-07,Paleontologists reaffirm the cause of dino extinction,2032,6,22.07,22,writing contest 2010|natural disasters|disasters and accidents|north america|weather|geology|chemistry|environment|mexico|space|biology|science and technology|dinosaurs|poeticverse (wwc2010),wn-0399.spacy
wn-0400,11,299,262,2010-04-03,Space shuttle Discovery cleared for Monday launch,1569,4,23.82,36,c628 (wikinewsie)|c628 (wwc2010)|writing contest 2010|north america|space shuttle discovery|united states|international space station|space|nasa|science and technology,wn-0400.spacy
wn-0401,19,600,535,2010-04-16,US unveils revived space exploration program,3086,6,28.16,52,c628 (wikinewsie)|c628 (wwc2010)|writing contest 2010|florida|space|north america|united states|oceania|barack obama|kennedy space center|international space station|marshall islands|micronesia|orion spacecraft|the moon|nasa|science and technology,wn-0401.spacy
wn-0402,13,382,327,2010-04-25,"Stephen Hawking: aliens 'almost certain to exist,' could invade Earth",2056,8,25.15,27,united kingdom|europe|culture and entertainment|space|hubble space telescope|science and technology|stephen hawking|astronomy,wn-0402.spacy
wn-0403,12,264,225,2010-05-14,Space Shuttle Atlantis launches for the final time,1297,6,18.75,38,north america|twitter|united states|orbital debris|kennedy space center|international space station|space shuttle atlantis|space|nasa|science and technology,wn-0403.spacy
wn-0404,8,168,144,2010-05-24,Nicolaus Copernicus buried again,944,4,18.0,20,europe|religion|roman catholic church|history|astronomy|society|christianity|archaeology|poland|science and technology,wn-0404.spacy
wn-0405,12,244,200,2010-05-27,Atlantis lands at Kennedy Space Center,1204,4,16.67,29,international space station|space shuttle atlantis|north america|space|united states|nasa|science and technology|kennedy space center,wn-0405.spacy
wn-0406,17,429,370,2010-06-04,SpaceX launches first Falcon 9 rocket,2253,7,21.76,53,falcon 9|florida|north america|united states|spacex|dragon (spacecraft)|kennedy space center|international space station|elon musk|space|nasa|science and technology,wn-0406.spacy
wn-0407,12,311,273,2010-06-06,Large fireball observed after object strikes Jupiter,1554,6,22.75,34,space|jupiter|science and technology|astronomy,wn-0407.spacy
wn-0408,21,430,353,2010-06-07,Men isolated to mimic Mars flight,2043,6,16.81,44,space|european space agency|mars|mental health|moscow|russia|health|kayau (wikinewsie)|science and technology,wn-0408.spacy
wn-0409,17,343,293,2010-06-10,South Korean Naro-1 space rocket explodes after take-off,1773,8,17.24,41,korean peninsula|south korea|space|science and technology|asia,wn-0409.spacy
wn-0410,15,326,284,2010-06-21,Ailing social networking website MySpace loses co-president after four months,1737,4,18.93,48,myspace|bebo|economy and business|aol|science and technology|internet,wn-0410.spacy
wn-0411,10,254,224,2010-07-02,Progress spacecraft fails to dock with International Space Station,1415,4,22.4,20,international space station|europe|russia|north america|space|united states|nasa,wn-0411.spacy
wn-0412,9,215,186,2010-07-05,Overdue supply ship docks with International Space Station,1105,4,20.67,16,international space station|russia|space|united states|nasa,wn-0412.spacy
wn-0413,19,394,339,2010-07-12,Rosetta spacecraft passes Lutetia asteroid,2069,6,17.84,33,nasa|europe|european space agency|united states|geology|chemistry|rosetta mission|comets|space|physics|science and technology,wn-0413.spacy
wn-0414,20,450,379,2010-07-21,Astronomers discover largest star on record,2303,10,18.95,31,europe|space|physics|astronomy|european southern observatory|very large telescope|chile|hubble space telescope|nasa|science and technology|university of sheffield,wn-0414.spacy
wn-0415,13,255,227,2010-08-03,Emergency spacewalks planned to fix International Space Station,1399,5,17.46,31,extra-vehicular activity|international space station|russia|roscosmos|space|united states|nasa|science and technology,wn-0415.spacy
wn-0416,9,229,200,2010-08-03,Northern lights may appear across Canada and northern U.S. late Tuesday night,1211,4,22.22,25,nasa|europe|north america|space|physics|science and technology|astronomy,wn-0416.spacy
wn-0417,12,322,285,2010-08-09,Technical troubles hold up International Space Station repairs,1748,10,23.75,24,europe|north america|united states|extra-vehicular activity|international space station|russia|space|nasa|science and technology,wn-0417.spacy
wn-0418,11,241,214,2010-08-20,Scientists conclude that the universe may expand forever,1297,7,19.45,13,hubble space telescope|nasa|north america|united states|jet propulsion laboratory|astronomy|space|physics|science and technology,wn-0418.spacy
wn-0419,11,239,213,2010-08-22,Scientists say the moon is slowly shrinking,1274,6,19.36,13,nasa|north america|united states|astronomy|apollo program|the moon|space|physics|science and technology,wn-0419.spacy
wn-0420,14,324,279,2010-08-25,Astronomers discover large exo-solar system,1655,6,19.93,18,exoplanets|science and technology|space|university of st andrews|astronomy,wn-0420.spacy
wn-0421,15,297,261,2010-09-19,Jupiter at its brightest in 47 years,1453,7,17.4,28,jupiter|space|physics|science and technology|astronomy,wn-0421.spacy
wn-0422,14,339,295,2010-10-01,NASA's new space capsule to be ready for test flights by 2013,1765,8,21.07,33,mars|north america|united states|international space station|orion spacecraft|space|the moon|nasa|science and technology,wn-0422.spacy
wn-0423,11,307,267,2010-10-01,New planet found in 'Habitable Zone',1598,5,24.27,14,exoplanets|north america|california|space|united states|science and technology|astronomy,wn-0423.spacy
wn-0424,9,195,172,2010-10-03,China launches Chang'e 2 lunar probe,979,5,19.11,29,the moon|china|space|science and technology|asia,wn-0424.spacy
wn-0425,14,315,283,2010-10-06,Remaining Expedition 25 crew to launch to International Space Station,1759,5,20.21,30,europe|european space agency|baikonur cosmodrome|north america|united states|soyuz programme|asia|international space station|kazakhstan|space|nasa|science and technology,wn-0425.spacy
wn-0426,8,164,144,2010-10-09,Remaining Expedition 25 crew launch to space,880,5,18.0,31,european space agency|baikonur cosmodrome|soyuz programme|asia|international space station|russia|kazakhstan|space|nasa|science and technology,wn-0426.spacy
wn-0427,10,222,193,2010-10-15,Brazilian astronomers propose new model of our galaxy,1097,6,19.3,13,south america|space|brazil|physics|science and technology|astronomy,wn-0427.spacy
wn-0428,10,197,174,2010-10-30,Final launch of Space Shuttle Discovery delayed another day,1090,5,17.4,24,international space station|north america|space shuttle discovery|space|united states|nasa|science and technology,wn-0428.spacy
wn-0429,10,207,183,2010-11-03,Final launch of Space Shuttle Discovery delayed until at least Thursday,1149,7,18.3,22,international space station|space shuttle discovery|space|nasa|science and technology,wn-0429.spacy
wn-0430,11,229,195,2010-11-23,SpaceX Dragon spacecraft certified by US Federal Aviation Administration,1246,5,17.73,32,falcon 9|north america|california|united states|spacex|dragon (spacecraft)|international space station|economy and business|space|federal aviation administration|nasa|science and technology,wn-0430.spacy
wn-0431,8,176,149,2010-11-26,Russian Soyuz space capsule lands safely with crew,956,6,18.62,32,europe|north america|united states|soyuz programme|asia|international space station|kazakhstan|russia|space|nasa|science and technology,wn-0431.spacy
wn-0432,13,318,282,2010-12-16,Expedition 26 crew blast off to space station,1744,6,21.69,38,europe|european space agency|baikonur cosmodrome|north america|united states|italy|soyuz programme|international space station|russia|kazakhstan|space|roscosmos|nasa|science and technology,wn-0432.spacy
wn-0433,7,226,194,2011-01-11,"Moon water possibly originated from comets, data shows",1208,6,27.71,23,north america|connecticut|united states|chemistry|extraterrestrial water|astronomy|apollo program|the moon|comets|space|nasa|science and technology,wn-0433.spacy
wn-0434,11,227,200,2011-01-19,"NASA astronaut Tim Kopra, crew member of upcoming mission, sustains injury",1183,4,18.18,21,international space station|space|north america|tim kopra|united states|nasa,wn-0434.spacy
wn-0435,13,274,233,2011-01-21,Injured NASA astronaut replaced on crew of upcoming mission,1451,6,17.92,31,international space station|space|north america|tim kopra|united states|nasa,wn-0435.spacy
wn-0436,22,555,488,2011-02-25,Space Shuttle Discovery launches on final mission,2938,8,22.18,53,international space station|florida|north america|space shuttle discovery|space|nasa|science and technology|kennedy space center,wn-0436.spacy
wn-0437,15,453,406,2011-02-26,Space Shuttle Discovery arrives at International Space Station,2480,10,27.07,46,international space station|robotics|north america|space shuttle discovery|space|united states|nasa|science and technology,wn-0437.spacy
wn-0438,16,423,365,2011-03-10,Space Shuttle Discovery lands for final time,2263,8,22.81,50,florida|space|north america|united states|kennedy space center|international space station|space shuttle discovery|nasa|science and technology,wn-0438.spacy
wn-0439,8,271,248,2011-03-14,Japan earthquake shifts Earth's axis 10 centimetres,1516,4,31.0,32,2011 sendai earthquake and tsunami|europe|disasters and accidents|earth|ryan peteranna (wikinewsie)|jet propulsion laboratory|italy|earthquakes|asia|space|nasa|science and technology,wn-0439.spacy
wn-0440,13,316,272,2011-03-17,Expedition 26 crew returns to Earth safely,1622,7,20.92,40,europe|european space agency|north america|united states|soyuz programme|asia|international space station|kazakhstan|russia|space|roscosmos|nasa|science and technology,wn-0440.spacy
wn-0441,14,294,250,2011-03-27,MySpace loses over ten million users in one month,1556,5,17.86,40,europe|music|north america|california|ryan peteranna (wikinewsie)|united states|computing|united kingdom|england|culture and entertainment|myspace|science and technology,wn-0441.spacy
wn-0442,13,285,252,2011-03-30,First images received from orbit around Mercury,1508,6,19.38,35,nasa|north america|united states|geology|astronomy|messenger|mercury (planet)|space|physics|science and technology,wn-0442.spacy
wn-0443,13,328,286,2011-04-13,Anniversary of Yuri Gagarin's spaceflight marks fifty years of human space travel,1716,6,22.0,45,europe|european space agency|soviet union|north america|united states|asia|international space station|russia|space|roscosmos|nasa|science and technology,wn-0443.spacy
wn-0444,38,1066,937,2011-04-13,NASA celebrates 30th anniversary of first shuttle launch; announces new homes for retired shuttles,5733,13,24.66,122,tourism|florida|north america|space|united states|nasa|science and technology|kennedy space center,wn-0444.spacy
wn-0445,25,576,497,2011-05-18,Space Shuttle Endeavour launches for final time,3080,12,19.88,62,florida|arizona|european space agency|north america|united states|kennedy space center|international space station|gabrielle giffords|space|nasa|science and technology,wn-0445.spacy
wn-0446,12,248,216,2011-05-22,Pope speaks with astronauts in orbit for first time,1304,5,18.0,34,europe|arizona|european space agency|religion|north america|united states|italy|the vatican|christianity|international space station|pope benedict xvi|gabrielle giffords|space|nasa|science and technology,wn-0446.spacy
wn-0447,10,223,194,2011-05-25,Expedition 27 crew successfully returns to Earth,1265,7,19.4,40,europe|european space agency|north america|united states|soyuz programme|asia|international space station|kazakhstan|russia|space|roscosmos|nasa,wn-0447.spacy
wn-0448,9,229,196,2011-06-04,Mars Opportunity rover passes distance milestone,1229,6,21.78,32,mars|north america|california|space|united states|nasa|science and technology,wn-0448.spacy
wn-0449,27,707,608,2011-06-04,Space Shuttle Endeavour enters history books after nineteen years following penultimate landing of program,3741,10,22.52,92,international space station|florida|north america|ryan peteranna (wikinewsie)|space|united states|nasa|science and technology,wn-0449.spacy
wn-0450,10,282,247,2011-06-17,Study says young stars 'shoot water bullets',1451,4,24.7,14,europe|netherlands|european space agency|space|science and technology|astronomy,wn-0450.spacy
wn-0451,28,809,704,2011-06-23,Saturn moon Enceladus may have salty ocean,4259,11,25.14,57,europe|european space agency|north america|united states|marine science|chemistry|extraterrestrial water|jet propulsion laboratory|saturn (planet)|space|nasa|science and technology,wn-0451.spacy
wn-0452,11,261,231,2011-06-29,Debris narrowly misses International Space Station,1371,7,21.0,22,europe|european space agency|north america|united states|soyuz programme|asia|international space station|russia|space|roscosmos|nasa|science and technology,wn-0452.spacy
wn-0453,12,274,238,2011-07-01,U.S. space agency NASA sues ex-astronaut,1413,6,19.83,34,"nasa|florida|miami, florida|north america|united states|apollo program|the moon|space|crime and law|science and technology",wn-0453.spacy
wn-0454,19,376,331,2011-07-08,Cassini spacecraft captures large storm on Saturn,2005,6,17.42,35,saturn (planet)|physics|north america|weather|space|united states|nasa|science and technology,wn-0454.spacy
wn-0455,23,644,560,2011-07-08,End of an era: Space Shuttle Atlantis launches on final mission in program,3385,12,24.35,86,florida|north america|apple inc.|united states|rex walheim|kennedy space center|international space station|space shuttle atlantis|space|nasa|science and technology,wn-0455.spacy
wn-0456,16,375,318,2011-07-22,Space Shuttle Atlantis landing concludes program,1969,5,19.88,36,nasa|florida|north america|ryan peteranna (wikinewsie)|united states|kennedy space center|space shuttle atlantis|space|rex walheim|science and technology,wn-0456.spacy
wn-0457,7,145,125,2011-08-06,Juno spacecraft bound for Jupiter,767,4,17.86,15,florida|jupiter|north america|space|united states|nasa|science and technology,wn-0457.spacy
wn-0458,6,190,173,2011-08-09,DNA components found in meteorites,1111,3,28.83,6,north america|chemistry|space|united states|science and technology,wn-0458.spacy
wn-0459,6,175,150,2011-08-18,SETI Institute set to re-open,925,5,25.0,17,kepler telescope|north america|space|united states|nasa|science and technology,wn-0459.spacy
wn-0460,50,1406,1213,2011-09-10,Out of space in outer space: Special report on NASA's 'space junk' plans,7868,17,24.26,83,europe|china|north america|united states|orbital debris|asia|united kingdom|international space station|aviation|russia|george watson (wikinewsie)|space|nasa|science and technology,wn-0460.spacy
wn-0461,9,217,191,2012-01-16,Russian spacecraft Phobos-Grunt falls in Pacific Ocean,1157,4,21.22,31,europe|russia|mars|space|pacific ocean|science and technology|srinivas (wikinewsie),wn-0461.spacy
wn-0462,12,277,246,2012-01-18,Meteorites in Morocco found to be from Mars,1400,5,20.5,30,morocco|mars|africa|chemistry|space|geology|science and technology,wn-0462.spacy
wn-0463,10,267,230,2012-05-18,Expedition 31 crew members arrive at International Space Station,1464,6,23.0,49,europe|european space agency|baikonur cosmodrome|north america|united states|soyuz programme|asia|international space station|russia|kazakhstan|space|roscosmos|nasa|science and technology,wn-0463.spacy
wn-0464,14,304,267,2012-11-19,Expedition 33 crew returns to Earth,1561,6,19.07,40,europe|baikonur cosmodrome|european space agency|united states|texas|dragon (spacecraft)|soyuz programme|asia|international space station|houston|kazakhstan|russia|space|roscosmos|nasa,wn-0464.spacy
wn-0465,9,171,153,2012-11-27,Agencies choose yearlong crew for International Space Station,949,5,17.0,21,europe|baikonur cosmodrome|north america|united states|asia|international space station|russia|kazakhstan|space|nasa,wn-0465.spacy
wn-0466,15,283,244,2013-01-31,Main belt asteroid No. 274301 named 'Wikipedia',1574,5,16.27,37,ukraine|wikimedia foundation|europe|space|wikipedia|science and technology|astronomy,wn-0466.spacy
wn-0467,13,436,384,2013-03-29,"Soyuz TMA-08M launches to International Space Station, arrives in record time",2385,6,29.54,77,north america|united states|soyuz programme|asia|international space station|russia|kazakhstan|space|nasa|science and technology,wn-0467.spacy
wn-0468,10,272,241,2013-08-12,Britain's most experienced astronaut retires after 26 years at NASA,1393,4,24.1,23,united kingdom|europe|north america|space|united states|nasa,wn-0468.spacy
wn-0469,79,2042,1788,2014-01-21,Cold as ice: Wikinews interviews Marymegan Daly on unusual new sea anemone,10413,19,22.63,60,jupiter|remotely operated underwater vehicles|iain macdonald (wikinewsie)|north america|united states|geology|marine science|mcmurdo station|species discovery|antarctica|ross sea|national science foundation|ohio state university|biology|nasa|science and technology,wn-0469.spacy
wn-0470,9,212,187,2014-02-12,Jade Rabbit lunar rover declared lost,1128,5,20.78,27,disasters and accidents|mining|iain macdonald (wikinewsie)|china|space|the moon|science and technology|asia,wn-0470.spacy
wn-0471,8,228,198,2014-02-22,Researchers survey planet-sized space weather explosions at Venus,1185,3,24.75,25,space|european space agency|venus|nasa|science and technology,wn-0471.spacy
wn-0472,11,271,243,2014-03-01,715 exoplanets discovered by Kepler telescope,1489,5,22.09,17,kepler telescope|exoplanets|the astrophysical journal|space|nasa|science and technology,wn-0472.spacy
wn-0473,14,461,407,2014-03-28,Soyuz TMA-12M arrives at International Space Station after delay,2473,7,29.07,80,baikonur cosmodrome|north america|united states|soyuz programme|asia|international space station|russia|kazakhstan|space|nasa|science and technology,wn-0473.spacy
wn-0474,11,281,246,2014-04-24,Astronomers spot two supermassive black holes orbiting each other,1466,5,22.36,15,germany|iain macdonald (wikinewsie)|china|european space agency|black holes|supermassive black holes|the astrophysical journal|swift gamma-ray burst mission|space|physics|science and technology,wn-0474.spacy
wn-0475,13,280,235,2014-07-03,Indian space agency launches five foreign satellites,1479,4,18.08,43,europe|france|space|germany|north america|canada|narendra modi|asia|sriharikota|india|singapore|andhra pradesh|science and technology,wn-0475.spacy
wn-0476,38,953,820,2014-08-16,US researchers find a large asteroid held together by forces other than gravity,4947,11,21.58,58,"nasa|north america|tennessee|united states|jet propulsion laboratory|astronomy|science and technology|space|physics|knoxville, tennessee",wn-0476.spacy
wn-0477,11,218,189,2014-10-30,Launch failure occurs at Virginia spaceport,1181,6,17.18,26,international space station|virginia|disasters and accidents|north america|space|united states|nasa,wn-0477.spacy
wn-0478,12,238,208,2014-11-12,Philae space probe lands on comet,1220,7,17.33,16,europe|european space agency|rosetta mission|comets|space|science and technology,wn-0478.spacy
wn-0479,13,324,282,2014-12-08,Orion Spacecraft accomplishes first spaceflight test,1733,9,21.69,44,florida|mars|north america|united states|rex walheim|orion spacecraft|space|nasa|science and technology,wn-0479.spacy
wn-0480,6,216,185,2015-01-10,Researchers say light signal from space suggests merging black holes,1128,6,30.83,16,science and technology|australia|black holes|space|united states|physics|supermassive black holes,wn-0480.spacy
wn-0481,12,217,185,2015-01-11,SpaceX launches fifth resupply rocket to International Space Station,1187,4,15.42,24,robotics|falcon 9|iain macdonald (wikinewsie)|spacex|dragon (spacecraft)|international space station|science and technology|merchant shipping|space|elon musk,wn-0481.spacy
wn-0482,9,213,190,2015-01-30,Scientists find ancient solar system in Milky Way galaxy,1153,6,21.11,20,nasa|australia|kepler telescope|exoplanets|the astrophysical journal|space|physics|science and technology|university of sydney,wn-0482.spacy
wn-0483,21,272,224,2015-07-17,NASA's New Horizons space probe performs first close planetary flyby of Pluto,1346,5,10.67,38,nasa|acagastya (wikinewsie)|north america|united states|pluto|kennedy space center|charon|kuiper belt|new horizons|space|physics|science and technology,wn-0483.spacy
wn-0484,33,657,579,2015-09-22,Texas student Ahmed Mohamed inspires social movement,3570,11,17.55,79,"religion|twitter|texas|council on american–islamic relations|politics and conflicts|culture and entertainment|human rights|new york, new york|crime and law|google|united nations|mark zuckerberg|north america|united states|islam|internet|barack obama|education|anti-islamism|facebook|new york|nasa",wn-0484.spacy
wn-0485,17,321,276,2015-10-01,NASA announces water on Mars,1622,7,16.24,29,acagastya (wikinewsie)|physics|mars|mars reconnaissance orbiter|north america|united states|geology|google|extraterrestrial water|university of arizona|space|nasa|science and technology,wn-0485.spacy
wn-0486,26,491,429,2015-10-28,Time magazine names Ahmed Mohamed to 'Most Influential Teens of 2015',2553,11,16.5,61,"religion|twitter|texas|council on american–islamic relations|politics and conflicts|culture and entertainment|human rights|new york, new york|qatar|crime and law|google|united nations|middle east|mark zuckerberg|north america|malala yousafzai|united states|islam|internet|barack obama|education|time (magazine)|anti-islamism|facebook|new york|nasa",wn-0486.spacy
wn-0487,8,237,199,2016-05-09,NASA releases first topographical map of Mercury,1299,4,24.88,35,messenger|mercury (planet)|north america|space|united states|nasa|science and technology,wn-0487.spacy
wn-0488,17,414,354,2016-07-06,Final panel added to China's FAST radio telescope,2253,6,20.82,35,astronomy|china|space|science and technology|asia,wn-0488.spacy
wn-0489,14,252,210,2016-07-06,NASA's Juno spacecraft enters Jupiter orbit,1304,6,15.0,46,nasa|acagastya (wikinewsie)|north america|jet propulsion laboratory|united states|jupiter|space|physics|science and technology,wn-0489.spacy
wn-0490,10,268,220,2016-10-03,Twelve-year journey of Rosetta ends; spacecraft crashes into comet,1400,5,22.0,28,europe|acagastya (wikinewsie)|european space agency|germany|rosetta mission|jupiter|space|physics|science and technology,wn-0490.spacy
wn-0491,11,301,262,2017-01-18,Former NASA astronaut Eugene Cernan dies aged 82,1508,5,23.82,51,"illinois|chicago, illinois|north america|united states|texas|houston|apollo program|space|the moon",wn-0491.spacy
wn-0492,24,599,515,2017-06-08,Astronomers reveal discovery of the hottest gas giant exoplanet known yet,3025,6,21.46,57,hubble space telescope|north america|tennessee|united states|astronomy|exoplanets|science and technology|pennsylvania|south africa|ohio state university|space|ohio|africa,wn-0492.spacy
wn-0493,14,371,330,2017-07-17,"Sun's mood swings not so strange after all, say scientists",1959,4,23.57,21,university of montreal|astronomy,wn-0493.spacy
wn-0494,18,548,478,2018-02-07,SpaceX Falcon Heavy rocket blasts Elon Musk's personal Tesla into solar orbit,2610,5,26.56,58,kennedy space center,wn-0494.spacy
wn-0495,23,678,602,2018-05-07,NASA's InSight lander and MarCO craft launch in new mission to Mars,3661,7,26.17,88,jim bridenstine|mars|north america|california|space|united states|nasa|science and technology,wn-0495.spacy
wn-0496,30,552,465,2018-07-19,US astronomers announce discovering ten tiny Jovian satellites,2915,8,15.5,70,"acagastya (wikinewsie)|north america|united states|astronomy|washington, d.c.|south america|jupiter|chile|space|physics|science and technology",wn-0496.spacy
wn-0497,24,437,351,2018-07-31,Total lunar eclipse occurs in July 2018,2344,6,14.62,84,spain|europe|catalonia|germany|pages with missing-image template calls|international space station|photo essays|space|science and technology,wn-0497.spacy
wn-0498,17,458,403,2018-10-12,Manned Soyuz space mission aborts during launch,2451,5,23.71,63,baikonur cosmodrome|north america|united states|soyuz programme|asia|international space station|russia|kazakhstan|space|roscosmos|nasa|science and technology,wn-0498.spacy
wn-0499,20,470,397,2018-11-26,"US National Climate Assessment warns of climate-related damages to economy, ecosystems, human health",2546,5,19.85,50,donald trump|climate change|north america|united states|environment|politics and conflicts|us congress|nasa|science and technology,wn-0499.spacy
