doc_id,sent_id,relation,subj,subj_canonical,subj_label,subj_key,obj,obj_canonical,obj_label,obj_key,trigger,pattern,confidence,source,sentence
wn-0000,4,PART_OF,Hubble Space Telescope,Hubble Space Telescope,SPACECRAFT,SPACECRAFT:Hubble Space Telescope,the Wide Field Camera 3,Wide Field Camera 3,ORG,ORG:Wide Field Camera 3,instruments,path_trigger,0.4,rule,"Norman noted during the testimony that HOP would be, essentially, a lighter copy of the Hubble Space Telescope and would include two instruments that were scheduled for installation on the Hubble: the Cosmic Origins Spectrograph (COS), the Wide Field Camera 3 (WFC3), plus the new Very Wide Field Imager (VWFI) to be paid for and provided by Japan."
wn-0001,0,LAUNCHED_BY,Delta IV Heavy,Delta IV Heavy,SPACECRAFT,SPACECRAFT:Delta IV Heavy,Boeing,Boeing,ORG,ORG:Boeing,launch,path_trigger,0.4,rule,"A launch on December 21, 2004 by Boeing with a new ""Delta IV Heavy"" rocket from Cape Canaveral failed to place a 'dummy' satellite into its intended orbit, but the launch was considered successful by Air Force officials."
wn-0001,1,LAUNCHED_BY,Delta IV,Delta IV,SPACECRAFT,SPACECRAFT:Delta IV,the U.S. Air Force Research Laboratory,U.S. Air Force Research Laboratory,ORG,ORG:U.S. Air Force Research Laboratory,launch,path_trigger,0.4,rule,"The dummy satellite, the purpose of which was to monitor the Delta IV launch, as well as two experimental nanosatellites, provided by the U.S. Air Force Research Laboratory to take digital photos of cloud formations and to test the effectiveness of materials in spacecraft, were lost."
wn-0002,0,LAUNCHED_BY,Delta IV Heavy,Delta IV Heavy,SPACECRAFT,SPACECRAFT:Delta IV Heavy,Boeing,Boeing,ORG,ORG:Boeing,launch,path_trigger,0.4,rule,"A launch on December 21, 2004 by Boeing with a new ""Delta IV Heavy"" rocket from Cape Canaveral failed to place a 'dummy' satellite into geosynchronous orbit, but the launch was considered successful by Air Force officials."
wn-0002,1,LAUNCHED_BY,Delta IV,Delta IV,SPACECRAFT,SPACECRAFT:Delta IV,the U.S. Air Force Research Laboratory,U.S. Air Force Research Laboratory,ORG,ORG:U.S. Air Force Research Laboratory,launch,path_trigger,0.4,rule,"The dummy satellite, the purpose of which was to monitor the Delta IV launch, as well as two experimental nanosatellites, provided by the U.S. Air Force Research Laboratory to take digital photos of cloud formations and to test the effectiveness of materials in spacecraft, were lost."
wn-0003,0,DESTINATION,Cassini,Cassini,SPACECRAFT,SPACECRAFT:Cassini,Saturn,Saturn,CELESTIAL,CELESTIAL:Saturn,probe,path_trigger,0.4,rule,"The Cassini space probe, currently in orbit around the planet Saturn, has returned extraordinary pictures from the Saturnian satellite Iapetus."
wn-0003,0,ORBITS,Cassini,Cassini,SPACECRAFT,SPACECRAFT:Cassini,Saturn,Saturn,CELESTIAL,CELESTIAL:Saturn,orbit,np_prep,0.6,rule,"The Cassini space probe, currently in orbit around the planet Saturn, has returned extraordinary pictures from the Saturnian satellite Iapetus."
wn-0005,8,LAUNCHED_BY,Cassini-Huygens,Cassini-Huygens,SPACECRAFT,SPACECRAFT:Cassini-Huygens,NASA,NASA,ORG,ORG:NASA,launched,active_svo,0.88,rule,"NASA launched Cassini-Huygens, the largest interplanetary space craft ever built, on October 15, 1997."
wn-0006,0,DESTINATION,Huygens,Huygens,SPACECRAFT,SPACECRAFT:Huygens,Titan,Titan,CELESTIAL,CELESTIAL:Titan,probe,path_trigger,0.4,rule,"Huygens, the European built Titan exploration probe, ended its seven-year voyage today when it landed on the surface of the second largest moon in the solar system at 11:38 a.m."
wn-0006,7,DESTINATION,Cassini,Cassini,SPACECRAFT,SPACECRAFT:Cassini,Titan,Titan,CELESTIAL,CELESTIAL:Titan,probe,path_trigger,0.4,rule,Huygens broadcast data to its Cassini mothership (the US probe which carried Huygens to Titan) throughout its descent and then from the surface.
wn-0007,3,ORBITS,Shenzhou,Shenzhou,SPACECRAFT,SPACECRAFT:Shenzhou,Earth,Earth,CELESTIAL,CELESTIAL:Earth,circled,active_svo,0.88,rule,"China's first manned space mission happened in October 2003, in which the Shenzhou V spaceship circled the Earth fourteen times and landed safely by parachute on the northern plains of China."
wn-0008,0,OPERATED_BY,Rover Opportunity,Rover Opportunity,SPACECRAFT,SPACECRAFT:Rover Opportunity,NASA,NASA,ORG,ORG:NASA,NASA,poss,0.62,rule,"NASA's Mars Exploration Rover Opportunity has found a basketball-sized iron meteorite near heat shield debris at Meridiani Planum, Opportunity's landing location on Mars."
wn-0013,15,OPERATED_BY,Hubble Space Telescope,Hubble Space Telescope,SPACECRAFT,SPACECRAFT:Hubble Space Telescope,Goddard Space Flight Center,Goddard Space Flight Center,ORG,ORG:Goddard Space Flight Center,managed,passive_agent,0.92,rule,The Hubble Space Telescope is managed by the Goddard Space Flight Center which is located in Congressman Hoyer's district.
wn-0014,0,OPERATED_BY,Swift,Swift,SPACECRAFT,SPACECRAFT:Swift,NASA,NASA,ORG,ORG:NASA,NASA,poss,0.62,rule,"NASA's Swift satellite has completed all tests since its launch last November and with the Ultravioliet/Optical Telescope (UVOT) now on line, is now fully functional for the mission's 2 year quest for gamma-ray bursts."
wn-0019,1,OPERATED_BY,Ariane 5,Ariane 5,SPACECRAFT,SPACECRAFT:Ariane 5,European Space Agency,ESA,ORG,ORG:ESA,Agency,poss,0.62,rule,"The European Space Agency's new Ariane 5 ECA rocket placed two satellites in orbit Saturday February 12, successfully completing its initial qualifying flight."
wn-0024,6,OPERATED_BY,Mars Express,Mars Express,SPACECRAFT,SPACECRAFT:Mars Express,European Space Agency,ESA,ORG,ORG:ESA,Agency,poss,0.62,rule,"New images of the landscape taken by the High Resolution Stereo Camera (HRSC) on the European Space Agency's Mars Express Mission show that flowing water, large glaciers and active volcanoes have also taken their toll on the face of Mars."
wn-0028,0,OPERATED_BY,Spitzer Space Telescope,Spitzer Space Telescope,SPACECRAFT,SPACECRAFT:Spitzer Space Telescope,NASA,NASA,ORG,ORG:NASA,NASA,poss,0.62,rule,"For the first time since the discovery of planets outside the solar system, light from two of the 145 confirmed extrasolar planets has been directly captured by NASA's Spitzer Space Telescope."
wn-0028,21,OPERATED_BY,Spitzer Space Telescope,Spitzer Space Telescope,SPACECRAFT,SPACECRAFT:Spitzer Space Telescope,Jet Propulsion Laboratory,JPL,ORG,ORG:JPL,manages,active_svo,0.88,rule,NASA's Jet Propulsion Laboratory manages the Spitzer Space Telescope mission for NASA's Science Mission Directorate.
wn-0029,22,OPERATED_BY,Hubble,Hubble Space Telescope,SPACECRAFT,SPACECRAFT:Hubble Space Telescope,NASA,NASA,ORG,ORG:NASA,NASA,poss,0.62,rule,"NASA's Hubble, Spitzer and Chandra space telescopes, along with the largest telescopes on Earth, will observe the effects of the material flying from the comet's newly formed crater along with the imagers aboard Deep Impact."
wn-0046,0,OPERATED_BY,Mars Reconnaissance Orbiter,Mars Reconnaissance Orbiter,SPACECRAFT,SPACECRAFT:Mars Reconnaissance Orbiter,NASA,NASA,ORG,ORG:NASA,NASA,poss,0.62,rule,"NASA's Mars Reconnaissance Orbiter (MRO), the latest robotic spacecraft destined for Mars, arrived at Kennedy Space Center's Shuttle Landing Facility on April 30 aboard a C-17 cargo plane and was delivered to the Payload Hazardous Servicing Facility to begin processing."
wn-0046,13,OPERATED_BY,Mars Reconnaissance Orbiter,Mars Reconnaissance Orbiter,SPACECRAFT,SPACECRAFT:Mars Reconnaissance Orbiter,JPL,JPL,ORG,ORG:JPL,managed,passive_agent,0.92,rule,"The Mars Reconnaissance Orbiter mission is managed by JPL, a division of the California Institute of Technology, Pasadena, for the NASA Science Mission Directorate, Washington."
wn-0050,3,LAUNCHED_BY,PSLV,PSLV,SPACECRAFT,SPACECRAFT:PSLV,Indian Space Research Organization,ISRO,ORG,ORG:ISRO,launched,passive_agent,0.92,rule,"PSLV-C6 was launched by Indian Space Research Organization (ISRO) on May 5, 2005 10:15 IST (May 05, 04:45 UT)."
wn-0057,0,OPERATED_BY,Deep Impact,Deep Impact,SPACECRAFT,SPACECRAFT:Deep Impact,NASA,NASA,ORG,ORG:NASA,NASA,poss,0.62,rule,"NASA's Deep Impact probe collided with the comet Tempel 1 on Monday, as intended by scientists."
wn-0057,8,DESTINATION,Deep Impact,Deep Impact,SPACECRAFT,SPACECRAFT:Deep Impact,Tempel 1,Tempel 1,CELESTIAL,CELESTIAL:Tempel 1,reach,verb_prep,0.82,rule,"Following its launch on January 12, 2005, the Deep Impact spacecraft took 174 days to reach Comet Tempel 1 at a cruising speed of 103,000 kilometers per hour (64,000 miles per hour)."
wn-0057,26,DESTINATION,Deep Impact,Deep Impact,SPACECRAFT,SPACECRAFT:Deep Impact,Tempel 1,Tempel 1,CELESTIAL,CELESTIAL:Tempel 1,approach,path_trigger,0.4,rule,* Movie of Deep Impact's approach to Tempel 1 * Movie of artist's conception of impact
wn-0068,0,DESTINATION,Orbiter Discovery,Orbiter Discovery,SPACECRAFT,SPACECRAFT:Orbiter Discovery,Earth,Earth,CELESTIAL,CELESTIAL:Earth,returned,verb_prep,0.82,rule,"The US Space Shuttle Orbiter Discovery has returned to Earth safely, landing at Edwards Air Force Base, California, touching down on runway 22 at 8:11:22 am EDT (1211 GMT), and rolling to a stop."
wn-0073,1,DESTINATION,Cassini-Huygens,Cassini-Huygens,SPACECRAFT,SPACECRAFT:Cassini-Huygens,Saturn,Saturn,CELESTIAL,CELESTIAL:Saturn,probe,path_trigger,0.4,rule,"This discovery was made after astronomers compiled results predominantly from the Voyager 2 spacecraft, which passed Saturn in 1981, and the Cassini-Huygens probe which entered Saturn's orbit last year."
wn-0073,1,ORBITS,Cassini-Huygens,Cassini-Huygens,SPACECRAFT,SPACECRAFT:Cassini-Huygens,Saturn,Saturn,CELESTIAL,CELESTIAL:Saturn,orbit,path_trigger,0.4,rule,"This discovery was made after astronomers compiled results predominantly from the Voyager 2 spacecraft, which passed Saturn in 1981, and the Cassini-Huygens probe which entered Saturn's orbit last year."
wn-0076,0,OPERATED_BY,Hubble Space Telescope,Hubble Space Telescope,SPACECRAFT,SPACECRAFT:Hubble Space Telescope,NASA,NASA,ORG,ORG:NASA,NASA,poss,0.62,rule,"NASA's Hubble Space Telescope entered a new era of science operations as September began, when engineers shut down one of the three operational gyroscopes aboard the observatory."
wn-0078,0,LAUNCHED_FROM,Shenzhou,Shenzhou,SPACECRAFT,SPACECRAFT:Shenzhou,the People's Republic of China,People's Republic of China,GPE,GPE:People's Republic of China,launched,path_trigger,0.4,rule,"BBC News is reporting that the People's Republic of China has successfully launched its second manned space flight, Shenzhou VI."
wn-0078,1,LAUNCHED_FROM,Shenzhou,Shenzhou,SPACECRAFT,SPACECRAFT:Shenzhou,China,China,GPE,GPE:China,launch,path_trigger,0.4,rule,"The mission is more ambitious than the previous Shenzhou V, which made China only the third nation to launch a manned space mission."
wn-0079,2,ORBITS,Shenzhou,Shenzhou,SPACECRAFT,SPACECRAFT:Shenzhou,Earth,Earth,CELESTIAL,CELESTIAL:Earth,orbited,active_svo,0.88,rule,The Shenzhou VI orbited the Earth 76 times during the mission.
wn-0079,7,ORBITS,Shenzhou,Shenzhou,SPACECRAFT,SPACECRAFT:Shenzhou,Earth,Earth,CELESTIAL,CELESTIAL:Earth,orbited,path_trigger,0.4,rule,Yang Liwei was the first Chinese in space and orbited the Earth in the Shenzhou V 14 times in 2003.
wn-0080,2,DESTINATION,Venus Express,Venus Express,SPACECRAFT,SPACECRAFT:Venus Express,Venus,Venus,CELESTIAL,CELESTIAL:Venus,arrive,verb_prep,0.82,rule,Venus Express is to arrive at Venus in April 2006.
wn-0080,8,ORBITS,Mars Express,Mars Express,SPACECRAFT,SPACECRAFT:Mars Express,Mars,Mars,CELESTIAL,CELESTIAL:Mars,orbiting,path_trigger,0.4,rule,Venus express is a clone of Mars Express which has been orbiting Mars since December 2003.
wn-0089,49,LAUNCHED_FROM,Stardust,Stardust,SPACECRAFT,SPACECRAFT:Stardust,Cape Canaveral,Cape Canaveral,FAC,FAC:Cape Canaveral,launched,verb_prep,0.82,rule,"The Stardust spacecraft was launched on February 7, 1999, from Cape Canaveral Air Station, Florida, aboard a Delta II rocket."
wn-0100,4,OPERATED_BY,Mars Express,Mars Express,SPACECRAFT,SPACECRAFT:Mars Express,European Space Agency,ESA,ORG,ORG:ESA,Agency,poss,0.62,rule,"As of now, the European Space Agency's Mars Express along with NASA's Mars Global Surveyor and Mars Odyssey are orbiting the planet."
wn-0100,4,OPERATED_BY,Mars Global Surveyor,Mars Global Surveyor,SPACECRAFT,SPACECRAFT:Mars Global Surveyor,NASA,NASA,ORG,ORG:NASA,NASA,poss,0.62,rule,"As of now, the European Space Agency's Mars Express along with NASA's Mars Global Surveyor and Mars Odyssey are orbiting the planet."
wn-0102,4,CREWED_BY,Mars Global Surveyor,Mars Global Surveyor,SPACECRAFT,SPACECRAFT:Mars Global Surveyor,Altimeter,Altimeter,PERSON,PERSON:Altimeter,aboard,np_prep,0.6,rule,The color-coded elevation data is a shaded-relief map taken by the Mars Orbiter Laser Altimeter (MOLA) on NASA's Mars Global Surveyor spacecraft.
wn-0102,4,OPERATED_BY,Mars Global Surveyor,Mars Global Surveyor,SPACECRAFT,SPACECRAFT:Mars Global Surveyor,NASA,NASA,ORG,ORG:NASA,NASA,poss,0.62,rule,The color-coded elevation data is a shaded-relief map taken by the Mars Orbiter Laser Altimeter (MOLA) on NASA's Mars Global Surveyor spacecraft.
wn-0102,4,ORBITS,Mars Global Surveyor,Mars Global Surveyor,SPACECRAFT,SPACECRAFT:Mars Global Surveyor,Mars,Mars,CELESTIAL,CELESTIAL:Mars,Orbiter,path_trigger,0.4,rule,The color-coded elevation data is a shaded-relief map taken by the Mars Orbiter Laser Altimeter (MOLA) on NASA's Mars Global Surveyor spacecraft.
wn-0102,5,OPERATED_BY,Mars Odyssey,Mars Odyssey,SPACECRAFT,SPACECRAFT:Mars Odyssey,NASA,NASA,ORG,ORG:NASA,NASA,poss,0.62,rule,"The visible data is made from black and white images taken by the Mars Orbiter Camera (MOC), which is also located onboard the Mars Global Surveyor, and the infrared images were produced by the Thermal Emission Imaging System (THEMIS) on NASA's Mars Odyssey spacecraft."
wn-0105,3,LAUNCHED_BY,Voyager 1,Voyager 1,SPACECRAFT,SPACECRAFT:Voyager 1,NASA,NASA,ORG,ORG:NASA,launched,passive_agent,0.92,rule,"Voyager 1 had been launched on September 5, 1977 by NASA and was the first spacecraft to transmit close-up pictures of Jupiter and Saturn."
wn-0110,137,DESTINATION,Stardust,Stardust,SPACECRAFT,SPACECRAFT:Stardust,Mars,Mars,CELESTIAL,CELESTIAL:Mars,missions,path_trigger,0.4,rule,I'm just curious as to your thoughts on if CS majors will be more in demand now that projects like Stardust and the Mars missions have been great successes?
wn-0116,0,OPERATED_BY,shuttle Discovery,shuttle Discovery,SPACECRAFT,SPACECRAFT:shuttle Discovery,NASA,NASA,ORG,ORG:NASA,NASA,poss,0.62,rule,"With a planned launch time of 3:48 EDT (19:48 UTC), NASA's shuttle Discovery embarks on the second mission since the loss of shuttle Columbia in 2003."
wn-0119,0,LAUNCHED_FROM,Space Shuttle Discovery,Space Shuttle Discovery,SPACECRAFT,SPACECRAFT:Space Shuttle Discovery,Kennedy Space Center,Kennedy Space Center,FAC,FAC:Kennedy Space Center,launched,verb_prep,0.82,rule,"The Space Shuttle Discovery has been launched from Kennedy Space Center, on mission STS-121."
wn-0128,0,LAUNCHED_FROM,International Space Station,ISS,SPACECRAFT,SPACECRAFT:ISS,Woomera,Woomera,GPE,GPE:Woomera,launched,path_trigger,0.4,rule,NASA has announced that rockets will be launched from Woomera in outback South Australia to service the International Space Station (ISS) &amp;mdash; starting in 2008.
wn-0128,0,LAUNCHED_FROM,International Space Station,ISS,SPACECRAFT,SPACECRAFT:ISS,South Australia,South Australia,LOC,LOC:South Australia,launched,path_trigger,0.4,rule,NASA has announced that rockets will be launched from Woomera in outback South Australia to service the International Space Station (ISS) &amp;mdash; starting in 2008.
wn-0133,0,OPERATED_BY,Swift,Swift,SPACECRAFT,SPACECRAFT:Swift,NASA,NASA,ORG,ORG:NASA,NASA,poss,0.62,rule,Scientists using NASA's Swift Satellite and other telescopes have observed a supernova in near real time occurring in the constellation of Aries.
wn-0144,2,ORBITS,Space Shuttle Atlantis,Space Shuttle Atlantis,SPACECRAFT,SPACECRAFT:Space Shuttle Atlantis,Earth,Earth,CELESTIAL,CELESTIAL:Earth,orbited,path_trigger,0.4,rule,"controllers in Houston, Texas, U.S.A observed an unidentified object at approximately 7:45 UTC today moving at an undetermined distance from the Space Shuttle Atlantis as it orbited the Earth at an altitude of over 190 nautical miles."
wn-0147,18,OPERATED_BY,James Webb Space Telescope,James Webb Space Telescope,SPACECRAFT,SPACECRAFT:James Webb Space Telescope,NASA,NASA,ORG,ORG:NASA,NASA,poss,0.62,rule,"More rigorous confirmation will have to wait for new technology, specifically NASA's James Webb Space Telescope, to be launched in 2013."
wn-0154,0,OPERATED_BY,Cassini,Cassini,SPACECRAFT,SPACECRAFT:Cassini,NASA,NASA,ORG,ORG:NASA,NASA,poss,0.62,rule,NASA's Cassini Spacecraft has captured images of a massive hurricane on the planet Saturn.
wn-0154,4,CREWED_BY,Cassini,Cassini,SPACECRAFT,SPACECRAFT:Cassini,Andrew Ingersoll,Andrew Ingersoll,PERSON,PERSON:Andrew Ingersoll,member,path_trigger,0.4,rule,"Whatever it is, we're going to focus on the eye of this storm and find out why it's there,"" said Doctor Andrew Ingersoll, a member of Cassini's imaging team at the California Institute of Technology located in Pasadena."
wn-0158,20,OPERATED_BY,Mars Global Surveyor,Mars Global Surveyor,SPACECRAFT,SPACECRAFT:Mars Global Surveyor,Jet Propulsion Laboratory,JPL,ORG,ORG:JPL,manages,active_svo,0.88,rule,"NASA's Jet Propulsion Laboratory, Pasadena, manages the Mars Global Surveyor mission for the NASA Science Mission Directorate located in Washington D.C.."
wn-0164,2,CREWED_BY,Cassini,Cassini,SPACECRAFT,SPACECRAFT:Cassini,Ellen Stofan,Ellen Stofan,PERSON,PERSON:Ellen Stofan,member,path_trigger,0.4,rule,"I would say at this point, we've analyzed the data to the extent that we feel very confident that they are liquid-filled lakes,"" said University College London and Caltech and Cassini team member, Ellen Stofan."
wn-0176,3,OPERATED_BY,Chandra X-ray Observatory,Chandra X-ray Observatory,SPACECRAFT,SPACECRAFT:Chandra X-ray Observatory,NASA,NASA,ORG,ORG:NASA,run,path_trigger,0.4,rule,"The American scientists found the new stars in the Southern Cross by using the Chandra X-ray Observatory, a space satellite run by NASA (National Aeronautics and Space Administration) which uses x-rays."
wn-0178,0,OPERATED_BY,Mars Reconnaissance Orbiter,Mars Reconnaissance Orbiter,SPACECRAFT,SPACECRAFT:Mars Reconnaissance Orbiter,NASA,NASA,ORG,ORG:NASA,NASA,poss,0.62,rule,"NASA's Mars Reconnaissance Orbiter has discovered more evidence on the Planet Mars that water may have flowed beneath the surface and that ""cracks"" that lead below the surface may have, at one time, been ""habitable"" for ""microbial life,"" according to the head investigater for the orbiter's camera, Dr. Alfred McEwen."
wn-0179,0,OPERATED_BY,Spitzer Space Telescope,Spitzer Space Telescope,SPACECRAFT,SPACECRAFT:Spitzer Space Telescope,NASA,NASA,ORG,ORG:NASA,NASA,poss,0.62,rule,"NASA's Spitzer Space Telescope made news this week when it was announced that the space observatory had, for the first time, captured enough light to detect molecules in the atmospheres of planets outside the solar system."
wn-0184,0,OPERATED_BY,Mars Express,Mars Express,SPACECRAFT,SPACECRAFT:Mars Express,European Space Agency,ESA,ORG,ORG:ESA,Agency,poss,0.62,rule,The European Space Agency's Mars Express spacecraft has discovered ice deposits in the south pole of Mars that are larger than the state of Texas.
wn-0191,0,DESTINATION,Phoenix,Phoenix,SPACECRAFT,SPACECRAFT:Phoenix,Mars,Mars,CELESTIAL,CELESTIAL:Mars,mission,noun_of,0.75,rule,"Canadian news Canada has contributed a significant component to NASA's Phoenix mission to Mars, announced Maxime Bernier, Canada's Minister of Industry."
wn-0191,0,OPERATED_BY,Phoenix,Phoenix,SPACECRAFT,SPACECRAFT:Phoenix,NASA,NASA,ORG,ORG:NASA,NASA,poss,0.62,rule,"Canadian news Canada has contributed a significant component to NASA's Phoenix mission to Mars, announced Maxime Bernier, Canada's Minister of Industry."
wn-0191,2,DESTINATION,Phoenix,Phoenix,SPACECRAFT,SPACECRAFT:Phoenix,Mars,Mars,CELESTIAL,CELESTIAL:Mars,touch down,verb_prep,0.82,rule,"The Phoenix Lander, with several on-board instruments, is to launch in August 2007 and touch down on Mars in May 2008."
wn-0191,10,CREWED_BY,International Space Station,ISS,SPACECRAFT,SPACECRAFT:ISS,Canadarm,Canadarm,PERSON,PERSON:Canadarm,aboard,np_prep,0.6,rule,Examples of technological contributions include the Canadarm and Canadarm2 on the Space Shuttle and International Space Station.
wn-0191,10,CREWED_BY,Space Shuttle,Space Shuttle,SPACECRAFT,SPACECRAFT:Space Shuttle,Canadarm,Canadarm,PERSON,PERSON:Canadarm,aboard,np_prep,0.6,rule,Examples of technological contributions include the Canadarm and Canadarm2 on the Space Shuttle and International Space Station.
wn-0192,0,OPERATED_BY,Mars Global Surveyor,Mars Global Surveyor,SPACECRAFT,SPACECRAFT:Mars Global Surveyor,NASA,NASA,ORG,ORG:NASA,NASA,poss,0.62,rule,"A complex series of events, including a five month-old computer error, was responsible for the battery failure that led to the loss of NASA's Mars Global Surveyor last year, an internal review board says."
wn-0195,0,LAUNCHED_FROM,PSLV,PSLV,SPACECRAFT,SPACECRAFT:PSLV,India,India,GPE,GPE:India,launch,path_trigger,0.4,rule,India The Indian Space Research Organisation (ISRO) announced India’s first commercial launch of the Polar Satellite Launch Vehicle (PSLV).
wn-0204,0,OPERATED_BY,Spirit Rover,Spirit Rover,SPACECRAFT,SPACECRAFT:Spirit Rover,NASA,NASA,ORG,ORG:NASA,NASA,poss,0.62,rule,"NASA's Spirit Rover on Mars has found ""silica-rich soil"" in Gusev Crater that scientists say is so rich that it would require that water have been present at some point, in order for the deposits to be there."
wn-0214,1,OPERATED_BY,Space Shuttle Atlantis,Space Shuttle Atlantis,SPACECRAFT,SPACECRAFT:Space Shuttle Atlantis,NASA,NASA,ORG,ORG:NASA,NASA,poss,0.62,rule,Astronauts on NASA's Space Shuttle Atlantis have repaired a 4 inch tear in the shuttle's Thermal Protection System (TPS).
wn-0221,5,OPERATED_BY,Spitzer,Spitzer,SPACECRAFT,SPACECRAFT:Spitzer,NASA,NASA,ORG,ORG:NASA,NASA,poss,0.62,rule,"""Finding water on this planet implies that other planets in the universe, possibly even rocky ones, could also have water,"" said co-author Sean Carey of NASA's Spitzer Science Center at the California Institute of Technology in Pasadena."
wn-0230,1,PART_OF,Proton,Proton,SPACECRAFT,SPACECRAFT:Proton,Breeze M,Breeze M,ORG,ORG:Breeze M,stage,path_trigger,0.4,rule,The launch vehicle was a Proton M booster with a Breeze M upper stage.
wn-0230,2,LAUNCHED_FROM,Proton,Proton,SPACECRAFT,SPACECRAFT:Proton,Baikonur Cosmodrome,Baikonur Cosmodrome,FAC,FAC:Baikonur Cosmodrome,launched,verb_prep,0.82,rule,"More than 300 Proton rockets have been launched, all from the Baikonur Cosmodrome in Kazakhstan."
wn-0230,3,LAUNCHED_FROM,Proton,Proton,SPACECRAFT,SPACECRAFT:Proton,Baikonur,Baikonur,FAC,FAC:Baikonur,launch,verb_prep,0.82,rule,"Following the launch failure, Kazakhstan suspended the launch of Proton rockets from Baikonur, Interfax news agency reported."
wn-0230,3,LAUNCHED_FROM,Proton,Proton,SPACECRAFT,SPACECRAFT:Proton,Kazakhstan,Kazakhstan,GPE,GPE:Kazakhstan,launch,path_trigger,0.4,rule,"Following the launch failure, Kazakhstan suspended the launch of Proton rockets from Baikonur, Interfax news agency reported."
wn-0231,9,DESTINATION,Cassini,Cassini,SPACECRAFT,SPACECRAFT:Cassini,Saturn,Saturn,CELESTIAL,CELESTIAL:Saturn,probe,path_trigger,0.4,rule,This flyby will likely be the last close flyby of one of Saturn's moons by the Cassini probe.
wn-0237,0,OPERATED_BY,Mars Odyssey,Mars Odyssey,SPACECRAFT,SPACECRAFT:Mars Odyssey,NASA,NASA,ORG,ORG:NASA,NASA,poss,0.62,rule,"New images from Mars, taken by NASA's Mars Odyssey spacecraft and the Mars Global Surveyor have shown what appears to be at least seven entrances to large caves on the slope of Arsia Mons, a Martian volcano."
wn-0238,1,OPERATED_BY,Spitzer,Spitzer,SPACECRAFT,SPACECRAFT:Spitzer,NASA,NASA,ORG,ORG:NASA,NASA,poss,0.62,rule,The new discovery was made by NASA's Spitzer Space telescope.
wn-0241,0,OPERATED_BY,Cassini,Cassini,SPACECRAFT,SPACECRAFT:Cassini,NASA,NASA,ORG,ORG:NASA,NASA,poss,0.62,rule,"Scientists say that floating inside Saturn's rings are pieces of what they believe to be a ""shattered moon,"" according to images captured by NASA's spacecraft Cassini–Huygens."
wn-0244,3,CREWED_BY,ISS,ISS,SPACECRAFT,SPACECRAFT:ISS,Whitson,Whitson,PERSON,PERSON:Whitson,Commander,path_trigger,0.4,rule,"Whitson, who is ISS's first female Commander, exclaimed ""Yay, got it!"""
wn-0246,0,OPERATED_BY,Venus Express,Venus Express,SPACECRAFT,SPACECRAFT:Venus Express,European Space Agency,ESA,ORG,ORG:ESA,Agency,poss,0.62,rule,New data from the European Space Agency's Venus Express mission suggest that Venus was once Earth-like but later evolved in a different way.
wn-0248,0,LAUNCHED_BY,Space Shuttle Atlantis,Space Shuttle Atlantis,SPACECRAFT,SPACECRAFT:Space Shuttle Atlantis,STS-122,STS-122,ORG,ORG:STS-122,launch,path_trigger,0.4,rule,"NASA have today announced that the launch of Space Shuttle Atlantis, mission STS-122, which is a module delivery mission to the International Space Station (ISS), will be delayed until January 2nd, 2008 at the earliest, after scrubbing today's launch attempt, and an earlier attempt on December 6th."
wn-0248,5,PART_OF,ISS,ISS,SPACECRAFT,SPACECRAFT:ISS,European Space Agency,ESA,ORG,ORG:ESA,module,path_trigger,0.4,rule,Atlantis is due to deliver the European Space Agency's (ESA) Columbus laboratory module to the ISS.
wn-0249,0,DESTINATION,Cassini,Cassini,SPACECRAFT,SPACECRAFT:Cassini,Saturn,Saturn,CELESTIAL,CELESTIAL:Saturn,probe,path_trigger,0.4,rule,Recent scans on the planet Saturn by the space probe Cassini–Huygens have shown that the planet's rings are much older than previously thought.
wn-0249,10,OPERATED_BY,Cassini,Cassini,SPACECRAFT,SPACECRAFT:Cassini,NASA,NASA,ORG,ORG:NASA,operated,passive_agent,0.92,rule,Cassini is operated jointly by NASA and the European Space Agency.
wn-0249,10,OPERATED_BY,Cassini,Cassini,SPACECRAFT,SPACECRAFT:Cassini,European Space Agency,ESA,ORG,ORG:ESA,operated,passive_agent,0.92,rule,Cassini is operated jointly by NASA and the European Space Agency.
wn-0252,0,LAUNCHED_BY,Space Shuttle Atlantis,Space Shuttle Atlantis,SPACECRAFT,SPACECRAFT:Space Shuttle Atlantis,STS-122,STS-122,ORG,ORG:STS-122,launch,path_trigger,0.4,rule,"NASA has announced that the launch of Space Shuttle Atlantis, mission STS-122, will once again be postponed, this time until late January or early February."
wn-0255,0,OPERATED_BY,MESSENGER,MESSENGER,SPACECRAFT,SPACECRAFT:MESSENGER,NASA,NASA,ORG,ORG:NASA,NASA,poss,0.62,rule,"Today, NASA's spacecraft MESSENGER, or the MErcury Surface, Space ENvironment, GEochemistry, and Ranging spacecraft, is expected to begin its two day mission at about noon (eastern time), of data collecting and photographing of the planet Mercury."
wn-0256,3,LAUNCHED_FROM,PSLV,PSLV,SPACECRAFT,SPACECRAFT:PSLV,Satish Dhawan Space Centre,Satish Dhawan Space Centre,FAC,FAC:Satish Dhawan Space Centre,launched,verb_prep,0.82,rule,The PSLV successfully launched from Satish Dhawan Space Centre at 3:45 a.m.
wn-0262,0,LAUNCHED_BY,International Space Station,ISS,SPACECRAFT,SPACECRAFT:ISS,Russian Federal Space Agency,Roscosmos,ORG,ORG:Roscosmos,launched,path_trigger,0.4,rule,"Progress spacecraft M-63, serial number 363, also designated Progress 28P, has been launched by the Russian Federal Space Agency on a mission to resupply the International Space Station."
wn-0262,2,LAUNCHED_BY,Space Shuttle Atlantis,Space Shuttle Atlantis,SPACECRAFT,SPACECRAFT:Space Shuttle Atlantis,STS-122,STS-122,ORG,ORG:STS-122,launch,path_trigger,0.4,rule,"The spacecraft will dock with the space station on Thursday, a few hours ahead of the scheduled launch of Space Shuttle Atlantis on STS-122, with the Columbus module, a new laboratory which will enhance the outpost's research capabilities."
wn-0263,0,LAUNCHED_FROM,Space Shuttle Atlantis,Space Shuttle Atlantis,SPACECRAFT,SPACECRAFT:Space Shuttle Atlantis,Kennedy Space Center,Kennedy Space Center,FAC,FAC:Kennedy Space Center,launch,verb_prep,0.82,rule,"The United States Space Shuttle Atlantis and the European space station module Columbus are ready for launch from the Kennedy Space Center in Florida, although NASA and ESA have said that there is only a “40 percent chance of acceptable conditions at launch times.”"
wn-0264,0,LAUNCHED_FROM,Space Shuttle Atlantis,Space Shuttle Atlantis,SPACECRAFT,SPACECRAFT:Space Shuttle Atlantis,Kennedy Space Center,Kennedy Space Center,FAC,FAC:Kennedy Space Center,launched,verb_prep,0.82,rule,Space Shuttle Atlantis has launched from LC-39A at the Kennedy Space Center on mission STS-122 to deliver the European Columbus module to the International Space Station.
wn-0266,0,CREWED_BY,Space Shuttle,Space Shuttle,SPACECRAFT,SPACECRAFT:Space Shuttle,Rex Walheim,Rex Walheim,PERSON,PERSON:Rex Walheim,crew,path_trigger,0.4,rule,"A spacewalk was conducted today by astronauts Rex Walheim and Stan Love, members of the STS-122 Space Shuttle crew, to install the new Columbus module onto the International Space Station."
wn-0266,0,CREWED_BY,Space Shuttle,Space Shuttle,SPACECRAFT,SPACECRAFT:Space Shuttle,Stan Love,Stan Love,PERSON,PERSON:Stan Love,crew,path_trigger,0.4,rule,"A spacewalk was conducted today by astronauts Rex Walheim and Stan Love, members of the STS-122 Space Shuttle crew, to install the new Columbus module onto the International Space Station."
wn-0270,3,DESTINATION,Space Shuttle,Space Shuttle,SPACECRAFT,SPACECRAFT:Space Shuttle,Earth,Earth,CELESTIAL,CELESTIAL:Earth,return,path_trigger,0.4,rule,"The goals of the spacewalk were to install two experiments onto the outside of the newly delivered Columbus module of the space station, and to load a failed gyroscope onto the visiting Space Shuttle, Atlantis, for return to Earth next Wednesday."
wn-0278,4,CREWED_BY,ISS,ISS,SPACECRAFT,SPACECRAFT:ISS,Reisman,Reisman,PERSON,PERSON:Reisman,member,path_trigger,0.4,rule,"Reisman, a member of the ISS Expedition 16 and 17 crews, will remain aboard the Space Station, replacing Léopold Eyharts who launched aboard STS-122 last month."
wn-0279,4,LAUNCHED_FROM,Atlas V,Atlas V,SPACECRAFT,SPACECRAFT:Atlas V,Vandenberg,Vandenberg,FAC,FAC:Vandenberg,launch,verb_prep,0.82,rule,"Today's flight marks the thirteenth launch of the Atlas V, and the first Atlas V launch from Vandenberg."
wn-0280,0,LAUNCHED_BY,Proton,Proton,SPACECRAFT,SPACECRAFT:Proton,SES Americom,SES Americom,ORG,ORG:SES Americom,launched,path_trigger,0.4,rule,"At 23:18:55 GMT this evening, a Russian Proton-M/Briz-M rocket launched from Area 200/39 at the Baikonur Cosmodrome in Kazakhstan, with the AMC-14 satellite for American communications organisation SES Americom."
wn-0280,0,LAUNCHED_FROM,Proton,Proton,SPACECRAFT,SPACECRAFT:Proton,Baikonur Cosmodrome,Baikonur Cosmodrome,FAC,FAC:Baikonur Cosmodrome,launched,verb_prep,0.82,rule,"At 23:18:55 GMT this evening, a Russian Proton-M/Briz-M rocket launched from Area 200/39 at the Baikonur Cosmodrome in Kazakhstan, with the AMC-14 satellite for American communications organisation SES Americom."
wn-0280,0,LAUNCHED_FROM,Proton,Proton,SPACECRAFT,SPACECRAFT:Proton,Kazakhstan,Kazakhstan,GPE,GPE:Kazakhstan,launched,path_trigger,0.4,rule,"At 23:18:55 GMT this evening, a Russian Proton-M/Briz-M rocket launched from Area 200/39 at the Baikonur Cosmodrome in Kazakhstan, with the AMC-14 satellite for American communications organisation SES Americom."
wn-0281,12,ORBITS,Cassini,Cassini,SPACECRAFT,SPACECRAFT:Cassini,Saturn,Saturn,CELESTIAL,CELESTIAL:Saturn,orbited,active_svo,0.88,rule,"Launched in 1997, Cassini has orbited Saturn since 2004 but has never before flown so close to a moon."
wn-0284,0,OPERATED_BY,Hubble Space Telescope,Hubble Space Telescope,SPACECRAFT,SPACECRAFT:Hubble Space Telescope,NASA,NASA,ORG,ORG:NASA,NASA,poss,0.62,rule,"ESA - C.Carreau NASA's Hubble Space Telescope has detected methane in the atmosphere of a planet 63 light-years away, marking the first discovery of an organic compound on a planet outside our Solar System."
wn-0284,13,OPERATED_BY,Spitzer Space Telescope,Spitzer Space Telescope,SPACECRAFT,SPACECRAFT:Spitzer Space Telescope,NASA,NASA,ORG,ORG:NASA,NASA,poss,0.62,rule,"This discovery also confirmed the presence of water molecules in the planet's atmosphere, which was found by NASA's Spitzer Space Telescope last year using spectroscopy."
wn-0286,0,OPERATED_BY,Cassini,Cassini,SPACECRAFT,SPACECRAFT:Cassini,NASA,NASA,ORG,ORG:NASA,NASA,poss,0.62,rule,NASA's Cassini spacecraft has discovered evidence that points to the existence of an underground ocean of water and ammonia on Saturn's moon Titan.
wn-0286,8,DESTINATION,Cassini,Cassini,SPACECRAFT,SPACECRAFT:Cassini,Titan,Titan,CELESTIAL,CELESTIAL:Titan,returned,path_trigger,0.4,rule,"They then searched for these same lakes, canyons and mountains in the reams of data returned by Cassini in its later flybys of Titan."
wn-0292,0,LAUNCHED_FROM,Soyuz,Soyuz,SPACECRAFT,SPACECRAFT:Soyuz,Baikonur Cosmodrome,Baikonur Cosmodrome,FAC,FAC:Baikonur Cosmodrome,launched,path_trigger,0.4,rule,"RussiaAt 11:16 GMT (17:16 local time) this morning, a Russian Soyuz-FG carrier rocket launched from Site 1/5 at the Baikonur Cosmodrome in Kazakhstan, with the Soyuz TMA-12 spacecraft, on a mission to the International Space Station (ISS)."
wn-0292,7,PART_OF,International Space Station,ISS,SPACECRAFT,SPACECRAFT:ISS,Pirs,Pirs,ORG,ORG:Pirs,module,path_trigger,0.4,rule,Docking with the Pirs module of International Space Station is planned for Thursday at 13:00 GMT.
wn-0297,2,ORBITS,Shenzhou,Shenzhou,SPACECRAFT,SPACECRAFT:Shenzhou,Earth,Earth,CELESTIAL,CELESTIAL:Earth,orbit,path_trigger,0.4,rule,"Tianlian-1, also known as Tian Lian 1 and TL-1, a spacecraft tracking and data relay communications satellite, similar in function to the American Tracking and Data Relay Satellites (TDRS), will be used to track and communicate with manned Shenzhou spacecraft in low Earth orbit."
wn-0299,7,LAUNCHED_BY,Titan IV,Titan IV,SPACECRAFT,SPACECRAFT:Titan IV,National Reconnaissance Office,National Reconnaissance Office,ORG,ORG:National Reconnaissance Office,launched,path_trigger,0.4,rule,"Two planetary probes, two commercial satellites, a British military communications satellite, and numerous payloads for the American armed forces were launched from the complex, which ceased operations in April 2005, when the penultimate Titan IV launched the Lacrosse-5 spy satellite for America's National Reconnaissance Office."
wn-0299,7,LAUNCHED_FROM,Titan IV,Titan IV,SPACECRAFT,SPACECRAFT:Titan IV,America,America,GPE,GPE:America,launched,path_trigger,0.4,rule,"Two planetary probes, two commercial satellites, a British military communications satellite, and numerous payloads for the American armed forces were launched from the complex, which ceased operations in April 2005, when the penultimate Titan IV launched the Lacrosse-5 spy satellite for America's National Reconnaissance Office."
wn-0299,9,DESTINATION,Cassini-Huygens,Cassini-Huygens,SPACECRAFT,SPACECRAFT:Cassini-Huygens,Mars,Mars,CELESTIAL,CELESTIAL:Mars,missions,path_trigger,0.4,rule,The Mars Observer and Cassini-Huygens missions to Mars and Saturn respectively were launched from Complex 40.
wn-0299,9,DESTINATION,Cassini-Huygens,Cassini-Huygens,SPACECRAFT,SPACECRAFT:Cassini-Huygens,Saturn,Saturn,CELESTIAL,CELESTIAL:Saturn,missions,path_trigger,0.4,rule,The Mars Observer and Cassini-Huygens missions to Mars and Saturn respectively were launched from Complex 40.
wn-0300,1,LAUNCHED_BY,Soyuz,Soyuz,SPACECRAFT,SPACECRAFT:Soyuz,Russo-European,Russo-European,ORG,ORG:Russo-European,launches,path_trigger,0.4,rule,"The launch was conducted by Starsem, a Russo-European organisation which commercially markets Soyuz-FG and Soyuz-2 launches."
wn-0303,0,ORBITS,Progress,Progress,SPACECRAFT,SPACECRAFT:Progress,Earth,Earth,CELESTIAL,CELESTIAL:Earth,orbit,path_trigger,0.4,rule,"At 20:22:54 GMT yesterday evening, a Russian Soyuz-U carrier rocket lifted off from Launch Complex 1/5 at the Baikonur Cosmodrome in Kazakhstan, and successfully placed a Progress spacecraft into low Earth orbit."
wn-0303,4,CREWED_BY,ISS,ISS,SPACECRAFT,SPACECRAFT:ISS,Sergei Volkov,Sergei Volkov,PERSON,PERSON:Sergei Volkov,crew,noun_of,0.75,rule,"The current crew aboard the ISS are Russians Sergei Volkov and Oleg Kononenko, and American Garrett Reisman, who make up Expedition 17."
wn-0303,4,CREWED_BY,ISS,ISS,SPACECRAFT,SPACECRAFT:ISS,Oleg Kononenko,Oleg Kononenko,PERSON,PERSON:Oleg Kononenko,crew,noun_of,0.75,rule,"The current crew aboard the ISS are Russians Sergei Volkov and Oleg Kononenko, and American Garrett Reisman, who make up Expedition 17."
wn-0303,4,CREWED_BY,ISS,ISS,SPACECRAFT,SPACECRAFT:ISS,Garrett Reisman,Garrett Reisman,PERSON,PERSON:Garrett Reisman,crew,noun_of,0.75,rule,"The current crew aboard the ISS are Russians Sergei Volkov and Oleg Kononenko, and American Garrett Reisman, who make up Expedition 17."
wn-0303,5,LAUNCHED_BY,Space Shuttle Endeavour,Space Shuttle Endeavour,SPACECRAFT,SPACECRAFT:Space Shuttle Endeavour,the Japanese Experiment Module,Japanese Experiment Module,ORG,ORG:Japanese Experiment Module,launch,path_trigger,0.4,rule,"The next manned launch to the Station is planned to occur at the end of the month, when Space Shuttle Endeavour will launch on mission STS-124 with the main pressurised component of the Japanese Experiment Module."
wn-0303,5,LAUNCHED_FROM,Space Shuttle Endeavour,Space Shuttle Endeavour,SPACECRAFT,SPACECRAFT:Space Shuttle Endeavour,STS-124,STS-124,GPE,GPE:STS-124,launch,path_trigger,0.4,rule,"The next manned launch to the Station is planned to occur at the end of the month, when Space Shuttle Endeavour will launch on mission STS-124 with the main pressurised component of the Japanese Experiment Module."
wn-0303,5,PART_OF,Space Shuttle Endeavour,Space Shuttle Endeavour,SPACECRAFT,SPACECRAFT:Space Shuttle Endeavour,the Japanese Experiment Module,Japanese Experiment Module,ORG,ORG:Japanese Experiment Module,component,path_trigger,0.4,rule,"The next manned launch to the Station is planned to occur at the end of the month, when Space Shuttle Endeavour will launch on mission STS-124 with the main pressurised component of the Japanese Experiment Module."
wn-0306,0,OPERATED_BY,Spirit Rover,Spirit Rover,SPACECRAFT,SPACECRAFT:Spirit Rover,NASA,NASA,ORG,ORG:NASA,operated,path_trigger,0.4,rule,"The Spirit Rover, one of two planetary rovers operated by NASA on the planet Mars, has made an important, though unintentional discovery on the red planet, due to a wheel which has been inoperable on the rover making large gouges in the soil of Mars wherever it goes."
wn-0308,0,DESTINATION,Phoenix,Phoenix,SPACECRAFT,SPACECRAFT:Phoenix,Mars,Mars,CELESTIAL,CELESTIAL:Mars,landed,verb_prep,0.82,rule,"NASA's Phoenix spacecraft has landed safely on Mars, following a ten-month flight."
wn-0308,0,OPERATED_BY,Phoenix,Phoenix,SPACECRAFT,SPACECRAFT:Phoenix,NASA,NASA,ORG,ORG:NASA,NASA,poss,0.62,rule,"NASA's Phoenix spacecraft has landed safely on Mars, following a ten-month flight."
wn-0309,0,LAUNCHED_BY,Long March,Long March,SPACECRAFT,SPACECRAFT:Long March,ChinaThe Chinese National Space Administration,ChinaThe Chinese National Space Administration,ORG,ORG:ChinaThe Chinese National Space Administration,launched,active_svo,0.88,rule,"ChinaThe Chinese National Space Administration has launched a Long March 4C carrier rocket, carrying the Fengyun-3A (FY-3A) weather satellite."
wn-0311,88,DESTINATION,Phoenix,Phoenix,SPACECRAFT,SPACECRAFT:Phoenix,Mars,Mars,CELESTIAL,CELESTIAL:Mars,probe,path_trigger,0.4,rule,"When asked by a reporter how he felt about recent NASA successes, including the STS-124 launch, and the landing of the Phoenix probe on Mars last Sunday, he joked that it felt ""so great that not even having to do a press conference, two press conferences in a week can ruin it""."
wn-0316,15,LAUNCHED_FROM,Delta II,Delta II,SPACECRAFT,SPACECRAFT:Delta II,134th,134th,FAC,FAC:134th,launch,path_trigger,0.4,rule,"In total, this is the 136th launch of a Delta II, the 134th successful Delta II launch, and the 81st consecutive success."
wn-0317,0,OPERATED_BY,Phoenix,Phoenix,SPACECRAFT,SPACECRAFT:Phoenix,NASA,NASA,ORG,ORG:NASA,NASA,poss,0.62,rule,NASA's Phoenix Lander has begun to cook a scoop full of Martian soil.
wn-0322,1,DESTINATION,Phoenix,Phoenix,SPACECRAFT,SPACECRAFT:Phoenix,Mars,Mars,CELESTIAL,CELESTIAL:Mars,landed,path_trigger,0.4,rule,"The Phoenix lander, which landed on Mars on May 25, has confirmed to NASA scientists that the white substance it found while digging a trench on June 15 is water ice."
wn-0322,12,OPERATED_BY,Mars Express,Mars Express,SPACECRAFT,SPACECRAFT:Mars Express,ESA,ESA,ORG,ORG:ESA,ESA,poss,0.62,rule,In June 2007 the ESA's Mars Express spacecraft discovered ice deposits in the South Pole of Mars that are larger than the state of Texas.
wn-0324,0,OPERATED_BY,Mars Reconnaissance Orbiter,Mars Reconnaissance Orbiter,SPACECRAFT,SPACECRAFT:Mars Reconnaissance Orbiter,NASA,NASA,ORG,ORG:NASA,NASA,poss,0.62,rule,"An asteroid the size of Pluto that slammed into the Northern hemisphere of Mars created the Borealis basin, based on the latest survey of NASA's Mars Reconnaissance Orbiter and Mars Global Surveyor."
wn-0325,0,LAUNCHED_FROM,Proton,Proton,SPACECRAFT,SPACECRAFT:Proton,Baikonur Cosmodrome,Baikonur Cosmodrome,FAC,FAC:Baikonur Cosmodrome,launched,path_trigger,0.4,rule,"At 23:59 GMT yesterday, a Russian Proton rocket, with a Block DM-3 upper stage, launched from Site 81/24 at the Baikonur Cosmodrome in Kazakhstan, placing a Prognoz satellite for the Russian Ministry of Defence into a geosynchronous orbit."
wn-0325,0,PART_OF,Proton,Proton,SPACECRAFT,SPACECRAFT:Proton,Block,Block,ORG,ORG:Block,stage,path_trigger,0.4,rule,"At 23:59 GMT yesterday, a Russian Proton rocket, with a Block DM-3 upper stage, launched from Site 81/24 at the Baikonur Cosmodrome in Kazakhstan, placing a Prognoz satellite for the Russian Ministry of Defence into a geosynchronous orbit."
wn-0326,2,LAUNCHED_BY,Ulysses,Ulysses,SPACECRAFT,SPACECRAFT:Ulysses,Inertial Upper Stage,Inertial Upper Stage,ORG,ORG:Inertial Upper Stage,boosted,passive_agent,0.92,rule,"Following separation from Discovery, Ulysses was boosted into a Heliocentric orbit by an Inertial Upper Stage, and a Payload Assist Module."
wn-0327,6,OPERATED_BY,Long March,Long March,SPACECRAFT,SPACECRAFT:Long March,ChinaSat,ChinaSat,ORG,ORG:ChinaSat,operator,path_trigger,0.4,rule,"The satellite was originally named ChinaSat-8, and intended for launch on a Long March 3B carrier rocket by the Chinese satellite operator ChinaSat; this was cancelled due to US ITAR export regulations, with the uncompleted satellite being transferred to ProtoStar."
wn-0327,24,LAUNCHED_BY,Ariane 5,Ariane 5,SPACECRAFT,SPACECRAFT:Ariane 5,ECA,ECA,ORG,ORG:ECA,launch,path_trigger,0.4,rule,"This marked the 40th launch of an Ariane 5, and the 15th of the ECA configuration."
wn-0331,0,DESTINATION,Phoenix,Phoenix,SPACECRAFT,SPACECRAFT:Phoenix,Mars,Mars,CELESTIAL,CELESTIAL:Mars,probe,path_trigger,0.4,rule,Phoenix missionThe Phoenix probe that was sent to Mars has had its mission extended.
wn-0331,8,DESTINATION,Phoenix,Phoenix,SPACECRAFT,SPACECRAFT:Phoenix,Mars,Mars,CELESTIAL,CELESTIAL:Mars,landed,verb_prep,0.82,rule,"The Phoenix probe landed on Mars on May 25 of this year near the north pole of Mars, where the ice was discovered."
wn-0332,8,CREWED_BY,Project Mercury,Project Mercury,SPACECRAFT,SPACECRAFT:Project Mercury,Gordon Cooper,Gordon Cooper,PERSON,PERSON:Gordon Cooper,astronaut,noun_of,0.75,rule,"The remains of several famous individuals were flown, most notably Project Mercury astronaut Gordon Cooper and actor James Doohan, best known for his role as Montgomery Scott in the science fiction television series Star Trek."
wn-0332,8,CREWED_BY,Project Mercury,Project Mercury,SPACECRAFT,SPACECRAFT:Project Mercury,James Doohan,James Doohan,PERSON,PERSON:James Doohan,astronaut,path_trigger,0.4,rule,"The remains of several famous individuals were flown, most notably Project Mercury astronaut Gordon Cooper and actor James Doohan, best known for his role as Montgomery Scott in the science fiction television series Star Trek."
wn-0332,8,CREWED_BY,Project Mercury,Project Mercury,SPACECRAFT,SPACECRAFT:Project Mercury,Montgomery Scott,Montgomery Scott,PERSON,PERSON:Montgomery Scott,astronaut,path_trigger,0.4,rule,"The remains of several famous individuals were flown, most notably Project Mercury astronaut Gordon Cooper and actor James Doohan, best known for his role as Montgomery Scott in the science fiction television series Star Trek."
wn-0338,1,LAUNCHED_BY,Falcon 1,Falcon 1,SPACECRAFT,SPACECRAFT:Falcon 1,UTC,UTC,ORG,ORG:UTC,launched,path_trigger,0.4,rule,"Space Exploration Technologies Corporation (SpaceX) successfully launched and sent into orbit a Falcon 1 rocket, which was launched yesterday at 23:15 UTC from the Ronald Reagan Ballistic Missile Defense Test Site at Kwajalein Atoll in the Pacific Ocean."
wn-0338,1,LAUNCHED_BY,Falcon 1,Falcon 1,SPACECRAFT,SPACECRAFT:Falcon 1,the Ronald Reagan Ballistic Missile Defense Test Site,Ronald Reagan Ballistic Missile Defense Test Site,ORG,ORG:Ronald Reagan Ballistic Missile Defense Test Site,launched,path_trigger,0.4,rule,"Space Exploration Technologies Corporation (SpaceX) successfully launched and sent into orbit a Falcon 1 rocket, which was launched yesterday at 23:15 UTC from the Ronald Reagan Ballistic Missile Defense Test Site at Kwajalein Atoll in the Pacific Ocean."
wn-0340,2,LAUNCHED_FROM,Chandrayaan-1,Chandrayaan-1,SPACECRAFT,SPACECRAFT:Chandrayaan-1,Satish Dhawan Space Centre,Satish Dhawan Space Centre,FAC,FAC:Satish Dhawan Space Centre,launched,verb_prep,0.82,rule,"The Chandrayaan-1 lunar probe was launched from the Satish Dhawan Space Centre at 6:22 am (00:52 UTC) in Sriharikota, which is about 88 km (55 mi) north of the southern Indian city of Chennai."
wn-0343,0,DESTINATION,Phoenix,Phoenix,SPACECRAFT,SPACECRAFT:Phoenix,Mars,Mars,CELESTIAL,CELESTIAL:Mars,Mission,path_trigger,0.4,rule,"Phoenix missionNASA officials have decided to call an end to the Mars Phoenix Mission, after winter took hold of the red planet."
wn-0375,15,PART_OF,Herschel,Herschel,SPACECRAFT,SPACECRAFT:Herschel,Planck,Planck,SPACECRAFT,SPACECRAFT:Planck,instruments,path_trigger,0.4,rule,"Herschel is the largest telescope we have ever put into space and the instruments on Planck will operate at just a tenth of a degree above absolute zero,"" said Lord Drayson, the United Kingdom's science minister, ""This is really cool science happening at mind-blowingly low temperatures, helping to answer some of the basic questions about the history of the universe."
wn-0375,15,PART_OF,Planck,Planck,SPACECRAFT,SPACECRAFT:Planck,Herschel,Herschel,SPACECRAFT,SPACECRAFT:Herschel,instruments,path_trigger,0.4,rule,"Herschel is the largest telescope we have ever put into space and the instruments on Planck will operate at just a tenth of a degree above absolute zero,"" said Lord Drayson, the United Kingdom's science minister, ""This is really cool science happening at mind-blowingly low temperatures, helping to answer some of the basic questions about the history of the universe."
wn-0377,1,LAUNCHED_FROM,Soyuz,Soyuz,SPACECRAFT,SPACECRAFT:Soyuz,Baikonur Cosmodrome,Baikonur Cosmodrome,FAC,FAC:Baikonur Cosmodrome,launched,path_trigger,0.4,rule,"Wednesday, a Russian Soyuz-FG carrier rocket launched from Site 1/5 at the Baikonur Cosmodrome in Kazakhstan, with the Soyuz TMA-15 spacecraft, on a manned spaceflight to the International Space Station (ISS)."
wn-0387,1,OPERATED_BY,Cassini,Cassini,SPACECRAFT,SPACECRAFT:Cassini,NASA,NASA,ORG,ORG:NASA,NASA,poss,0.62,rule,"NASA's Cassini orbiter has sent back remarkable images from Saturn, revealing that the planet's famous rings are far more bumpy than expected."
wn-0387,13,ORBITS,Cassini,Cassini,SPACECRAFT,SPACECRAFT:Cassini,Saturn,Saturn,CELESTIAL,CELESTIAL:Saturn,orbit,np_prep,0.6,rule,"Cassini was launched in 1997, and entered orbit around Saturn in 2004."
wn-0388,4,OPERATED_BY,Spitzer Space Telescope,Spitzer Space Telescope,SPACECRAFT,SPACECRAFT:Spitzer Space Telescope,NASA,NASA,ORG,ORG:NASA,NASA,poss,0.62,rule,"The ring was found with the help of NASA's Spitzer Space Telescope, with details published today in the journal Nature."
wn-0403,9,OPERATED_BY,Space Shuttle,Space Shuttle,SPACECRAFT,SPACECRAFT:Space Shuttle,NASA,NASA,ORG,ORG:NASA,NASA,poss,0.62,rule,"This flight also marks the third-to-last mission of NASA's Space Shuttle program, which is being retired this year."
wn-0422,1,OPERATED_BY,Space Shuttle,Space Shuttle,SPACECRAFT,SPACECRAFT:Space Shuttle,NASA,NASA,ORG,ORG:NASA,NASA,poss,0.62,rule,"NASA's Space Shuttle replacement, the Orion spacecraft, is anticipated to be ready for test flights by 2013."
wn-0425,0,LAUNCHED_FROM,International Space Station,ISS,SPACECRAFT,SPACECRAFT:ISS,Baikonur Cosmodrome,Baikonur Cosmodrome,FAC,FAC:Baikonur Cosmodrome,launch,path_trigger,0.4,rule,"The remaining members of the Expedition 25 crew are set to launch to the International Space Station on Thursday at 7:10 pm EDT from the Baikonur Cosmodrome, which will return the station to its full complement of 6 persons."
wn-0426,1,LAUNCHED_FROM,International Space Station,ISS,SPACECRAFT,SPACECRAFT:ISS,Kazakhstan,Kazakhstan,GPE,GPE:Kazakhstan,launched,path_trigger,0.4,rule,The Soyuz TMA-01M spacecraft launched from Kazakhstan to the International Space Station Thursday with Expedition 25 Astronaut Scott Kelly and Cosmonauts Oleg Skripochka and Alexander Kaleri on board.
wn-0426,3,LAUNCHED_FROM,Soyuz,Soyuz,SPACECRAFT,SPACECRAFT:Soyuz,Baikonur Cosmodrome,Baikonur Cosmodrome,FAC,FAC:Baikonur Cosmodrome,launched,verb_prep,0.82,rule,The Soyuz launched from the Baikonur Cosmodrome.
wn-0426,5,PART_OF,ISS,ISS,SPACECRAFT,SPACECRAFT:ISS,Poisk,Poisk,ORG,ORG:Poisk,module,path_trigger,0.4,rule,Docking is expected to occur at about 8:02 PM EDT (0:02 UTC Sunday) to the Poisk module of the ISS.
wn-0428,8,PART_OF,International Space Station,ISS,SPACECRAFT,SPACECRAFT:ISS,ExPRESS Logistics Carriers,ExPRESS Logistics Carriers,ORG,ORG:ExPRESS Logistics Carriers,Module,path_trigger,0.4,rule,"STS-133 will deliver supplies and components to the International Space Station, including the Permanent Multipurpose Module and the third of four ExPRESS Logistics Carriers."
wn-0431,1,CREWED_BY,International Space Station,ISS,SPACECRAFT,SPACECRAFT:ISS,Fyodor Yurchikhin,Fyodor Yurchikhin,PERSON,PERSON:Fyodor Yurchikhin,crew,path_trigger,0.4,rule,"The Soyuz TMA-19 spacecraft has landed safely today in Kazakhstan with International Space Station crew members Fyodor Yurchikhin, Shannon Walker, and Douglas Wheelock."
wn-0431,1,CREWED_BY,International Space Station,ISS,SPACECRAFT,SPACECRAFT:ISS,Shannon Walker,Shannon Walker,PERSON,PERSON:Shannon Walker,crew,path_trigger,0.4,rule,"The Soyuz TMA-19 spacecraft has landed safely today in Kazakhstan with International Space Station crew members Fyodor Yurchikhin, Shannon Walker, and Douglas Wheelock."
wn-0431,1,CREWED_BY,International Space Station,ISS,SPACECRAFT,SPACECRAFT:ISS,Douglas Wheelock,Douglas Wheelock,PERSON,PERSON:Douglas Wheelock,crew,path_trigger,0.4,rule,"The Soyuz TMA-19 spacecraft has landed safely today in Kazakhstan with International Space Station crew members Fyodor Yurchikhin, Shannon Walker, and Douglas Wheelock."
wn-0434,2,CREWED_BY,International Space Station,ISS,SPACECRAFT,SPACECRAFT:ISS,Tim Kopra,Tim Kopra,PERSON,PERSON:Tim Kopra,member,path_trigger,0.4,rule,"astronaut Tim Kopra, a crew member on the upcoming STS-133 Space Shuttle mission to the International Space Station (ISS), sustained an injury in a bicycle accident over the weekend, possibly breaking his hip."
wn-0434,2,CREWED_BY,Space Shuttle,Space Shuttle,SPACECRAFT,SPACECRAFT:Space Shuttle,Tim Kopra,Tim Kopra,PERSON,PERSON:Tim Kopra,member,path_trigger,0.4,rule,"astronaut Tim Kopra, a crew member on the upcoming STS-133 Space Shuttle mission to the International Space Station (ISS), sustained an injury in a bicycle accident over the weekend, possibly breaking his hip."
wn-0435,2,CREWED_BY,Space Shuttle,Space Shuttle,SPACECRAFT,SPACECRAFT:Space Shuttle,Tim Kopra,Tim Kopra,PERSON,PERSON:Tim Kopra,member,path_trigger,0.4,rule,"astronaut Tim Kopra, a crew member on the upcoming STS-133 Space Shuttle mission, who was injured over the weekend in a bicycle accident, has been replaced."
wn-0438,3,PART_OF,International Space Station,ISS,SPACECRAFT,SPACECRAFT:ISS,ExPRESS Logistics,ExPRESS Logistics,ORG,ORG:ExPRESS Logistics,Module,path_trigger,0.4,rule,"During the twelve-day mission, the crew transported supplies and parts to the International Space Station (ISS) including Robonaut2, the first dexterous humanoid robot in space, the Permanent Multipurpose Module, and ExPRESS Logistics Carrier-4."
wn-0442,8,DESTINATION,MESSENGER,MESSENGER,SPACECRAFT,SPACECRAFT:MESSENGER,Mercury,Mercury,CELESTIAL,CELESTIAL:Mercury,probe,path_trigger,0.4,rule,"Although MESSENGER is the first probe to enter orbit around Mercury, it is not the first to fly by."
wn-0444,8,LAUNCHED_FROM,Space Shuttle Endeavour,Space Shuttle Endeavour,SPACECRAFT,SPACECRAFT:Space Shuttle Endeavour,STS-134,STS-134,GPE,GPE:STS-134,launch,path_trigger,0.4,rule,"Space Shuttle Endeavour, which will launch on STS-134 at the end of the month on April 29, will be sent to the California Science Center in Los Angeles, California following its retirement."
wn-0444,14,OPERATED_BY,Space Shuttle,Space Shuttle,SPACECRAFT,SPACECRAFT:Space Shuttle,NASA,NASA,ORG,ORG:NASA,NASA,poss,0.62,rule,"In the end, these choices provide the greatest number of people with the best opportunity to share in the history and accomplishments of NASA's remarkable Space Shuttle Program."
wn-0449,3,PART_OF,International Space Station,ISS,SPACECRAFT,SPACECRAFT:ISS,the Alpha Magnetic Spectrometer,Alpha Magnetic Spectrometer,ORG,ORG:Alpha Magnetic Spectrometer,parts,path_trigger,0.4,rule,Endeavour launched earlier this month on a mission to carry the Alpha Magnetic Spectrometer (AMS) and several spare parts to the International Space Station (ISS).
wn-0451,1,OPERATED_BY,Cassini,Cassini,SPACECRAFT,SPACECRAFT:Cassini,NASA,NASA,ORG,ORG:NASA,NASA,poss,0.62,rule,NASA's Cassini–Huygens spacecraft has discovered evidence for a large-scale saltwater reservoir beneath the icy crust of Saturn's moon Enceladus.
wn-0455,0,OPERATED_BY,Space Shuttle,Space Shuttle,SPACECRAFT,SPACECRAFT:Space Shuttle,NASA,NASA,ORG,ORG:NASA,NASA,poss,0.62,rule,"Space At 11:29 AM EDT today, the Space Shuttle Atlantis launched on the final mission in NASA's Space Shuttle program, STS-135."
wn-0455,1,PART_OF,International Space Station,ISS,SPACECRAFT,SPACECRAFT:ISS,the Robotic Refueling Mission,Robotic Refueling Mission,ORG,ORG:Robotic Refueling Mission,Module,path_trigger,0.4,rule,"The mission is slated to last 12 days and will deliver parts and supplies to the International Space Station (ISS), including the Raffaello Multi-Purpose Logistics Module and an experiment, the Robotic Refueling Mission (RRM), designed to test methods, tools, and technologies required to robotically refuel satellites in space, even those not designed to be serviced."
wn-0455,1,PART_OF,International Space Station,ISS,SPACECRAFT,SPACECRAFT:ISS,RRM,RRM,ORG,ORG:RRM,Module,path_trigger,0.4,rule,"The mission is slated to last 12 days and will deliver parts and supplies to the International Space Station (ISS), including the Raffaello Multi-Purpose Logistics Module and an experiment, the Robotic Refueling Mission (RRM), designed to test methods, tools, and technologies required to robotically refuel satellites in space, even those not designed to be serviced."
wn-0463,5,CREWED_BY,Soyuz,Soyuz,SPACECRAFT,SPACECRAFT:Soyuz,Oleg Kononenko,Oleg Kononenko,PERSON,PERSON:Oleg Kononenko,crew,noun_of,0.75,rule,"After docking, the Soyuz crew joined fellow Expedition 31 crew members Oleg Kononenko, European Space Agency astronaut Andre Kuipers, and NASA astronaut Donald Pettit, who wished Acaba a happy 45th birthday."
wn-0463,5,CREWED_BY,Soyuz,Soyuz,SPACECRAFT,SPACECRAFT:Soyuz,Andre Kuipers,Andre Kuipers,PERSON,PERSON:Andre Kuipers,crew,noun_of,0.75,rule,"After docking, the Soyuz crew joined fellow Expedition 31 crew members Oleg Kononenko, European Space Agency astronaut Andre Kuipers, and NASA astronaut Donald Pettit, who wished Acaba a happy 45th birthday."
wn-0463,9,DESTINATION,International Space Station,ISS,SPACECRAFT,SPACECRAFT:ISS,Earth,Earth,CELESTIAL,CELESTIAL:Earth,return,path_trigger,0.4,rule,"They are expected to remain aboard the International Space Station until mid-September, after which they will return to Earth to conclude a mission of approximately 125 days in space."
wn-0464,7,OPERATED_BY,Dragon,Dragon,SPACECRAFT,SPACECRAFT:Dragon,SpaceX,SpaceX,ORG,ORG:SpaceX,SpaceX,poss,0.62,rule,They also were aboard to receive the first commercial shipment made by SpaceX's Dragon cargo resupply mission.
wn-0464,9,CREWED_BY,ISS,ISS,SPACECRAFT,SPACECRAFT:ISS,Kevin Ford,Kevin Ford,PERSON,PERSON:Kevin Ford,commander,path_trigger,0.4,rule,"It was just beautiful to watch the ship fly away,"" said Kevin Ford, now the current commander of the ISS."
wn-0467,10,DESTINATION,Soyuz,Soyuz,SPACECRAFT,SPACECRAFT:Soyuz,Earth,Earth,CELESTIAL,CELESTIAL:Earth,return,path_trigger,0.4,rule,"The trio already aboard the ISS&amp;mdash;consisting of Romanenko, Hadfield, and Marshburn&amp;mdash;are to depart and return to Earth aboard Soyuz TMA-07M on May 14, leaving the Soyuz TMA-08M crew behind."
wn-0471,4,OPERATED_BY,Venus Express,Venus Express,SPACECRAFT,SPACECRAFT:Venus Express,European Space Agency,ESA,ORG,ORG:ESA,Agency,poss,0.62,rule,"The survey was conducted using data collected during roughly three Venusian days (about two Earth years) by the European Space Agency's Venus Express, expanding on an initial case study of a HFA at Venus published in 2012."
wn-0474,7,OPERATED_BY,Swift,Swift,SPACECRAFT,SPACECRAFT:Swift,NASA,NASA,ORG,ORG:NASA,NASA,poss,0.62,rule,"XMM-Newton was tasked to investigate, as was NASA's Swift satellite."
wn-0479,3,LAUNCHED_FROM,Orion,Orion,SPACECRAFT,SPACECRAFT:Orion,Cape Canaveral Air Force Station,Cape Canaveral Air Force Station,FAC,FAC:Cape Canaveral Air Force Station,launched off,verb_prep,0.82,rule,The Orion crew module was launched off from Space Launch Complex 37 at the Cape Canaveral Air Force Station in Florida mounted on top of a United Launch Alliance Delta IV Heavy rocket.
wn-0479,12,LAUNCHED_BY,Orion,Orion,SPACECRAFT,SPACECRAFT:Orion,the Space Launch System,Space Launch System,ORG,ORG:Space Launch System,launched,acl_agent,0.85,rule,"The Orion program manager hopes NASA will look at information from this spaceflight and apply it to the next Orion spacecraft, to be launched by the Space Launch System rocket."
wn-0481,0,LAUNCHED_BY,Dragon,Dragon,SPACECRAFT,SPACECRAFT:Dragon,SpaceX,SpaceX,ORG,ORG:SpaceX,launched,active_svo,0.88,rule,Space Space transport services company SpaceX launched their fifth Dragon resupply vehicle to the International Space Station yesterday.
wn-0487,6,ORBITS,MESSENGER,MESSENGER,SPACECRAFT,SPACECRAFT:MESSENGER,Mercury,Mercury,CELESTIAL,CELESTIAL:Mercury,orbiting,active_svo,0.88,rule,"MESSENGER began orbiting Mercury in March 2011, becoming the first spacecraft to do so."
wn-0489,0,DESTINATION,spacecraft Juno,spacecraft Juno,SPACECRAFT,SPACECRAFT:spacecraft Juno,Jupiter,Jupiter,CELESTIAL,CELESTIAL:Jupiter,reached,verb_prep,0.82,rule,"Space Yesterday, NASA announced their spacecraft Juno has reached Jupiter orbit."
wn-0490,0,OPERATED_BY,Rosetta,Rosetta,SPACECRAFT,SPACECRAFT:Rosetta,European Space Agency,ESA,ORG,ORG:ESA,Agency,poss,0.62,rule,"Space On Friday, European Space Agency's (ESA) spacecraft Rosetta ended its mission, crashing into Jupiter-family comet 67P/Churyumov–Gerasimenko."
wn-0491,2,DESTINATION,Apollo 17,Apollo 17,SPACECRAFT,SPACECRAFT:Apollo 17,Moon,Moon,CELESTIAL,CELESTIAL:Moon,mission,path_trigger,0.4,rule,"Cernan, who commanded the Apollo 17 mission to the Moon in 1972, was in Houston, Texas, at the time of his death."
wn-0494,0,LAUNCHED_FROM,Falcon Heavy,Falcon Heavy,SPACECRAFT,SPACECRAFT:Falcon Heavy,Kennedy Space Center,Kennedy Space Center,FAC,FAC:Kennedy Space Center,launched,verb_prep,0.82,rule,"At 3:45 p.m. Tuesday, Eastern Time (2045 UTC), the SpaceX Falcon Heavy rocket launched from Kennedy Space Center in Florida, United States."
wn-0494,0,LAUNCHED_FROM,Falcon Heavy,Falcon Heavy,SPACECRAFT,SPACECRAFT:Falcon Heavy,Florida,Florida,GPE,GPE:Florida,launched,path_trigger,0.4,rule,"At 3:45 p.m. Tuesday, Eastern Time (2045 UTC), the SpaceX Falcon Heavy rocket launched from Kennedy Space Center in Florida, United States."
wn-0494,2,PART_OF,Saturn V,Saturn V,SPACECRAFT,SPACECRAFT:Saturn V,Project Apollo,Project Apollo,SPACECRAFT,SPACECRAFT:Project Apollo,of,np_prep,0.6,rule,This is the most powerful rocket since the Saturn V of Project Apollo was retired in 1970.
wn-0494,13,DESTINATION,Project Apollo,Project Apollo,SPACECRAFT,SPACECRAFT:Project Apollo,Moon,Moon,CELESTIAL,CELESTIAL:Moon,sent,path_trigger,0.4,rule,"Even the relatively heavy-hauling U.S. Space Shuttle program, which was closed in 2013, did not rely on rockets as powerful as those used in Project Apollo, the program in which NASA, the U.S. Government space agency, sent manned missions to the Moon in the 1960's and 70's."
wn-0494,14,OPERATED_BY,SpaceShipOne,SpaceShipOne,SPACECRAFT,SPACECRAFT:SpaceShipOne,Scaled Composites,Scaled Composites,ORG,ORG:Scaled Composites,Composites,poss,0.62,rule,"Most recent space projects have focused on smaller, lighter machinery, such as Scaled Composites' SpaceShipOne in 2004, which reached space after being carried part of the way by a carrier jet instead of launching from the ground."
wn-0494,15,OPERATED_BY,Delta IV,Delta IV,SPACECRAFT,SPACECRAFT:Delta IV,the United Space Alliance,United Space Alliance,ORG,ORG:United Space Alliance,operated,acl_agent,0.85,rule,"As of last week, the most powerful rocket in use was the Delta IV, operated by the United Space Alliance."
wn-0495,0,OPERATED_BY,InSight,InSight,SPACECRAFT,SPACECRAFT:InSight,NASA,NASA,ORG,ORG:NASA,NASA,poss,0.62,rule,SpaceDISPLAYTITLE:NASA's InSight lander and MarCO craft launch in new mission to Mars
wn-0495,1,LAUNCHED_BY,Atlas V,Atlas V,SPACECRAFT,SPACECRAFT:Atlas V,United Launch Alliance,ULA,ORG,ORG:ULA,launched,active_svo,0.88,rule,"On Saturday, United Launch Alliance launched a Atlas V 401 rocket carrying NASA's InSight Mars lander and two Mars Cube One (MarCO) miniature spacecraft known as cubesats."
wn-0495,1,OPERATED_BY,InSight,InSight,SPACECRAFT,SPACECRAFT:InSight,NASA,NASA,ORG,ORG:NASA,NASA,poss,0.62,rule,"On Saturday, United Launch Alliance launched a Atlas V 401 rocket carrying NASA's InSight Mars lander and two Mars Cube One (MarCO) miniature spacecraft known as cubesats."
wn-0495,18,DESTINATION,InSight,InSight,SPACECRAFT,SPACECRAFT:InSight,Mars,Mars,CELESTIAL,CELESTIAL:Mars,route,noun_of,0.75,rule,Both InSight and the MarCO cubesats are en route to Mars.
wn-0498,15,ORBITS,ISS,ISS,SPACECRAFT,SPACECRAFT:ISS,Earth,Earth,CELESTIAL,CELESTIAL:Earth,orbit,path_trigger,0.4,rule,"Ovchinin and Hague were due to join the crew of Expedition 57 aboard the ISS in low Earth orbit, which would have brought the current ISS crew from three to five."
wn-0000,0,CREWED_BY,Hubble,Hubble Space Telescope,SPACECRAFT,SPACECRAFT:Hubble Space Telescope,Colin A. Norman,Colin A. Norman,PERSON,PERSON:Colin A. Norman,,zero_shot_nli,0.9846,hf,"Colin A. Norman, Professor of Physics and Astronomy at Johns Hopkins University, testifying before the U.S. House of Representatives Committee on Science February 2nd, presented the Hubble Origins Probe (HOP) as a replacement for the Hubble Space Telescope."
wn-0000,0,PART_OF,Hubble,Hubble Space Telescope,SPACECRAFT,SPACECRAFT:Hubble Space Telescope,Physics,Physics,ORG,ORG:Physics,,zero_shot_nli,0.9604,hf,"Colin A. Norman, Professor of Physics and Astronomy at Johns Hopkins University, testifying before the U.S. House of Representatives Committee on Science February 2nd, presented the Hubble Origins Probe (HOP) as a replacement for the Hubble Space Telescope."
wn-0000,0,PART_OF,Hubble,Hubble Space Telescope,SPACECRAFT,SPACECRAFT:Hubble Space Telescope,Johns Hopkins University,Johns Hopkins University,ORG,ORG:Johns Hopkins University,,zero_shot_nli,0.9155,hf,"Colin A. Norman, Professor of Physics and Astronomy at Johns Hopkins University, testifying before the U.S. House of Representatives Committee on Science February 2nd, presented the Hubble Origins Probe (HOP) as a replacement for the Hubble Space Telescope."
wn-0000,0,PART_OF,Hubble,Hubble Space Telescope,SPACECRAFT,SPACECRAFT:Hubble Space Telescope,the U.S. House of Representatives Committee on Science,U.S. House of Representatives Committee on Science,ORG,ORG:U.S. House of Representatives Committee on Science,,zero_shot_nli,0.9871,hf,"Colin A. Norman, Professor of Physics and Astronomy at Johns Hopkins University, testifying before the U.S. House of Representatives Committee on Science February 2nd, presented the Hubble Origins Probe (HOP) as a replacement for the Hubble Space Telescope."
wn-0000,0,CREWED_BY,Hubble Space Telescope,Hubble Space Telescope,SPACECRAFT,SPACECRAFT:Hubble Space Telescope,Colin A. Norman,Colin A. Norman,PERSON,PERSON:Colin A. Norman,,zero_shot_nli,0.9846,hf,"Colin A. Norman, Professor of Physics and Astronomy at Johns Hopkins University, testifying before the U.S. House of Representatives Committee on Science February 2nd, presented the Hubble Origins Probe (HOP) as a replacement for the Hubble Space Telescope."
wn-0000,0,PART_OF,Hubble Space Telescope,Hubble Space Telescope,SPACECRAFT,SPACECRAFT:Hubble Space Telescope,Physics,Physics,ORG,ORG:Physics,,zero_shot_nli,0.9604,hf,"Colin A. Norman, Professor of Physics and Astronomy at Johns Hopkins University, testifying before the U.S. House of Representatives Committee on Science February 2nd, presented the Hubble Origins Probe (HOP) as a replacement for the Hubble Space Telescope."
wn-0000,0,PART_OF,Hubble Space Telescope,Hubble Space Telescope,SPACECRAFT,SPACECRAFT:Hubble Space Telescope,Johns Hopkins University,Johns Hopkins University,ORG,ORG:Johns Hopkins University,,zero_shot_nli,0.9155,hf,"Colin A. Norman, Professor of Physics and Astronomy at Johns Hopkins University, testifying before the U.S. House of Representatives Committee on Science February 2nd, presented the Hubble Origins Probe (HOP) as a replacement for the Hubble Space Telescope."
wn-0000,0,PART_OF,Hubble Space Telescope,Hubble Space Telescope,SPACECRAFT,SPACECRAFT:Hubble Space Telescope,the U.S. House of Representatives Committee on Science,U.S. House of Representatives Committee on Science,ORG,ORG:U.S. House of Representatives Committee on Science,,zero_shot_nli,0.9871,hf,"Colin A. Norman, Professor of Physics and Astronomy at Johns Hopkins University, testifying before the U.S. House of Representatives Committee on Science February 2nd, presented the Hubble Origins Probe (HOP) as a replacement for the Hubble Space Telescope."
wn-0000,1,CREWED_BY,Hubble,Hubble Space Telescope,SPACECRAFT,SPACECRAFT:Hubble Space Telescope,Norman,Norman,PERSON,PERSON:Norman,,zero_shot_nli,0.9991,hf,"Concerning the shuttle's estimated one billion dollar cost and 65 month time-frame for deployment to earth orbit, Norman said: ""The groundbreaking science, the cutting edge technology generated in the development of new instrumentation, the ability of Hubble science to engage the interest of the public, and its impact on the imagination of students, make it worthwhile to invest this sum of public funds to complete the last chapter of Hubble's remarkable legacy."
wn-0000,1,CREWED_BY,Hubble,Hubble Space Telescope,SPACECRAFT,SPACECRAFT:Hubble Space Telescope,Norman,Norman,PERSON,PERSON:Norman,,zero_shot_nli,0.9991,hf,"Concerning the shuttle's estimated one billion dollar cost and 65 month time-frame for deployment to earth orbit, Norman said: ""The groundbreaking science, the cutting edge technology generated in the development of new instrumentation, the ability of Hubble science to engage the interest of the public, and its impact on the imagination of students, make it worthwhile to invest this sum of public funds to complete the last chapter of Hubble's remarkable legacy."
wn-0000,4,CREWED_BY,Hubble Space Telescope,Hubble Space Telescope,SPACECRAFT,SPACECRAFT:Hubble Space Telescope,Norman,Norman,PERSON,PERSON:Norman,,zero_shot_nli,0.9884,hf,"Norman noted during the testimony that HOP would be, essentially, a lighter copy of the Hubble Space Telescope and would include two instruments that were scheduled for installation on the Hubble: the Cosmic Origins Spectrograph (COS), the Wide Field Camera 3 (WFC3), plus the new Very Wide Field Imager (VWFI) to be paid for and provided by Japan."
wn-0000,4,PART_OF,Hubble Space Telescope,Hubble Space Telescope,SPACECRAFT,SPACECRAFT:Hubble Space Telescope,the Wide Field Camera 3,Wide Field Camera 3,ORG,ORG:Wide Field Camera 3,,zero_shot_nli,0.6764,hf,"Norman noted during the testimony that HOP would be, essentially, a lighter copy of the Hubble Space Telescope and would include two instruments that were scheduled for installation on the Hubble: the Cosmic Origins Spectrograph (COS), the Wide Field Camera 3 (WFC3), plus the new Very Wide Field Imager (VWFI) to be paid for and provided by Japan."
wn-0000,4,PART_OF,Hubble Space Telescope,Hubble Space Telescope,SPACECRAFT,SPACECRAFT:Hubble Space Telescope,VWFI,VWFI,ORG,ORG:VWFI,,zero_shot_nli,0.7156,hf,"Norman noted during the testimony that HOP would be, essentially, a lighter copy of the Hubble Space Telescope and would include two instruments that were scheduled for installation on the Hubble: the Cosmic Origins Spectrograph (COS), the Wide Field Camera 3 (WFC3), plus the new Very Wide Field Imager (VWFI) to be paid for and provided by Japan."
wn-0000,4,LAUNCHED_FROM,Hubble Space Telescope,Hubble Space Telescope,SPACECRAFT,SPACECRAFT:Hubble Space Telescope,Japan,Japan,GPE,GPE:Japan,,zero_shot_nli,0.734,hf,"Norman noted during the testimony that HOP would be, essentially, a lighter copy of the Hubble Space Telescope and would include two instruments that were scheduled for installation on the Hubble: the Cosmic Origins Spectrograph (COS), the Wide Field Camera 3 (WFC3), plus the new Very Wide Field Imager (VWFI) to be paid for and provided by Japan."
wn-0000,4,CREWED_BY,Hubble,Hubble Space Telescope,SPACECRAFT,SPACECRAFT:Hubble Space Telescope,Norman,Norman,PERSON,PERSON:Norman,,zero_shot_nli,0.9884,hf,"Norman noted during the testimony that HOP would be, essentially, a lighter copy of the Hubble Space Telescope and would include two instruments that were scheduled for installation on the Hubble: the Cosmic Origins Spectrograph (COS), the Wide Field Camera 3 (WFC3), plus the new Very Wide Field Imager (VWFI) to be paid for and provided by Japan."
wn-0000,4,PART_OF,Hubble,Hubble Space Telescope,SPACECRAFT,SPACECRAFT:Hubble Space Telescope,the Wide Field Camera 3,Wide Field Camera 3,ORG,ORG:Wide Field Camera 3,,zero_shot_nli,0.6764,hf,"Norman noted during the testimony that HOP would be, essentially, a lighter copy of the Hubble Space Telescope and would include two instruments that were scheduled for installation on the Hubble: the Cosmic Origins Spectrograph (COS), the Wide Field Camera 3 (WFC3), plus the new Very Wide Field Imager (VWFI) to be paid for and provided by Japan."
wn-0000,4,PART_OF,Hubble,Hubble Space Telescope,SPACECRAFT,SPACECRAFT:Hubble Space Telescope,VWFI,VWFI,ORG,ORG:VWFI,,zero_shot_nli,0.7156,hf,"Norman noted during the testimony that HOP would be, essentially, a lighter copy of the Hubble Space Telescope and would include two instruments that were scheduled for installation on the Hubble: the Cosmic Origins Spectrograph (COS), the Wide Field Camera 3 (WFC3), plus the new Very Wide Field Imager (VWFI) to be paid for and provided by Japan."
wn-0000,4,LAUNCHED_FROM,Hubble,Hubble Space Telescope,SPACECRAFT,SPACECRAFT:Hubble Space Telescope,Japan,Japan,GPE,GPE:Japan,,zero_shot_nli,0.734,hf,"Norman noted during the testimony that HOP would be, essentially, a lighter copy of the Hubble Space Telescope and would include two instruments that were scheduled for installation on the Hubble: the Cosmic Origins Spectrograph (COS), the Wide Field Camera 3 (WFC3), plus the new Very Wide Field Imager (VWFI) to be paid for and provided by Japan."
wn-0000,5,OPERATED_BY,Hubble,Hubble Space Telescope,SPACECRAFT,SPACECRAFT:Hubble Space Telescope,VWFI,VWFI,ORG,ORG:VWFI,,zero_shot_nli,0.6307,hf,"The VWFI has a field of view 17 times greater the advanced camera on board the Hubble now, and is 3-4 times more sensitive at critical wavelengths."
wn-0000,11,CREWED_BY,Hubble,Hubble Space Telescope,SPACECRAFT,SPACECRAFT:Hubble Space Telescope,Universe,Universe,PERSON,PERSON:Universe,,zero_shot_nli,0.7491,hf,"We must continue with the Hubble adventure to explore these great questions further, to understand more fully our remarkable Universe and our place in it."
wn-0001,0,LAUNCHED_BY,Delta IV Heavy,Delta IV Heavy,SPACECRAFT,SPACECRAFT:Delta IV Heavy,Boeing,Boeing,ORG,ORG:Boeing,,zero_shot_nli,0.5045,hf,"A launch on December 21, 2004 by Boeing with a new ""Delta IV Heavy"" rocket from Cape Canaveral failed to place a 'dummy' satellite into its intended orbit, but the launch was considered successful by Air Force officials."
wn-0001,0,LAUNCHED_FROM,Delta IV Heavy,Delta IV Heavy,SPACECRAFT,SPACECRAFT:Delta IV Heavy,Cape Canaveral,Cape Canaveral,FAC,FAC:Cape Canaveral,,zero_shot_nli,0.9997,hf,"A launch on December 21, 2004 by Boeing with a new ""Delta IV Heavy"" rocket from Cape Canaveral failed to place a 'dummy' satellite into its intended orbit, but the launch was considered successful by Air Force officials."
wn-0001,0,LAUNCHED_BY,Delta IV Heavy,Delta IV Heavy,SPACECRAFT,SPACECRAFT:Delta IV Heavy,Air Force,Air Force,ORG,ORG:Air Force,,zero_shot_nli,0.5222,hf,"A launch on December 21, 2004 by Boeing with a new ""Delta IV Heavy"" rocket from Cape Canaveral failed to place a 'dummy' satellite into its intended orbit, but the launch was considered successful by Air Force officials."
wn-0001,8,CREWED_BY,Delta IV Heavy,Delta IV Heavy,SPACECRAFT,SPACECRAFT:Delta IV Heavy,Collins,Collins,PERSON,PERSON:Collins,,zero_shot_nli,0.8956,hf,"Collins also reported, ""We now have enough information and confidence in the Delta IV Heavy to move forward with preparations for the upcoming Defense Support Program launch in 2005."
wn-0001,8,PART_OF,Delta IV Heavy,Delta IV Heavy,SPACECRAFT,SPACECRAFT:Delta IV Heavy,Defense Support Program,Defense Support Program,ORG,ORG:Defense Support Program,,zero_shot_nli,0.7997,hf,"Collins also reported, ""We now have enough information and confidence in the Delta IV Heavy to move forward with preparations for the upcoming Defense Support Program launch in 2005."
wn-0001,14,PART_OF,Delta IV Heavy,Delta IV Heavy,SPACECRAFT,SPACECRAFT:Delta IV Heavy,Defense Support Program,Defense Support Program,ORG,ORG:Defense Support Program,,zero_shot_nli,0.7763,hf,The Delta IV Heavy is scheduled to carry the final Defense Support Program missile launch detection satellite to orbit this August.
wn-0002,0,LAUNCHED_BY,Delta IV Heavy,Delta IV Heavy,SPACECRAFT,SPACECRAFT:Delta IV Heavy,Boeing,Boeing,ORG,ORG:Boeing,,zero_shot_nli,0.5448,hf,"A launch on December 21, 2004 by Boeing with a new ""Delta IV Heavy"" rocket from Cape Canaveral failed to place a 'dummy' satellite into geosynchronous orbit, but the launch was considered successful by Air Force officials."
wn-0002,0,LAUNCHED_FROM,Delta IV Heavy,Delta IV Heavy,SPACECRAFT,SPACECRAFT:Delta IV Heavy,Cape Canaveral,Cape Canaveral,FAC,FAC:Cape Canaveral,,zero_shot_nli,0.9998,hf,"A launch on December 21, 2004 by Boeing with a new ""Delta IV Heavy"" rocket from Cape Canaveral failed to place a 'dummy' satellite into geosynchronous orbit, but the launch was considered successful by Air Force officials."
wn-0002,8,CREWED_BY,Delta IV Heavy,Delta IV Heavy,SPACECRAFT,SPACECRAFT:Delta IV Heavy,Collins,Collins,PERSON,PERSON:Collins,,zero_shot_nli,0.8956,hf,"Collins also reported, ""We now have enough information and confidence in the Delta IV Heavy to move forward with preparations for the upcoming Defense Support Program launch in 2005."
wn-0002,8,PART_OF,Delta IV Heavy,Delta IV Heavy,SPACECRAFT,SPACECRAFT:Delta IV Heavy,Defense Support Program,Defense Support Program,ORG,ORG:Defense Support Program,,zero_shot_nli,0.7997,hf,"Collins also reported, ""We now have enough information and confidence in the Delta IV Heavy to move forward with preparations for the upcoming Defense Support Program launch in 2005."
wn-0002,14,PART_OF,Delta IV Heavy,Delta IV Heavy,SPACECRAFT,SPACECRAFT:Delta IV Heavy,Defense Support Program,Defense Support Program,ORG,ORG:Defense Support Program,,zero_shot_nli,0.7763,hf,The Delta IV Heavy is scheduled to carry the final Defense Support Program missile launch detection satellite to orbit this August.
wn-0003,0,ORBITS,Cassini,Cassini,SPACECRAFT,SPACECRAFT:Cassini,Saturn,Saturn,CELESTIAL,CELESTIAL:Saturn,,zero_shot_nli,0.7736,hf,"The Cassini space probe, currently in orbit around the planet Saturn, has returned extraordinary pictures from the Saturnian satellite Iapetus."
wn-0003,0,ORBITS,Cassini,Cassini,SPACECRAFT,SPACECRAFT:Cassini,Iapetus,Iapetus,CELESTIAL,CELESTIAL:Iapetus,,zero_shot_nli,0.8659,hf,"The Cassini space probe, currently in orbit around the planet Saturn, has returned extraordinary pictures from the Saturnian satellite Iapetus."
wn-0003,5,DESTINATION,Cassini,Cassini,SPACECRAFT,SPACECRAFT:Cassini,Iapetus,Iapetus,CELESTIAL,CELESTIAL:Iapetus,,zero_shot_nli,0.6846,hf,Cassini will next fly by Iapetus in September 2007.
wn-0003,8,CREWED_BY,Cassini,Cassini,SPACECRAFT,SPACECRAFT:Cassini,Jean-Dominque,Jean-Dominque,PERSON,PERSON:Jean-Dominque,,zero_shot_nli,0.7157,hf,Jean-Dominque Cassini discovered the moon in 1672; it was also Cassini who determined the color difference on Iapetus.
wn-0003,8,ORBITS,Cassini,Cassini,SPACECRAFT,SPACECRAFT:Cassini,Iapetus,Iapetus,CELESTIAL,CELESTIAL:Iapetus,,zero_shot_nli,0.9841,hf,Jean-Dominque Cassini discovered the moon in 1672; it was also Cassini who determined the color difference on Iapetus.
wn-0003,8,CREWED_BY,Cassini,Cassini,SPACECRAFT,SPACECRAFT:Cassini,Jean-Dominque,Jean-Dominque,PERSON,PERSON:Jean-Dominque,,zero_shot_nli,0.7157,hf,Jean-Dominque Cassini discovered the moon in 1672; it was also Cassini who determined the color difference on Iapetus.
wn-0003,8,ORBITS,Cassini,Cassini,SPACECRAFT,SPACECRAFT:Cassini,Iapetus,Iapetus,CELESTIAL,CELESTIAL:Iapetus,,zero_shot_nli,0.9841,hf,Jean-Dominque Cassini discovered the moon in 1672; it was also Cassini who determined the color difference on Iapetus.
wn-0003,9,CREWED_BY,Cassini-Huygens,Cassini-Huygens,SPACECRAFT,SPACECRAFT:Cassini-Huygens,Giovanni Domenico,Giovanni Domenico,PERSON,PERSON:Giovanni Domenico,,zero_shot_nli,0.9994,hf,"The Cassini-Huygens mission, named after Giovanni Domenico Cassini (Jean-Dominque Cassini), is a collaborative project with the European Space Agency, the Italian Space Agency, and NASA."
wn-0003,9,PART_OF,Cassini-Huygens,Cassini-Huygens,SPACECRAFT,SPACECRAFT:Cassini-Huygens,Cassini,Cassini,SPACECRAFT,SPACECRAFT:Cassini,,zero_shot_nli,0.9988,hf,"The Cassini-Huygens mission, named after Giovanni Domenico Cassini (Jean-Dominque Cassini), is a collaborative project with the European Space Agency, the Italian Space Agency, and NASA."
wn-0003,9,PART_OF,Cassini-Huygens,Cassini-Huygens,SPACECRAFT,SPACECRAFT:Cassini-Huygens,Jean-Dominque,Jean-Dominque,ORG,ORG:Jean-Dominque,,zero_shot_nli,0.8334,hf,"The Cassini-Huygens mission, named after Giovanni Domenico Cassini (Jean-Dominque Cassini), is a collaborative project with the European Space Agency, the Italian Space Agency, and NASA."
wn-0003,9,PART_OF,Cassini-Huygens,Cassini-Huygens,SPACECRAFT,SPACECRAFT:Cassini-Huygens,Cassini,Cassini,SPACECRAFT,SPACECRAFT:Cassini,,zero_shot_nli,0.9988,hf,"The Cassini-Huygens mission, named after Giovanni Domenico Cassini (Jean-Dominque Cassini), is a collaborative project with the European Space Agency, the Italian Space Agency, and NASA."
wn-0003,9,PART_OF,Cassini-Huygens,Cassini-Huygens,SPACECRAFT,SPACECRAFT:Cassini-Huygens,the Italian Space Agency,Italian Space Agency,ORG,ORG:Italian Space Agency,,zero_shot_nli,0.8158,hf,"The Cassini-Huygens mission, named after Giovanni Domenico Cassini (Jean-Dominque Cassini), is a collaborative project with the European Space Agency, the Italian Space Agency, and NASA."
wn-0003,9,PART_OF,Cassini-Huygens,Cassini-Huygens,SPACECRAFT,SPACECRAFT:Cassini-Huygens,NASA,NASA,ORG,ORG:NASA,,zero_shot_nli,0.9634,hf,"The Cassini-Huygens mission, named after Giovanni Domenico Cassini (Jean-Dominque Cassini), is a collaborative project with the European Space Agency, the Italian Space Agency, and NASA."
wn-0003,9,PART_OF,Cassini,Cassini,SPACECRAFT,SPACECRAFT:Cassini,Cassini-Huygens,Cassini-Huygens,SPACECRAFT,SPACECRAFT:Cassini-Huygens,,zero_shot_nli,0.9996,hf,"The Cassini-Huygens mission, named after Giovanni Domenico Cassini (Jean-Dominque Cassini), is a collaborative project with the European Space Agency, the Italian Space Agency, and NASA."
wn-0003,9,CREWED_BY,Cassini,Cassini,SPACECRAFT,SPACECRAFT:Cassini,Giovanni Domenico,Giovanni Domenico,PERSON,PERSON:Giovanni Domenico,,zero_shot_nli,0.9986,hf,"The Cassini-Huygens mission, named after Giovanni Domenico Cassini (Jean-Dominque Cassini), is a collaborative project with the European Space Agency, the Italian Space Agency, and NASA."
wn-0003,9,PART_OF,Cassini,Cassini,SPACECRAFT,SPACECRAFT:Cassini,Jean-Dominque,Jean-Dominque,ORG,ORG:Jean-Dominque,,zero_shot_nli,0.9421,hf,"The Cassini-Huygens mission, named after Giovanni Domenico Cassini (Jean-Dominque Cassini), is a collaborative project with the European Space Agency, the Italian Space Agency, and NASA."
wn-0003,9,PART_OF,Cassini,Cassini,SPACECRAFT,SPACECRAFT:Cassini,the Italian Space Agency,Italian Space Agency,ORG,ORG:Italian Space Agency,,zero_shot_nli,0.9707,hf,"The Cassini-Huygens mission, named after Giovanni Domenico Cassini (Jean-Dominque Cassini), is a collaborative project with the European Space Agency, the Italian Space Agency, and NASA."
wn-0004,1,ORBITS,Deep Impact,Deep Impact,SPACECRAFT,SPACECRAFT:Deep Impact,Tempel 1,Tempel 1,CELESTIAL,CELESTIAL:Tempel 1,,zero_shot_nli,0.9216,hf,"In early July the probe, named Deep Impact, will approach Comet Tempel 1 to take a number of measurements and photographs."
wn-0004,7,LAUNCHED_FROM,Deep Impact,Deep Impact,SPACECRAFT,SPACECRAFT:Deep Impact,Hollywood,Hollywood,GPE,GPE:Hollywood,,zero_shot_nli,0.9977,hf,The probe is named Deep Impact after a Hollywood movie of the same title.
wn-0004,11,LAUNCHED_FROM,Delta II,Delta II,SPACECRAFT,SPACECRAFT:Delta II,Cape Canaveral,Cape Canaveral,FAC,FAC:Cape Canaveral,,zero_shot_nli,0.9997,hf,The probe will be launched aboard a Delta II rocket from Cape Canaveral in Florida.
wn-0004,11,LAUNCHED_FROM,Delta II,Delta II,SPACECRAFT,SPACECRAFT:Delta II,Florida,Florida,GPE,GPE:Florida,,zero_shot_nli,0.9995,hf,The probe will be launched aboard a Delta II rocket from Cape Canaveral in Florida.
wn-0005,0,DESTINATION,Huygens,Huygens,SPACECRAFT,SPACECRAFT:Huygens,Titan,Titan,CELESTIAL,CELESTIAL:Titan,,zero_shot_nli,0.7586,hf,Huygens probe descent to Titan.
wn-0005,2,ORBITS,Huygens,Huygens,SPACECRAFT,SPACECRAFT:Huygens,Saturn,Saturn,CELESTIAL,CELESTIAL:Saturn,,zero_shot_nli,0.8297,hf,"The Huygens Probe will enter the atmosphere of Saturn's largest moon, Titan, on January 14 at approximately 9 a.m. UTC."
wn-0005,2,ORBITS,Huygens,Huygens,SPACECRAFT,SPACECRAFT:Huygens,Titan,Titan,CELESTIAL,CELESTIAL:Titan,,zero_shot_nli,0.9129,hf,"The Huygens Probe will enter the atmosphere of Saturn's largest moon, Titan, on January 14 at approximately 9 a.m. UTC."
wn-0005,2,CREWED_BY,Huygens,Huygens,SPACECRAFT,SPACECRAFT:Huygens,UTC,UTC,PERSON,PERSON:UTC,,zero_shot_nli,0.9689,hf,"The Huygens Probe will enter the atmosphere of Saturn's largest moon, Titan, on January 14 at approximately 9 a.m. UTC."
wn-0005,4,PART_OF,Huygens,Huygens,SPACECRAFT,SPACECRAFT:Huygens,Cassini,Cassini,SPACECRAFT,SPACECRAFT:Cassini,,zero_shot_nli,0.9704,hf,"For the next 2.5 hours, Huygens will slow its descent and begin data transmission from on-board scientific packages to the Cassini Orbiter for relay to Earth."
wn-0005,4,DESTINATION,Huygens,Huygens,SPACECRAFT,SPACECRAFT:Huygens,Earth,Earth,CELESTIAL,CELESTIAL:Earth,,zero_shot_nli,0.5048,hf,"For the next 2.5 hours, Huygens will slow its descent and begin data transmission from on-board scientific packages to the Cassini Orbiter for relay to Earth."
wn-0005,4,PART_OF,Cassini,Cassini,SPACECRAFT,SPACECRAFT:Cassini,Huygens,Huygens,SPACECRAFT,SPACECRAFT:Huygens,,zero_shot_nli,0.9994,hf,"For the next 2.5 hours, Huygens will slow its descent and begin data transmission from on-board scientific packages to the Cassini Orbiter for relay to Earth."
wn-0005,4,ORBITS,Cassini,Cassini,SPACECRAFT,SPACECRAFT:Cassini,Earth,Earth,CELESTIAL,CELESTIAL:Earth,,zero_shot_nli,0.5787,hf,"For the next 2.5 hours, Huygens will slow its descent and begin data transmission from on-board scientific packages to the Cassini Orbiter for relay to Earth."
wn-0005,8,LAUNCHED_BY,Cassini-Huygens,Cassini-Huygens,SPACECRAFT,SPACECRAFT:Cassini-Huygens,NASA,NASA,ORG,ORG:NASA,,zero_shot_nli,0.553,hf,"NASA launched Cassini-Huygens, the largest interplanetary space craft ever built, on October 15, 1997."
wn-0005,11,PART_OF,Cassini,Cassini,SPACECRAFT,SPACECRAFT:Cassini,Huygens,Huygens,SPACECRAFT,SPACECRAFT:Huygens,,zero_shot_nli,0.9934,hf,"On December 25, 2004, the Cassini Orbiter released the Huygens Probe."
wn-0005,11,PART_OF,Huygens,Huygens,SPACECRAFT,SPACECRAFT:Huygens,Cassini,Cassini,SPACECRAFT,SPACECRAFT:Cassini,,zero_shot_nli,0.9931,hf,"On December 25, 2004, the Cassini Orbiter released the Huygens Probe."
wn-0005,13,ORBITS,Huygens,Huygens,SPACECRAFT,SPACECRAFT:Huygens,Titan,Titan,CELESTIAL,CELESTIAL:Titan,,zero_shot_nli,0.5087,hf,"Experiments on board the Huygens Probe are designed to examine chemical reactions in the atmosphere, the source of Titan's abundant methane gas, the existence of oceans, and the presence of complex organic compounds."
wn-0005,14,PART_OF,Cassini-Huygens,Cassini-Huygens,SPACECRAFT,SPACECRAFT:Cassini-Huygens,NASA,NASA,ORG,ORG:NASA,,zero_shot_nli,0.6427,hf,The Cassini-Huygens mission is a joint project of NASA and the European Space Agency (ESA).
wn-0005,14,PART_OF,Cassini-Huygens,Cassini-Huygens,SPACECRAFT,SPACECRAFT:Cassini-Huygens,European Space Agency,ESA,ORG,ORG:ESA,,zero_shot_nli,0.5829,hf,The Cassini-Huygens mission is a joint project of NASA and the European Space Agency (ESA).
wn-0005,14,PART_OF,Cassini-Huygens,Cassini-Huygens,SPACECRAFT,SPACECRAFT:Cassini-Huygens,ESA,ESA,ORG,ORG:ESA,,zero_shot_nli,0.5829,hf,The Cassini-Huygens mission is a joint project of NASA and the European Space Agency (ESA).
wn-0005,15,ORBITS,Huygens,Huygens,SPACECRAFT,SPACECRAFT:Huygens,Titan,Titan,CELESTIAL,CELESTIAL:Titan,,zero_shot_nli,0.8683,hf,"The probe was named after Dutch astronomer Christiaan Huygens, who discovered Titan in 1655."
wn-0005,16,ORBITS,Cassini,Cassini,SPACECRAFT,SPACECRAFT:Cassini,Saturn,Saturn,CELESTIAL,CELESTIAL:Saturn,,zero_shot_nli,0.9895,hf,"The Cassini orbiter was named for Jean-Dominique Cassini, who discovered other moons of Saturn and the gap between Saturn's rings known as the Cassini Division."
wn-0005,16,ORBITS,Cassini,Cassini,SPACECRAFT,SPACECRAFT:Cassini,Saturn,Saturn,CELESTIAL,CELESTIAL:Saturn,,zero_shot_nli,0.9895,hf,"The Cassini orbiter was named for Jean-Dominique Cassini, who discovered other moons of Saturn and the gap between Saturn's rings known as the Cassini Division."
wn-0005,16,ORBITS,Cassini,Cassini,SPACECRAFT,SPACECRAFT:Cassini,Saturn,Saturn,CELESTIAL,CELESTIAL:Saturn,,zero_shot_nli,0.9895,hf,"The Cassini orbiter was named for Jean-Dominique Cassini, who discovered other moons of Saturn and the gap between Saturn's rings known as the Cassini Division."
wn-0005,16,ORBITS,Cassini,Cassini,SPACECRAFT,SPACECRAFT:Cassini,Saturn,Saturn,CELESTIAL,CELESTIAL:Saturn,,zero_shot_nli,0.9895,hf,"The Cassini orbiter was named for Jean-Dominique Cassini, who discovered other moons of Saturn and the gap between Saturn's rings known as the Cassini Division."
wn-0005,16,ORBITS,Cassini,Cassini,SPACECRAFT,SPACECRAFT:Cassini,Saturn,Saturn,CELESTIAL,CELESTIAL:Saturn,,zero_shot_nli,0.9895,hf,"The Cassini orbiter was named for Jean-Dominique Cassini, who discovered other moons of Saturn and the gap between Saturn's rings known as the Cassini Division."
wn-0005,16,ORBITS,Cassini,Cassini,SPACECRAFT,SPACECRAFT:Cassini,Saturn,Saturn,CELESTIAL,CELESTIAL:Saturn,,zero_shot_nli,0.9895,hf,"The Cassini orbiter was named for Jean-Dominique Cassini, who discovered other moons of Saturn and the gap between Saturn's rings known as the Cassini Division."
wn-0006,0,ORBITS,Huygens,Huygens,SPACECRAFT,SPACECRAFT:Huygens,Titan,Titan,CELESTIAL,CELESTIAL:Titan,,zero_shot_nli,0.752,hf,"Huygens, the European built Titan exploration probe, ended its seven-year voyage today when it landed on the surface of the second largest moon in the solar system at 11:38 a.m."
wn-0006,4,ORBITS,Huygens,Huygens,SPACECRAFT,SPACECRAFT:Huygens,Titan,Titan,CELESTIAL,CELESTIAL:Titan,,zero_shot_nli,0.9778,hf,The first confirmation that Huygens had successfully entered Titan's thick atmosphere was at 10:25 a.m.
wn-0006,7,PART_OF,Huygens,Huygens,SPACECRAFT,SPACECRAFT:Huygens,Cassini,Cassini,SPACECRAFT,SPACECRAFT:Cassini,,zero_shot_nli,0.9827,hf,Huygens broadcast data to its Cassini mothership (the US probe which carried Huygens to Titan) throughout its descent and then from the surface.
wn-0006,7,LAUNCHED_FROM,Huygens,Huygens,SPACECRAFT,SPACECRAFT:Huygens,US,United States,GPE,GPE:United States,,zero_shot_nli,0.8505,hf,Huygens broadcast data to its Cassini mothership (the US probe which carried Huygens to Titan) throughout its descent and then from the surface.
wn-0006,7,DESTINATION,Huygens,Huygens,SPACECRAFT,SPACECRAFT:Huygens,Titan,Titan,CELESTIAL,CELESTIAL:Titan,,zero_shot_nli,0.7329,hf,Huygens broadcast data to its Cassini mothership (the US probe which carried Huygens to Titan) throughout its descent and then from the surface.
wn-0006,7,PART_OF,Cassini,Cassini,SPACECRAFT,SPACECRAFT:Cassini,Huygens,Huygens,SPACECRAFT,SPACECRAFT:Huygens,,zero_shot_nli,0.9987,hf,Huygens broadcast data to its Cassini mothership (the US probe which carried Huygens to Titan) throughout its descent and then from the surface.
wn-0006,7,LAUNCHED_FROM,Cassini,Cassini,SPACECRAFT,SPACECRAFT:Cassini,US,United States,GPE,GPE:United States,,zero_shot_nli,0.9567,hf,Huygens broadcast data to its Cassini mothership (the US probe which carried Huygens to Titan) throughout its descent and then from the surface.
wn-0006,7,PART_OF,Cassini,Cassini,SPACECRAFT,SPACECRAFT:Cassini,Huygens,Huygens,SPACECRAFT,SPACECRAFT:Huygens,,zero_shot_nli,0.9987,hf,Huygens broadcast data to its Cassini mothership (the US probe which carried Huygens to Titan) throughout its descent and then from the surface.
wn-0006,7,DESTINATION,Cassini,Cassini,SPACECRAFT,SPACECRAFT:Cassini,Titan,Titan,CELESTIAL,CELESTIAL:Titan,,zero_shot_nli,0.6758,hf,Huygens broadcast data to its Cassini mothership (the US probe which carried Huygens to Titan) throughout its descent and then from the surface.
wn-0006,7,PART_OF,Huygens,Huygens,SPACECRAFT,SPACECRAFT:Huygens,Cassini,Cassini,SPACECRAFT,SPACECRAFT:Cassini,,zero_shot_nli,0.9827,hf,Huygens broadcast data to its Cassini mothership (the US probe which carried Huygens to Titan) throughout its descent and then from the surface.
wn-0006,7,LAUNCHED_FROM,Huygens,Huygens,SPACECRAFT,SPACECRAFT:Huygens,US,United States,GPE,GPE:United States,,zero_shot_nli,0.8505,hf,Huygens broadcast data to its Cassini mothership (the US probe which carried Huygens to Titan) throughout its descent and then from the surface.
wn-0006,7,DESTINATION,Huygens,Huygens,SPACECRAFT,SPACECRAFT:Huygens,Titan,Titan,CELESTIAL,CELESTIAL:Titan,,zero_shot_nli,0.7329,hf,Huygens broadcast data to its Cassini mothership (the US probe which carried Huygens to Titan) throughout its descent and then from the surface.
wn-0006,8,ORBITS,Cassini,Cassini,SPACECRAFT,SPACECRAFT:Cassini,Titan,Titan,CELESTIAL,CELESTIAL:Titan,,zero_shot_nli,0.9905,hf,"After Cassini dropped below the horizon of Titan (cutting the radio link), Cassini turned towards Earth to begin transmitting its recording of the Huygens data to the European Space Operations Centre in Darmstadt, Germany."
wn-0006,8,DESTINATION,Cassini,Cassini,SPACECRAFT,SPACECRAFT:Cassini,Earth,Earth,CELESTIAL,CELESTIAL:Earth,,zero_shot_nli,0.507,hf,"After Cassini dropped below the horizon of Titan (cutting the radio link), Cassini turned towards Earth to begin transmitting its recording of the Huygens data to the European Space Operations Centre in Darmstadt, Germany."
wn-0006,8,PART_OF,Cassini,Cassini,SPACECRAFT,SPACECRAFT:Cassini,Huygens,Huygens,SPACECRAFT,SPACECRAFT:Huygens,,zero_shot_nli,0.8545,hf,"After Cassini dropped below the horizon of Titan (cutting the radio link), Cassini turned towards Earth to begin transmitting its recording of the Huygens data to the European Space Operations Centre in Darmstadt, Germany."
wn-0006,8,PART_OF,Cassini,Cassini,SPACECRAFT,SPACECRAFT:Cassini,the European Space Operations Centre,European Space Operations Centre,ORG,ORG:European Space Operations Centre,,zero_shot_nli,0.9697,hf,"After Cassini dropped below the horizon of Titan (cutting the radio link), Cassini turned towards Earth to begin transmitting its recording of the Huygens data to the European Space Operations Centre in Darmstadt, Germany."
wn-0006,8,LAUNCHED_FROM,Cassini,Cassini,SPACECRAFT,SPACECRAFT:Cassini,Darmstadt,Darmstadt,GPE,GPE:Darmstadt,,zero_shot_nli,0.8022,hf,"After Cassini dropped below the horizon of Titan (cutting the radio link), Cassini turned towards Earth to begin transmitting its recording of the Huygens data to the European Space Operations Centre in Darmstadt, Germany."
wn-0006,8,LAUNCHED_FROM,Cassini,Cassini,SPACECRAFT,SPACECRAFT:Cassini,Germany,Germany,GPE,GPE:Germany,,zero_shot_nli,0.8504,hf,"After Cassini dropped below the horizon of Titan (cutting the radio link), Cassini turned towards Earth to begin transmitting its recording of the Huygens data to the European Space Operations Centre in Darmstadt, Germany."
wn-0006,8,ORBITS,Cassini,Cassini,SPACECRAFT,SPACECRAFT:Cassini,Titan,Titan,CELESTIAL,CELESTIAL:Titan,,zero_shot_nli,0.9905,hf,"After Cassini dropped below the horizon of Titan (cutting the radio link), Cassini turned towards Earth to begin transmitting its recording of the Huygens data to the European Space Operations Centre in Darmstadt, Germany."
wn-0006,8,DESTINATION,Cassini,Cassini,SPACECRAFT,SPACECRAFT:Cassini,Earth,Earth,CELESTIAL,CELESTIAL:Earth,,zero_shot_nli,0.507,hf,"After Cassini dropped below the horizon of Titan (cutting the radio link), Cassini turned towards Earth to begin transmitting its recording of the Huygens data to the European Space Operations Centre in Darmstadt, Germany."
wn-0006,8,PART_OF,Cassini,Cassini,SPACECRAFT,SPACECRAFT:Cassini,Huygens,Huygens,SPACECRAFT,SPACECRAFT:Huygens,,zero_shot_nli,0.8545,hf,"After Cassini dropped below the horizon of Titan (cutting the radio link), Cassini turned towards Earth to begin transmitting its recording of the Huygens data to the European Space Operations Centre in Darmstadt, Germany."
wn-0006,8,PART_OF,Cassini,Cassini,SPACECRAFT,SPACECRAFT:Cassini,the European Space Operations Centre,European Space Operations Centre,ORG,ORG:European Space Operations Centre,,zero_shot_nli,0.9697,hf,"After Cassini dropped below the horizon of Titan (cutting the radio link), Cassini turned towards Earth to begin transmitting its recording of the Huygens data to the European Space Operations Centre in Darmstadt, Germany."
wn-0006,8,LAUNCHED_FROM,Cassini,Cassini,SPACECRAFT,SPACECRAFT:Cassini,Darmstadt,Darmstadt,GPE,GPE:Darmstadt,,zero_shot_nli,0.8022,hf,"After Cassini dropped below the horizon of Titan (cutting the radio link), Cassini turned towards Earth to begin transmitting its recording of the Huygens data to the European Space Operations Centre in Darmstadt, Germany."
wn-0006,8,LAUNCHED_FROM,Cassini,Cassini,SPACECRAFT,SPACECRAFT:Cassini,Germany,Germany,GPE,GPE:Germany,,zero_shot_nli,0.8504,hf,"After Cassini dropped below the horizon of Titan (cutting the radio link), Cassini turned towards Earth to begin transmitting its recording of the Huygens data to the European Space Operations Centre in Darmstadt, Germany."
wn-0006,12,CREWED_BY,Huygens,Huygens,SPACECRAFT,SPACECRAFT:Huygens,Jean-Pierre Lebreton,Jean-Pierre Lebreton,PERSON,PERSON:Jean-Pierre Lebreton,,zero_shot_nli,0.9981,hf,"This was worth the long wait,"" says Dr Jean-Pierre Lebreton, ESA Huygens Mission Manager."
wn-0006,13,PART_OF,Cassini-Huygens,Cassini-Huygens,SPACECRAFT,SPACECRAFT:Cassini-Huygens,NASA,NASA,ORG,ORG:NASA,,zero_shot_nli,0.808,hf,"The Cassini-Huygens mission is conducted by an alliance between NASA, the ESA, and ASI, the Italian space agency."
wn-0006,13,PART_OF,Cassini-Huygens,Cassini-Huygens,SPACECRAFT,SPACECRAFT:Cassini-Huygens,ESA,ESA,ORG,ORG:ESA,,zero_shot_nli,0.8815,hf,"The Cassini-Huygens mission is conducted by an alliance between NASA, the ESA, and ASI, the Italian space agency."
wn-0006,13,PART_OF,Cassini-Huygens,Cassini-Huygens,SPACECRAFT,SPACECRAFT:Cassini-Huygens,ASI,ASI,ORG,ORG:ASI,,zero_shot_nli,0.9676,hf,"The Cassini-Huygens mission is conducted by an alliance between NASA, the ESA, and ASI, the Italian space agency."
wn-0006,14,PART_OF,Cassini,Cassini,SPACECRAFT,SPACECRAFT:Cassini,NASA,NASA,ORG,ORG:NASA,,zero_shot_nli,0.7163,hf,"The NASA Jet Propulsion Laboratory designed, developed and assembled the Cassini orbiter."
wn-0007,1,DESTINATION,Shenzhou,Shenzhou,SPACECRAFT,SPACECRAFT:Shenzhou,Earth,Earth,CELESTIAL,CELESTIAL:Earth,,zero_shot_nli,0.591,hf,"The two Chinese spacemen will be delivered to space through its self-designed Shenzhou VI spaceship, and will orbit the Earth for up to five days."
wn-0007,3,LAUNCHED_FROM,Shenzhou,Shenzhou,SPACECRAFT,SPACECRAFT:Shenzhou,China,China,GPE,GPE:China,,zero_shot_nli,0.9976,hf,"China's first manned space mission happened in October 2003, in which the Shenzhou V spaceship circled the Earth fourteen times and landed safely by parachute on the northern plains of China."
wn-0007,3,ORBITS,Shenzhou,Shenzhou,SPACECRAFT,SPACECRAFT:Shenzhou,Earth,Earth,CELESTIAL,CELESTIAL:Earth,,zero_shot_nli,0.6206,hf,"China's first manned space mission happened in October 2003, in which the Shenzhou V spaceship circled the Earth fourteen times and landed safely by parachute on the northern plains of China."
wn-0007,3,LAUNCHED_FROM,Shenzhou,Shenzhou,SPACECRAFT,SPACECRAFT:Shenzhou,China,China,GPE,GPE:China,,zero_shot_nli,0.9976,hf,"China's first manned space mission happened in October 2003, in which the Shenzhou V spaceship circled the Earth fourteen times and landed safely by parachute on the northern plains of China."
wn-0008,0,ORBITS,Rover Opportunity,Rover Opportunity,SPACECRAFT,SPACECRAFT:Rover Opportunity,Mars,Mars,CELESTIAL,CELESTIAL:Mars,,zero_shot_nli,0.5493,hf,"NASA's Mars Exploration Rover Opportunity has found a basketball-sized iron meteorite near heat shield debris at Meridiani Planum, Opportunity's landing location on Mars."
wn-0008,0,PART_OF,Rover Opportunity,Rover Opportunity,SPACECRAFT,SPACECRAFT:Rover Opportunity,Meridiani Planum,Meridiani Planum,ORG,ORG:Meridiani Planum,,zero_shot_nli,0.6469,hf,"NASA's Mars Exploration Rover Opportunity has found a basketball-sized iron meteorite near heat shield debris at Meridiani Planum, Opportunity's landing location on Mars."
wn-0008,0,PART_OF,Rover Opportunity,Rover Opportunity,SPACECRAFT,SPACECRAFT:Rover Opportunity,Opportunity,Opportunity,ORG,ORG:Opportunity,,zero_shot_nli,0.5022,hf,"NASA's Mars Exploration Rover Opportunity has found a basketball-sized iron meteorite near heat shield debris at Meridiani Planum, Opportunity's landing location on Mars."
wn-0008,0,ORBITS,Rover Opportunity,Rover Opportunity,SPACECRAFT,SPACECRAFT:Rover Opportunity,Mars,Mars,CELESTIAL,CELESTIAL:Mars,,zero_shot_nli,0.5493,hf,"NASA's Mars Exploration Rover Opportunity has found a basketball-sized iron meteorite near heat shield debris at Meridiani Planum, Opportunity's landing location on Mars."
wn-0009,3,CREWED_BY,Swift,Swift,SPACECRAFT,SPACECRAFT:Swift,Neil Gehrels,Neil Gehrels,PERSON,PERSON:Neil Gehrels,,zero_shot_nli,0.9926,hf,"""This is the first time an X-ray telescope has imaged a gamma-ray burst while it was bursting,"" said Dr. Neil Gehrels, Swift's principal investigator at NASA's Goddard Space Flight Center, Greenbelt, MD."
wn-0009,3,PART_OF,Swift,Swift,SPACECRAFT,SPACECRAFT:Swift,NASA,NASA,ORG,ORG:NASA,,zero_shot_nli,0.682,hf,"""This is the first time an X-ray telescope has imaged a gamma-ray burst while it was bursting,"" said Dr. Neil Gehrels, Swift's principal investigator at NASA's Goddard Space Flight Center, Greenbelt, MD."
wn-0009,3,PART_OF,Swift,Swift,SPACECRAFT,SPACECRAFT:Swift,Goddard Space Flight Center,Goddard Space Flight Center,ORG,ORG:Goddard Space Flight Center,,zero_shot_nli,0.7129,hf,"""This is the first time an X-ray telescope has imaged a gamma-ray burst while it was bursting,"" said Dr. Neil Gehrels, Swift's principal investigator at NASA's Goddard Space Flight Center, Greenbelt, MD."
wn-0009,3,LAUNCHED_FROM,Swift,Swift,SPACECRAFT,SPACECRAFT:Swift,Greenbelt,Greenbelt,GPE,GPE:Greenbelt,,zero_shot_nli,0.8431,hf,"""This is the first time an X-ray telescope has imaged a gamma-ray burst while it was bursting,"" said Dr. Neil Gehrels, Swift's principal investigator at NASA's Goddard Space Flight Center, Greenbelt, MD."
wn-0009,3,LAUNCHED_FROM,Swift,Swift,SPACECRAFT,SPACECRAFT:Swift,MD,MD,GPE,GPE:MD,,zero_shot_nli,0.7388,hf,"""This is the first time an X-ray telescope has imaged a gamma-ray burst while it was bursting,"" said Dr. Neil Gehrels, Swift's principal investigator at NASA's Goddard Space Flight Center, Greenbelt, MD."
wn-0009,7,CREWED_BY,Swift,Swift,SPACECRAFT,SPACECRAFT:Swift,John Nousek,John Nousek,PERSON,PERSON:John Nousek,,zero_shot_nli,0.8948,hf,"""This is the one that didn't get away,"" said Prof. John Nousek, Swift's mission operations director at Penn State University, in State College, PA."
wn-0009,7,PART_OF,Swift,Swift,SPACECRAFT,SPACECRAFT:Swift,Penn State University,Penn State University,ORG,ORG:Penn State University,,zero_shot_nli,0.9418,hf,"""This is the one that didn't get away,"" said Prof. John Nousek, Swift's mission operations director at Penn State University, in State College, PA."
wn-0009,7,PART_OF,Swift,Swift,SPACECRAFT,SPACECRAFT:Swift,State College,State College,ORG,ORG:State College,,zero_shot_nli,0.9876,hf,"""This is the one that didn't get away,"" said Prof. John Nousek, Swift's mission operations director at Penn State University, in State College, PA."
wn-0010,0,ORBITS,Rover Opportunity,Rover Opportunity,SPACECRAFT,SPACECRAFT:Rover Opportunity,Mars,Mars,CELESTIAL,CELESTIAL:Mars,,zero_shot_nli,0.5451,hf,Mars Exploration Rover Opportunity and its tracks are captured in this enhanced-resolution image.
wn-0010,1,ORBITS,Mars Global Surveyor,Mars Global Surveyor,SPACECRAFT,SPACECRAFT:Mars Global Surveyor,Mars,Mars,CELESTIAL,CELESTIAL:Mars,,zero_shot_nli,0.9189,hf,The picture was taken from Mars orbit with the Mars Orbiter Camera on board the Mars Global Surveyor.
wn-0010,1,ORBITS,Mars Global Surveyor,Mars Global Surveyor,SPACECRAFT,SPACECRAFT:Mars Global Surveyor,Mars,Mars,CELESTIAL,CELESTIAL:Mars,,zero_shot_nli,0.9189,hf,The picture was taken from Mars orbit with the Mars Orbiter Camera on board the Mars Global Surveyor.
wn-0012,0,CREWED_BY,International Space Station,ISS,SPACECRAFT,SPACECRAFT:ISS,Leroy Chiao,Leroy Chiao,PERSON,PERSON:Leroy Chiao,,zero_shot_nli,0.9998,hf,Commander Leroy Chiao and Flight Engineer Salizhan Sharipov have just completed their mission's first space walk aboard the International Space Station.
wn-0013,0,PART_OF,Hubble,Hubble Space Telescope,SPACECRAFT,SPACECRAFT:Hubble Space Telescope,NASA,NASA,ORG,ORG:NASA,,zero_shot_nli,0.5561,hf,"A senior administration official, speaking anonymously, confirmed on Friday that the proposed NASA budget for the 2006 fiscal year will not contain additional funding for a Hubble servicing mission."
wn-0013,2,PART_OF,Hubble Space Telescope,Hubble Space Telescope,SPACECRAFT,SPACECRAFT:Hubble Space Telescope,NASA,NASA,ORG,ORG:NASA,,zero_shot_nli,0.8034,hf,"The White House eliminated funding for a service mission the Hubble Space Telescope from its 2006 budget request and directed NASA to focus on deorbiting the spacecraft at the end of its life, according to government and industry sources ."
wn-0013,3,PART_OF,Hubble Space Telescope,Hubble Space Telescope,SPACECRAFT,SPACECRAFT:Hubble Space Telescope,NASA,NASA,ORG,ORG:NASA,,zero_shot_nli,0.8033,hf,Intensive work has been under way at NASA's Goddard Space Flight Center to develop telerobotic servicing skills for the Hubble Space Telescope in the event that a space shuttle crew is never again sent to the orbiting facility.
wn-0013,3,PART_OF,Hubble Space Telescope,Hubble Space Telescope,SPACECRAFT,SPACECRAFT:Hubble Space Telescope,Goddard Space Flight Center,Goddard Space Flight Center,ORG,ORG:Goddard Space Flight Center,,zero_shot_nli,0.5531,hf,Intensive work has been under way at NASA's Goddard Space Flight Center to develop telerobotic servicing skills for the Hubble Space Telescope in the event that a space shuttle crew is never again sent to the orbiting facility.
wn-0013,4,LAUNCHED_FROM,Hubble,Hubble Space Telescope,SPACECRAFT,SPACECRAFT:Hubble Space Telescope,the United States,United States,GPE,GPE:United States,,zero_shot_nli,0.9266,hf,Aerospace firms in the United States and in Canada have teamed with NASA to develop a Hubble Robotic Vehicle Deorbit Module.
wn-0013,4,LAUNCHED_FROM,Hubble,Hubble Space Telescope,SPACECRAFT,SPACECRAFT:Hubble Space Telescope,Canada,Canada,GPE,GPE:Canada,,zero_shot_nli,0.9115,hf,Aerospace firms in the United States and in Canada have teamed with NASA to develop a Hubble Robotic Vehicle Deorbit Module.
wn-0013,5,CREWED_BY,Hubble,Hubble Space Telescope,SPACECRAFT,SPACECRAFT:Hubble Space Telescope,Jim Crocker,Jim Crocker,PERSON,PERSON:Jim Crocker,,zero_shot_nli,0.8901,hf,"""Excellent progress is being made on a telerobotic approach to servicing the Hubble,"" said Jim Crocker, vice president of civil space at Lockheed Martin Space Systems of Denver."
wn-0013,5,LAUNCHED_FROM,Hubble,Hubble Space Telescope,SPACECRAFT,SPACECRAFT:Hubble Space Telescope,Denver,Denver,GPE,GPE:Denver,,zero_shot_nli,0.8254,hf,"""Excellent progress is being made on a telerobotic approach to servicing the Hubble,"" said Jim Crocker, vice president of civil space at Lockheed Martin Space Systems of Denver."
wn-0013,14,CREWED_BY,Hubble Space Telescope,Hubble Space Telescope,SPACECRAFT,SPACECRAFT:Hubble Space Telescope,Steny Hoyer,Steny Hoyer,PERSON,PERSON:Steny Hoyer,,zero_shot_nli,0.9902,hf,Congressman Steny Hoyer (D-MD) released the following statement January 25 condemning reports about eliminating funds to repair the Hubble Space Telescope.
wn-0013,15,PART_OF,Hubble Space Telescope,Hubble Space Telescope,SPACECRAFT,SPACECRAFT:Hubble Space Telescope,Goddard Space Flight Center,Goddard Space Flight Center,ORG,ORG:Goddard Space Flight Center,,zero_shot_nli,0.6077,hf,The Hubble Space Telescope is managed by the Goddard Space Flight Center which is located in Congressman Hoyer's district.
wn-0013,15,CREWED_BY,Hubble Space Telescope,Hubble Space Telescope,SPACECRAFT,SPACECRAFT:Hubble Space Telescope,Hoyer,Hoyer,PERSON,PERSON:Hoyer,,zero_shot_nli,0.9993,hf,The Hubble Space Telescope is managed by the Goddard Space Flight Center which is located in Congressman Hoyer's district.
wn-0013,16,OPERATED_BY,Hubble Space Telescope,Hubble Space Telescope,SPACECRAFT,SPACECRAFT:Hubble Space Telescope,the Bush Administration,Bush Administration,ORG,ORG:Bush Administration,,zero_shot_nli,0.6429,hf,"""I am very concerned about reports that the Bush Administration may eliminate federal funds to repair and upgrade the Hubble Space Telescope from its budget for fiscal year 2006."
wn-0014,0,LAUNCHED_FROM,Swift,Swift,SPACECRAFT,SPACECRAFT:Swift,Ultravioliet,Ultravioliet,GPE,GPE:Ultravioliet,,zero_shot_nli,0.9997,hf,"NASA's Swift satellite has completed all tests since its launch last November and with the Ultravioliet/Optical Telescope (UVOT) now on line, is now fully functional for the mission's 2 year quest for gamma-ray bursts."
wn-0014,8,OPERATED_BY,Swift,Swift,SPACECRAFT,SPACECRAFT:Swift,UVOT,UVOT,ORG,ORG:UVOT,,zero_shot_nli,0.5496,hf,"Swift detected and imaged its first official burst on January 17, 2005, before the UVOT was operational with the aid of the Burst Alert (BAT) and X-ray (XRT) telescopes activated several weeks earlier."
wn-0016,1,PART_OF,Hubble,Hubble Space Telescope,SPACECRAFT,SPACECRAFT:Hubble Space Telescope,NASA,NASA,ORG,ORG:NASA,,zero_shot_nli,0.881,hf,"While NASA's budget will increase by 2.6%, most of Hubble's $93 million in funding will be directed into bringing it safely to Earth."
wn-0016,1,DESTINATION,Hubble,Hubble Space Telescope,SPACECRAFT,SPACECRAFT:Hubble Space Telescope,Earth,Earth,CELESTIAL,CELESTIAL:Earth,,zero_shot_nli,0.682,hf,"While NASA's budget will increase by 2.6%, most of Hubble's $93 million in funding will be directed into bringing it safely to Earth."
wn-0016,8,PART_OF,ISS,ISS,SPACECRAFT,SPACECRAFT:ISS,Space Shuttle,Space Shuttle,SPACECRAFT,SPACECRAFT:Space Shuttle,,zero_shot_nli,0.999,hf,"This grand aim is behind the agency's new budget, with $6.8 billion (over one-third of the total) devoted to the ISS, Space Shuttle and space travel support."
wn-0016,8,PART_OF,Space Shuttle,Space Shuttle,SPACECRAFT,SPACECRAFT:Space Shuttle,ISS,ISS,SPACECRAFT,SPACECRAFT:ISS,,zero_shot_nli,0.9995,hf,"This grand aim is behind the agency's new budget, with $6.8 billion (over one-third of the total) devoted to the ISS, Space Shuttle and space travel support."
wn-0019,1,PART_OF,Ariane 5,Ariane 5,SPACECRAFT,SPACECRAFT:Ariane 5,European Space Agency,ESA,ORG,ORG:ESA,,zero_shot_nli,0.5086,hf,"The European Space Agency's new Ariane 5 ECA rocket placed two satellites in orbit Saturday February 12, successfully completing its initial qualifying flight."
wn-0019,1,PART_OF,Ariane 5,Ariane 5,SPACECRAFT,SPACECRAFT:Ariane 5,ECA,ECA,ORG,ORG:ECA,,zero_shot_nli,0.5151,hf,"The European Space Agency's new Ariane 5 ECA rocket placed two satellites in orbit Saturday February 12, successfully completing its initial qualifying flight."
wn-0022,0,LAUNCHED_FROM,Atlas V,Atlas V,SPACECRAFT,SPACECRAFT:Atlas V,Cape Canaveral,Cape Canaveral,FAC,FAC:Cape Canaveral,,zero_shot_nli,0.9998,hf,"A Lockheed-Martin built Atlas V launch vehicle, successfully launched from Cape Canaveral, Florida at 21:42 UTC (4:42 p.m. EST)."
wn-0022,0,LAUNCHED_FROM,Atlas V,Atlas V,SPACECRAFT,SPACECRAFT:Atlas V,Florida,Florida,GPE,GPE:Florida,,zero_shot_nli,0.9998,hf,"A Lockheed-Martin built Atlas V launch vehicle, successfully launched from Cape Canaveral, Florida at 21:42 UTC (4:42 p.m. EST)."
wn-0022,0,LAUNCHED_BY,Atlas V,Atlas V,SPACECRAFT,SPACECRAFT:Atlas V,UTC,UTC,ORG,ORG:UTC,,zero_shot_nli,0.8315,hf,"A Lockheed-Martin built Atlas V launch vehicle, successfully launched from Cape Canaveral, Florida at 21:42 UTC (4:42 p.m. EST)."
wn-0022,4,PART_OF,Atlas V,Atlas V,SPACECRAFT,SPACECRAFT:Atlas V,Aerojet,Aerojet,ORG,ORG:Aerojet,,zero_shot_nli,0.521,hf,"This was the fifth launch of the Atlas V vehicle, and the first launch where the rocket used three of the first stage, Aerojet built, solid rocket motors."
wn-0024,6,PART_OF,Mars Express,Mars Express,SPACECRAFT,SPACECRAFT:Mars Express,European Space Agency,ESA,ORG,ORG:ESA,,zero_shot_nli,0.7788,hf,"New images of the landscape taken by the High Resolution Stereo Camera (HRSC) on the European Space Agency's Mars Express Mission show that flowing water, large glaciers and active volcanoes have also taken their toll on the face of Mars."
wn-0024,6,ORBITS,Mars Express,Mars Express,SPACECRAFT,SPACECRAFT:Mars Express,Mars,Mars,CELESTIAL,CELESTIAL:Mars,,zero_shot_nli,0.5295,hf,"New images of the landscape taken by the High Resolution Stereo Camera (HRSC) on the European Space Agency's Mars Express Mission show that flowing water, large glaciers and active volcanoes have also taken their toll on the face of Mars."
wn-0025,0,PART_OF,Cassini,Cassini,SPACECRAFT,SPACECRAFT:Cassini,NASA,NASA,ORG,ORG:NASA,,zero_shot_nli,0.731,hf,"NASA's Saturn exploration spacecraft, Cassini, has discovered an atmosphere about the moon Enceladus."
wn-0025,0,ORBITS,Cassini,Cassini,SPACECRAFT,SPACECRAFT:Cassini,Saturn,Saturn,CELESTIAL,CELESTIAL:Saturn,,zero_shot_nli,0.7367,hf,"NASA's Saturn exploration spacecraft, Cassini, has discovered an atmosphere about the moon Enceladus."
wn-0025,0,LAUNCHED_FROM,Cassini,Cassini,SPACECRAFT,SPACECRAFT:Cassini,the moon,moon,LOC,LOC:moon,,zero_shot_nli,0.9657,hf,"NASA's Saturn exploration spacecraft, Cassini, has discovered an atmosphere about the moon Enceladus."
wn-0025,0,ORBITS,Cassini,Cassini,SPACECRAFT,SPACECRAFT:Cassini,Enceladus,Enceladus,CELESTIAL,CELESTIAL:Enceladus,,zero_shot_nli,0.9961,hf,"NASA's Saturn exploration spacecraft, Cassini, has discovered an atmosphere about the moon Enceladus."
wn-0025,1,ORBITS,Cassini,Cassini,SPACECRAFT,SPACECRAFT:Cassini,Saturn,Saturn,CELESTIAL,CELESTIAL:Saturn,,zero_shot_nli,0.973,hf,"This is the first such discovery by Cassini, other than Titan, of the presence of an atmosphere around a Saturn moon."
wn-0025,7,ORBITS,Cassini,Cassini,SPACECRAFT,SPACECRAFT:Cassini,Enceladus,Enceladus,CELESTIAL,CELESTIAL:Enceladus,,zero_shot_nli,0.692,hf,"""These new results from Cassini may be the first evidence of gases originating either from the surface or possibly from the interior of Enceladus,"" said Dr. Michele Dougherty, principal investigator for the Cassini magnetometer and professor at Imperial College in London."
wn-0025,7,CREWED_BY,Cassini,Cassini,SPACECRAFT,SPACECRAFT:Cassini,Michele Dougherty,Michele Dougherty,PERSON,PERSON:Michele Dougherty,,zero_shot_nli,0.9104,hf,"""These new results from Cassini may be the first evidence of gases originating either from the surface or possibly from the interior of Enceladus,"" said Dr. Michele Dougherty, principal investigator for the Cassini magnetometer and professor at Imperial College in London."
wn-0025,7,PART_OF,Cassini,Cassini,SPACECRAFT,SPACECRAFT:Cassini,Imperial College,Imperial College,ORG,ORG:Imperial College,,zero_shot_nli,0.8303,hf,"""These new results from Cassini may be the first evidence of gases originating either from the surface or possibly from the interior of Enceladus,"" said Dr. Michele Dougherty, principal investigator for the Cassini magnetometer and professor at Imperial College in London."
wn-0025,7,LAUNCHED_FROM,Cassini,Cassini,SPACECRAFT,SPACECRAFT:Cassini,London,London,GPE,GPE:London,,zero_shot_nli,0.9989,hf,"""These new results from Cassini may be the first evidence of gases originating either from the surface or possibly from the interior of Enceladus,"" said Dr. Michele Dougherty, principal investigator for the Cassini magnetometer and professor at Imperial College in London."
wn-0025,7,ORBITS,Cassini,Cassini,SPACECRAFT,SPACECRAFT:Cassini,Enceladus,Enceladus,CELESTIAL,CELESTIAL:Enceladus,,zero_shot_nli,0.692,hf,"""These new results from Cassini may be the first evidence of gases originating either from the surface or possibly from the interior of Enceladus,"" said Dr. Michele Dougherty, principal investigator for the Cassini magnetometer and professor at Imperial College in London."
wn-0025,7,CREWED_BY,Cassini,Cassini,SPACECRAFT,SPACECRAFT:Cassini,Michele Dougherty,Michele Dougherty,PERSON,PERSON:Michele Dougherty,,zero_shot_nli,0.9104,hf,"""These new results from Cassini may be the first evidence of gases originating either from the surface or possibly from the interior of Enceladus,"" said Dr. Michele Dougherty, principal investigator for the Cassini magnetometer and professor at Imperial College in London."
wn-0025,7,PART_OF,Cassini,Cassini,SPACECRAFT,SPACECRAFT:Cassini,Imperial College,Imperial College,ORG,ORG:Imperial College,,zero_shot_nli,0.8303,hf,"""These new results from Cassini may be the first evidence of gases originating either from the surface or possibly from the interior of Enceladus,"" said Dr. Michele Dougherty, principal investigator for the Cassini magnetometer and professor at Imperial College in London."
wn-0025,7,LAUNCHED_FROM,Cassini,Cassini,SPACECRAFT,SPACECRAFT:Cassini,London,London,GPE,GPE:London,,zero_shot_nli,0.9989,hf,"""These new results from Cassini may be the first evidence of gases originating either from the surface or possibly from the interior of Enceladus,"" said Dr. Michele Dougherty, principal investigator for the Cassini magnetometer and professor at Imperial College in London."
wn-0025,10,ORBITS,Cassini,Cassini,SPACECRAFT,SPACECRAFT:Cassini,Saturn,Saturn,CELESTIAL,CELESTIAL:Saturn,,zero_shot_nli,0.9814,hf,"Cassini first arrived in Saturn orbit July 1, 2004, releasing the Huygens Titan probe on December 25, 2004 which landed on Titan January 14, 2005."
wn-0025,10,PART_OF,Cassini,Cassini,SPACECRAFT,SPACECRAFT:Cassini,Huygens,Huygens,SPACECRAFT,SPACECRAFT:Huygens,,zero_shot_nli,0.9854,hf,"Cassini first arrived in Saturn orbit July 1, 2004, releasing the Huygens Titan probe on December 25, 2004 which landed on Titan January 14, 2005."
wn-0025,10,ORBITS,Cassini,Cassini,SPACECRAFT,SPACECRAFT:Cassini,Titan,Titan,CELESTIAL,CELESTIAL:Titan,,zero_shot_nli,0.978,hf,"Cassini first arrived in Saturn orbit July 1, 2004, releasing the Huygens Titan probe on December 25, 2004 which landed on Titan January 14, 2005."
wn-0025,10,ORBITS,Cassini,Cassini,SPACECRAFT,SPACECRAFT:Cassini,Titan,Titan,CELESTIAL,CELESTIAL:Titan,,zero_shot_nli,0.978,hf,"Cassini first arrived in Saturn orbit July 1, 2004, releasing the Huygens Titan probe on December 25, 2004 which landed on Titan January 14, 2005."
wn-0025,10,PART_OF,Huygens,Huygens,SPACECRAFT,SPACECRAFT:Huygens,Cassini,Cassini,SPACECRAFT,SPACECRAFT:Cassini,,zero_shot_nli,0.9985,hf,"Cassini first arrived in Saturn orbit July 1, 2004, releasing the Huygens Titan probe on December 25, 2004 which landed on Titan January 14, 2005."
wn-0025,10,ORBITS,Huygens,Huygens,SPACECRAFT,SPACECRAFT:Huygens,Saturn,Saturn,CELESTIAL,CELESTIAL:Saturn,,zero_shot_nli,0.9956,hf,"Cassini first arrived in Saturn orbit July 1, 2004, releasing the Huygens Titan probe on December 25, 2004 which landed on Titan January 14, 2005."
wn-0025,10,ORBITS,Huygens,Huygens,SPACECRAFT,SPACECRAFT:Huygens,Titan,Titan,CELESTIAL,CELESTIAL:Titan,,zero_shot_nli,0.9802,hf,"Cassini first arrived in Saturn orbit July 1, 2004, releasing the Huygens Titan probe on December 25, 2004 which landed on Titan January 14, 2005."
wn-0025,10,ORBITS,Huygens,Huygens,SPACECRAFT,SPACECRAFT:Huygens,Titan,Titan,CELESTIAL,CELESTIAL:Titan,,zero_shot_nli,0.9802,hf,"Cassini first arrived in Saturn orbit July 1, 2004, releasing the Huygens Titan probe on December 25, 2004 which landed on Titan January 14, 2005."
wn-0025,11,PART_OF,Cassini-Huygens,Cassini-Huygens,SPACECRAFT,SPACECRAFT:Cassini-Huygens,NASA,NASA,ORG,ORG:NASA,,zero_shot_nli,0.6874,hf,"The Cassini-Huygens mission is a cooperative project of NASA, the European Space Agency and the Italian Space Agency."
wn-0025,12,LAUNCHED_FROM,Cassini,Cassini,SPACECRAFT,SPACECRAFT:Cassini,Pasadena,Pasadena,GPE,GPE:Pasadena,,zero_shot_nli,0.9961,hf,"The Cassini orbiter was designed, developed and assembled at the Jet Propulsion Laboratory in Pasadena, California."
wn-0025,12,LAUNCHED_FROM,Cassini,Cassini,SPACECRAFT,SPACECRAFT:Cassini,California,California,GPE,GPE:California,,zero_shot_nli,0.9969,hf,"The Cassini orbiter was designed, developed and assembled at the Jet Propulsion Laboratory in Pasadena, California."
wn-0028,12,ORBITS,Spitzer,Spitzer,SPACECRAFT,SPACECRAFT:Spitzer,Earth,Earth,CELESTIAL,CELESTIAL:Earth,,zero_shot_nli,0.7889,hf,"""Spitzer has provided us with a powerful new tool for learning about the temperatures, atmospheres and orbits of planets hundreds of light-years from Earth,"" said Dr. Deming."
wn-0028,12,CREWED_BY,Spitzer,Spitzer,SPACECRAFT,SPACECRAFT:Spitzer,Deming,Deming,PERSON,PERSON:Deming,,zero_shot_nli,0.9138,hf,"""Spitzer has provided us with a powerful new tool for learning about the temperatures, atmospheres and orbits of planets hundreds of light-years from Earth,"" said Dr. Deming."
wn-0028,18,CREWED_BY,Spitzer,Spitzer,SPACECRAFT,SPACECRAFT:Spitzer,Lyman,Lyman,PERSON,PERSON:Lyman,,zero_shot_nli,0.8003,hf,"Spitzer was named for Dr. Lyman Spitzer who, in the mid-1940s, first proposed placing telescopes in space."
wn-0028,18,CREWED_BY,Spitzer,Spitzer,SPACECRAFT,SPACECRAFT:Spitzer,Lyman,Lyman,PERSON,PERSON:Lyman,,zero_shot_nli,0.8003,hf,"Spitzer was named for Dr. Lyman Spitzer who, in the mid-1940s, first proposed placing telescopes in space."
wn-0028,21,PART_OF,Spitzer Space Telescope,Spitzer Space Telescope,SPACECRAFT,SPACECRAFT:Spitzer Space Telescope,NASA,NASA,ORG,ORG:NASA,,zero_shot_nli,0.6688,hf,NASA's Jet Propulsion Laboratory manages the Spitzer Space Telescope mission for NASA's Science Mission Directorate.
wn-0028,21,PART_OF,Spitzer Space Telescope,Spitzer Space Telescope,SPACECRAFT,SPACECRAFT:Spitzer Space Telescope,NASA,NASA,ORG,ORG:NASA,,zero_shot_nli,0.6688,hf,NASA's Jet Propulsion Laboratory manages the Spitzer Space Telescope mission for NASA's Science Mission Directorate.
wn-0028,21,PART_OF,Spitzer Space Telescope,Spitzer Space Telescope,SPACECRAFT,SPACECRAFT:Spitzer Space Telescope,Science Mission Directorate,Science Mission Directorate,ORG,ORG:Science Mission Directorate,,zero_shot_nli,0.6309,hf,NASA's Jet Propulsion Laboratory manages the Spitzer Space Telescope mission for NASA's Science Mission Directorate.
wn-0028,22,LAUNCHED_FROM,Spitzer,Spitzer,SPACECRAFT,SPACECRAFT:Spitzer,Pasadena,Pasadena,GPE,GPE:Pasadena,,zero_shot_nli,0.6351,hf,"Science operations are conducted at the Spitzer Science Center, Pasadena, California."
wn-0028,22,LAUNCHED_FROM,Spitzer,Spitzer,SPACECRAFT,SPACECRAFT:Spitzer,California,California,GPE,GPE:California,,zero_shot_nli,0.6097,hf,"Science operations are conducted at the Spitzer Science Center, Pasadena, California."
wn-0029,0,DESTINATION,Deep Impact,Deep Impact,SPACECRAFT,SPACECRAFT:Deep Impact,Tempel 1,Tempel 1,CELESTIAL,CELESTIAL:Tempel 1,,zero_shot_nli,0.733,hf,"NASA's comet busting spacecraft Deep Impact has moved into its cruising phase towards a rendezvous and collision with Comet Tempel 1 on July 4, 2005."
wn-0029,7,CREWED_BY,Deep Impact,Deep Impact,SPACECRAFT,SPACECRAFT:Deep Impact,Rick Grammier,Rick Grammier,PERSON,PERSON:Rick Grammier,,zero_shot_nli,0.994,hf,"""This in no way will affect our ability to impact the comet on July 4,"" said Rick Grammier, Deep Impact project manager at NASA's Jet Propulsion Laboratory."
wn-0029,7,PART_OF,Deep Impact,Deep Impact,SPACECRAFT,SPACECRAFT:Deep Impact,NASA,NASA,ORG,ORG:NASA,,zero_shot_nli,0.901,hf,"""This in no way will affect our ability to impact the comet on July 4,"" said Rick Grammier, Deep Impact project manager at NASA's Jet Propulsion Laboratory."
wn-0029,10,PART_OF,Deep Impact,Deep Impact,SPACECRAFT,SPACECRAFT:Deep Impact,the High Resolution Instrument,High Resolution Instrument,ORG,ORG:High Resolution Instrument,,zero_shot_nli,0.6731,hf,Deep Impact has four data collectors to observe the effects of the cometary collision: the High Resolution Instrument consisting of a camera and infrared spectrometer; the Medium Resolution Instrument; and a duplicate camera on the Impactor Targeting Sensor.
wn-0029,10,PART_OF,Deep Impact,Deep Impact,SPACECRAFT,SPACECRAFT:Deep Impact,the Medium Resolution Instrument,Medium Resolution Instrument,ORG,ORG:Medium Resolution Instrument,,zero_shot_nli,0.7892,hf,Deep Impact has four data collectors to observe the effects of the cometary collision: the High Resolution Instrument consisting of a camera and infrared spectrometer; the Medium Resolution Instrument; and a duplicate camera on the Impactor Targeting Sensor.
wn-0029,22,PART_OF,Hubble,Hubble Space Telescope,SPACECRAFT,SPACECRAFT:Hubble Space Telescope,NASA,NASA,ORG,ORG:NASA,,zero_shot_nli,0.6995,hf,"NASA's Hubble, Spitzer and Chandra space telescopes, along with the largest telescopes on Earth, will observe the effects of the material flying from the comet's newly formed crater along with the imagers aboard Deep Impact."
wn-0029,22,PART_OF,Hubble,Hubble Space Telescope,SPACECRAFT,SPACECRAFT:Hubble Space Telescope,Spitzer,Spitzer,SPACECRAFT,SPACECRAFT:Spitzer,,zero_shot_nli,0.9997,hf,"NASA's Hubble, Spitzer and Chandra space telescopes, along with the largest telescopes on Earth, will observe the effects of the material flying from the comet's newly formed crater along with the imagers aboard Deep Impact."
wn-0029,22,CREWED_BY,Hubble,Hubble Space Telescope,SPACECRAFT,SPACECRAFT:Hubble Space Telescope,Chandra,Chandra,PERSON,PERSON:Chandra,,zero_shot_nli,0.9981,hf,"NASA's Hubble, Spitzer and Chandra space telescopes, along with the largest telescopes on Earth, will observe the effects of the material flying from the comet's newly formed crater along with the imagers aboard Deep Impact."
wn-0029,22,ORBITS,Hubble,Hubble Space Telescope,SPACECRAFT,SPACECRAFT:Hubble Space Telescope,Earth,Earth,CELESTIAL,CELESTIAL:Earth,,zero_shot_nli,0.9172,hf,"NASA's Hubble, Spitzer and Chandra space telescopes, along with the largest telescopes on Earth, will observe the effects of the material flying from the comet's newly formed crater along with the imagers aboard Deep Impact."
wn-0029,22,PART_OF,Hubble,Hubble Space Telescope,SPACECRAFT,SPACECRAFT:Hubble Space Telescope,Deep Impact,Deep Impact,SPACECRAFT,SPACECRAFT:Deep Impact,,zero_shot_nli,0.9704,hf,"NASA's Hubble, Spitzer and Chandra space telescopes, along with the largest telescopes on Earth, will observe the effects of the material flying from the comet's newly formed crater along with the imagers aboard Deep Impact."
wn-0029,22,PART_OF,Spitzer,Spitzer,SPACECRAFT,SPACECRAFT:Spitzer,NASA,NASA,ORG,ORG:NASA,,zero_shot_nli,0.8246,hf,"NASA's Hubble, Spitzer and Chandra space telescopes, along with the largest telescopes on Earth, will observe the effects of the material flying from the comet's newly formed crater along with the imagers aboard Deep Impact."
wn-0029,22,PART_OF,Spitzer,Spitzer,SPACECRAFT,SPACECRAFT:Spitzer,Hubble,Hubble Space Telescope,SPACECRAFT,SPACECRAFT:Hubble Space Telescope,,zero_shot_nli,0.9998,hf,"NASA's Hubble, Spitzer and Chandra space telescopes, along with the largest telescopes on Earth, will observe the effects of the material flying from the comet's newly formed crater along with the imagers aboard Deep Impact."
wn-0029,22,CREWED_BY,Spitzer,Spitzer,SPACECRAFT,SPACECRAFT:Spitzer,Chandra,Chandra,PERSON,PERSON:Chandra,,zero_shot_nli,0.8313,hf,"NASA's Hubble, Spitzer and Chandra space telescopes, along with the largest telescopes on Earth, will observe the effects of the material flying from the comet's newly formed crater along with the imagers aboard Deep Impact."
wn-0029,22,ORBITS,Spitzer,Spitzer,SPACECRAFT,SPACECRAFT:Spitzer,Earth,Earth,CELESTIAL,CELESTIAL:Earth,,zero_shot_nli,0.9435,hf,"NASA's Hubble, Spitzer and Chandra space telescopes, along with the largest telescopes on Earth, will observe the effects of the material flying from the comet's newly formed crater along with the imagers aboard Deep Impact."
wn-0029,22,PART_OF,Spitzer,Spitzer,SPACECRAFT,SPACECRAFT:Spitzer,Deep Impact,Deep Impact,SPACECRAFT,SPACECRAFT:Deep Impact,,zero_shot_nli,0.9781,hf,"NASA's Hubble, Spitzer and Chandra space telescopes, along with the largest telescopes on Earth, will observe the effects of the material flying from the comet's newly formed crater along with the imagers aboard Deep Impact."
wn-0029,22,PART_OF,Deep Impact,Deep Impact,SPACECRAFT,SPACECRAFT:Deep Impact,Hubble,Hubble Space Telescope,SPACECRAFT,SPACECRAFT:Hubble Space Telescope,,zero_shot_nli,0.9997,hf,"NASA's Hubble, Spitzer and Chandra space telescopes, along with the largest telescopes on Earth, will observe the effects of the material flying from the comet's newly formed crater along with the imagers aboard Deep Impact."
wn-0031,0,CREWED_BY,International Space Station,ISS,SPACECRAFT,SPACECRAFT:ISS,Leroy Chiao,Leroy Chiao,PERSON,PERSON:Leroy Chiao,,zero_shot_nli,0.9997,hf,"Commander Leroy Chiao (U.S.A.) and Flight Engineer Salizhan Sharipov (Russia), suited in Russian Orlan spacesuits, left the International Space Station on a 4.5 hour long spacewalk to install antennas for the European Automated Transfer Vehicle (ATV), inspect and photograph other exterior equipment and launched the Nanosatellite mini-satellite."
wn-0031,0,LAUNCHED_FROM,International Space Station,ISS,SPACECRAFT,SPACECRAFT:ISS,U.S.A.,United States,GPE,GPE:United States,,zero_shot_nli,0.995,hf,"Commander Leroy Chiao (U.S.A.) and Flight Engineer Salizhan Sharipov (Russia), suited in Russian Orlan spacesuits, left the International Space Station on a 4.5 hour long spacewalk to install antennas for the European Automated Transfer Vehicle (ATV), inspect and photograph other exterior equipment and launched the Nanosatellite mini-satellite."
wn-0031,0,LAUNCHED_FROM,International Space Station,ISS,SPACECRAFT,SPACECRAFT:ISS,Russia,Russia,GPE,GPE:Russia,,zero_shot_nli,0.9981,hf,"Commander Leroy Chiao (U.S.A.) and Flight Engineer Salizhan Sharipov (Russia), suited in Russian Orlan spacesuits, left the International Space Station on a 4.5 hour long spacewalk to install antennas for the European Automated Transfer Vehicle (ATV), inspect and photograph other exterior equipment and launched the Nanosatellite mini-satellite."
wn-0031,0,PART_OF,International Space Station,ISS,SPACECRAFT,SPACECRAFT:ISS,the European Automated Transfer Vehicle,European Automated Transfer Vehicle,ORG,ORG:European Automated Transfer Vehicle,,zero_shot_nli,0.5466,hf,"Commander Leroy Chiao (U.S.A.) and Flight Engineer Salizhan Sharipov (Russia), suited in Russian Orlan spacesuits, left the International Space Station on a 4.5 hour long spacewalk to install antennas for the European Automated Transfer Vehicle (ATV), inspect and photograph other exterior equipment and launched the Nanosatellite mini-satellite."
wn-0031,0,PART_OF,International Space Station,ISS,SPACECRAFT,SPACECRAFT:ISS,ATV,ATV,ORG,ORG:ATV,,zero_shot_nli,0.8182,hf,"Commander Leroy Chiao (U.S.A.) and Flight Engineer Salizhan Sharipov (Russia), suited in Russian Orlan spacesuits, left the International Space Station on a 4.5 hour long spacewalk to install antennas for the European Automated Transfer Vehicle (ATV), inspect and photograph other exterior equipment and launched the Nanosatellite mini-satellite."
wn-0031,2,LAUNCHED_BY,ISS,ISS,SPACECRAFT,SPACECRAFT:ISS,ATV,ATV,ORG,ORG:ATV,,zero_shot_nli,0.6771,hf,"At 06:25 UTC, the two astronauts left the station from the Pirs DC1 docking compartment/airlock and proceeded to install the last three of six space-to-space communication antennas for the ATV's rendezvous and docking with the ISS next year."
wn-0033,7,CREWED_BY,Voyager mission,Voyager mission,SPACECRAFT,SPACECRAFT:Voyager mission,Stamatios Krimigis,Stamatios Krimigis,PERSON,PERSON:Stamatios Krimigis,,zero_shot_nli,0.9995,hf,"""There are no other plans to reach the edge of the solar system,"" said Stamatios Krimigis, on board the Voyager mission since before the launch in 1977."
wn-0033,10,LAUNCHED_FROM,Ulysses,Ulysses,SPACECRAFT,SPACECRAFT:Ulysses,Geotail,Geotail,GPE,GPE:Geotail,,zero_shot_nli,0.9984,hf,"Other missions possibly affected by the budget cuts include: Ulysses, to study the sun; Geotail, Wind, and Polar studying effects of solar events on Earth; Fast Auroral SnapshoT (FAST), studying Earth's aurora and the Transition Region and Coronal Explorer (TRACE), studying solar atmosphere and magnetic fields."
wn-0033,10,ORBITS,Ulysses,Ulysses,SPACECRAFT,SPACECRAFT:Ulysses,Earth,Earth,CELESTIAL,CELESTIAL:Earth,,zero_shot_nli,0.6026,hf,"Other missions possibly affected by the budget cuts include: Ulysses, to study the sun; Geotail, Wind, and Polar studying effects of solar events on Earth; Fast Auroral SnapshoT (FAST), studying Earth's aurora and the Transition Region and Coronal Explorer (TRACE), studying solar atmosphere and magnetic fields."
wn-0033,10,PART_OF,Ulysses,Ulysses,SPACECRAFT,SPACECRAFT:Ulysses,Fast Auroral,Fast Auroral,ORG,ORG:Fast Auroral,,zero_shot_nli,0.6932,hf,"Other missions possibly affected by the budget cuts include: Ulysses, to study the sun; Geotail, Wind, and Polar studying effects of solar events on Earth; Fast Auroral SnapshoT (FAST), studying Earth's aurora and the Transition Region and Coronal Explorer (TRACE), studying solar atmosphere and magnetic fields."
wn-0033,10,ORBITS,Ulysses,Ulysses,SPACECRAFT,SPACECRAFT:Ulysses,Earth,Earth,CELESTIAL,CELESTIAL:Earth,,zero_shot_nli,0.6026,hf,"Other missions possibly affected by the budget cuts include: Ulysses, to study the sun; Geotail, Wind, and Polar studying effects of solar events on Earth; Fast Auroral SnapshoT (FAST), studying Earth's aurora and the Transition Region and Coronal Explorer (TRACE), studying solar atmosphere and magnetic fields."
wn-0033,10,LAUNCHED_FROM,Ulysses,Ulysses,SPACECRAFT,SPACECRAFT:Ulysses,the Transition Region,Transition Region,GPE,GPE:Transition Region,,zero_shot_nli,0.8683,hf,"Other missions possibly affected by the budget cuts include: Ulysses, to study the sun; Geotail, Wind, and Polar studying effects of solar events on Earth; Fast Auroral SnapshoT (FAST), studying Earth's aurora and the Transition Region and Coronal Explorer (TRACE), studying solar atmosphere and magnetic fields."
wn-0033,10,PART_OF,Ulysses,Ulysses,SPACECRAFT,SPACECRAFT:Ulysses,TRACE,TRACE,ORG,ORG:TRACE,,zero_shot_nli,0.7518,hf,"Other missions possibly affected by the budget cuts include: Ulysses, to study the sun; Geotail, Wind, and Polar studying effects of solar events on Earth; Fast Auroral SnapshoT (FAST), studying Earth's aurora and the Transition Region and Coronal Explorer (TRACE), studying solar atmosphere and magnetic fields."
wn-0035,8,LAUNCHED_BY,rover Opportunity,rover Opportunity,SPACECRAFT,SPACECRAFT:rover Opportunity,Spirit,Spirit,ORG,ORG:Spirit,,zero_shot_nli,0.5461,hf,The rover Opportunity has overtaken Spirit in total distance driven.
wn-0036,4,PART_OF,Space Shuttle,Space Shuttle,SPACECRAFT,SPACECRAFT:Space Shuttle,orbiter Discovery,orbiter Discovery,SPACECRAFT,SPACECRAFT:orbiter Discovery,,zero_shot_nli,0.9991,hf,"The actual launch window for the 114th Space Shuttle flight, and the 31st flight of the orbiter Discovery, will be no earlier than May 15 to June 3, 2005."
wn-0036,4,PART_OF,orbiter Discovery,orbiter Discovery,SPACECRAFT,SPACECRAFT:orbiter Discovery,Space Shuttle,Space Shuttle,SPACECRAFT,SPACECRAFT:Space Shuttle,,zero_shot_nli,0.999,hf,"The actual launch window for the 114th Space Shuttle flight, and the 31st flight of the orbiter Discovery, will be no earlier than May 15 to June 3, 2005."
wn-0036,5,PART_OF,International Space Station,ISS,SPACECRAFT,SPACECRAFT:ISS,Shuttle Columbia,Shuttle Columbia,SPACECRAFT,SPACECRAFT:Shuttle Columbia,,zero_shot_nli,0.9993,hf,"The trip to the International Space Station, ""Return to Flight"" STS-114, will last 12 days and be the first flight since the Shuttle Columbia tragedy in 2003."
wn-0036,5,PART_OF,Shuttle Columbia,Shuttle Columbia,SPACECRAFT,SPACECRAFT:Shuttle Columbia,International Space Station,ISS,SPACECRAFT,SPACECRAFT:ISS,,zero_shot_nli,0.9976,hf,"The trip to the International Space Station, ""Return to Flight"" STS-114, will last 12 days and be the first flight since the Shuttle Columbia tragedy in 2003."
wn-0036,6,OPERATED_BY,International Space Station,ISS,SPACECRAFT,SPACECRAFT:ISS,Orbiter Boom Sensor System,Orbiter Boom Sensor System,ORG,ORG:Orbiter Boom Sensor System,,zero_shot_nli,0.6186,hf,"This flight will test a new robot extension arm, the Canadian-built Orbiter Boom Sensor System, used to repair the exterior of the International Space Station."
wn-0037,3,CREWED_BY,Swift,Swift,SPACECRAFT,SPACECRAFT:Swift,Peter Roming,Peter Roming,PERSON,PERSON:Peter Roming,,zero_shot_nli,0.9207,hf,"""Swift will detect more gamma-ray bursts than any satellite that has come before it, and now will be able to pin down distances to many of these bursts too,"" said Peter Roming, UVOT Lead Scientist at Penn State."
wn-0037,3,PART_OF,Swift,Swift,SPACECRAFT,SPACECRAFT:Swift,UVOT,UVOT,ORG,ORG:UVOT,,zero_shot_nli,0.983,hf,"""Swift will detect more gamma-ray bursts than any satellite that has come before it, and now will be able to pin down distances to many of these bursts too,"" said Peter Roming, UVOT Lead Scientist at Penn State."
wn-0037,3,PART_OF,Swift,Swift,SPACECRAFT,SPACECRAFT:Swift,Penn State,Penn State,ORG,ORG:Penn State,,zero_shot_nli,0.9774,hf,"""Swift will detect more gamma-ray bursts than any satellite that has come before it, and now will be able to pin down distances to many of these bursts too,"" said Peter Roming, UVOT Lead Scientist at Penn State."
wn-0037,20,PART_OF,Swift,Swift,SPACECRAFT,SPACECRAFT:Swift,XRT,XRT,ORG,ORG:XRT,,zero_shot_nli,0.7614,hf,"For example, Swift's X-Ray Telescope (XRT) has detected afterglows from several bursts."
wn-0037,23,OPERATED_BY,Swift,Swift,SPACECRAFT,SPACECRAFT:Swift,UVOT,UVOT,ORG,ORG:UVOT,,zero_shot_nli,0.5869,hf,Mason said UVOT distance measurements will become more precise in the upcoming months as new instruments aboard Swift are employed.
wn-0037,24,PART_OF,Swift,Swift,SPACECRAFT,SPACECRAFT:Swift,NASA,NASA,ORG,ORG:NASA,,zero_shot_nli,0.5081,hf,"Swift is a medium-class explorer mission managed by NASA Goddard Space Flight Center in Greenbelt, Maryland."
wn-0037,24,PART_OF,Swift,Swift,SPACECRAFT,SPACECRAFT:Swift,Goddard Space Flight Center,Goddard Space Flight Center,ORG,ORG:Goddard Space Flight Center,,zero_shot_nli,0.5507,hf,"Swift is a medium-class explorer mission managed by NASA Goddard Space Flight Center in Greenbelt, Maryland."
wn-0037,24,LAUNCHED_FROM,Swift,Swift,SPACECRAFT,SPACECRAFT:Swift,Greenbelt,Greenbelt,GPE,GPE:Greenbelt,,zero_shot_nli,0.9961,hf,"Swift is a medium-class explorer mission managed by NASA Goddard Space Flight Center in Greenbelt, Maryland."
wn-0037,24,LAUNCHED_FROM,Swift,Swift,SPACECRAFT,SPACECRAFT:Swift,Maryland,Maryland,GPE,GPE:Maryland,,zero_shot_nli,0.9891,hf,"Swift is a medium-class explorer mission managed by NASA Goddard Space Flight Center in Greenbelt, Maryland."
wn-0037,25,PART_OF,Swift,Swift,SPACECRAFT,SPACECRAFT:Swift,NASA,NASA,ORG,ORG:NASA,,zero_shot_nli,0.5224,hf,Swift is a NASA mission with participation of the Italian Space Agency and the Particle Physics and Astronomy Research Council in the United Kingdom.
wn-0037,25,PART_OF,Swift,Swift,SPACECRAFT,SPACECRAFT:Swift,the Italian Space Agency,Italian Space Agency,ORG,ORG:Italian Space Agency,,zero_shot_nli,0.6343,hf,Swift is a NASA mission with participation of the Italian Space Agency and the Particle Physics and Astronomy Research Council in the United Kingdom.
wn-0037,25,PART_OF,Swift,Swift,SPACECRAFT,SPACECRAFT:Swift,the Particle Physics,Particle Physics,ORG,ORG:Particle Physics,,zero_shot_nli,0.8302,hf,Swift is a NASA mission with participation of the Italian Space Agency and the Particle Physics and Astronomy Research Council in the United Kingdom.
wn-0037,25,PART_OF,Swift,Swift,SPACECRAFT,SPACECRAFT:Swift,Astronomy Research Council,Astronomy Research Council,ORG,ORG:Astronomy Research Council,,zero_shot_nli,0.8801,hf,Swift is a NASA mission with participation of the Italian Space Agency and the Particle Physics and Astronomy Research Council in the United Kingdom.
wn-0037,25,LAUNCHED_FROM,Swift,Swift,SPACECRAFT,SPACECRAFT:Swift,the United Kingdom,United Kingdom,GPE,GPE:United Kingdom,,zero_shot_nli,0.9904,hf,Swift is a NASA mission with participation of the Italian Space Agency and the Particle Physics and Astronomy Research Council in the United Kingdom.
wn-0038,7,PART_OF,Soyuz,Soyuz,SPACECRAFT,SPACECRAFT:Soyuz,European Space Agency,ESA,ORG,ORG:ESA,,zero_shot_nli,0.5161,hf,European Space Agency (ESA) Astronaut Roberto Vittori of Italy will be joining them aboard their Soyuz spacecraft.
wn-0038,7,PART_OF,Soyuz,Soyuz,SPACECRAFT,SPACECRAFT:Soyuz,ESA,ESA,ORG,ORG:ESA,,zero_shot_nli,0.5161,hf,European Space Agency (ESA) Astronaut Roberto Vittori of Italy will be joining them aboard their Soyuz spacecraft.
wn-0038,7,CREWED_BY,Soyuz,Soyuz,SPACECRAFT,SPACECRAFT:Soyuz,Roberto Vittori,Roberto Vittori,PERSON,PERSON:Roberto Vittori,,zero_shot_nli,0.9997,hf,European Space Agency (ESA) Astronaut Roberto Vittori of Italy will be joining them aboard their Soyuz spacecraft.
wn-0038,7,LAUNCHED_FROM,Soyuz,Soyuz,SPACECRAFT,SPACECRAFT:Soyuz,Italy,Italy,GPE,GPE:Italy,,zero_shot_nli,0.9993,hf,European Space Agency (ESA) Astronaut Roberto Vittori of Italy will be joining them aboard their Soyuz spacecraft.
wn-0039,0,CREWED_BY,Hubble,Hubble Space Telescope,SPACECRAFT,SPACECRAFT:Hubble Space Telescope,Sean O'Keefe,Sean O'Keefe,PERSON,PERSON:Sean O'Keefe,,zero_shot_nli,0.9994,hf,"In the aftermath of the Columbia space shuttle accident, which cost the lives of seven astronauts, the current chief of NASA Sean O'Keefe had decided further maintenance to the space telescope of Hubble was too dangerous, and that maintenance of the telescope would be dropped, essentially decommissioning the satellite."
wn-0040,5,LAUNCHED_FROM,ISS,ISS,SPACECRAFT,SPACECRAFT:ISS,Baikonur Cosmodrome,Baikonur Cosmodrome,FAC,FAC:Baikonur Cosmodrome,,zero_shot_nli,0.9996,hf,"The launch from the Baikonur Cosmodrome in Kazakhstan, came as ISS was on a north east heading approximately 230 miles above the southern Atlantic Ocean."
wn-0040,5,LAUNCHED_FROM,ISS,ISS,SPACECRAFT,SPACECRAFT:ISS,Kazakhstan,Kazakhstan,GPE,GPE:Kazakhstan,,zero_shot_nli,0.9404,hf,"The launch from the Baikonur Cosmodrome in Kazakhstan, came as ISS was on a north east heading approximately 230 miles above the southern Atlantic Ocean."
wn-0040,5,LAUNCHED_FROM,ISS,ISS,SPACECRAFT,SPACECRAFT:ISS,Atlantic Ocean,Atlantic Ocean,LOC,LOC:Atlantic Ocean,,zero_shot_nli,0.9992,hf,"The launch from the Baikonur Cosmodrome in Kazakhstan, came as ISS was on a north east heading approximately 230 miles above the southern Atlantic Ocean."
wn-0040,8,PART_OF,Soyuz,Soyuz,SPACECRAFT,SPACECRAFT:Soyuz,ISS,ISS,SPACECRAFT,SPACECRAFT:ISS,,zero_shot_nli,0.9997,hf,Soyuz will dock with ISS at 10:19 p.m. EDT on Saturday.
wn-0040,8,PART_OF,ISS,ISS,SPACECRAFT,SPACECRAFT:ISS,Soyuz,Soyuz,SPACECRAFT,SPACECRAFT:Soyuz,,zero_shot_nli,0.9996,hf,Soyuz will dock with ISS at 10:19 p.m. EDT on Saturday.
wn-0041,5,LAUNCHED_FROM,International Space Station,ISS,SPACECRAFT,SPACECRAFT:ISS,U.S.,United States,GPE,GPE:United States,,zero_shot_nli,0.62,hf,Griffin was critical at times of U.S. priorities in space exploration by questioning its continued commitment to the International Space Station.
wn-0041,13,PART_OF,International Space Station,ISS,SPACECRAFT,SPACECRAFT:ISS,International,International,ORG,ORG:International,,zero_shot_nli,0.8405,hf,- Completing the International Space Station in a manner consistent with our International partner commitments and the needs of human exploration.
wn-0041,17,CREWED_BY,Space Shuttle Columbia,Space Shuttle Columbia,SPACECRAFT,SPACECRAFT:Space Shuttle Columbia,Bush,Bush,PERSON,PERSON:Bush,,zero_shot_nli,0.9937,hf,"President Bush's Vision for Space Exploration, referred to by Griffin above, is currently United States policy on various aspects of space exploration, announced on January 14, 2004 after the Space Shuttle Columbia Disaster of February 1, 2003."
wn-0041,17,OPERATED_BY,Space Shuttle Columbia,Space Shuttle Columbia,SPACECRAFT,SPACECRAFT:Space Shuttle Columbia,Vision for Space Exploration,Vision for Space Exploration,ORG,ORG:Vision for Space Exploration,,zero_shot_nli,0.5734,hf,"President Bush's Vision for Space Exploration, referred to by Griffin above, is currently United States policy on various aspects of space exploration, announced on January 14, 2004 after the Space Shuttle Columbia Disaster of February 1, 2003."
wn-0041,17,LAUNCHED_FROM,Space Shuttle Columbia,Space Shuttle Columbia,SPACECRAFT,SPACECRAFT:Space Shuttle Columbia,Griffin,Griffin,GPE,GPE:Griffin,,zero_shot_nli,0.8118,hf,"President Bush's Vision for Space Exploration, referred to by Griffin above, is currently United States policy on various aspects of space exploration, announced on January 14, 2004 after the Space Shuttle Columbia Disaster of February 1, 2003."
wn-0041,17,LAUNCHED_FROM,Space Shuttle Columbia,Space Shuttle Columbia,SPACECRAFT,SPACECRAFT:Space Shuttle Columbia,United States,United States,GPE,GPE:United States,,zero_shot_nli,0.7701,hf,"President Bush's Vision for Space Exploration, referred to by Griffin above, is currently United States policy on various aspects of space exploration, announced on January 14, 2004 after the Space Shuttle Columbia Disaster of February 1, 2003."
wn-0042,2,PART_OF,International Space Station,ISS,SPACECRAFT,SPACECRAFT:ISS,Soyuz,Soyuz,SPACECRAFT,SPACECRAFT:Soyuz,,zero_shot_nli,0.9924,hf,Crewmembers opened hatches between the International Space Station and the newly arrived Soyuz capsule at 12:45 a.m. EDT Sunday to begin almost eight days of joint operations.
wn-0042,2,PART_OF,Soyuz,Soyuz,SPACECRAFT,SPACECRAFT:Soyuz,International Space Station,ISS,SPACECRAFT,SPACECRAFT:ISS,,zero_shot_nli,0.9998,hf,Crewmembers opened hatches between the International Space Station and the newly arrived Soyuz capsule at 12:45 a.m. EDT Sunday to begin almost eight days of joint operations.
wn-0042,4,PART_OF,Soyuz,Soyuz,SPACECRAFT,SPACECRAFT:Soyuz,European Space Agency,ESA,ORG,ORG:ESA,,zero_shot_nli,0.735,hf,European Space Agency’s Astronaut Roberto Vittori of Italy was the third passenger in the Soyuz and he will fly home after 8 days of experiments in the Space Station’s test facility.
wn-0042,4,CREWED_BY,Soyuz,Soyuz,SPACECRAFT,SPACECRAFT:Soyuz,Roberto Vittori,Roberto Vittori,PERSON,PERSON:Roberto Vittori,,zero_shot_nli,0.9998,hf,European Space Agency’s Astronaut Roberto Vittori of Italy was the third passenger in the Soyuz and he will fly home after 8 days of experiments in the Space Station’s test facility.
wn-0042,4,LAUNCHED_FROM,Soyuz,Soyuz,SPACECRAFT,SPACECRAFT:Soyuz,Italy,Italy,GPE,GPE:Italy,,zero_shot_nli,0.9994,hf,European Space Agency’s Astronaut Roberto Vittori of Italy was the third passenger in the Soyuz and he will fly home after 8 days of experiments in the Space Station’s test facility.
wn-0042,4,LAUNCHED_FROM,Soyuz,Soyuz,SPACECRAFT,SPACECRAFT:Soyuz,the Space Station’s,ISS,FAC,FAC:ISS,,zero_shot_nli,0.8932,hf,European Space Agency’s Astronaut Roberto Vittori of Italy was the third passenger in the Soyuz and he will fly home after 8 days of experiments in the Space Station’s test facility.
wn-0042,9,PART_OF,International Space Station,ISS,SPACECRAFT,SPACECRAFT:ISS,Space Shuttle Discovery,Space Shuttle Discovery,SPACECRAFT,SPACECRAFT:Space Shuttle Discovery,,zero_shot_nli,0.9993,hf,"Highlights of the new Expedition 11 International Space Station crew's mission include welcoming the crew of the Space Shuttle Discovery on its STS-114 mission, the first Shuttle flight since the Columbia accident."
wn-0042,9,OPERATED_BY,International Space Station,ISS,SPACECRAFT,SPACECRAFT:ISS,Columbia,Columbia,ORG,ORG:Columbia,,zero_shot_nli,0.8477,hf,"Highlights of the new Expedition 11 International Space Station crew's mission include welcoming the crew of the Space Shuttle Discovery on its STS-114 mission, the first Shuttle flight since the Columbia accident."
wn-0042,9,PART_OF,Space Shuttle Discovery,Space Shuttle Discovery,SPACECRAFT,SPACECRAFT:Space Shuttle Discovery,International Space Station,ISS,SPACECRAFT,SPACECRAFT:ISS,,zero_shot_nli,0.9995,hf,"Highlights of the new Expedition 11 International Space Station crew's mission include welcoming the crew of the Space Shuttle Discovery on its STS-114 mission, the first Shuttle flight since the Columbia accident."
wn-0042,9,OPERATED_BY,Space Shuttle Discovery,Space Shuttle Discovery,SPACECRAFT,SPACECRAFT:Space Shuttle Discovery,Columbia,Columbia,ORG,ORG:Columbia,,zero_shot_nli,0.8244,hf,"Highlights of the new Expedition 11 International Space Station crew's mission include welcoming the crew of the Space Shuttle Discovery on its STS-114 mission, the first Shuttle flight since the Columbia accident."
wn-0042,11,PART_OF,Progress,Progress,SPACECRAFT,SPACECRAFT:Progress,Zvezda,Zvezda,ORG,ORG:Zvezda,,zero_shot_nli,0.6538,hf,"*Weight: 404,069 pounds *Habitable Volume: 15,000 cubic feet *Dimensions: *Width Across Solar Arrays: 240 feet *Length: 146 feet from Destiny Lab to Zvezda; **171 feet with a Progress docked *Height: 90 feet"
wn-0044,0,CREWED_BY,International Space Station,ISS,SPACECRAFT,SPACECRAFT:ISS,Leroy Chiao,Leroy Chiao,PERSON,PERSON:Leroy Chiao,,zero_shot_nli,0.9998,hf,"With two space walks, 78 million miles and six months on board the International Space Station under their belts, Commander-Science Officer Leroy Chiao and Flight Engineer Salizhan Sharipov, the station's 10th crew, landed in Kazakhstan in a Soyuz spacecraft at 6:08 p.m. EDT Sunday."
wn-0044,0,LAUNCHED_FROM,International Space Station,ISS,SPACECRAFT,SPACECRAFT:ISS,Kazakhstan,Kazakhstan,GPE,GPE:Kazakhstan,,zero_shot_nli,0.9992,hf,"With two space walks, 78 million miles and six months on board the International Space Station under their belts, Commander-Science Officer Leroy Chiao and Flight Engineer Salizhan Sharipov, the station's 10th crew, landed in Kazakhstan in a Soyuz spacecraft at 6:08 p.m. EDT Sunday."
wn-0044,0,PART_OF,International Space Station,ISS,SPACECRAFT,SPACECRAFT:ISS,Soyuz,Soyuz,SPACECRAFT,SPACECRAFT:Soyuz,,zero_shot_nli,0.9993,hf,"With two space walks, 78 million miles and six months on board the International Space Station under their belts, Commander-Science Officer Leroy Chiao and Flight Engineer Salizhan Sharipov, the station's 10th crew, landed in Kazakhstan in a Soyuz spacecraft at 6:08 p.m. EDT Sunday."
wn-0044,0,PART_OF,Soyuz,Soyuz,SPACECRAFT,SPACECRAFT:Soyuz,International Space Station,ISS,SPACECRAFT,SPACECRAFT:ISS,,zero_shot_nli,0.9997,hf,"With two space walks, 78 million miles and six months on board the International Space Station under their belts, Commander-Science Officer Leroy Chiao and Flight Engineer Salizhan Sharipov, the station's 10th crew, landed in Kazakhstan in a Soyuz spacecraft at 6:08 p.m. EDT Sunday."
wn-0044,0,CREWED_BY,Soyuz,Soyuz,SPACECRAFT,SPACECRAFT:Soyuz,Leroy Chiao,Leroy Chiao,PERSON,PERSON:Leroy Chiao,,zero_shot_nli,0.9998,hf,"With two space walks, 78 million miles and six months on board the International Space Station under their belts, Commander-Science Officer Leroy Chiao and Flight Engineer Salizhan Sharipov, the station's 10th crew, landed in Kazakhstan in a Soyuz spacecraft at 6:08 p.m. EDT Sunday."
wn-0044,0,LAUNCHED_FROM,Soyuz,Soyuz,SPACECRAFT,SPACECRAFT:Soyuz,Kazakhstan,Kazakhstan,GPE,GPE:Kazakhstan,,zero_shot_nli,0.9997,hf,"With two space walks, 78 million miles and six months on board the International Space Station under their belts, Commander-Science Officer Leroy Chiao and Flight Engineer Salizhan Sharipov, the station's 10th crew, landed in Kazakhstan in a Soyuz spacecraft at 6:08 p.m. EDT Sunday."
wn-0044,3,PART_OF,ISS,ISS,SPACECRAFT,SPACECRAFT:ISS,Soyuz,Soyuz,SPACECRAFT,SPACECRAFT:Soyuz,,zero_shot_nli,0.9997,hf,"The re-entry of the ISS Soyuz 9 spacecraft was perfect, returning the astronauts to Earth 53 miles northeast of the town of Arkalyk after 192 days, 19 hours and 2 minutes in space for the Expedition 10 crew."
wn-0044,3,DESTINATION,ISS,ISS,SPACECRAFT,SPACECRAFT:ISS,Earth,Earth,CELESTIAL,CELESTIAL:Earth,,zero_shot_nli,0.7585,hf,"The re-entry of the ISS Soyuz 9 spacecraft was perfect, returning the astronauts to Earth 53 miles northeast of the town of Arkalyk after 192 days, 19 hours and 2 minutes in space for the Expedition 10 crew."
wn-0044,3,PART_OF,ISS,ISS,SPACECRAFT,SPACECRAFT:ISS,Arkalyk,Arkalyk,ORG,ORG:Arkalyk,,zero_shot_nli,0.6168,hf,"The re-entry of the ISS Soyuz 9 spacecraft was perfect, returning the astronauts to Earth 53 miles northeast of the town of Arkalyk after 192 days, 19 hours and 2 minutes in space for the Expedition 10 crew."
wn-0044,3,PART_OF,Soyuz,Soyuz,SPACECRAFT,SPACECRAFT:Soyuz,ISS,ISS,SPACECRAFT,SPACECRAFT:ISS,,zero_shot_nli,0.9998,hf,"The re-entry of the ISS Soyuz 9 spacecraft was perfect, returning the astronauts to Earth 53 miles northeast of the town of Arkalyk after 192 days, 19 hours and 2 minutes in space for the Expedition 10 crew."
wn-0044,3,DESTINATION,Soyuz,Soyuz,SPACECRAFT,SPACECRAFT:Soyuz,Earth,Earth,CELESTIAL,CELESTIAL:Earth,,zero_shot_nli,0.6849,hf,"The re-entry of the ISS Soyuz 9 spacecraft was perfect, returning the astronauts to Earth 53 miles northeast of the town of Arkalyk after 192 days, 19 hours and 2 minutes in space for the Expedition 10 crew."
wn-0044,3,PART_OF,Soyuz,Soyuz,SPACECRAFT,SPACECRAFT:Soyuz,Arkalyk,Arkalyk,ORG,ORG:Arkalyk,,zero_shot_nli,0.8417,hf,"The re-entry of the ISS Soyuz 9 spacecraft was perfect, returning the astronauts to Earth 53 miles northeast of the town of Arkalyk after 192 days, 19 hours and 2 minutes in space for the Expedition 10 crew."
wn-0046,0,ORBITS,Mars Reconnaissance Orbiter,Mars Reconnaissance Orbiter,SPACECRAFT,SPACECRAFT:Mars Reconnaissance Orbiter,Mars,Mars,CELESTIAL,CELESTIAL:Mars,,zero_shot_nli,0.6159,hf,"NASA's Mars Reconnaissance Orbiter (MRO), the latest robotic spacecraft destined for Mars, arrived at Kennedy Space Center's Shuttle Landing Facility on April 30 aboard a C-17 cargo plane and was delivered to the Payload Hazardous Servicing Facility to begin processing."
wn-0046,0,LAUNCHED_FROM,Mars Reconnaissance Orbiter,Mars Reconnaissance Orbiter,SPACECRAFT,SPACECRAFT:Mars Reconnaissance Orbiter,Kennedy Space Center,Kennedy Space Center,FAC,FAC:Kennedy Space Center,,zero_shot_nli,0.9998,hf,"NASA's Mars Reconnaissance Orbiter (MRO), the latest robotic spacecraft destined for Mars, arrived at Kennedy Space Center's Shuttle Landing Facility on April 30 aboard a C-17 cargo plane and was delivered to the Payload Hazardous Servicing Facility to begin processing."
wn-0046,0,PART_OF,Mars Reconnaissance Orbiter,Mars Reconnaissance Orbiter,SPACECRAFT,SPACECRAFT:Mars Reconnaissance Orbiter,Shuttle Landing Facility,Shuttle Landing Facility,ORG,ORG:Shuttle Landing Facility,,zero_shot_nli,0.5146,hf,"NASA's Mars Reconnaissance Orbiter (MRO), the latest robotic spacecraft destined for Mars, arrived at Kennedy Space Center's Shuttle Landing Facility on April 30 aboard a C-17 cargo plane and was delivered to the Payload Hazardous Servicing Facility to begin processing."
wn-0046,0,PART_OF,Mars Reconnaissance Orbiter,Mars Reconnaissance Orbiter,SPACECRAFT,SPACECRAFT:Mars Reconnaissance Orbiter,the Payload Hazardous Servicing Facility,Payload Hazardous Servicing Facility,ORG,ORG:Payload Hazardous Servicing Facility,,zero_shot_nli,0.89,hf,"NASA's Mars Reconnaissance Orbiter (MRO), the latest robotic spacecraft destined for Mars, arrived at Kennedy Space Center's Shuttle Landing Facility on April 30 aboard a C-17 cargo plane and was delivered to the Payload Hazardous Servicing Facility to begin processing."
wn-0046,4,CREWED_BY,Mars Reconnaissance Orbiter,Mars Reconnaissance Orbiter,SPACECRAFT,SPACECRAFT:Mars Reconnaissance Orbiter,Jim Graf,Jim Graf,PERSON,PERSON:Jim Graf,,zero_shot_nli,0.9941,hf,"""Great work by a talented team has brought Mars Reconnaissance Orbiter to this milestone in our progress toward a successful mission,"" said Jim Graf of NASA's Jet Propulsion Laboratory (JPL) project manager for the mission."
wn-0046,4,LAUNCHED_BY,Mars Reconnaissance Orbiter,Mars Reconnaissance Orbiter,SPACECRAFT,SPACECRAFT:Mars Reconnaissance Orbiter,NASA,NASA,ORG,ORG:NASA,,zero_shot_nli,0.7501,hf,"""Great work by a talented team has brought Mars Reconnaissance Orbiter to this milestone in our progress toward a successful mission,"" said Jim Graf of NASA's Jet Propulsion Laboratory (JPL) project manager for the mission."
wn-0046,4,PART_OF,Mars Reconnaissance Orbiter,Mars Reconnaissance Orbiter,SPACECRAFT,SPACECRAFT:Mars Reconnaissance Orbiter,Jet Propulsion Laboratory,JPL,ORG,ORG:JPL,,zero_shot_nli,0.879,hf,"""Great work by a talented team has brought Mars Reconnaissance Orbiter to this milestone in our progress toward a successful mission,"" said Jim Graf of NASA's Jet Propulsion Laboratory (JPL) project manager for the mission."
wn-0046,4,PART_OF,Mars Reconnaissance Orbiter,Mars Reconnaissance Orbiter,SPACECRAFT,SPACECRAFT:Mars Reconnaissance Orbiter,JPL,JPL,ORG,ORG:JPL,,zero_shot_nli,0.879,hf,"""Great work by a talented team has brought Mars Reconnaissance Orbiter to this milestone in our progress toward a successful mission,"" said Jim Graf of NASA's Jet Propulsion Laboratory (JPL) project manager for the mission."
wn-0046,9,PART_OF,Mars Reconnaissance Orbiter,Mars Reconnaissance Orbiter,SPACECRAFT,SPACECRAFT:Mars Reconnaissance Orbiter,Atlas V,Atlas V,SPACECRAFT,SPACECRAFT:Atlas V,,zero_shot_nli,0.9998,hf,July 26 will see the Mars Reconnaissance Orbiter installed in an Atlas V rocket fairing for final assembly with the rocket on July 29.
wn-0046,9,PART_OF,Atlas V,Atlas V,SPACECRAFT,SPACECRAFT:Atlas V,Mars Reconnaissance Orbiter,Mars Reconnaissance Orbiter,SPACECRAFT,SPACECRAFT:Mars Reconnaissance Orbiter,,zero_shot_nli,0.9998,hf,July 26 will see the Mars Reconnaissance Orbiter installed in an Atlas V rocket fairing for final assembly with the rocket on July 29.
wn-0046,12,LAUNCHED_FROM,Atlas V,Atlas V,SPACECRAFT,SPACECRAFT:Atlas V,Denver,Denver,GPE,GPE:Denver,,zero_shot_nli,0.9977,hf,The craft was built near Denver by Lockheed Martin Space Systems which also supplies the Atlas V launch vehicle.
wn-0046,13,PART_OF,Mars Reconnaissance Orbiter,Mars Reconnaissance Orbiter,SPACECRAFT,SPACECRAFT:Mars Reconnaissance Orbiter,the California Institute of Technology,California Institute of Technology,ORG,ORG:California Institute of Technology,,zero_shot_nli,0.6772,hf,"The Mars Reconnaissance Orbiter mission is managed by JPL, a division of the California Institute of Technology, Pasadena, for the NASA Science Mission Directorate, Washington."
wn-0046,13,LAUNCHED_FROM,Mars Reconnaissance Orbiter,Mars Reconnaissance Orbiter,SPACECRAFT,SPACECRAFT:Mars Reconnaissance Orbiter,Pasadena,Pasadena,GPE,GPE:Pasadena,,zero_shot_nli,0.9514,hf,"The Mars Reconnaissance Orbiter mission is managed by JPL, a division of the California Institute of Technology, Pasadena, for the NASA Science Mission Directorate, Washington."
wn-0046,13,PART_OF,Mars Reconnaissance Orbiter,Mars Reconnaissance Orbiter,SPACECRAFT,SPACECRAFT:Mars Reconnaissance Orbiter,NASA,NASA,ORG,ORG:NASA,,zero_shot_nli,0.6824,hf,"The Mars Reconnaissance Orbiter mission is managed by JPL, a division of the California Institute of Technology, Pasadena, for the NASA Science Mission Directorate, Washington."
wn-0046,13,LAUNCHED_FROM,Mars Reconnaissance Orbiter,Mars Reconnaissance Orbiter,SPACECRAFT,SPACECRAFT:Mars Reconnaissance Orbiter,Washington,Washington,GPE,GPE:Washington,,zero_shot_nli,0.9473,hf,"The Mars Reconnaissance Orbiter mission is managed by JPL, a division of the California Institute of Technology, Pasadena, for the NASA Science Mission Directorate, Washington."
